time,date,file,func,line,serious_error,error,warning,msg,format_exception,phase,gnss_time,lat,lon,alt,alt_base_press,goal_lat,goal_lon,temp,press,camera_area,camera_order,camera_center_x,camera_center_y,camera_frame_size_x,camera_frame_size_y,motor_l,motor_r,goal_relative_x,goal_relative_y,goal_relative_angle_rad,goal_distance,accel_all_x,accel_all_y,accel_all_z,accel_line_x,accel_line_y,accel_line_z,mag_x,mag_y,mag_z,gyro_x,gyro_y,gyro_z,grav_x,grav_y,grav_z,euler_x,euler_y,euler_z,nmea
"1107.836295724","2026-08-15 09:43:29.256520","/home/akatoki/SC-30/scripts/SC-30/2_phase/EM.py","log_msg","93","","","","bnoセットアップ開始","","","","","","","","","","","","","","","","","","","","","","","","","","","","","","","","","","","","","","","","","",""
"1107.982659078","2026-08-15 09:43:29.401756","/home/akatoki/SC-30/scripts/SC-30/2_phase/EM.py","log_msg","93","","","","cameraセットアップ開始","","","","","","","","","","","","","","","","","","","","","","","","","","","","","","","","","","","","","","","","","",""
"1107.986878907","2026-08-15 09:43:29.405975","/home/akatoki/SC-30/scripts/SC-30/2_phase/EM.py","log_msg","93","","Camera Setup Error: Camera.__init__() got an unexpected keyword argument 'model_path'","","","""Traceback (most recent call last):   File """"/home/akatoki/SC-30/scripts/SC-30/2_phase/EM.py"""", line 212, in setup_sensors     cam = Camera(model_path=""""./my_custom_model.pt"""", debug=True)           ^^^^^^^^^^^^^^^^^^^^^^^^^^^^^^^^^^^^^^^^^^^^^^^^^^^^^ TypeError: Camera.__init__() got an unexpected keyword argument 'model_path' ""","","","","","","","","","","","","","","","","","","","","","","","","","","","","","","","","","","","","","","","","",""
"1108.002742078","2026-08-15 09:43:29.421840","/home/akatoki/SC-30/scripts/SC-30/2_phase/EM.py","log_msg","93","","","","bmeセットアップ開始","","","","","","","","","","","","","","","","","","","","","","","","","","","","","","","","","","","","","","","","","",""
"1108.539448747","2026-08-15 09:43:29.958545","/home/akatoki/SC-30/scripts/SC-30/2_phase/EM.py","log_msg","93","","","","モータセットアップ開始","","","","","","","","","","","","","","","","","","","","","","","","","","","","","","","","","","","","","","","","","",""
"1108.573472416","2026-08-15 09:43:29.992569","/home/akatoki/SC-30/scripts/SC-30/2_phase/EM.py","log_msg","93","","","","GPIOセットアップ開始","","","","","","","","","","","","","","","","","","","","","","","","","","","","","","","","","","","","","","","","","",""
"1108.582238463","2026-08-15 09:43:30.001323","/home/akatoki/SC-30/scripts/SC-30/2_phase/EM.py","log_msg","93","","","","","","","","","","","","40.14262816666667","","","","","","","","","","","","","","","","","","","","","","","","","","","","","","","","","",""
"1108.585656303","2026-08-15 09:43:30.004740","/home/akatoki/SC-30/scripts/SC-30/2_phase/EM.py","log_msg","93","","","","","","","","","","","","","139.987715","","","","","","","","","","","","","","","","","","","","","","","","","","","","","","","","",""
"1108.590013259","2026-08-15 09:43:30.009098","/home/akatoki/SC-30/scripts/SC-30/2_phase/EM.py","log_msg","93","","","","","","","","","","-0.1876726222651226","","","","","","","","","","","","","","","","","","","","","","","","","","","","","","","","","","","",""
"1108.593111272","2026-08-15 09:43:30.012201","/home/akatoki/SC-30/scripts/SC-30/2_phase/EM.py","log_msg","93","","","","[待機] alt=-0.188 m","","","","","","","","","","","","","","","","","","","","","","","","","","","","","","","","","","","","","","","","","",""
"1109.71083493","2026-08-15 09:43:31.129924","/home/akatoki/SC-30/scripts/SC-30/2_phase/EM.py","log_msg","93","","","","","","","","","","-0.09670298540687572","","","","","","","","","","","","","","","","","","","","","","","","","","","","","","","","","","","",""
"1109.715345889","2026-08-15 09:43:31.134444","/home/akatoki/SC-30/scripts/SC-30/2_phase/EM.py","log_msg","93","","","","[待機] alt=-0.097 m","","","","","","","","","","","","","","","","","","","","","","","","","","","","","","","","","","","","","","","","","",""
"1110.821537826","2026-08-15 09:43:32.240627","/home/akatoki/SC-30/scripts/SC-30/2_phase/EM.py","log_msg","93","","","","","","","","","","-0.5658815661136107","","","","","","","","","","","","","","","","","","","","","","","","","","","","","","","","","","","",""
"1110.826120968","2026-08-15 09:43:32.245217","/home/akatoki/SC-30/scripts/SC-30/2_phase/EM.py","log_msg","93","","","","[待機] alt=-0.566 m","","","","","","","","","","","","","","","","","","","","","","","","","","","","","","","","","","","","","","","","","",""
"1111.931166938","2026-08-15 09:43:33.350256","/home/akatoki/SC-30/scripts/SC-30/2_phase/EM.py","log_msg","93","","","","","","","","","","-0.6376925359243324","","","","","","","","","","","","","","","","","","","","","","","","","","","","","","","","","","","",""
"1111.940906575","2026-08-15 09:43:33.360003","/home/akatoki/SC-30/scripts/SC-30/2_phase/EM.py","log_msg","93","","","","[待機] alt=-0.638 m","","","","","","","","","","","","","","","","","","","","","","","","","","","","","","","","","","","","","","","","","",""
"1113.045901416","2026-08-15 09:43:34.464990","/home/akatoki/SC-30/scripts/SC-30/2_phase/EM.py","log_msg","93","","","","","","","","","","-0.20682262778548344","","","","","","","","","","","","","","","","","","","","","","","","","","","","","","","","","","","",""
"1113.050333992","2026-08-15 09:43:34.469431","/home/akatoki/SC-30/scripts/SC-30/2_phase/EM.py","log_msg","93","","","","[待機] alt=-0.207 m","","","","","","","","","","","","","","","","","","","","","","","","","","","","","","","","","","","","","","","","","",""
"1114.155343536","2026-08-15 09:43:35.574434","/home/akatoki/SC-30/scripts/SC-30/2_phase/EM.py","log_msg","93","","","","","","","","","","-0.42225880859789067","","","","","","","","","","","","","","","","","","","","","","","","","","","","","","","","","","","",""
"1114.159838191","2026-08-15 09:43:35.578934","/home/akatoki/SC-30/scripts/SC-30/2_phase/EM.py","log_msg","93","","","","[待機] alt=-0.422 m","","","","","","","","","","","","","","","","","","","","","","","","","","","","","","","","","","","","","","","","","",""
"1115.264939988","2026-08-15 09:43:36.684029","/home/akatoki/SC-30/scripts/SC-30/2_phase/EM.py","log_msg","93","","","","","","","","","","-0.42225880859789067","","","","","","","","","","","","","","","","","","","","","","","","","","","","","","","","","","","",""
"1115.269419279","2026-08-15 09:43:36.688516","/home/akatoki/SC-30/scripts/SC-30/2_phase/EM.py","log_msg","93","","","","[待機] alt=-0.422 m","","","","","","","","","","","","","","","","","","","","","","","","","","","","","","","","","","","","","","","","","",""
"1116.374566352","2026-08-15 09:43:37.793655","/home/akatoki/SC-30/scripts/SC-30/2_phase/EM.py","log_msg","93","","","","","","","","","","-0.024892287112012745","","","","","","","","","","","","","","","","","","","","","","","","","","","","","","","","","","","",""
"1116.384525972","2026-08-15 09:43:37.803624","/home/akatoki/SC-30/scripts/SC-30/2_phase/EM.py","log_msg","93","","","","[待機] alt=-0.025 m","","","","","","","","","","","","","","","","","","","","","","","","","","","","","","","","","","","","","","","","","",""
"1117.489514375","2026-08-15 09:43:38.908603","/home/akatoki/SC-30/scripts/SC-30/2_phase/EM.py","log_msg","93","","","","","","","","","","-0.7095032330675366","","","","","","","","","","","","","","","","","","","","","","","","","","","","","","","","","","","",""
"1117.494095586","2026-08-15 09:43:38.913193","/home/akatoki/SC-30/scripts/SC-30/2_phase/EM.py","log_msg","93","","","","[待機] alt=-0.710 m","","","","","","","","","","","","","","","","","","","","","","","","","","","","","","","","","","","","","","","","","",""
"1118.599125985","2026-08-15 09:43:40.018215","/home/akatoki/SC-30/scripts/SC-30/2_phase/EM.py","log_msg","93","","","","","","","","","","0.08525818516198047","","","","","","","","","","","","","","","","","","","","","","","","","","","","","","","","","","","",""
"1118.604597459","2026-08-15 09:43:40.023696","/home/akatoki/SC-30/scripts/SC-30/2_phase/EM.py","log_msg","93","","","","[待機] alt=0.085 m","","","","","","","","","","","","","","","","","","","","","","","","","","","","","","","","","","","","","","","","","",""
"1119.709708543","2026-08-15 09:43:41.128797","/home/akatoki/SC-30/scripts/SC-30/2_phase/EM.py","log_msg","93","","","","","","","","","","-0.5993702387213684","","","","","","","","","","","","","","","","","","","","","","","","","","","","","","","","","","","",""
"1119.744211723","2026-08-15 09:43:41.163309","/home/akatoki/SC-30/scripts/SC-30/2_phase/EM.py","log_msg","93","","","","[待機] alt=-0.599 m","","","","","","","","","","","","","","","","","","","","","","","","","","","","","","","","","","","","","","","","","",""
"1120.899607801","2026-08-15 09:43:42.318698","/home/akatoki/SC-30/scripts/SC-30/2_phase/EM.py","log_msg","93","","","","","","","","","","-0.5275614492369329","","","","","","","","","","","","","","","","","","","","","","","","","","","","","","","","","","","",""
"1120.908480809","2026-08-15 09:43:42.327588","/home/akatoki/SC-30/scripts/SC-30/2_phase/EM.py","log_msg","93","","","","[待機] alt=-0.528 m","","","","","","","","","","","","","","","","","","","","","","","","","","","","","","","","","","","","","","","","","",""
"1122.014646925","2026-08-15 09:43:43.433736","/home/akatoki/SC-30/scripts/SC-30/2_phase/EM.py","log_msg","93","","","","","","","","","","-0.27378304163861333","","","","","","","","","","","","","","","","","","","","","","","","","","","","","","","","","","","",""
"1122.019112151","2026-08-15 09:43:43.438211","/home/akatoki/SC-30/scripts/SC-30/2_phase/EM.py","log_msg","93","","","","[待機] alt=-0.274 m","","","","","","","","","","","","","","","","","","","","","","","","","","","","","","","","","","","","","","","","","",""
"1123.124204706","2026-08-15 09:43:44.543293","/home/akatoki/SC-30/scripts/SC-30/2_phase/EM.py","log_msg","93","","","","","","","","","","0.05182790503493018","","","","","","","","","","","","","","","","","","","","","","","","","","","","","","","","","","","",""
"1123.128720345","2026-08-15 09:43:44.547817","/home/akatoki/SC-30/scripts/SC-30/2_phase/EM.py","log_msg","93","","","","[待機] alt=0.052 m","","","","","","","","","","","","","","","","","","","","","","","","","","","","","","","","","","","","","","","","","",""
"1124.23375569","2026-08-15 09:43:45.652844","/home/akatoki/SC-30/scripts/SC-30/2_phase/EM.py","log_msg","93","","","","","","","","","","-0.01997843234651464","","","","","","","","","","","","","","","","","","","","","","","","","","","","","","","","","","","",""
"1124.243041485","2026-08-15 09:43:45.662140","/home/akatoki/SC-30/scripts/SC-30/2_phase/EM.py","log_msg","93","","","","[待機] alt=-0.020 m","","","","","","","","","","","","","","","","","","","","","","","","","","","","","","","","","","","","","","","","","",""
"1125.347986185","2026-08-15 09:43:46.767114","/home/akatoki/SC-30/scripts/SC-30/2_phase/EM.py","log_msg","93","","","","","","","","","","-0.5418177380643541","","","","","","","","","","","","","","","","","","","","","","","","","","","","","","","","","","","",""
"1125.352517135","2026-08-15 09:43:46.771614","/home/akatoki/SC-30/scripts/SC-30/2_phase/EM.py","log_msg","93","","","","[待機] alt=-0.542 m","","","","","","","","","","","","","","","","","","","","","","","","","","","","","","","","","","","","","","","","","",""
"1126.457581129","2026-08-15 09:43:47.876670","/home/akatoki/SC-30/scripts/SC-30/2_phase/EM.py","log_msg","93","","","","","","","","","","-0.30720105347455284","","","","","","","","","","","","","","","","","","","","","","","","","","","","","","","","","","","",""
"1126.462333108","2026-08-15 09:43:47.881432","/home/akatoki/SC-30/scripts/SC-30/2_phase/EM.py","log_msg","93","","","","[待機] alt=-0.307 m","","","","","","","","","","","","","","","","","","","","","","","","","","","","","","","","","","","","","","","","","",""
"1127.567373383","2026-08-15 09:43:48.986463","/home/akatoki/SC-30/scripts/SC-30/2_phase/EM.py","log_msg","93","","","","","","","","","","-0.4343616957596308","","","","","","","","","","","","","","","","","","","","","","","","","","","","","","","","","","","",""
"1127.578728227","2026-08-15 09:43:48.997828","/home/akatoki/SC-30/scripts/SC-30/2_phase/EM.py","log_msg","93","","","","[待機] alt=-0.434 m","","","","","","","","","","","","","","","","","","","","","","","","","","","","","","","","","","","","","","","","","",""
"1128.683721129","2026-08-15 09:43:50.102810","/home/akatoki/SC-30/scripts/SC-30/2_phase/EM.py","log_msg","93","","","","","","","","","","-0.7407884698400657","","","","","","","","","","","","","","","","","","","","","","","","","","","","","","","","","","","",""
"1128.688256608","2026-08-15 09:43:50.107355","/home/akatoki/SC-30/scripts/SC-30/2_phase/EM.py","log_msg","93","","","","[待機] alt=-0.741 m","","","","","","","","","","","","","","","","","","","","","","","","","","","","","","","","","","","","","","","","","",""
"1129.793267614","2026-08-15 09:43:51.212356","/home/akatoki/SC-30/scripts/SC-30/2_phase/EM.py","log_msg","93","","","","","","","","","","-0.41514174082837085","","","","","","","","","","","","","","","","","","","","","","","","","","","","","","","","","","","",""
"1129.797747471","2026-08-15 09:43:51.216845","/home/akatoki/SC-30/scripts/SC-30/2_phase/EM.py","log_msg","93","","","","[待機] alt=-0.415 m","","","","","","","","","","","","","","","","","","","","","","","","","","","","","","","","","","","","","","","","","",""
"1130.90277002","2026-08-15 09:43:52.321858","/home/akatoki/SC-30/scripts/SC-30/2_phase/EM.py","log_msg","93","","","","","","","","","","-0.4869439756616911","","","","","","","","","","","","","","","","","","","","","","","","","","","","","","","","","","","",""
"1130.907200399","2026-08-15 09:43:52.326297","/home/akatoki/SC-30/scripts/SC-30/2_phase/EM.py","log_msg","93","","","","[待機] alt=-0.487 m","","","","","","","","","","","","","","","","","","","","","","","","","","","","","","","","","","","","","","","","","",""
"1132.012179236","2026-08-15 09:43:53.431263","/home/akatoki/SC-30/scripts/SC-30/2_phase/EM.py","log_msg","93","","","","","","","","","","-0.23307327384422205","","","","","","","","","","","","","","","","","","","","","","","","","","","","","","","","","","","",""
"1132.021056555","2026-08-15 09:43:53.440147","/home/akatoki/SC-30/scripts/SC-30/2_phase/EM.py","log_msg","93","","","","[待機] alt=-0.233 m","","","","","","","","","","","","","","","","","","","","","","","","","","","","","","","","","","","","","","","","","",""
"1133.125443793","2026-08-15 09:43:54.544527","/home/akatoki/SC-30/scripts/SC-30/2_phase/EM.py","log_msg","93","","","","","","","","","","-0.3766741979472443","","","","","","","","","","","","","","","","","","","","","","","","","","","","","","","","","","","",""
"1133.129475912","2026-08-15 09:43:54.548566","/home/akatoki/SC-30/scripts/SC-30/2_phase/EM.py","log_msg","93","","","","[待機] alt=-0.377 m","","","","","","","","","","","","","","","","","","","","","","","","","","","","","","","","","","","","","","","","","",""
"1134.23393511","2026-08-15 09:43:55.653019","/home/akatoki/SC-30/scripts/SC-30/2_phase/EM.py","log_msg","93","","","","","","","","","","-0.44847425032813915","","","","","","","","","","","","","","","","","","","","","","","","","","","","","","","","","","","",""
"1134.237970822","2026-08-15 09:43:55.657061","/home/akatoki/SC-30/scripts/SC-30/2_phase/EM.py","log_msg","93","","","","[待機] alt=-0.448 m","","","","","","","","","","","","","","","","","","","","","","","","","","","","","","","","","","","","","","","","","",""
"1135.34242287","2026-08-15 09:43:56.761506","/home/akatoki/SC-30/scripts/SC-30/2_phase/EM.py","log_msg","93","","","","","","","","","","0.18368130268309857","","","","","","","","","","","","","","","","","","","","","","","","","","","","","","","","","","","",""
"1135.346453895","2026-08-15 09:43:56.765545","/home/akatoki/SC-30/scripts/SC-30/2_phase/EM.py","log_msg","93","","","","[待機] alt=0.184 m","","","","","","","","","","","","","","","","","","","","","","","","","","","","","","","","","","","","","","","","","",""
"1136.456377864","2026-08-15 09:43:57.875461","/home/akatoki/SC-30/scripts/SC-30/2_phase/EM.py","log_msg","93","","","","","","","","","","-0.6446208134039288","","","","","","","","","","","","","","","","","","","","","","","","","","","","","","","","","","","",""
"1136.460394722","2026-08-15 09:43:57.879486","/home/akatoki/SC-30/scripts/SC-30/2_phase/EM.py","log_msg","93","","","","[待機] alt=-0.645 m","","","","","","","","","","","","","","","","","","","","","","","","","","","","","","","","","","","","","","","","","",""
"1137.56501085","2026-08-15 09:43:58.984099","/home/akatoki/SC-30/scripts/SC-30/2_phase/EM.py","log_msg","93","","","","","","","","","","-0.5535625952842449","","","","","","","","","","","","","","","","","","","","","","","","","","","","","","","","","","","",""
"1137.569448987","2026-08-15 09:43:58.988547","/home/akatoki/SC-30/scripts/SC-30/2_phase/EM.py","log_msg","93","","","","[待機] alt=-0.554 m","","","","","","","","","","","","","","","","","","","","","","","","","","","","","","","","","","","","","","","","","",""
"1138.674438823","2026-08-15 09:44:00.093528","/home/akatoki/SC-30/scripts/SC-30/2_phase/EM.py","log_msg","93","","","","","","","","","","-0.3189037915212545","","","","","","","","","","","","","","","","","","","","","","","","","","","","","","","","","","","",""
"1138.678913415","2026-08-15 09:44:00.098010","/home/akatoki/SC-30/scripts/SC-30/2_phase/EM.py","log_msg","93","","","","[待機] alt=-0.319 m","","","","","","","","","","","","","","","","","","","","","","","","","","","","","","","","","","","","","","","","","",""
"1139.783948341","2026-08-15 09:44:01.203037","/home/akatoki/SC-30/scripts/SC-30/2_phase/EM.py","log_msg","93","","","","","","","","","","-0.46249707365963566","","","","","","","","","","","","","","","","","","","","","","","","","","","","","","","","","","","",""
"1139.795603623","2026-08-15 09:44:01.214704","/home/akatoki/SC-30/scripts/SC-30/2_phase/EM.py","log_msg","93","","","","[待機] alt=-0.462 m","","","","","","","","","","","","","","","","","","","","","","","","","","","","","","","","","","","","","","","","","",""
"1140.904744454","2026-08-15 09:44:02.323833","/home/akatoki/SC-30/scripts/SC-30/2_phase/EM.py","log_msg","93","","","","","","","","","","-0.6060892626277647","","","","","","","","","","","","","","","","","","","","","","","","","","","","","","","","","","","",""
"1140.909214931","2026-08-15 09:44:02.328312","/home/akatoki/SC-30/scripts/SC-30/2_phase/EM.py","log_msg","93","","","","[待機] alt=-0.606 m","","","","","","","","","","","","","","","","","","","","","","","","","","","","","","","","","","","","","","","","","",""
"1142.014279576","2026-08-15 09:44:03.433367","/home/akatoki/SC-30/scripts/SC-30/2_phase/EM.py","log_msg","93","","","","","","","","","","-0.3521387123410613","","","","","","","","","","","","","","","","","","","","","","","","","","","","","","","","","","","",""
"1142.018603811","2026-08-15 09:44:03.437697","/home/akatoki/SC-30/scripts/SC-30/2_phase/EM.py","log_msg","93","","","","[待機] alt=-0.352 m","","","","","","","","","","","","","","","","","","","","","","","","","","","","","","","","","","","","","","","","","",""
"1143.123500282","2026-08-15 09:44:04.542589","/home/akatoki/SC-30/scripts/SC-30/2_phase/EM.py","log_msg","93","","","","","","","","","","-0.045668313505227154","","","","","","","","","","","","","","","","","","","","","","","","","","","","","","","","","","","",""
"1143.132930165","2026-08-15 09:44:04.552026","/home/akatoki/SC-30/scripts/SC-30/2_phase/EM.py","log_msg","93","","","","[待機] alt=-0.046 m","","","","","","","","","","","","","","","","","","","","","","","","","","","","","","","","","","","","","","","","","",""
"1144.237854961","2026-08-15 09:44:05.656943","/home/akatoki/SC-30/scripts/SC-30/2_phase/EM.py","log_msg","93","","","","","","","","","","-0.3356052442015245","","","","","","","","","","","","","","","","","","","","","","","","","","","","","","","","","","","",""
"1144.243246218","2026-08-15 09:44:05.662344","/home/akatoki/SC-30/scripts/SC-30/2_phase/EM.py","log_msg","93","","","","[待機] alt=-0.336 m","","","","","","","","","","","","","","","","","","","","","","","","","","","","","","","","","","","","","","","","","",""
"1145.348332977","2026-08-15 09:44:06.767422","/home/akatoki/SC-30/scripts/SC-30/2_phase/EM.py","log_msg","93","","","","","","","","","","-0.8049539270640138","","","","","","","","","","","","","","","","","","","","","","","","","","","","","","","","","","","",""
"1145.352784287","2026-08-15 09:44:06.771880","/home/akatoki/SC-30/scripts/SC-30/2_phase/EM.py","log_msg","93","","","","[待機] alt=-0.805 m","","","","","","","","","","","","","","","","","","","","","","","","","","","","","","","","","","","","","","","","","",""
"1146.457831617","2026-08-15 09:44:07.876920","/home/akatoki/SC-30/scripts/SC-30/2_phase/EM.py","log_msg","93","","","","","","","","","","0.24419569120488704","","","","","","","","","","","","","","","","","","","","","","","","","","","","","","","","","","","",""
"1146.462289177","2026-08-15 09:44:07.881385","/home/akatoki/SC-30/scripts/SC-30/2_phase/EM.py","log_msg","93","","","","[待機] alt=0.244 m","","","","","","","","","","","","","","","","","","","","","","","","","","","","","","","","","","","","","","","","","",""
"1147.57182005","2026-08-15 09:44:08.990908","/home/akatoki/SC-30/scripts/SC-30/2_phase/EM.py","log_msg","93","","","","","","","","","","-0.3687790422775894","","","","","","","","","","","","","","","","","","","","","","","","","","","","","","","","","","","",""
"1147.576348959","2026-08-15 09:44:08.995447","/home/akatoki/SC-30/scripts/SC-30/2_phase/EM.py","log_msg","93","","","","[待機] alt=-0.369 m","","","","","","","","","","","","","","","","","","","","","","","","","","","","","","","","","","","","","","","","","",""
"1148.681434501","2026-08-15 09:44:10.100523","/home/akatoki/SC-30/scripts/SC-30/2_phase/EM.py","log_msg","93","","","","","","","","","","0.10061443895932998","","","","","","","","","","","","","","","","","","","","","","","","","","","","","","","","","","","",""
"1148.685934036","2026-08-15 09:44:10.105031","/home/akatoki/SC-30/scripts/SC-30/2_phase/EM.py","log_msg","93","","","","[待機] alt=0.101 m","","","","","","","","","","","","","","","","","","","","","","","","","","","","","","","","","","","","","","","","","",""
"1149.79094234","2026-08-15 09:44:11.210031","/home/akatoki/SC-30/scripts/SC-30/2_phase/EM.py","log_msg","93","","","","","","","","","","-0.20587535165449422","","","","","","","","","","","","","","","","","","","","","","","","","","","","","","","","","","","",""
"1149.795402866","2026-08-15 09:44:11.214500","/home/akatoki/SC-30/scripts/SC-30/2_phase/EM.py","log_msg","93","","","","[待機] alt=-0.206 m","","","","","","","","","","","","","","","","","","","","","","","","","","","","","","","","","","","","","","","","","",""
"1150.900491061","2026-08-15 09:44:12.319580","/home/akatoki/SC-30/scripts/SC-30/2_phase/EM.py","log_msg","93","","","","","","","","","","-0.4930345671262848","","","","","","","","","","","","","","","","","","","","","","","","","","","","","","","","","","","",""
"1150.905073507","2026-08-15 09:44:12.324170","/home/akatoki/SC-30/scripts/SC-30/2_phase/EM.py","log_msg","93","","","","[待機] alt=-0.493 m","","","","","","","","","","","","","","","","","","","","","","","","","","","","","","","","","","","","","","","","","",""
"1152.014742011","2026-08-15 09:44:13.433830","/home/akatoki/SC-30/scripts/SC-30/2_phase/EM.py","log_msg","93","","","","","","","","","","-0.3301227527317674","","","","","","","","","","","","","","","","","","","","","","","","","","","","","","","","","","","",""
"1152.019167643","2026-08-15 09:44:13.438264","/home/akatoki/SC-30/scripts/SC-30/2_phase/EM.py","log_msg","93","","","","[待機] alt=-0.330 m","","","","","","","","","","","","","","","","","","","","","","","","","","","","","","","","","","","","","","","","","",""
"1153.125562742","2026-08-15 09:44:14.544652","/home/akatoki/SC-30/scripts/SC-30/2_phase/EM.py","log_msg","93","","","","","","","","","","-0.6366125332661166","","","","","","","","","","","","","","","","","","","","","","","","","","","","","","","","","","","",""
"1153.130106856","2026-08-15 09:44:14.549202","/home/akatoki/SC-30/scripts/SC-30/2_phase/EM.py","log_msg","93","","","","[待機] alt=-0.637 m","","","","","","","","","","","","","","","","","","","","","","","","","","","","","","","","","","","","","","","","","",""
"1154.235143129","2026-08-15 09:44:15.654232","/home/akatoki/SC-30/scripts/SC-30/2_phase/EM.py","log_msg","93","","","","","","","","","","-0.31078078021349764","","","","","","","","","","","","","","","","","","","","","","","","","","","","","","","","","","","",""
"1154.239585895","2026-08-15 09:44:15.658683","/home/akatoki/SC-30/scripts/SC-30/2_phase/EM.py","log_msg","93","","","","[待機] alt=-0.311 m","","","","","","","","","","","","","","","","","","","","","","","","","","","","","","","","","","","","","","","","","",""
"1155.349167742","2026-08-15 09:44:16.768257","/home/akatoki/SC-30/scripts/SC-30/2_phase/EM.py","log_msg","93","","","","","","","","","","-0.7608500939802787","","","","","","","","","","","","","","","","","","","","","","","","","","","","","","","","","","","",""
"1155.353654619","2026-08-15 09:44:16.772752","/home/akatoki/SC-30/scripts/SC-30/2_phase/EM.py","log_msg","93","","","","[待機] alt=-0.761 m","","","","","","","","","","","","","","","","","","","","","","","","","","","","","","","","","","","","","","","","","",""
"1156.458690845","2026-08-15 09:44:17.877780","/home/akatoki/SC-30/scripts/SC-30/2_phase/EM.py","log_msg","93","","","","","","","","","","-0.36321597686247653","","","","","","","","","","","","","","","","","","","","","","","","","","","","","","","","","","","",""
"1156.463240322","2026-08-15 09:44:17.882338","/home/akatoki/SC-30/scripts/SC-30/2_phase/EM.py","log_msg","93","","","","[待機] alt=-0.363 m","","","","","","","","","","","","","","","","","","","","","","","","","","","","","","","","","","","","","","","","","",""
"1157.568301968","2026-08-15 09:44:18.987391","/home/akatoki/SC-30/scripts/SC-30/2_phase/EM.py","log_msg","93","","","","","","","","","","-0.5067879326822178","","","","","","","","","","","","","","","","","","","","","","","","","","","","","","","","","","","",""
"1157.572786605","2026-08-15 09:44:18.991906","/home/akatoki/SC-30/scripts/SC-30/2_phase/EM.py","log_msg","93","","","","[待機] alt=-0.507 m","","","","","","","","","","","","","","","","","","","","","","","","","","","","","","","","","","","","","","","","","",""
"1158.677881997","2026-08-15 09:44:20.096971","/home/akatoki/SC-30/scripts/SC-30/2_phase/EM.py","log_msg","93","","","","","","","","","","-0.41563949350634566","","","","","","","","","","","","","","","","","","","","","","","","","","","","","","","","","","","",""
"1158.682401839","2026-08-15 09:44:20.101500","/home/akatoki/SC-30/scripts/SC-30/2_phase/EM.py","log_msg","93","","","","[待機] alt=-0.416 m","","","","","","","","","","","","","","","","","","","","","","","","","","","","","","","","","","","","","","","","","",""
"1159.792137592","2026-08-15 09:44:21.211228","/home/akatoki/SC-30/scripts/SC-30/2_phase/EM.py","log_msg","93","","","","","","","","","","-0.32448374617954023","","","","","","","","","","","","","","","","","","","","","","","","","","","","","","","","","","","",""
"1159.796620717","2026-08-15 09:44:21.215718","/home/akatoki/SC-30/scripts/SC-30/2_phase/EM.py","log_msg","93","","","","[待機] alt=-0.324 m","","","","","","","","","","","","","","","","","","","","","","","","","","","","","","","","","","","","","","","","","",""
"1160.901705965","2026-08-15 09:44:22.320795","/home/akatoki/SC-30/scripts/SC-30/2_phase/EM.py","log_msg","93","","","","","","","","","","-0.3962676744813165","","","","","","","","","","","","","","","","","","","","","","","","","","","","","","","","","","","",""
"1160.906190288","2026-08-15 09:44:22.325286","/home/akatoki/SC-30/scripts/SC-30/2_phase/EM.py","log_msg","93","","","","[待機] alt=-0.396 m","","","","","","","","","","","","","","","","","","","","","","","","","","","","","","","","","","","","","","","","","",""
"1162.012291006","2026-08-15 09:44:23.431380","/home/akatoki/SC-30/scripts/SC-30/2_phase/EM.py","log_msg","93","","","","","","","","","","-0.07036776256172939","","","","","","","","","","","","","","","","","","","","","","","","","","","","","","","","","","","",""
"1162.016752465","2026-08-15 09:44:23.435849","/home/akatoki/SC-30/scripts/SC-30/2_phase/EM.py","log_msg","93","","","","[待機] alt=-0.070 m","","","","","","","","","","","","","","","","","","","","","","","","","","","","","","","","","","","","","","","","","",""
"1163.126383767","2026-08-15 09:44:24.545472","/home/akatoki/SC-30/scripts/SC-30/2_phase/EM.py","log_msg","93","","","","","","","","","","0.09259110907269497","","","","","","","","","","","","","","","","","","","","","","","","","","","","","","","","","","","",""
"1163.130843455","2026-08-15 09:44:24.549940","/home/akatoki/SC-30/scripts/SC-30/2_phase/EM.py","log_msg","93","","","","[待機] alt=0.093 m","","","","","","","","","","","","","","","","","","","","","","","","","","","","","","","","","","","","","","","","","",""
"1164.235869462","2026-08-15 09:44:25.654959","/home/akatoki/SC-30/scripts/SC-30/2_phase/EM.py","log_msg","93","","","","","","","","","","0.25279509393832944","","","","","","","","","","","","","","","","","","","","","","","","","","","","","","","","","","","",""
"1164.240374876","2026-08-15 09:44:25.659472","/home/akatoki/SC-30/scripts/SC-30/2_phase/EM.py","log_msg","93","","","","[待機] alt=0.253 m","","","","","","","","","","","","","","","","","","","","","","","","","","","","","","","","","","","","","","","","","",""
"1165.345378811","2026-08-15 09:44:26.764468","/home/akatoki/SC-30/scripts/SC-30/2_phase/EM.py","log_msg","93","","","","","","","","","","0.2004239512113659","","","","","","","","","","","","","","","","","","","","","","","","","","","","","","","","","","","",""
"1165.349903339","2026-08-15 09:44:26.769000","/home/akatoki/SC-30/scripts/SC-30/2_phase/EM.py","log_msg","93","","","","[待機] alt=0.200 m","","","","","","","","","","","","","","","","","","","","","","","","","","","","","","","","","","","","","","","","","",""
"1166.45490442","2026-08-15 09:44:27.873993","/home/akatoki/SC-30/scripts/SC-30/2_phase/EM.py","log_msg","93","","","","","","","","","","0.3634023144046772","","","","","","","","","","","","","","","","","","","","","","","","","","","","","","","","","","","",""
"1166.459364888","2026-08-15 09:44:27.878462","/home/akatoki/SC-30/scripts/SC-30/2_phase/EM.py","log_msg","93","","","","[待機] alt=0.363 m","","","","","","","","","","","","","","","","","","","","","","","","","","","","","","","","","","","","","","","","","",""
"1167.568981545","2026-08-15 09:44:28.988071","/home/akatoki/SC-30/scripts/SC-30/2_phase/EM.py","log_msg","93","","","","","","","","","","-0.24966938017263463","","","","","","","","","","","","","","","","","","","","","","","","","","","","","","","","","","","",""
"1167.573458679","2026-08-15 09:44:28.992555","/home/akatoki/SC-30/scripts/SC-30/2_phase/EM.py","log_msg","93","","","","[待機] alt=-0.250 m","","","","","","","","","","","","","","","","","","","","","","","","","","","","","","","","","","","","","","","","","",""
"1168.678454986","2026-08-15 09:44:30.097543","/home/akatoki/SC-30/scripts/SC-30/2_phase/EM.py","log_msg","93","","","","","","","","","","-0.24966938017263463","","","","","","","","","","","","","","","","","","","","","","","","","","","","","","","","","","","",""
"1168.682936182","2026-08-15 09:44:30.102033","/home/akatoki/SC-30/scripts/SC-30/2_phase/EM.py","log_msg","93","","","","[待機] alt=-0.250 m","","","","","","","","","","","","","","","","","","","","","","","","","","","","","","","","","","","","","","","","","",""
"1169.78795573","2026-08-15 09:44:31.207044","/home/akatoki/SC-30/scripts/SC-30/2_phase/EM.py","log_msg","93","","","","","","","","","","-0.13904876411349854","","","","","","","","","","","","","","","","","","","","","","","","","","","","","","","","","","","",""
"1169.793865435","2026-08-15 09:44:31.212965","/home/akatoki/SC-30/scripts/SC-30/2_phase/EM.py","log_msg","93","","","","[待機] alt=-0.139 m","","","","","","","","","","","","","","","","","","","","","","","","","","","","","","","","","","","","","","","","","",""
"1170.903384368","2026-08-15 09:44:32.322474","/home/akatoki/SC-30/scripts/SC-30/2_phase/EM.py","log_msg","93","","","","","","","","","","0.09571672257025265","","","","","","","","","","","","","","","","","","","","","","","","","","","","","","","","","","","",""
"1170.907882228","2026-08-15 09:44:32.326978","/home/akatoki/SC-30/scripts/SC-30/2_phase/EM.py","log_msg","93","","","","[待機] alt=0.096 m","","","","","","","","","","","","","","","","","","","","","","","","","","","","","","","","","","","","","","","","","",""
"1172.012984353","2026-08-15 09:44:33.432073","/home/akatoki/SC-30/scripts/SC-30/2_phase/EM.py","log_msg","93","","","","","","","","","","0.1869334397064215","","","","","","","","","","","","","","","","","","","","","","","","","","","","","","","","","","","",""
"1172.017505492","2026-08-15 09:44:33.436603","/home/akatoki/SC-30/scripts/SC-30/2_phase/EM.py","log_msg","93","","","","[待機] alt=0.187 m","","","","","","","","","","","","","","","","","","","","","","","","","","","","","","","","","","","","","","","","","",""
"1173.122583051","2026-08-15 09:44:34.541672","/home/akatoki/SC-30/scripts/SC-30/2_phase/EM.py","log_msg","93","","","","","","","","","","-0.3543808295200934","","","","","","","","","","","","","","","","","","","","","","","","","","","","","","","","","","","",""
"1173.127056902","2026-08-15 09:44:34.546153","/home/akatoki/SC-30/scripts/SC-30/2_phase/EM.py","log_msg","93","","","","[待機] alt=-0.354 m","","","","","","","","","","","","","","","","","","","","","","","","","","","","","","","","","","","","","","","","","",""
"1174.236836126","2026-08-15 09:44:35.655925","/home/akatoki/SC-30/scripts/SC-30/2_phase/EM.py","log_msg","93","","","","","","","","","","-0.0283953500430445","","","","","","","","","","","","","","","","","","","","","","","","","","","","","","","","","","","",""
"1174.241293988","2026-08-15 09:44:35.660391","/home/akatoki/SC-30/scripts/SC-30/2_phase/EM.py","log_msg","93","","","","[待機] alt=-0.028 m","","","","","","","","","","","","","","","","","","","","","","","","","","","","","","","","","","","","","","","","","",""
"1175.346446732","2026-08-15 09:44:36.765536","/home/akatoki/SC-30/scripts/SC-30/2_phase/EM.py","log_msg","93","","","","","","","","","","0.06283113907034399","","","","","","","","","","","","","","","","","","","","","","","","","","","","","","","","","","","",""
"1175.351155829","2026-08-15 09:44:36.770269","/home/akatoki/SC-30/scripts/SC-30/2_phase/EM.py","log_msg","93","","","","[待機] alt=0.063 m","","","","","","","","","","","","","","","","","","","","","","","","","","","","","","","","","","","","","","","","","",""
"1176.456285624","2026-08-15 09:44:37.875375","/home/akatoki/SC-30/scripts/SC-30/2_phase/EM.py","log_msg","93","","","","","","","","","","0.2976139119651866","","","","","","","","","","","","","","","","","","","","","","","","","","","","","","","","","","","",""
"1176.460808117","2026-08-15 09:44:37.879905","/home/akatoki/SC-30/scripts/SC-30/2_phase/EM.py","log_msg","93","","","","[待機] alt=0.298 m","","","","","","","","","","","","","","","","","","","","","","","","","","","","","","","","","","","","","","","","","",""
"1177.566004124","2026-08-15 09:44:38.985093","/home/akatoki/SC-30/scripts/SC-30/2_phase/EM.py","log_msg","93","","","","","","","","","","0.08229086581853062","","","","","","","","","","","","","","","","","","","","","","","","","","","","","","","","","","","",""
"1177.570619007","2026-08-15 09:44:38.989716","/home/akatoki/SC-30/scripts/SC-30/2_phase/EM.py","log_msg","93","","","","[待機] alt=0.082 m","","","","","","","","","","","","","","","","","","","","","","","","","","","","","","","","","","","","","","","","","",""
"1178.683568057","2026-08-15 09:44:40.102657","/home/akatoki/SC-30/scripts/SC-30/2_phase/EM.py","log_msg","93","","","","","","","","","","0.010517065578006246","","","","","","","","","","","","","","","","","","","","","","","","","","","","","","","","","","","",""
"1178.688180908","2026-08-15 09:44:40.107280","/home/akatoki/SC-30/scripts/SC-30/2_phase/EM.py","log_msg","93","","","","[待機] alt=0.011 m","","","","","","","","","","","","","","","","","","","","","","","","","","","","","","","","","","","","","","","","","",""
"1179.793262424","2026-08-15 09:44:41.212351","/home/akatoki/SC-30/scripts/SC-30/2_phase/EM.py","log_msg","93","","","","","","","","","","-0.2048026894428734","","","","","","","","","","","","","","","","","","","","","","","","","","","","","","","","","","","",""
"1179.797735439","2026-08-15 09:44:41.216833","/home/akatoki/SC-30/scripts/SC-30/2_phase/EM.py","log_msg","93","","","","[待機] alt=-0.205 m","","","","","","","","","","","","","","","","","","","","","","","","","","","","","","","","","","","","","","","","","",""
"1180.902757292","2026-08-15 09:44:42.321845","/home/akatoki/SC-30/scripts/SC-30/2_phase/EM.py","log_msg","93","","","","","","","","","","0.19300988722150025","","","","","","","","","","","","","","","","","","","","","","","","","","","","","","","","","","","",""
"1180.907214891","2026-08-15 09:44:42.326312","/home/akatoki/SC-30/scripts/SC-30/2_phase/EM.py","log_msg","93","","","","[待機] alt=0.193 m","","","","","","","","","","","","","","","","","","","","","","","","","","","","","","","","","","","","","","","","","",""
"1182.016788995","2026-08-15 09:44:43.435878","/home/akatoki/SC-30/scripts/SC-30/2_phase/EM.py","log_msg","93","","","","","","","","","","-0.04178531696846344","","","","","","","","","","","","","","","","","","","","","","","","","","","","","","","","","","","",""
"1182.021205762","2026-08-15 09:44:43.440302","/home/akatoki/SC-30/scripts/SC-30/2_phase/EM.py","log_msg","93","","","","[待機] alt=-0.042 m","","","","","","","","","","","","","","","","","","","","","","","","","","","","","","","","","","","","","","","","","",""
"1183.126211411","2026-08-15 09:44:44.545300","/home/akatoki/SC-30/scripts/SC-30/2_phase/EM.py","log_msg","93","","","","","","","","","","0.13796500326297312","","","","","","","","","","","","","","","","","","","","","","","","","","","","","","","","","","","",""
"1183.130688435","2026-08-15 09:44:44.549785","/home/akatoki/SC-30/scripts/SC-30/2_phase/EM.py","log_msg","93","","","","[待機] alt=0.138 m","","","","","","","","","","","","","","","","","","","","","","","","","","","","","","","","","","","","","","","","","",""
"1184.235742854","2026-08-15 09:44:45.654832","/home/akatoki/SC-30/scripts/SC-30/2_phase/EM.py","log_msg","93","","","","","","","","","","-0.5664239020814366","","","","","","","","","","","","","","","","","","","","","","","","","","","","","","","","","","","",""
"1184.240312112","2026-08-15 09:44:45.659409","/home/akatoki/SC-30/scripts/SC-30/2_phase/EM.py","log_msg","93","","","","[待機] alt=-0.566 m","","","","","","","","","","","","","","","","","","","","","","","","","","","","","","","","","","","","","","","","","",""
"1185.345328223","2026-08-15 09:44:46.764417","/home/akatoki/SC-30/scripts/SC-30/2_phase/EM.py","log_msg","93","","","","","","","","","","0.13796500326297312","","","","","","","","","","","","","","","","","","","","","","","","","","","","","","","","","","","",""
"1185.349815351","2026-08-15 09:44:46.768912","/home/akatoki/SC-30/scripts/SC-30/2_phase/EM.py","log_msg","93","","","","[待機] alt=0.138 m","","","","","","","","","","","","","","","","","","","","","","","","","","","","","","","","","","","","","","","","","",""
"1186.459563547","2026-08-15 09:44:47.878652","/home/akatoki/SC-30/scripts/SC-30/2_phase/EM.py","log_msg","93","","","","","","","","","","-0.24037770721317964","","","","","","","","","","","","","","","","","","","","","","","","","","","","","","","","","","","",""
"1186.465650735","2026-08-15 09:44:47.884750","/home/akatoki/SC-30/scripts/SC-30/2_phase/EM.py","log_msg","93","","","","[待機] alt=-0.240 m","","","","","","","","","","","","","","","","","","","","","","","","","","","","","","","","","","","","","","","","","",""
"1187.570796836","2026-08-15 09:44:48.989886","/home/akatoki/SC-30/scripts/SC-30/2_phase/EM.py","log_msg","93","","","","","","","","","","0.08569227505866195","","","","","","","","","","","","","","","","","","","","","","","","","","","","","","","","","","","",""
"1187.575276724","2026-08-15 09:44:48.994373","/home/akatoki/SC-30/scripts/SC-30/2_phase/EM.py","log_msg","93","","","","[待機] alt=0.086 m","","","","","","","","","","","","","","","","","","","","","","","","","","","","","","","","","","","","","","","","","",""
"1188.680328684","2026-08-15 09:44:50.099417","/home/akatoki/SC-30/scripts/SC-30/2_phase/EM.py","log_msg","93","","","","","","","","","","-0.36442277119592914","","","","","","","","","","","","","","","","","","","","","","","","","","","","","","","","","","","",""
"1188.689516621","2026-08-15 09:44:50.108613","/home/akatoki/SC-30/scripts/SC-30/2_phase/EM.py","log_msg","93","","","","[待機] alt=-0.364 m","","","","","","","","","","","","","","","","","","","","","","","","","","","","","","","","","","","","","","","","","",""
"1189.79446653","2026-08-15 09:44:51.213555","/home/akatoki/SC-30/scripts/SC-30/2_phase/EM.py","log_msg","93","","","","","","","","","","-0.5079596649613327","","","","","","","","","","","","","","","","","","","","","","","","","","","","","","","","","","","",""
"1189.798943761","2026-08-15 09:44:51.218041","/home/akatoki/SC-30/scripts/SC-30/2_phase/EM.py","log_msg","93","","","","[待機] alt=-0.508 m","","","","","","","","","","","","","","","","","","","","","","","","","","","","","","","","","","","","","","","","","",""
"1190.903934319","2026-08-15 09:44:52.323023","/home/akatoki/SC-30/scripts/SC-30/2_phase/EM.py","log_msg","93","","","","","","","","","","-0.11010401615074716","","","","","","","","","","","","","","","","","","","","","","","","","","","","","","","","","","","",""
"1190.908451704","2026-08-15 09:44:52.327548","/home/akatoki/SC-30/scripts/SC-30/2_phase/EM.py","log_msg","93","","","","[待機] alt=-0.110 m","","","","","","","","","","","","","","","","","","","","","","","","","","","","","","","","","","","","","","","","","",""
"1192.013480622","2026-08-15 09:44:53.432569","/home/akatoki/SC-30/scripts/SC-30/2_phase/EM.py","log_msg","93","","","","","","","","","","0.052948574895317346","","","","","","","","","","","","","","","","","","","","","","","","","","","","","","","","","","","",""
"1192.018000349","2026-08-15 09:44:53.437096","/home/akatoki/SC-30/scripts/SC-30/2_phase/EM.py","log_msg","93","","","","[待機] alt=0.053 m","","","","","","","","","","","","","","","","","","","","","","","","","","","","","","","","","","","","","","","","","",""
"1193.123000287","2026-08-15 09:44:54.542089","/home/akatoki/SC-30/scripts/SC-30/2_phase/EM.py","log_msg","93","","","","","","","","","","0.4508374539337723","","","","","","","","","","","","","","","","","","","","","","","","","","","","","","","","","","","",""
"1193.132363889","2026-08-15 09:44:54.551460","/home/akatoki/SC-30/scripts/SC-30/2_phase/EM.py","log_msg","93","","","","[待機] alt=0.451 m","","","","","","","","","","","","","","","","","","","","","","","","","","","","","","","","","","","","","","","","","",""
"1194.237289746","2026-08-15 09:44:55.656379","/home/akatoki/SC-30/scripts/SC-30/2_phase/EM.py","log_msg","93","","","","","","","","","","-0.25363817569121316","","","","","","","","","","","","","","","","","","","","","","","","","","","","","","","","","","","",""
"1194.241795203","2026-08-15 09:44:55.660891","/home/akatoki/SC-30/scripts/SC-30/2_phase/EM.py","log_msg","93","","","","[待機] alt=-0.254 m","","","","","","","","","","","","","","","","","","","","","","","","","","","","","","","","","","","","","","","","","",""
"1195.346883164","2026-08-15 09:44:56.765972","/home/akatoki/SC-30/scripts/SC-30/2_phase/EM.py","log_msg","93","","","","","","","","","","0.0007095644002830248","","","","","","","","","","","","","","","","","","","","","","","","","","","","","","","","","","","",""
"1195.352991909","2026-08-15 09:44:56.772090","/home/akatoki/SC-30/scripts/SC-30/2_phase/EM.py","log_msg","93","","","","[待機] alt=0.001 m","","","","","","","","","","","","","","","","","","","","","","","","","","","","","","","","","","","","","","","","","",""
"1196.458171353","2026-08-15 09:44:57.877260","/home/akatoki/SC-30/scripts/SC-30/2_phase/EM.py","log_msg","93","","","","","","","","","","0.30730602308634447","","","","","","","","","","","","","","","","","","","","","","","","","","","","","","","","","","","",""
"1196.46791118","2026-08-15 09:44:57.887008","/home/akatoki/SC-30/scripts/SC-30/2_phase/EM.py","log_msg","93","","","","[待機] alt=0.307 m","","","","","","","","","","","","","","","","","","","","","","","","","","","","","","","","","","","","","","","","","",""
"1197.572947018","2026-08-15 09:44:58.992035","/home/akatoki/SC-30/scripts/SC-30/2_phase/EM.py","log_msg","93","","","","","","","","","","0.020246456902427434","","","","","","","","","","","","","","","","","","","","","","","","","","","","","","","","","","","",""
"1197.577425601","2026-08-15 09:44:58.996522","/home/akatoki/SC-30/scripts/SC-30/2_phase/EM.py","log_msg","93","","","","[待機] alt=0.020 m","","","","","","","","","","","","","","","","","","","","","","","","","","","","","","","","","","","","","","","","","",""
"1198.682452871","2026-08-15 09:45:00.101541","/home/akatoki/SC-30/scripts/SC-30/2_phase/EM.py","log_msg","93","","","","","","","","","","0.2550835577050625","","","","","","","","","","","","","","","","","","","","","","","","","","","","","","","","","","","",""
"1198.686926714","2026-08-15 09:45:00.106023","/home/akatoki/SC-30/scripts/SC-30/2_phase/EM.py","log_msg","93","","","","[待機] alt=0.255 m","","","","","","","","","","","","","","","","","","","","","","","","","","","","","","","","","","","","","","","","","",""
"1199.791961777","2026-08-15 09:45:01.211051","/home/akatoki/SC-30/scripts/SC-30/2_phase/EM.py","log_msg","93","","","","","","","","","","-0.19504533363374987","","","","","","","","","","","","","","","","","","","","","","","","","","","","","","","","","","","",""
"1199.79647442","2026-08-15 09:45:01.215571","/home/akatoki/SC-30/scripts/SC-30/2_phase/EM.py","log_msg","93","","","","[待機] alt=-0.195 m","","","","","","","","","","","","","","","","","","","","","","","","","","","","","","","","","","","","","","","","","",""
"1200.906312401","2026-08-15 09:45:02.325401","/home/akatoki/SC-30/scripts/SC-30/2_phase/EM.py","log_msg","93","","","","","","","","","","0.2746356289368901","","","","","","","","","","","","","","","","","","","","","","","","","","","","","","","","","","","",""
"1200.910775879","2026-08-15 09:45:02.329872","/home/akatoki/SC-30/scripts/SC-30/2_phase/EM.py","log_msg","93","","","","[待機] alt=0.275 m","","","","","","","","","","","","","","","","","","","","","","","","","","","","","","","","","","","","","","","","","",""
"1202.015834341","2026-08-15 09:45:03.434923","/home/akatoki/SC-30/scripts/SC-30/2_phase/EM.py","log_msg","93","","","","","","","","","","-0.33857182036086897","","","","","","","","","","","","","","","","","","","","","","","","","","","","","","","","","","","",""
"1202.020371721","2026-08-15 09:45:03.439469","/home/akatoki/SC-30/scripts/SC-30/2_phase/EM.py","log_msg","93","","","","[待機] alt=-0.339 m","","","","","","","","","","","","","","","","","","","","","","","","","","","","","","","","","","","","","","","","","",""
"1203.125435581","2026-08-15 09:45:04.544524","/home/akatoki/SC-30/scripts/SC-30/2_phase/EM.py","log_msg","93","","","","","","","","","","-0.17549592058785146","","","","","","","","","","","","","","","","","","","","","","","","","","","","","","","","","","","",""
"1203.129983273","2026-08-15 09:45:04.549080","/home/akatoki/SC-30/scripts/SC-30/2_phase/EM.py","log_msg","93","","","","[待機] alt=-0.175 m","","","","","","","","","","","","","","","","","","","","","","","","","","","","","","","","","","","","","","","","","",""
"1204.240879937","2026-08-15 09:45:05.659969","/home/akatoki/SC-30/scripts/SC-30/2_phase/EM.py","log_msg","93","","","","","","","","","","0.22243519253866695","","","","","","","","","","","","","","","","","","","","","","","","","","","","","","","","","","","",""
"1204.245422265","2026-08-15 09:45:05.664519","/home/akatoki/SC-30/scripts/SC-30/2_phase/EM.py","log_msg","93","","","","[待機] alt=0.222 m","","","","","","","","","","","","","","","","","","","","","","","","","","","","","","","","","","","","","","","","","",""
"1205.35045578","2026-08-15 09:45:06.769544","/home/akatoki/SC-30/scripts/SC-30/2_phase/EM.py","log_msg","93","","","","","","","","","","-0.3190202152949184","","","","","","","","","","","","","","","","","","","","","","","","","","","","","","","","","","","",""
"1205.354986754","2026-08-15 09:45:06.774085","/home/akatoki/SC-30/scripts/SC-30/2_phase/EM.py","log_msg","93","","","","[待機] alt=-0.319 m","","","","","","","","","","","","","","","","","","","","","","","","","","","","","","","","","","","","","","","","","",""
"1206.460106238","2026-08-15 09:45:07.879194","/home/akatoki/SC-30/scripts/SC-30/2_phase/EM.py","log_msg","93","","","","","","","","","","0.3855283933663778","","","","","","","","","","","","","","","","","","","","","","","","","","","","","","","","","","","",""
"1206.464576902","2026-08-15 09:45:07.883675","/home/akatoki/SC-30/scripts/SC-30/2_phase/EM.py","log_msg","93","","","","[待機] alt=0.386 m","","","","","","","","","","","","","","","","","","","","","","","","","","","","","","","","","","","","","","","","","",""
"1207.574192086","2026-08-15 09:45:08.993281","/home/akatoki/SC-30/scripts/SC-30/2_phase/EM.py","log_msg","93","","","","","","","","","","-0.6060655068111287","","","","","","","","","","","","","","","","","","","","","","","","","","","","","","","","","","","",""
"1207.578704727","2026-08-15 09:45:08.997802","/home/akatoki/SC-30/scripts/SC-30/2_phase/EM.py","log_msg","93","","","","[待機] alt=-0.606 m","","","","","","","","","","","","","","","","","","","","","","","","","","","","","","","","","","","","","","","","","",""
"1208.683789751","2026-08-15 09:45:10.102879","/home/akatoki/SC-30/scripts/SC-30/2_phase/EM.py","log_msg","93","","","","","","","","","","-0.3712200149882561","","","","","","","","","","","","","","","","","","","","","","","","","","","","","","","","","","","",""
"1208.68840728","2026-08-15 09:45:10.107504","/home/akatoki/SC-30/scripts/SC-30/2_phase/EM.py","log_msg","93","","","","[待機] alt=-0.371 m","","","","","","","","","","","","","","","","","","","","","","","","","","","","","","","","","","","","","","","","","",""
"1209.793485155","2026-08-15 09:45:11.212575","/home/akatoki/SC-30/scripts/SC-30/2_phase/EM.py","log_msg","93","","","","","","","","","","-0.7523465117270156","","","","","","","","","","","","","","","","","","","","","","","","","","","","","","","","","","","",""
"1209.79808607","2026-08-15 09:45:11.217183","/home/akatoki/SC-30/scripts/SC-30/2_phase/EM.py","log_msg","93","","","","[待機] alt=-0.752 m","","","","","","","","","","","","","","","","","","","","","","","","","","","","","","","","","","","","","","","","","",""
"1210.903158879","2026-08-15 09:45:12.322248","/home/akatoki/SC-30/scripts/SC-30/2_phase/EM.py","log_msg","93","","","","","","","","","","-0.9871874265528024","","","","","","","","","","","","","","","","","","","","","","","","","","","","","","","","","","","",""
"1210.907643448","2026-08-15 09:45:12.326741","/home/akatoki/SC-30/scripts/SC-30/2_phase/EM.py","log_msg","93","","","","[待機] alt=-0.987 m","","","","","","","","","","","","","","","","","","","","","","","","","","","","","","","","","","","","","","","","","",""
"1212.017522459","2026-08-15 09:45:13.436611","/home/akatoki/SC-30/scripts/SC-30/2_phase/EM.py","log_msg","93","","","","","","","","","","-0.9676259128904197","","","","","","","","","","","","","","","","","","","","","","","","","","","","","","","","","","","",""
"1212.023655364","2026-08-15 09:45:13.442753","/home/akatoki/SC-30/scripts/SC-30/2_phase/EM.py","log_msg","93","","","","[待機] alt=-0.968 m","","","","","","","","","","","","","","","","","","","","","","","","","","","","","","","","","","","","","","","","","",""
"1213.12890772","2026-08-15 09:45:14.547996","/home/akatoki/SC-30/scripts/SC-30/2_phase/EM.py","log_msg","93","","","","","","","","","","-0.8045380311513006","","","","","","","","","","","","","","","","","","","","","","","","","","","","","","","","","","","",""
"1213.133462961","2026-08-15 09:45:14.552560","/home/akatoki/SC-30/scripts/SC-30/2_phase/EM.py","log_msg","93","","","","[待機] alt=-0.805 m","","","","","","","","","","","","","","","","","","","","","","","","","","","","","","","","","","","","","","","","","",""
"1214.253086556","2026-08-15 09:45:15.672175","/home/akatoki/SC-30/scripts/SC-30/2_phase/EM.py","log_msg","93","","","","","","","","","","-0.4783444194623354","","","","","","","","","","","","","","","","","","","","","","","","","","","","","","","","","","","",""
"1214.257556333","2026-08-15 09:45:15.676653","/home/akatoki/SC-30/scripts/SC-30/2_phase/EM.py","log_msg","93","","","","[待機] alt=-0.478 m","","","","","","","","","","","","","","","","","","","","","","","","","","","","","","","","","","","","","","","","","",""
"1215.366804564","2026-08-15 09:45:16.785894","/home/akatoki/SC-30/scripts/SC-30/2_phase/EM.py","log_msg","93","","","","","","","","","","-0.4783444194623354","","","","","","","","","","","","","","","","","","","","","","","","","","","","","","","","","","","",""
"1215.371238979","2026-08-15 09:45:16.790335","/home/akatoki/SC-30/scripts/SC-30/2_phase/EM.py","log_msg","93","","","","[待機] alt=-0.478 m","","","","","","","","","","","","","","","","","","","","","","","","","","","","","","","","","","","","","","","","","",""
"1216.48119226","2026-08-15 09:45:17.900281","/home/akatoki/SC-30/scripts/SC-30/2_phase/EM.py","log_msg","93","","","","","","","","","","-0.4783444194623354","","","","","","","","","","","","","","","","","","","","","","","","","","","","","","","","","","","",""
"1216.485687295","2026-08-15 09:45:17.904785","/home/akatoki/SC-30/scripts/SC-30/2_phase/EM.py","log_msg","93","","","","[待機] alt=-0.478 m","","","","","","","","","","","","","","","","","","","","","","","","","","","","","","","","","","","","","","","","","",""
"1217.590703839","2026-08-15 09:45:19.009793","/home/akatoki/SC-30/scripts/SC-30/2_phase/EM.py","log_msg","93","","","","","","","","","","-0.6218593655350557","","","","","","","","","","","","","","","","","","","","","","","","","","","","","","","","","","","",""
"1217.595153825","2026-08-15 09:45:19.014251","/home/akatoki/SC-30/scripts/SC-30/2_phase/EM.py","log_msg","93","","","","[待機] alt=-0.622 m","","","","","","","","","","","","","","","","","","","","","","","","","","","","","","","","","","","","","","","","","",""
"1218.700266702","2026-08-15 09:45:20.119356","/home/akatoki/SC-30/scripts/SC-30/2_phase/EM.py","log_msg","93","","","","","","","","","","-1.3068431825341498","","","","","","","","","","","","","","","","","","","","","","","","","","","","","","","","","","","",""
"1218.704724864","2026-08-15 09:45:20.123820","/home/akatoki/SC-30/scripts/SC-30/2_phase/EM.py","log_msg","93","","","","[待機] alt=-1.307 m","","","","","","","","","","","","","","","","","","","","","","","","","","","","","","","","","","","","","","","","","",""
"1219.814553482","2026-08-15 09:45:21.233643","/home/akatoki/SC-30/scripts/SC-30/2_phase/EM.py","log_msg","93","","","","","","","","","","-1.2155017564828619","","","","","","","","","","","","","","","","","","","","","","","","","","","","","","","","","","","",""
"1219.81901331","2026-08-15 09:45:21.238109","/home/akatoki/SC-30/scripts/SC-30/2_phase/EM.py","log_msg","93","","","","[待機] alt=-1.216 m","","","","","","","","","","","","","","","","","","","","","","","","","","","","","","","","","","","","","","","","","",""
"1220.925963555","2026-08-15 09:45:22.345053","/home/akatoki/SC-30/scripts/SC-30/2_phase/EM.py","log_msg","93","","","","","","","","","","-0.5826619854960713","","","","","","","","","","","","","","","","","","","","","","","","","","","","","","","","","","","",""
"1220.931179326","2026-08-15 09:45:22.350276","/home/akatoki/SC-30/scripts/SC-30/2_phase/EM.py","log_msg","93","","","","[待機] alt=-0.583 m","","","","","","","","","","","","","","","","","","","","","","","","","","","","","","","","","","","","","","","","","",""
"1222.036347851","2026-08-15 09:45:23.455436","/home/akatoki/SC-30/scripts/SC-30/2_phase/EM.py","log_msg","93","","","","","","","","","","-0.9806419172163072","","","","","","","","","","","","","","","","","","","","","","","","","","","","","","","","","","","",""
"1222.045775392","2026-08-15 09:45:23.464872","/home/akatoki/SC-30/scripts/SC-30/2_phase/EM.py","log_msg","93","","","","[待機] alt=-0.981 m","","","","","","","","","","","","","","","","","","","","","","","","","","","","","","","","","","","","","","","","","",""
"1223.150716579","2026-08-15 09:45:24.569806","/home/akatoki/SC-30/scripts/SC-30/2_phase/EM.py","log_msg","93","","","","","","","","","","-0.9610423611543428","","","","","","","","","","","","","","","","","","","","","","","","","","","","","","","","","","","",""
"1223.155162918","2026-08-15 09:45:24.574260","/home/akatoki/SC-30/scripts/SC-30/2_phase/EM.py","log_msg","93","","","","[待機] alt=-0.961 m","","","","","","","","","","","","","","","","","","","","","","","","","","","","","","","","","","","","","","","","","",""
"1224.260244402","2026-08-15 09:45:25.679333","/home/akatoki/SC-30/scripts/SC-30/2_phase/EM.py","log_msg","93","","","","","","","","","","-0.7979257599689826","","","","","","","","","","","","","","","","","","","","","","","","","","","","","","","","","","","",""
"1224.264748237","2026-08-15 09:45:25.683846","/home/akatoki/SC-30/scripts/SC-30/2_phase/EM.py","log_msg","93","","","","[待機] alt=-0.798 m","","","","","","","","","","","","","","","","","","","","","","","","","","","","","","","","","","","","","","","","","",""
"1225.369812803","2026-08-15 09:45:26.788902","/home/akatoki/SC-30/scripts/SC-30/2_phase/EM.py","log_msg","93","","","","","","","","","","-0.869679801101586","","","","","","","","","","","","","","","","","","","","","","","","","","","","","","","","","","","",""
"1225.374544261","2026-08-15 09:45:26.793641","/home/akatoki/SC-30/scripts/SC-30/2_phase/EM.py","log_msg","93","","","","[待機] alt=-0.870 m","","","","","","","","","","","","","","","","","","","","","","","","","","","","","","","","","","","","","","","","","",""
"1226.484356661","2026-08-15 09:45:27.903445","/home/akatoki/SC-30/scripts/SC-30/2_phase/EM.py","log_msg","93","","","","","","","","","","-0.634803208271042","","","","","","","","","","","","","","","","","","","","","","","","","","","","","","","","","","","",""
"1226.488805828","2026-08-15 09:45:27.907903","/home/akatoki/SC-30/scripts/SC-30/2_phase/EM.py","log_msg","93","","","","[待機] alt=-0.635 m","","","","","","","","","","","","","","","","","","","","","","","","","","","","","","","","","","","","","","","","","",""
"1227.593853773","2026-08-15 09:45:29.012944","/home/akatoki/SC-30/scripts/SC-30/2_phase/EM.py","log_msg","93","","","","","","","","","","-1.156693213443154","","","","","","","","","","","","","","","","","","","","","","","","","","","","","","","","","","","",""
"1227.598374816","2026-08-15 09:45:29.017471","/home/akatoki/SC-30/scripts/SC-30/2_phase/EM.py","log_msg","93","","","","[待機] alt=-1.157 m","","","","","","","","","","","","","","","","","","","","","","","","","","","","","","","","","","","","","","","","","",""
"1228.703397288","2026-08-15 09:45:30.122486","/home/akatoki/SC-30/scripts/SC-30/2_phase/EM.py","log_msg","93","","","","","","","","","","-0.7783099217061351","","","","","","","","","","","","","","","","","","","","","","","","","","","","","","","","","","","",""
"1228.70786598","2026-08-15 09:45:30.126963","/home/akatoki/SC-30/scripts/SC-30/2_phase/EM.py","log_msg","93","","","","[待機] alt=-0.778 m","","","","","","","","","","","","","","","","","","","","","","","","","","","","","","","","","","","","","","","","","",""
"1229.814734455","2026-08-15 09:45:31.233823","/home/akatoki/SC-30/scripts/SC-30/2_phase/EM.py","log_msg","93","","","","","","","","","","-0.21715170131089812","","","","","","","","","","","","","","","","","","","","","","","","","","","","","","","","","","","",""
"1229.824416017","2026-08-15 09:45:31.243514","/home/akatoki/SC-30/scripts/SC-30/2_phase/EM.py","log_msg","93","","","","[待機] alt=-0.217 m","","","","","","","","","","","","","","","","","","","","","","","","","","","","","","","","","","","","","","","","","",""
"1230.929481565","2026-08-15 09:45:32.348570","/home/akatoki/SC-30/scripts/SC-30/2_phase/EM.py","log_msg","93","","","","","","","","","","-0.8500628655835429","","","","","","","","","","","","","","","","","","","","","","","","","","","","","","","","","","","",""
"1230.934036823","2026-08-15 09:45:32.353135","/home/akatoki/SC-30/scripts/SC-30/2_phase/EM.py","log_msg","93","","","","[待機] alt=-0.850 m","","","","","","","","","","","","","","","","","","","","","","","","","","","","","","","","","","","","","","","","","",""
"1232.039071958","2026-08-15 09:45:33.458161","/home/akatoki/SC-30/scripts/SC-30/2_phase/EM.py","log_msg","93","","","","","","","","","","-0.8304366908485794","","","","","","","","","","","","","","","","","","","","","","","","","","","","","","","","","","","",""
"1232.043549394","2026-08-15 09:45:33.462646","/home/akatoki/SC-30/scripts/SC-30/2_phase/EM.py","log_msg","93","","","","[待機] alt=-0.830 m","","","","","","","","","","","","","","","","","","","","","","","","","","","","","","","","","","","","","","","","","",""
"1233.148606363","2026-08-15 09:45:34.567695","/home/akatoki/SC-30/scripts/SC-30/2_phase/EM.py","log_msg","93","","","","","","","","","","-0.973939557900878","","","","","","","","","","","","","","","","","","","","","","","","","","","","","","","","","","","",""
"1233.153091297","2026-08-15 09:45:34.572188","/home/akatoki/SC-30/scripts/SC-30/2_phase/EM.py","log_msg","93","","","","[待機] alt=-0.974 m","","","","","","","","","","","","","","","","","","","","","","","","","","","","","","","","","","","","","","","","","",""
"1234.262928809","2026-08-15 09:45:35.682018","/home/akatoki/SC-30/scripts/SC-30/2_phase/EM.py","log_msg","93","","","","","","","","","","-0.8825517498852942","","","","","","","","","","","","","","","","","","","","","","","","","","","","","","","","","","","",""
"1234.267422387","2026-08-15 09:45:35.686519","/home/akatoki/SC-30/scripts/SC-30/2_phase/EM.py","log_msg","93","","","","[待機] alt=-0.883 m","","","","","","","","","","","","","","","","","","","","","","","","","","","","","","","","","","","","","","","","","",""
"1235.372505528","2026-08-15 09:45:36.791595","/home/akatoki/SC-30/scripts/SC-30/2_phase/EM.py","log_msg","93","","","","","","","","","","-1.1174413236228808","","","","","","","","","","","","","","","","","","","","","","","","","","","","","","","","","","","",""
"1235.376979883","2026-08-15 09:45:36.796076","/home/akatoki/SC-30/scripts/SC-30/2_phase/EM.py","log_msg","93","","","","[待機] alt=-1.117 m","","","","","","","","","","","","","","","","","","","","","","","","","","","","","","","","","","","","","","","","","",""
"1236.481977983","2026-08-15 09:45:37.901065","/home/akatoki/SC-30/scripts/SC-30/2_phase/EM.py","log_msg","93","","","","","","","","","","-0.8108012762765715","","","","","","","","","","","","","","","","","","","","","","","","","","","","","","","","","","","",""
"1236.486299301","2026-08-15 09:45:37.905393","/home/akatoki/SC-30/scripts/SC-30/2_phase/EM.py","log_msg","93","","","","[待機] alt=-0.811 m","","","","","","","","","","","","","","","","","","","","","","","","","","","","","","","","","","","","","","","","","",""
"1237.596064969","2026-08-15 09:45:39.015155","/home/akatoki/SC-30/scripts/SC-30/2_phase/EM.py","log_msg","93","","","","","","","","","","-0.32135072197928105","","","","","","","","","","","","","","","","","","","","","","","","","","","","","","","","","","","",""
"1237.603366022","2026-08-15 09:45:39.022465","/home/akatoki/SC-30/scripts/SC-30/2_phase/EM.py","log_msg","93","","","","[待機] alt=-0.321 m","","","","","","","","","","","","","","","","","","","","","","","","","","","","","","","","","","","","","","","","","",""
"1238.708554796","2026-08-15 09:45:40.127643","/home/akatoki/SC-30/scripts/SC-30/2_phase/EM.py","log_msg","93","","","","","","","","","","-0.5759068412298318","","","","","","","","","","","","","","","","","","","","","","","","","","","","","","","","","","","",""
"1238.713025964","2026-08-15 09:45:40.132121","/home/akatoki/SC-30/scripts/SC-30/2_phase/EM.py","log_msg","93","","","","[待機] alt=-0.576 m","","","","","","","","","","","","","","","","","","","","","","","","","","","","","","","","","","","","","","","","","",""
"1239.818057147","2026-08-15 09:45:41.237145","/home/akatoki/SC-30/scripts/SC-30/2_phase/EM.py","log_msg","93","","","","","","","","","","-0.7194069699230332","","","","","","","","","","","","","","","","","","","","","","","","","","","","","","","","","","","",""
"1239.822529302","2026-08-15 09:45:41.241625","/home/akatoki/SC-30/scripts/SC-30/2_phase/EM.py","log_msg","93","","","","[待機] alt=-0.719 m","","","","","","","","","","","","","","","","","","","","","","","","","","","","","","","","","","","","","","","","","",""
"1240.932319983","2026-08-15 09:45:42.351409","/home/akatoki/SC-30/scripts/SC-30/2_phase/EM.py","log_msg","93","","","","","","","","","","-0.4676076664697093","","","","","","","","","","","","","","","","","","","","","","","","","","","","","","","","","","","",""
"1240.936747653","2026-08-15 09:45:42.355844","/home/akatoki/SC-30/scripts/SC-30/2_phase/EM.py","log_msg","93","","","","[待機] alt=-0.468 m","","","","","","","","","","","","","","","","","","","","","","","","","","","","","","","","","","","","","","","","","",""
"1242.041891143","2026-08-15 09:45:43.460980","/home/akatoki/SC-30/scripts/SC-30/2_phase/EM.py","log_msg","93","","","","","","","","","","-0.376192186997677","","","","","","","","","","","","","","","","","","","","","","","","","","","","","","","","","","","",""
"1242.046350168","2026-08-15 09:45:43.465446","/home/akatoki/SC-30/scripts/SC-30/2_phase/EM.py","log_msg","93","","","","[待機] alt=-0.376 m","","","","","","","","","","","","","","","","","","","","","","","","","","","","","","","","","","","","","","","","","",""
"1243.151379985","2026-08-15 09:45:44.570469","/home/akatoki/SC-30/scripts/SC-30/2_phase/EM.py","log_msg","93","","","","","","","","","","-0.9895062552696055","","","","","","","","","","","","","","","","","","","","","","","","","","","","","","","","","","","",""
"1243.155888803","2026-08-15 09:45:44.574985","/home/akatoki/SC-30/scripts/SC-30/2_phase/EM.py","log_msg","93","","","","[待機] alt=-0.990 m","","","","","","","","","","","","","","","","","","","","","","","","","","","","","","","","","","","","","","","","","",""
"1244.260974757","2026-08-15 09:45:45.680063","/home/akatoki/SC-30/scripts/SC-30/2_phase/EM.py","log_msg","93","","","","","","","","","","-0.9177585387418175","","","","","","","","","","","","","","","","","","","","","","","","","","","","","","","","","","","",""
"1244.265465238","2026-08-15 09:45:45.684562","/home/akatoki/SC-30/scripts/SC-30/2_phase/EM.py","log_msg","93","","","","[待機] alt=-0.918 m","","","","","","","","","","","","","","","","","","","","","","","","","","","","","","","","","","","","","","","","","",""
"1245.375034261","2026-08-15 09:45:46.794125","/home/akatoki/SC-30/scripts/SC-30/2_phase/EM.py","log_msg","93","","","","","","","","","","-1.2244082780053755","","","","","","","","","","","","","","","","","","","","","","","","","","","","","","","","","","","",""
"1245.379477965","2026-08-15 09:45:46.798574","/home/akatoki/SC-30/scripts/SC-30/2_phase/EM.py","log_msg","93","","","","[待機] alt=-1.224 m","","","","","","","","","","","","","","","","","","","","","","","","","","","","","","","","","","","","","","","","","",""
"1246.485926195","2026-08-15 09:45:47.905015","/home/akatoki/SC-30/scripts/SC-30/2_phase/EM.py","log_msg","93","","","","","","","","","","-0.7349266765330786","","","","","","","","","","","","","","","","","","","","","","","","","","","","","","","","","","","",""
"1246.490364948","2026-08-15 09:45:47.909462","/home/akatoki/SC-30/scripts/SC-30/2_phase/EM.py","log_msg","93","","","","[待機] alt=-0.735 m","","","","","","","","","","","","","","","","","","","","","","","","","","","","","","","","","","","","","","","","","",""
"1247.595403413","2026-08-15 09:45:49.014492","/home/akatoki/SC-30/scripts/SC-30/2_phase/EM.py","log_msg","93","","","","","","","","","","-0.6631803296327066","","","","","","","","","","","","","","","","","","","","","","","","","","","","","","","","","","","",""
"1247.599922897","2026-08-15 09:45:49.019020","/home/akatoki/SC-30/scripts/SC-30/2_phase/EM.py","log_msg","93","","","","[待機] alt=-0.663 m","","","","","","","","","","","","","","","","","","","","","","","","","","","","","","","","","","","","","","","","","",""
"1248.709592415","2026-08-15 09:45:50.128680","/home/akatoki/SC-30/scripts/SC-30/2_phase/EM.py","log_msg","93","","","","","","","","","","-0.3368305937854421","","","","","","","","","","","","","","","","","","","","","","","","","","","","","","","","","","","",""
"1248.71406481","2026-08-15 09:45:50.133162","/home/akatoki/SC-30/scripts/SC-30/2_phase/EM.py","log_msg","93","","","","[待機] alt=-0.337 m","","","","","","","","","","","","","","","","","","","","","","","","","","","","","","","","","","","","","","","","","",""
"1249.819163954","2026-08-15 09:45:51.238253","/home/akatoki/SC-30/scripts/SC-30/2_phase/EM.py","log_msg","93","","","","","","","","","","-0.6434997622116057","","","","","","","","","","","","","","","","","","","","","","","","","","","","","","","","","","","",""
"1249.823618376","2026-08-15 09:45:51.242716","/home/akatoki/SC-30/scripts/SC-30/2_phase/EM.py","log_msg","93","","","","[待機] alt=-0.643 m","","","","","","","","","","","","","","","","","","","","","","","","","","","","","","","","","","","","","","","","","",""
"1250.92875565","2026-08-15 09:45:52.347844","/home/akatoki/SC-30/scripts/SC-30/2_phase/EM.py","log_msg","93","","","","","","","","","","-0.7869899840407846","","","","","","","","","","","","","","","","","","","","","","","","","","","","","","","","","","","",""
"1250.933209809","2026-08-15 09:45:52.352305","/home/akatoki/SC-30/scripts/SC-30/2_phase/EM.py","log_msg","93","","","","[待機] alt=-0.787 m","","","","","","","","","","","","","","","","","","","","","","","","","","","","","","","","","","","","","","","","","",""
"1252.038223744","2026-08-15 09:45:53.457314","/home/akatoki/SC-30/scripts/SC-30/2_phase/EM.py","log_msg","93","","","","","","","","","","-1.021909308618707","","","","","","","","","","","","","","","","","","","","","","","","","","","","","","","","","","","",""
"1252.042683631","2026-08-15 09:45:53.461780","/home/akatoki/SC-30/scripts/SC-30/2_phase/EM.py","log_msg","93","","","","[待機] alt=-1.022 m","","","","","","","","","","","","","","","","","","","","","","","","","","","","","","","","","","","","","","","","","",""
"1253.152352682","2026-08-15 09:45:54.571442","/home/akatoki/SC-30/scripts/SC-30/2_phase/EM.py","log_msg","93","","","","","","","","","","-0.8587346815590924","","","","","","","","","","","","","","","","","","","","","","","","","","","","","","","","","","","",""
"1253.156792513","2026-08-15 09:45:54.575889","/home/akatoki/SC-30/scripts/SC-30/2_phase/EM.py","log_msg","93","","","","[待機] alt=-0.859 m","","","","","","","","","","","","","","","","","","","","","","","","","","","","","","","","","","","","","","","","","",""
"1254.261848601","2026-08-15 09:45:55.680937","/home/akatoki/SC-30/scripts/SC-30/2_phase/EM.py","log_msg","93","","","","","","","","","","-0.5520655252597972","","","","","","","","","","","","","","","","","","","","","","","","","","","","","","","","","","","",""
"1254.267668018","2026-08-15 09:45:55.686766","/home/akatoki/SC-30/scripts/SC-30/2_phase/EM.py","log_msg","93","","","","[待機] alt=-0.552 m","","","","","","","","","","","","","","","","","","","","","","","","","","","","","","","","","","","","","","","","","",""
"1255.372904653","2026-08-15 09:45:56.791993","/home/akatoki/SC-30/scripts/SC-30/2_phase/EM.py","log_msg","93","","","","","","","","","","-0.8587346815590924","","","","","","","","","","","","","","","","","","","","","","","","","","","","","","","","","","","",""
"1255.377347761","2026-08-15 09:45:56.796443","/home/akatoki/SC-30/scripts/SC-30/2_phase/EM.py","log_msg","93","","","","[待機] alt=-0.859 m","","","","","","","","","","","","","","","","","","","","","","","","","","","","","","","","","","","","","","","","","",""
"1256.486835471","2026-08-15 09:45:57.905925","/home/akatoki/SC-30/scripts/SC-30/2_phase/EM.py","log_msg","93","","","","","","","","","","-1.073967120351711","","","","","","","","","","","","","","","","","","","","","","","","","","","","","","","","","","","",""
"1256.491260815","2026-08-15 09:45:57.910357","/home/akatoki/SC-30/scripts/SC-30/2_phase/EM.py","log_msg","93","","","","[待機] alt=-1.074 m","","","","","","","","","","","","","","","","","","","","","","","","","","","","","","","","","","","","","","","","","",""
"1257.596405124","2026-08-15 09:45:59.015494","/home/akatoki/SC-30/scripts/SC-30/2_phase/EM.py","log_msg","93","","","","","","","","","","-1.002223249734242","","","","","","","","","","","","","","","","","","","","","","","","","","","","","","","","","","","",""
"1257.60090349","2026-08-15 09:45:59.020000","/home/akatoki/SC-30/scripts/SC-30/2_phase/EM.py","log_msg","93","","","","[待機] alt=-1.002 m","","","","","","","","","","","","","","","","","","","","","","","","","","","","","","","","","","","","","","","","","",""
"1258.705990269","2026-08-15 09:46:00.125079","/home/akatoki/SC-30/scripts/SC-30/2_phase/EM.py","log_msg","93","","","","","","","","","","-0.910784898889978","","","","","","","","","","","","","","","","","","","","","","","","","","","","","","","","","","","",""
"1258.710445452","2026-08-15 09:46:00.129541","/home/akatoki/SC-30/scripts/SC-30/2_phase/EM.py","log_msg","93","","","","[待機] alt=-0.911 m","","","","","","","","","","","","","","","","","","","","","","","","","","","","","","","","","","","","","","","","","",""
"1259.815430684","2026-08-15 09:46:01.234521","/home/akatoki/SC-30/scripts/SC-30/2_phase/EM.py","log_msg","93","","","","","","","","","","-1.0542707186856148","","","","","","","","","","","","","","","","","","","","","","","","","","","","","","","","","","","",""
"1259.819924618","2026-08-15 09:46:01.239021","/home/akatoki/SC-30/scripts/SC-30/2_phase/EM.py","log_msg","93","","","","[待機] alt=-1.054 m","","","","","","","","","","","","","","","","","","","","","","","","","","","","","","","","","","","","","","","","","",""
"1260.929592051","2026-08-15 09:46:02.348681","/home/akatoki/SC-30/scripts/SC-30/2_phase/EM.py","log_msg","93","","","","","","","","","","-0.8193392247755682","","","","","","","","","","","","","","","","","","","","","","","","","","","","","","","","","","","",""
"1260.934111766","2026-08-15 09:46:02.353209","/home/akatoki/SC-30/scripts/SC-30/2_phase/EM.py","log_msg","93","","","","[待機] alt=-0.819 m","","","","","","","","","","","","","","","","","","","","","","","","","","","","","","","","","","","","","","","","","",""
"1262.039122781","2026-08-15 09:46:03.458212","/home/akatoki/SC-30/scripts/SC-30/2_phase/EM.py","log_msg","93","","","","","","","","","","-0.9628233986933332","","","","","","","","","","","","","","","","","","","","","","","","","","","","","","","","","","","",""
"1262.043566551","2026-08-15 09:46:03.462663","/home/akatoki/SC-30/scripts/SC-30/2_phase/EM.py","log_msg","93","","","","[待機] alt=-0.963 m","","","","","","","","","","","","","","","","","","","","","","","","","","","","","","","","","","","","","","","","","",""
"1263.150123336","2026-08-15 09:46:04.569212","/home/akatoki/SC-30/scripts/SC-30/2_phase/EM.py","log_msg","93","","","","","","","","","","-0.9628233986933332","","","","","","","","","","","","","","","","","","","","","","","","","","","","","","","","","","","",""
"1263.154621275","2026-08-15 09:46:04.573718","/home/akatoki/SC-30/scripts/SC-30/2_phase/EM.py","log_msg","93","","","","[待機] alt=-0.963 m","","","","","","","","","","","","","","","","","","","","","","","","","","","","","","","","","","","","","","","","","",""
"1264.264200451","2026-08-15 09:46:05.683290","/home/akatoki/SC-30/scripts/SC-30/2_phase/EM.py","log_msg","93","","","","","","","","","","-1.1063064696271385","","","","","","","","","","","","","","","","","","","","","","","","","","","","","","","","","","","",""
"1264.268630048","2026-08-15 09:46:05.687727","/home/akatoki/SC-30/scripts/SC-30/2_phase/EM.py","log_msg","93","","","","[待機] alt=-1.106 m","","","","","","","","","","","","","","","","","","","","","","","","","","","","","","","","","","","","","","","","","",""
"1265.373676059","2026-08-15 09:46:06.792766","/home/akatoki/SC-30/scripts/SC-30/2_phase/EM.py","log_msg","93","","","","","","","","","","-1.321529007629012","","","","","","","","","","","","","","","","","","","","","","","","","","","","","","","","","","","",""
"1265.37816368","2026-08-15 09:46:06.797260","/home/akatoki/SC-30/scripts/SC-30/2_phase/EM.py","log_msg","93","","","","[待機] alt=-1.322 m","","","","","","","","","","","","","","","","","","","","","","","","","","","","","","","","","","","","","","","","","",""
"1266.48319254","2026-08-15 09:46:07.902282","/home/akatoki/SC-30/scripts/SC-30/2_phase/EM.py","log_msg","93","","","","","","","","","","-0.8516468143043521","","","","","","","","","","","","","","","","","","","","","","","","","","","","","","","","","","","",""
"1266.487649844","2026-08-15 09:46:07.906746","/home/akatoki/SC-30/scripts/SC-30/2_phase/EM.py","log_msg","93","","","","[待機] alt=-0.852 m","","","","","","","","","","","","","","","","","","","","","","","","","","","","","","","","","","","","","","","","","",""
"1267.592714786","2026-08-15 09:46:09.011804","/home/akatoki/SC-30/scripts/SC-30/2_phase/EM.py","log_msg","93","","","","","","","","","","-0.9233865656844875","","","","","","","","","","","","","","","","","","","","","","","","","","","","","","","","","","","",""
"1267.602361","2026-08-15 09:46:09.021456","/home/akatoki/SC-30/scripts/SC-30/2_phase/EM.py","log_msg","93","","","","[待機] alt=-0.923 m","","","","","","","","","","","","","","","","","","","","","","","","","","","","","","","","","","","","","","","","","",""
"1268.707308116","2026-08-15 09:46:10.126397","/home/akatoki/SC-30/scripts/SC-30/2_phase/EM.py","log_msg","93","","","","","","","","","","-1.3932693019916487","","","","","","","","","","","","","","","","","","","","","","","","","","","","","","","","","","","",""
"1268.711816042","2026-08-15 09:46:10.130913","/home/akatoki/SC-30/scripts/SC-30/2_phase/EM.py","log_msg","93","","","","[待機] alt=-1.393 m","","","","","","","","","","","","","","","","","","","","","","","","","","","","","","","","","","","","","","","","","",""
"1269.816877379","2026-08-15 09:46:11.235967","/home/akatoki/SC-30/scripts/SC-30/2_phase/EM.py","log_msg","93","","","","","","","","","","-1.1583305013382517","","","","","","","","","","","","","","","","","","","","","","","","","","","","","","","","","","","",""
"1269.821325091","2026-08-15 09:46:11.240421","/home/akatoki/SC-30/scripts/SC-30/2_phase/EM.py","log_msg","93","","","","[待機] alt=-1.158 m","","","","","","","","","","","","","","","","","","","","","","","","","","","","","","","","","","","","","","","","","",""
"1270.926370955","2026-08-15 09:46:12.345460","/home/akatoki/SC-30/scripts/SC-30/2_phase/EM.py","log_msg","93","","","","","","","","","","-1.0668652409139523","","","","","","","","","","","","","","","","","","","","","","","","","","","","","","","","","","","",""
"1270.930784547","2026-08-15 09:46:12.349882","/home/akatoki/SC-30/scripts/SC-30/2_phase/EM.py","log_msg","93","","","","[待機] alt=-1.067 m","","","","","","","","","","","","","","","","","","","","","","","","","","","","","","","","","","","","","","","","","",""
"1272.041358193","2026-08-15 09:46:13.460448","/home/akatoki/SC-30/scripts/SC-30/2_phase/EM.py","log_msg","93","","","","","","","","","","-0.6686992584637652","","","","","","","","","","","","","","","","","","","","","","","","","","","","","","","","","","","",""
"1272.045834652","2026-08-15 09:46:13.464932","/home/akatoki/SC-30/scripts/SC-30/2_phase/EM.py","log_msg","93","","","","[待機] alt=-0.669 m","","","","","","","","","","","","","","","","","","","","","","","","","","","","","","","","","","","","","","","","","",""
"1273.151595147","2026-08-15 09:46:14.570685","/home/akatoki/SC-30/scripts/SC-30/2_phase/EM.py","log_msg","93","","","","","","","","","","-0.9036542793548663","","","","","","","","","","","","","","","","","","","","","","","","","","","","","","","","","","","",""
"1273.157674008","2026-08-15 09:46:14.576776","/home/akatoki/SC-30/scripts/SC-30/2_phase/EM.py","log_msg","93","","","","[待機] alt=-0.904 m","","","","","","","","","","","","","","","","","","","","","","","","","","","","","","","","","","","","","","","","","",""
"1274.264280502","2026-08-15 09:46:15.683370","/home/akatoki/SC-30/scripts/SC-30/2_phase/EM.py","log_msg","93","","","","","","","","","","-0.8149343342436466","","","","","","","","","","","","","","","","","","","","","","","","","","","","","","","","","","","",""
"1274.268772843","2026-08-15 09:46:15.687870","/home/akatoki/SC-30/scripts/SC-30/2_phase/EM.py","log_msg","93","","","","[待機] alt=-0.815 m","","","","","","","","","","","","","","","","","","","","","","","","","","","","","","","","","","","","","","","","","",""
"1275.373855331","2026-08-15 09:46:16.792944","/home/akatoki/SC-30/scripts/SC-30/2_phase/EM.py","log_msg","93","","","","","","","","","","-0.886671876771794","","","","","","","","","","","","","","","","","","","","","","","","","","","","","","","","","","","",""
"1275.383329835","2026-08-15 09:46:16.802427","/home/akatoki/SC-30/scripts/SC-30/2_phase/EM.py","log_msg","93","","","","[待機] alt=-0.887 m","","","","","","","","","","","","","","","","","","","","","","","","","","","","","","","","","","","","","","","","","",""
"1276.488320553","2026-08-15 09:46:17.907409","/home/akatoki/SC-30/scripts/SC-30/2_phase/EM.py","log_msg","93","","","","","","","","","","-0.886671876771794","","","","","","","","","","","","","","","","","","","","","","","","","","","","","","","","","","","",""
"1276.49279091","2026-08-15 09:46:17.911888","/home/akatoki/SC-30/scripts/SC-30/2_phase/EM.py","log_msg","93","","","","[待機] alt=-0.887 m","","","","","","","","","","","","","","","","","","","","","","","","","","","","","","","","","","","","","","","","","",""
"1277.59785945","2026-08-15 09:46:19.016949","/home/akatoki/SC-30/scripts/SC-30/2_phase/EM.py","log_msg","93","","","","","","","","","","-7.372166806591636","","","","","","","","","","","","","","","","","","","","","","","","","","","","","","","","","","","",""
"1277.6023447","2026-08-15 09:46:19.021441","/home/akatoki/SC-30/scripts/SC-30/2_phase/EM.py","log_msg","93","","","","[待機] alt=-7.372 m","","","","","","","","","","","","","","","","","","","","","","","","","","","","","","","","","","","","","","","","","",""
"1278.707401234","2026-08-15 09:46:20.126491","/home/akatoki/SC-30/scripts/SC-30/2_phase/EM.py","log_msg","93","","","","","","","","","","-1.9699408766440296","","","","","","","","","","","","","","","","","","","","","","","","","","","","","","","","","","","",""
"1278.762812536","2026-08-15 09:46:20.181910","/home/akatoki/SC-30/scripts/SC-30/2_phase/EM.py","log_msg","93","","","","[待機] alt=-1.970 m","","","","","","","","","","","","","","","","","","","","","","","","","","","","","","","","","","","","","","","","","",""
"1279.891250717","2026-08-15 09:46:21.310340","/home/akatoki/SC-30/scripts/SC-30/2_phase/EM.py","log_msg","93","","","","","","","","","","2.2946321773555733","","","","","","","","","","","","","","","","","","","","","","","","","","","","","","","","","","","",""
"1279.897191996","2026-08-15 09:46:21.316290","/home/akatoki/SC-30/scripts/SC-30/2_phase/EM.py","log_msg","93","","","","[待機] alt=2.295 m","","","","","","","","","","","","","","","","","","","","","","","","","","","","","","","","","","","","","","","","","",""
"1281.002383697","2026-08-15 09:46:22.421474","/home/akatoki/SC-30/scripts/SC-30/2_phase/EM.py","log_msg","93","","","","","","","","","","3.813523893213373","","","","","","","","","","","","","","","","","","","","","","","","","","","","","","","","","","","",""
"1281.006867482","2026-08-15 09:46:22.425964","/home/akatoki/SC-30/scripts/SC-30/2_phase/EM.py","log_msg","93","","","","[待機] alt=3.814 m","","","","","","","","","","","","","","","","","","","","","","","","","","","","","","","","","","","","","","","","","",""
"1282.112108946","2026-08-15 09:46:23.531199","/home/akatoki/SC-30/scripts/SC-30/2_phase/EM.py","log_msg","93","","","","","","","","","","5.295714004980578","","","","","","","","","","","","","","","","","","","","","","","","","","","","","","","","","","","",""
"1282.116771491","2026-08-15 09:46:23.535890","/home/akatoki/SC-30/scripts/SC-30/2_phase/EM.py","log_msg","93","","","","[待機] alt=5.296 m","","","","","","","","","","","","","","","","","","","","","","","","","","","","","","","","","","","","","","","","","",""
"1283.221961986","2026-08-15 09:46:24.641052","/home/akatoki/SC-30/scripts/SC-30/2_phase/EM.py","log_msg","93","","","","","","","","","","7.810307032181999","","","","","","","","","","","","","","","","","","","","","","","","","","","","","","","","","","","",""
"1283.231448695","2026-08-15 09:46:24.650545","/home/akatoki/SC-30/scripts/SC-30/2_phase/EM.py","log_msg","93","","","","[待機] alt=7.810 m","","","","","","","","","","","","","","","","","","","","","","","","","","","","","","","","","","","","","","","","","",""
"1284.336544417","2026-08-15 09:46:25.755634","/home/akatoki/SC-30/scripts/SC-30/2_phase/EM.py","log_msg","93","","","","","","","","","","9.00611538766045","","","","","","","","","","","","","","","","","","","","","","","","","","","","","","","","","","","",""
"1284.34105179","2026-08-15 09:46:25.760148","/home/akatoki/SC-30/scripts/SC-30/2_phase/EM.py","log_msg","93","","","","[待機] alt=9.006 m","","","","","","","","","","","","","","","","","","","","","","","","","","","","","","","","","","","","","","","","","",""
"1285.446111392","2026-08-15 09:46:26.865200","/home/akatoki/SC-30/scripts/SC-30/2_phase/EM.py","log_msg","93","","","","","","","","","","10.253804929371453","","","","","","","","","","","","","","","","","","","","","","","","","","","","","","","","","","","",""
"1285.450728093","2026-08-15 09:46:26.869823","/home/akatoki/SC-30/scripts/SC-30/2_phase/EM.py","log_msg","93","","","","[待機] alt=10.254 m","","","","","","","","","","","","","","","","","","","","","","","","","","","","","","","","","","","","","","","","","",""
"1285.454129353","2026-08-15 09:46:26.873230","/home/akatoki/SC-30/scripts/SC-30/2_phase/EM.py","log_msg","93","","","","Go to falling phase","","","","","","","","","","","","","","","","","","","","","","","","","","","","","","","","","","","","","","","","","",""
"1285.457475192","2026-08-15 09:46:26.876576","/home/akatoki/SC-30/scripts/SC-30/2_phase/EM.py","log_msg","93","","","","","","2","","","","","","","","","","","","","","","","","","","","","","","","","","","","","","","","","","","","","","","",""
"1285.566400238","2026-08-15 09:46:26.985488","/home/akatoki/SC-30/scripts/SC-30/2_phase/EM.py","log_msg","93","","","","","","","","","","10.253804929371453","","","","","","","","","","","","","","","","","","","","","","","","","","","","","","","","","","","",""
"1285.570727338","2026-08-15 09:46:26.989823","/home/akatoki/SC-30/scripts/SC-30/2_phase/EM.py","log_msg","93","","","","fall start alt=10.254 m","","","","","","","","","","","","","","","","","","","","","","","","","","","","","","","","","","","","","","","","","",""
"1286.577018085","2026-08-15 09:46:27.996106","/home/akatoki/SC-30/scripts/SC-30/2_phase/EM.py","log_msg","93","","","","","","","","","","11.900371459652211","","","","","","","","","","","","","","","","","","","","","","","","","","","","","","","","","","","",""
"1286.581745157","2026-08-15 09:46:28.000842","/home/akatoki/SC-30/scripts/SC-30/2_phase/EM.py","log_msg","93","","","","Δalt(1s)=1.647 m (0/5)","","","","","","","","","","","","","","","","","","","","","","","","","","","","","","","","","","","","","","","","","",""
"1287.586759955","2026-08-15 09:46:29.005848","/home/akatoki/SC-30/scripts/SC-30/2_phase/EM.py","log_msg","93","","","","","","","","","","12.4626784169886","","","","","","","","","","","","","","","","","","","","","","","","","","","","","","","","","","","",""
"1287.591223829","2026-08-15 09:46:29.010320","/home/akatoki/SC-30/scripts/SC-30/2_phase/EM.py","log_msg","93","","","","Δalt(1s)=0.562 m (0/5)","","","","","","","","","","","","","","","","","","","","","","","","","","","","","","","","","","","","","","","","","",""
"1288.600648295","2026-08-15 09:46:30.019736","/home/akatoki/SC-30/scripts/SC-30/2_phase/EM.py","log_msg","93","","","","","","","","","","13.076644901665523","","","","","","","","","","","","","","","","","","","","","","","","","","","","","","","","","","","",""
"1288.605095342","2026-08-15 09:46:30.024192","/home/akatoki/SC-30/scripts/SC-30/2_phase/EM.py","log_msg","93","","","","Δalt(1s)=0.614 m (0/5)","","","","","","","","","","","","","","","","","","","","","","","","","","","","","","","","","","","","","","","","","",""
"1289.610107157","2026-08-15 09:46:31.029195","/home/akatoki/SC-30/scripts/SC-30/2_phase/EM.py","log_msg","93","","","","","","","","","","13.925910822137475","","","","","","","","","","","","","","","","","","","","","","","","","","","","","","","","","","","",""
"1289.614596549","2026-08-15 09:46:31.033693","/home/akatoki/SC-30/scripts/SC-30/2_phase/EM.py","log_msg","93","","","","Δalt(1s)=0.849 m (0/5)","","","","","","","","","","","","","","","","","","","","","","","","","","","","","","","","","","","","","","","","","",""
"1290.619635211","2026-08-15 09:46:32.038723","/home/akatoki/SC-30/scripts/SC-30/2_phase/EM.py","log_msg","93","","","","","","","","","","16.640343002810447","","","","","","","","","","","","","","","","","","","","","","","","","","","","","","","","","","","",""
"1290.62419596","2026-08-15 09:46:32.043292","/home/akatoki/SC-30/scripts/SC-30/2_phase/EM.py","log_msg","93","","","","Δalt(1s)=2.714 m (0/5)","","","","","","","","","","","","","","","","","","","","","","","","","","","","","","","","","","","","","","","","","",""
"1291.629213187","2026-08-15 09:46:33.048301","/home/akatoki/SC-30/scripts/SC-30/2_phase/EM.py","log_msg","93","","","","","","","","","","17.41808241334003","","","","","","","","","","","","","","","","","","","","","","","","","","","","","","","","","","","",""
"1291.633715076","2026-08-15 09:46:33.052814","/home/akatoki/SC-30/scripts/SC-30/2_phase/EM.py","log_msg","93","","","","Δalt(1s)=0.778 m (0/5)","","","","","","","","","","","","","","","","","","","","","","","","","","","","","","","","","","","","","","","","","",""
"1292.643266511","2026-08-15 09:46:34.062355","/home/akatoki/SC-30/scripts/SC-30/2_phase/EM.py","log_msg","93","","","","","","","","","","18.861543148269178","","","","","","","","","","","","","","","","","","","","","","","","","","","","","","","","","","","",""
"1292.647736261","2026-08-15 09:46:34.066833","/home/akatoki/SC-30/scripts/SC-30/2_phase/EM.py","log_msg","93","","","","Δalt(1s)=1.443 m (0/5)","","","","","","","","","","","","","","","","","","","","","","","","","","","","","","","","","","","","","","","","","",""
"1293.652792449","2026-08-15 09:46:35.071880","/home/akatoki/SC-30/scripts/SC-30/2_phase/EM.py","log_msg","93","","","","","","","","","","20.386058561826847","","","","","","","","","","","","","","","","","","","","","","","","","","","","","","","","","","","",""
"1293.65727876","2026-08-15 09:46:35.076377","/home/akatoki/SC-30/scripts/SC-30/2_phase/EM.py","log_msg","93","","","","Δalt(1s)=1.525 m (0/5)","","","","","","","","","","","","","","","","","","","","","","","","","","","","","","","","","","","","","","","","","",""
"1294.663744854","2026-08-15 09:46:36.082833","/home/akatoki/SC-30/scripts/SC-30/2_phase/EM.py","log_msg","93","","","","","","","","","","21.471166339717502","","","","","","","","","","","","","","","","","","","","","","","","","","","","","","","","","","","",""
"1294.669989758","2026-08-15 09:46:36.089088","/home/akatoki/SC-30/scripts/SC-30/2_phase/EM.py","log_msg","93","","","","Δalt(1s)=1.085 m (0/5)","","","","","","","","","","","","","","","","","","","","","","","","","","","","","","","","","","","","","","","","","",""
"1295.674925218","2026-08-15 09:46:37.094013","/home/akatoki/SC-30/scripts/SC-30/2_phase/EM.py","log_msg","93","","","","","","","","","","24.11256907023682","","","","","","","","","","","","","","","","","","","","","","","","","","","","","","","","","","","",""
"1295.679615235","2026-08-15 09:46:37.098735","/home/akatoki/SC-30/scripts/SC-30/2_phase/EM.py","log_msg","93","","","","Δalt(1s)=2.641 m (0/5)","","","","","","","","","","","","","","","","","","","","","","","","","","","","","","","","","","","","","","","","","",""
"1296.684891114","2026-08-15 09:46:38.103979","/home/akatoki/SC-30/scripts/SC-30/2_phase/EM.py","log_msg","93","","","","","","","","","","24.296689061547553","","","","","","","","","","","","","","","","","","","","","","","","","","","","","","","","","","","",""
"1296.689520188","2026-08-15 09:46:38.108617","/home/akatoki/SC-30/scripts/SC-30/2_phase/EM.py","log_msg","93","","","","Δalt(1s)=0.184 m (0/5)","","","","","","","","","","","","","","","","","","","","","","","","","","","","","","","","","","","","","","","","","",""
"1297.708994378","2026-08-15 09:46:39.128083","/home/akatoki/SC-30/scripts/SC-30/2_phase/EM.py","log_msg","93","","","","","","","","","","27.645346699254677","","","","","","","","","","","","","","","","","","","","","","","","","","","","","","","","","","","",""
"1297.717792704","2026-08-15 09:46:39.136890","/home/akatoki/SC-30/scripts/SC-30/2_phase/EM.py","log_msg","93","","","","Δalt(1s)=3.349 m (0/5)","","","","","","","","","","","","","","","","","","","","","","","","","","","","","","","","","","","","","","","","","",""
"1298.722699407","2026-08-15 09:46:40.141787","/home/akatoki/SC-30/scripts/SC-30/2_phase/EM.py","log_msg","93","","","","","","","","","","26.723568530047846","","","","","","","","","","","","","","","","","","","","","","","","","","","","","","","","","","","",""
"1298.727169875","2026-08-15 09:46:40.146266","/home/akatoki/SC-30/scripts/SC-30/2_phase/EM.py","log_msg","93","","","","Δalt(1s)=0.922 m (0/5)","","","","","","","","","","","","","","","","","","","","","","","","","","","","","","","","","","","","","","","","","",""
"1299.732137089","2026-08-15 09:46:41.151223","/home/akatoki/SC-30/scripts/SC-30/2_phase/EM.py","log_msg","93","","","","","","","","","","29.137958158573046","","","","","","","","","","","","","","","","","","","","","","","","","","","","","","","","","","","",""
"1299.736485412","2026-08-15 09:46:41.155579","/home/akatoki/SC-30/scripts/SC-30/2_phase/EM.py","log_msg","93","","","","Δalt(1s)=2.414 m (0/5)","","","","","","","","","","","","","","","","","","","","","","","","","","","","","","","","","","","","","","","","","",""
"1300.74133193","2026-08-15 09:46:42.160420","/home/akatoki/SC-30/scripts/SC-30/2_phase/EM.py","log_msg","93","","","","","","","","","","30.390543722711037","","","","","","","","","","","","","","","","","","","","","","","","","","","","","","","","","","","",""
"1300.745830416","2026-08-15 09:46:42.164927","/home/akatoki/SC-30/scripts/SC-30/2_phase/EM.py","log_msg","93","","","","Δalt(1s)=1.253 m (0/5)","","","","","","","","","","","","","","","","","","","","","","","","","","","","","","","","","","","","","","","","","",""
"1301.750797245","2026-08-15 09:46:43.169885","/home/akatoki/SC-30/scripts/SC-30/2_phase/EM.py","log_msg","93","","","","","","","","","","29.609192867820003","","","","","","","","","","","","","","","","","","","","","","","","","","","","","","","","","","","",""
"1301.760970582","2026-08-15 09:46:43.180069","/home/akatoki/SC-30/scripts/SC-30/2_phase/EM.py","log_msg","93","","","","Δalt(1s)=0.781 m (0/5)","","","","","","","","","","","","","","","","","","","","","","","","","","","","","","","","","","","","","","","","","",""
"1302.765893335","2026-08-15 09:46:44.184981","/home/akatoki/SC-30/scripts/SC-30/2_phase/EM.py","log_msg","93","","","","","","","","","","30.428865756253046","","","","","","","","","","","","","","","","","","","","","","","","","","","","","","","","","","","",""
"1302.770378639","2026-08-15 09:46:44.189477","/home/akatoki/SC-30/scripts/SC-30/2_phase/EM.py","log_msg","93","","","","Δalt(1s)=0.820 m (0/5)","","","","","","","","","","","","","","","","","","","","","","","","","","","","","","","","","","","","","","","","","",""
"1303.775327949","2026-08-15 09:46:45.194416","/home/akatoki/SC-30/scripts/SC-30/2_phase/EM.py","log_msg","93","","","","","","","","","","26.86698804547688","","","","","","","","","","","","","","","","","","","","","","","","","","","","","","","","","","","",""
"1303.779857994","2026-08-15 09:46:45.198954","/home/akatoki/SC-30/scripts/SC-30/2_phase/EM.py","log_msg","93","","","","Δalt(1s)=3.562 m (0/5)","","","","","","","","","","","","","","","","","","","","","","","","","","","","","","","","","","","","","","","","","",""
"1304.784867043","2026-08-15 09:46:46.203953","/home/akatoki/SC-30/scripts/SC-30/2_phase/EM.py","log_msg","93","","","","","","","","","","20.149391301350672","","","","","","","","","","","","","","","","","","","","","","","","","","","","","","","","","","","",""
"1304.793966349","2026-08-15 09:46:46.213062","/home/akatoki/SC-30/scripts/SC-30/2_phase/EM.py","log_msg","93","","","","Δalt(1s)=6.718 m (0/5)","","","","","","","","","","","","","","","","","","","","","","","","","","","","","","","","","","","","","","","","","",""
"1305.798748714","2026-08-15 09:46:47.217836","/home/akatoki/SC-30/scripts/SC-30/2_phase/EM.py","log_msg","93","","","","","","","","","","15.53033912498058","","","","","","","","","","","","","","","","","","","","","","","","","","","","","","","","","","","",""
"1305.803214741","2026-08-15 09:46:47.222310","/home/akatoki/SC-30/scripts/SC-30/2_phase/EM.py","log_msg","93","","","","Δalt(1s)=4.619 m (0/5)","","","","","","","","","","","","","","","","","","","","","","","","","","","","","","","","","","","","","","","","","",""
"1306.808235919","2026-08-15 09:46:48.227324","/home/akatoki/SC-30/scripts/SC-30/2_phase/EM.py","log_msg","93","","","","","","","","","","11.653292096413066","","","","","","","","","","","","","","","","","","","","","","","","","","","","","","","","","","","",""
"1306.81276851","2026-08-15 09:46:48.231865","/home/akatoki/SC-30/scripts/SC-30/2_phase/EM.py","log_msg","93","","","","Δalt(1s)=3.877 m (0/5)","","","","","","","","","","","","","","","","","","","","","","","","","","","","","","","","","","","","","","","","","",""
"1307.81779021","2026-08-15 09:46:49.236879","/home/akatoki/SC-30/scripts/SC-30/2_phase/EM.py","log_msg","93","","","","","","","","","","5.962793766029386","","","","","","","","","","","","","","","","","","","","","","","","","","","","","","","","","","","",""
"1307.822257848","2026-08-15 09:46:49.241354","/home/akatoki/SC-30/scripts/SC-30/2_phase/EM.py","log_msg","93","","","","Δalt(1s)=5.690 m (0/5)","","","","","","","","","","","","","","","","","","","","","","","","","","","","","","","","","","","","","","","","","",""
"1308.827230588","2026-08-15 09:46:50.246320","/home/akatoki/SC-30/scripts/SC-30/2_phase/EM.py","log_msg","93","","","","","","","","","","3.4975738283024227","","","","","","","","","","","","","","","","","","","","","","","","","","","","","","","","","","","",""
"1308.836620156","2026-08-15 09:46:50.255716","/home/akatoki/SC-30/scripts/SC-30/2_phase/EM.py","log_msg","93","","","","Δalt(1s)=2.465 m (0/5)","","","","","","","","","","","","","","","","","","","","","","","","","","","","","","","","","","","","","","","","","",""
"1309.843235069","2026-08-15 09:46:51.262323","/home/akatoki/SC-30/scripts/SC-30/2_phase/EM.py","log_msg","93","","","","","","","","","","0.7890984454270045","","","","","","","","","","","","","","","","","","","","","","","","","","","","","","","","","","","",""
"1309.847681608","2026-08-15 09:46:51.266778","/home/akatoki/SC-30/scripts/SC-30/2_phase/EM.py","log_msg","93","","","","Δalt(1s)=2.708 m (0/5)","","","","","","","","","","","","","","","","","","","","","","","","","","","","","","","","","","","","","","","","","",""
"1310.852765402","2026-08-15 09:46:52.271854","/home/akatoki/SC-30/scripts/SC-30/2_phase/EM.py","log_msg","93","","","","","","","","","","0.9386591100568953","","","","","","","","","","","","","","","","","","","","","","","","","","","","","","","","","","","",""
"1310.857344967","2026-08-15 09:46:52.276442","/home/akatoki/SC-30/scripts/SC-30/2_phase/EM.py","log_msg","93","","","","Δalt(1s)=0.150 m (0/5)","","","","","","","","","","","","","","","","","","","","","","","","","","","","","","","","","","","","","","","","","",""
"1311.86236116","2026-08-15 09:46:53.281450","/home/akatoki/SC-30/scripts/SC-30/2_phase/EM.py","log_msg","93","","","","","","","","","","-1.706898992000232","","","","","","","","","","","","","","","","","","","","","","","","","","","","","","","","","","","",""
"1311.871683682","2026-08-15 09:46:53.290782","/home/akatoki/SC-30/scripts/SC-30/2_phase/EM.py","log_msg","93","","","","Δalt(1s)=2.646 m (1/5)","","","","","","","","","","","","","","","","","","","","","","","","","","","","","","","","","","","","","","","","","",""
"1312.876712486","2026-08-15 09:46:54.295802","/home/akatoki/SC-30/scripts/SC-30/2_phase/EM.py","log_msg","93","","","","","","","","","","-2.3913926841904765","","","","","","","","","","","","","","","","","","","","","","","","","","","","","","","","","","","",""
"1312.881191313","2026-08-15 09:46:54.300288","/home/akatoki/SC-30/scripts/SC-30/2_phase/EM.py","log_msg","93","","","","Δalt(1s)=0.684 m (0/5)","","","","","","","","","","","","","","","","","","","","","","","","","","","","","","","","","","","","","","","","","",""
"1313.886216221","2026-08-15 09:46:55.305305","/home/akatoki/SC-30/scripts/SC-30/2_phase/EM.py","log_msg","93","","","","","","","","","","-1.3477977904923533","","","","","","","","","","","","","","","","","","","","","","","","","","","","","","","","","","","",""
"1313.890696453","2026-08-15 09:46:55.309792","/home/akatoki/SC-30/scripts/SC-30/2_phase/EM.py","log_msg","93","","","","Δalt(1s)=1.044 m (0/5)","","","","","","","","","","","","","","","","","","","","","","","","","","","","","","","","","","","","","","","","","",""
"1314.895793042","2026-08-15 09:46:56.314883","/home/akatoki/SC-30/scripts/SC-30/2_phase/EM.py","log_msg","93","","","","","","","","","","-1.8021027060213757","","","","","","","","","","","","","","","","","","","","","","","","","","","","","","","","","","","",""
"1314.90032765","2026-08-15 09:46:56.319425","/home/akatoki/SC-30/scripts/SC-30/2_phase/EM.py","log_msg","93","","","","Δalt(1s)=0.454 m (0/5)","","","","","","","","","","","","","","","","","","","","","","","","","","","","","","","","","","","","","","","","","",""
"1315.905345447","2026-08-15 09:46:57.324434","/home/akatoki/SC-30/scripts/SC-30/2_phase/EM.py","log_msg","93","","","","","","","","","","-1.8753374552866942","","","","","","","","","","","","","","","","","","","","","","","","","","","","","","","","","","","",""
"1315.914733842","2026-08-15 09:46:57.333831","/home/akatoki/SC-30/scripts/SC-30/2_phase/EM.py","log_msg","93","","","","Δalt(1s)=0.073 m (1/5)","","","","","","","","","","","","","","","","","","","","","","","","","","","","","","","","","","","","","","","","","",""
"1316.919658574","2026-08-15 09:46:58.338748","/home/akatoki/SC-30/scripts/SC-30/2_phase/EM.py","log_msg","93","","","","","","","","","","-1.6259525648714024","","","","","","","","","","","","","","","","","","","","","","","","","","","","","","","","","","","",""
"1316.925537517","2026-08-15 09:46:58.344636","/home/akatoki/SC-30/scripts/SC-30/2_phase/EM.py","log_msg","93","","","","Δalt(1s)=0.249 m (2/5)","","","","","","","","","","","","","","","","","","","","","","","","","","","","","","","","","","","","","","","","","",""
"1317.930627533","2026-08-15 09:46:59.349718","/home/akatoki/SC-30/scripts/SC-30/2_phase/EM.py","log_msg","93","","","","","","","","","","-1.754621504052607","","","","","","","","","","","","","","","","","","","","","","","","","","","","","","","","","","","",""
"1317.935084267","2026-08-15 09:46:59.354182","/home/akatoki/SC-30/scripts/SC-30/2_phase/EM.py","log_msg","93","","","","Δalt(1s)=0.129 m (3/5)","","","","","","","","","","","","","","","","","","","","","","","","","","","","","","","","","","","","","","","","","",""
"1318.940105548","2026-08-15 09:47:00.359195","/home/akatoki/SC-30/scripts/SC-30/2_phase/EM.py","log_msg","93","","","","","","","","","","-1.754621504052607","","","","","","","","","","","","","","","","","","","","","","","","","","","","","","","","","","","",""
"1318.949385385","2026-08-15 09:47:00.368483","/home/akatoki/SC-30/scripts/SC-30/2_phase/EM.py","log_msg","93","","","","Δalt(1s)=0.000 m (4/5)","","","","","","","","","","","","","","","","","","","","","","","","","","","","","","","","","","","","","","","","","",""
"1318.952711123","2026-08-15 09:47:00.371812","/home/akatoki/SC-30/scripts/SC-30/2_phase/EM.py","log_msg","93","","","","Landing detected","","","","","","","","","","","","","","","","","","","","","","","","","","","","","","","","","","","","","","","","","",""
"1318.956029674","2026-08-15 09:47:00.375131","/home/akatoki/SC-30/scripts/SC-30/2_phase/EM.py","log_msg","93","","","","start nichrome wire","","","","","","","","","","","","","","","","","","","","","","","","","","","","","","","","","","","","","","","","","",""
"1325.9598777","2026-08-15 09:47:07.378983","/home/akatoki/SC-30/scripts/SC-30/2_phase/EM.py","log_msg","93","","","","finish nichrome wire","","","","","","","","","","","","","","","","","","","","","","","","","","","","","","","","","","","","","","","","","",""
"1325.964435571","2026-08-15 09:47:07.383541","/home/akatoki/SC-30/scripts/SC-30/2_phase/EM.py","log_msg","93","","","","","","3","","","","","","","","","","","","","","","","","","","","","","","","","","","","","","","","","","","","","","","",""
"1326.067972998","2026-08-15 09:47:07.487115","/home/akatoki/SC-30/scripts/SC-30/2_phase/EM.py","log_msg","93","","","","--- フェーズ3: 遠距離フェーズ（GPS誘導） ---","","","","","","","","","","","","","","","","","","","","","","","","","","","","","","","","","","","","","","","","","",""
"1326.596905607","2026-08-15 09:47:08.016009","/home/akatoki/SC-30/scripts/SC-30/2_phase/EM.py","log_msg","93","","","初期GPS取得失敗","","","","","","","","","","","","","","","","","","","","","","","","","","","","","","","","","","","","","","","","","","",""
"1326.601571554","2026-08-15 09:47:08.020661","/home/akatoki/SC-30/scripts/SC-30/2_phase/EM.py","log_msg","93","","","","","","","","","","","","","","","","","","","","","","","","","","","","","","","-0.01","","","","","","","","","","","","","","",""
"1326.609635472","2026-08-15 09:47:08.028725","/home/akatoki/SC-30/scripts/SC-30/2_phase/EM.py","log_msg","93","","","","","","","","","","","","","","","","","","","","","","","","","","","","","","","","0.1","","","","","","","","","","","","","",""
"1326.612968544","2026-08-15 09:47:08.032058","/home/akatoki/SC-30/scripts/SC-30/2_phase/EM.py","log_msg","93","","","","","","","","","","","","","","","","","","","","","","","","","","","","","","","","","0.1","","","","","","","","","","","","",""
"1326.616456572","2026-08-15 09:47:08.035544","/home/akatoki/SC-30/scripts/SC-30/2_phase/EM.py","log_msg","93","","","","","","","","","","","","","","","","","","","","","","","","","","","","","","","","","","","","","","","","9.31","","","","","",""
"1326.619826625","2026-08-15 09:47:08.038914","/home/akatoki/SC-30/scripts/SC-30/2_phase/EM.py","log_msg","93","","","","","","","","","","","","","","","","","","","","","","","","","","","","","","","","","","","","","","","","","0.01","","","","",""
"1326.625089475","2026-08-15 09:47:08.044180","/home/akatoki/SC-30/scripts/SC-30/2_phase/EM.py","log_msg","93","","","","","","","","","","","","","","","","","","","","","","","","","","","","","","","","","","","","","","","","","","3.06","","","",""
"1326.62863438","2026-08-15 09:47:08.047722","/home/akatoki/SC-30/scripts/SC-30/2_phase/EM.py","log_msg","93","","","","","","","","","","","","","","","","","","","","","","","","","","","","","","","","","","","","","0.0011111111111111111","","","","","","","","",""
"1326.635104943","2026-08-15 09:47:08.054194","/home/akatoki/SC-30/scripts/SC-30/2_phase/EM.py","log_msg","93","","","","","","","","","","","","","","","","","","","","","","","","","","","","","","","","","","","","","","-0.0022222222222222222","","","","","","","",""
"1326.638313687","2026-08-15 09:47:08.057401","/home/akatoki/SC-30/scripts/SC-30/2_phase/EM.py","log_msg","93","","","","","","","","","","","","","","","","","","","","","","","","","","","","","","","","","","","","","","","-0.0033333333333333335","","","","","","",""
"1326.641584673","2026-08-15 09:47:08.060670","/home/akatoki/SC-30/scripts/SC-30/2_phase/EM.py","log_msg","93","","","","","","","","","","","","","","","","","","","","","","","","","","","","","","","","","","-35.1875","","","","","","","","","","","",""
"1326.644799875","2026-08-15 09:47:08.063885","/home/akatoki/SC-30/scripts/SC-30/2_phase/EM.py","log_msg","93","","","","","","","","","","","","","","","","","","","","","","","","","","","","","","","","","","","26.375","","","","","","","","","","",""
"1326.647991066","2026-08-15 09:47:08.067109","/home/akatoki/SC-30/scripts/SC-30/2_phase/EM.py","log_msg","93","","","","","","","","","","","","","","","","","","","","","","","","","","","","","","","","","","","","-20.75","","","","","","","","","",""
"1328.501327904","2026-08-15 09:47:09.920415","/home/akatoki/SC-30/scripts/SC-30/2_phase/EM.py","log_msg","93","","","","","","","","40.14272316666667","","","","","","","","","","","","","","","","","","","","","","","","","","","","","","","","","","","","","",""
"1328.505946399","2026-08-15 09:47:09.925036","/home/akatoki/SC-30/scripts/SC-30/2_phase/EM.py","log_msg","93","","","","","","","","","139.98734816666666","","","","","","","","","","","","","","","","","","","","","","","","","","","","","","","","","","","","",""
"1328.514326892","2026-08-15 09:47:09.933417","/home/akatoki/SC-30/scripts/SC-30/2_phase/EM.py","log_msg","93","","","","","","","","","","","","","","","","","","","","","","","","","","","","","","","0.0","","","","","","","","","","","","","","",""
"1328.517651733","2026-08-15 09:47:09.936741","/home/akatoki/SC-30/scripts/SC-30/2_phase/EM.py","log_msg","93","","","","","","","","","","","","","","","","","","","","","","","","","","","","","","","","0.1","","","","","","","","","","","","","",""
"1328.521057099","2026-08-15 09:47:09.940146","/home/akatoki/SC-30/scripts/SC-30/2_phase/EM.py","log_msg","93","","","","","","","","","","","","","","","","","","","","","","","","","","","","","","","","","0.06","","","","","","","","","","","","",""
"1328.524480799","2026-08-15 09:47:09.943568","/home/akatoki/SC-30/scripts/SC-30/2_phase/EM.py","log_msg","93","","","","","","","","","","","","","","","","","","","","","","","","","","","","","","","","","","","","","","","","9.31","","","","","",""
"1328.527882728","2026-08-15 09:47:09.946971","/home/akatoki/SC-30/scripts/SC-30/2_phase/EM.py","log_msg","93","","","","","","","","","","","","","","","","","","","","","","","","","","","","","","","","","","","","","","","","","0.01","","","","",""
"1328.53131971","2026-08-15 09:47:09.950408","/home/akatoki/SC-30/scripts/SC-30/2_phase/EM.py","log_msg","93","","","","","","","","","","","","","","","","","","","","","","","","","","","","","","","","","","","","","","","","","","3.06","","","",""
"1328.539647752","2026-08-15 09:47:09.958736","/home/akatoki/SC-30/scripts/SC-30/2_phase/EM.py","log_msg","93","","","","","","","","","","","","","","","","","","","","","","","","","","","","","","","","","","","","","0.0","","","","","","","","",""
"1328.542833264","2026-08-15 09:47:09.961927","/home/akatoki/SC-30/scripts/SC-30/2_phase/EM.py","log_msg","93","","","","","","","","","","","","","","","","","","","","","","","","","","","","","","","","","","","","","","0.0","","","","","","","",""
"1328.546056591","2026-08-15 09:47:09.965143","/home/akatoki/SC-30/scripts/SC-30/2_phase/EM.py","log_msg","93","","","","","","","","","","","","","","","","","","","","","","","","","","","","","","","","","","","","","","","-0.0022222222222222222","","","","","","",""
"1328.549311637","2026-08-15 09:47:09.968397","/home/akatoki/SC-30/scripts/SC-30/2_phase/EM.py","log_msg","93","","","","","","","","","","","","","","","","","","","","","","","","","","","","","","","","","","-35.1875","","","","","","","","","","","",""
"1328.552487878","2026-08-15 09:47:09.971573","/home/akatoki/SC-30/scripts/SC-30/2_phase/EM.py","log_msg","93","","","","","","","","","","","","","","","","","","","","","","","","","","","","","","","","","","","26.0625","","","","","","","","","","",""
"1328.555683391","2026-08-15 09:47:09.974768","/home/akatoki/SC-30/scripts/SC-30/2_phase/EM.py","log_msg","93","","","","","","","","","","","","","","","","","","","","","","","","","","","","","","","","","","","","-19.5","","","","","","","","","",""
"1328.558902967","2026-08-15 09:47:09.977999","/home/akatoki/SC-30/scripts/SC-30/2_phase/EM.py","log_msg","93","","","重力z >= 0 機体の反転を検知 機体姿勢復帰を開始します","","","","","","","","","","","","","","","","","","","","","","","","","","","","","","","","","","","","","","","","","","",""
"1328.564855378","2026-08-15 09:47:09.983943","/home/akatoki/SC-30/scripts/SC-30/2_phase/motordrive.py","move","150","","","","move: direction=q, power=1.0, duration=0.5","","","","","","","","","","","","","","","","","","","","","","","","","","","","","","","","","","","","","","","","","",""
"1328.570044942","2026-08-15 09:47:09.989139","/home/akatoki/SC-30/scripts/SC-30/2_phase/motordrive.py","set_values","186","","","","","","","","","","","","","","","","","","","","","","-0.0","0.0","","","","","","","","","","","","","","","","","","","","","","",""
"1328.600746983","2026-08-15 09:47:10.019834","/home/akatoki/SC-30/scripts/SC-30/2_phase/motordrive.py","set_values","186","","","","","","","","","","","","","","","","","","","","","","-0.1","0.1","","","","","","","","","","","","","","","","","","","","","","",""
"1328.632306922","2026-08-15 09:47:10.051394","/home/akatoki/SC-30/scripts/SC-30/2_phase/motordrive.py","set_values","186","","","","","","","","","","","","","","","","","","","","","","-0.2","0.2","","","","","","","","","","","","","","","","","","","","","","",""
"1328.664094008","2026-08-15 09:47:10.083181","/home/akatoki/SC-30/scripts/SC-30/2_phase/motordrive.py","set_values","186","","","","","","","","","","","","","","","","","","","","","","-0.30000000000000004","0.30000000000000004","","","","","","","","","","","","","","","","","","","","","","",""
"1328.695793121","2026-08-15 09:47:10.114882","/home/akatoki/SC-30/scripts/SC-30/2_phase/motordrive.py","set_values","186","","","","","","","","","","","","","","","","","","","","","","-0.4","0.4","","","","","","","","","","","","","","","","","","","","","","",""
"1328.727519787","2026-08-15 09:47:10.146607","/home/akatoki/SC-30/scripts/SC-30/2_phase/motordrive.py","set_values","186","","","","","","","","","","","","","","","","","","","","","","-0.5","0.5","","","","","","","","","","","","","","","","","","","","","","",""
"1328.759627877","2026-08-15 09:47:10.178717","/home/akatoki/SC-30/scripts/SC-30/2_phase/motordrive.py","set_values","186","","","","","","","","","","","","","","","","","","","","","","-0.6000000000000001","0.6000000000000001","","","","","","","","","","","","","","","","","","","","","","",""
"1328.797697803","2026-08-15 09:47:10.216788","/home/akatoki/SC-30/scripts/SC-30/2_phase/motordrive.py","set_values","186","","","","","","","","","","","","","","","","","","","","","","-0.7000000000000001","0.7000000000000001","","","","","","","","","","","","","","","","","","","","","","",""
"1328.830010851","2026-08-15 09:47:10.249100","/home/akatoki/SC-30/scripts/SC-30/2_phase/motordrive.py","set_values","186","","","","","","","","","","","","","","","","","","","","","","-0.8","0.8","","","","","","","","","","","","","","","","","","","","","","",""
"1328.861905441","2026-08-15 09:47:10.280993","/home/akatoki/SC-30/scripts/SC-30/2_phase/motordrive.py","set_values","186","","","","","","","","","","","","","","","","","","","","","","-0.9","0.9","","","","","","","","","","","","","","","","","","","","","","",""
"1328.893614763","2026-08-15 09:47:10.312708","/home/akatoki/SC-30/scripts/SC-30/2_phase/motordrive.py","set_values","186","","","","","","","","","","","","","","","","","","","","","","-1.0","1.0","","","","","","","","","","","","","","","","","","","","","","",""
"1328.925002038","2026-08-15 09:47:10.344096","/home/akatoki/SC-30/scripts/SC-30/2_phase/motordrive.py","set_values","186","","","","","","","","","","","","","","","","","","","","","","-1.0","1.0","","","","","","","","","","","","","","","","","","","","","","",""
"1329.198284856","2026-08-15 09:47:10.617375","/home/akatoki/SC-30/scripts/SC-30/2_phase/motordrive.py","move","260","","","stacking detected","","","","","","","","","","","","","","","","","","","","","","","","","","","","","","","","","","","","","","","","","","",""
"1329.209497819","2026-08-15 09:47:10.628594","/home/akatoki/SC-30/scripts/SC-30/2_phase/motordrive.py","stop","120","","","","stop: power_r=1.0, power_l=-1.0","","","","","","","","","","","","","","","","","","","","","","","","","","","","","","","","","","","","","","","","","",""
"1329.789256465","2026-08-15 09:47:11.208379","/home/akatoki/SC-30/scripts/SC-30/2_phase/motordrive.py","stop","134","","","","","","","","","","","","","","","","","","","","","","0.0","0.0","","","","","","","","","","","","","","","","","","","","","","",""
"1329.893937382","2026-08-15 09:47:11.313043","/home/akatoki/SC-30/scripts/SC-30/2_phase/EM.py","log_msg","93","","","","サブキャリア離脱のため5秒前進","","","","","","","","","","","","","","","","","","","","","","","","","","","","","","","","","","","","","","","","","",""
"1329.8984167","2026-08-15 09:47:11.317512","/home/akatoki/SC-30/scripts/SC-30/2_phase/motordrive.py","move","150","","","","move: direction=w, power=1.0, duration=5.0","","","","","","","","","","","","","","","","","","","","","","","","","","","","","","","","","","","","","","","","","",""
"1329.904251914","2026-08-15 09:47:11.323351","/home/akatoki/SC-30/scripts/SC-30/2_phase/motordrive.py","set_values","186","","","","","","","","","","","","","","","","","","","","","","0.0","0.0","","","","","","","","","","","","","","","","","","","","","","",""
"1329.935424845","2026-08-15 09:47:11.354513","/home/akatoki/SC-30/scripts/SC-30/2_phase/motordrive.py","set_values","186","","","","","","","","","","","","","","","","","","","","","","0.06999999999999999","0.1","","","","","","","","","","","","","","","","","","","","","","",""
"1329.967241556","2026-08-15 09:47:11.386328","/home/akatoki/SC-30/scripts/SC-30/2_phase/motordrive.py","set_values","186","","","","","","","","","","","","","","","","","","","","","","0.13999999999999999","0.2","","","","","","","","","","","","","","","","","","","","","","",""
"1329.998815859","2026-08-15 09:47:11.417903","/home/akatoki/SC-30/scripts/SC-30/2_phase/motordrive.py","set_values","186","","","","","","","","","","","","","","","","","","","","","","0.21000000000000002","0.30000000000000004","","","","","","","","","","","","","","","","","","","","","","",""
"1330.043741969","2026-08-15 09:47:11.462830","/home/akatoki/SC-30/scripts/SC-30/2_phase/motordrive.py","set_values","186","","","","","","","","","","","","","","","","","","","","","","0.27999999999999997","0.4","","","","","","","","","","","","","","","","","","","","","","",""
"1330.07721438","2026-08-15 09:47:11.496303","/home/akatoki/SC-30/scripts/SC-30/2_phase/motordrive.py","set_values","186","","","","","","","","","","","","","","","","","","","","","","0.35","0.5","","","","","","","","","","","","","","","","","","","","","","",""
"1330.109208911","2026-08-15 09:47:11.528298","/home/akatoki/SC-30/scripts/SC-30/2_phase/motordrive.py","set_values","186","","","","","","","","","","","","","","","","","","","","","","0.42000000000000004","0.6000000000000001","","","","","","","","","","","","","","","","","","","","","","",""
"1330.141266102","2026-08-15 09:47:11.560354","/home/akatoki/SC-30/scripts/SC-30/2_phase/motordrive.py","set_values","186","","","","","","","","","","","","","","","","","","","","","","0.49","0.7000000000000001","","","","","","","","","","","","","","","","","","","","","","",""
"1330.173281988","2026-08-15 09:47:11.592370","/home/akatoki/SC-30/scripts/SC-30/2_phase/motordrive.py","set_values","186","","","","","","","","","","","","","","","","","","","","","","0.5599999999999999","0.8","","","","","","","","","","","","","","","","","","","","","","",""
"1330.205314958","2026-08-15 09:47:11.624404","/home/akatoki/SC-30/scripts/SC-30/2_phase/motordrive.py","set_values","186","","","","","","","","","","","","","","","","","","","","","","0.63","0.9","","","","","","","","","","","","","","","","","","","","","","",""
"1330.242248672","2026-08-15 09:47:11.661338","/home/akatoki/SC-30/scripts/SC-30/2_phase/motordrive.py","set_values","186","","","","","","","","","","","","","","","","","","","","","","0.7","1.0","","","","","","","","","","","","","","","","","","","","","","",""
"1330.273828758","2026-08-15 09:47:11.692918","/home/akatoki/SC-30/scripts/SC-30/2_phase/motordrive.py","set_values","186","","","","","","","","","","","","","","","","","","","","","","0.7","1.0","","","","","","","","","","","","","","","","","","","","","","",""
"1335.00564568","2026-08-15 09:47:16.424735","/home/akatoki/SC-30/scripts/SC-30/2_phase/motordrive.py","stop","120","","","","stop: power_r=1.0, power_l=0.7","","","","","","","","","","","","","","","","","","","","","","","","","","","","","","","","","","","","","","","","","",""
"1335.587632737","2026-08-15 09:47:17.006731","/home/akatoki/SC-30/scripts/SC-30/2_phase/motordrive.py","stop","134","","","","","","","","","","","","","","","","","","","","","","0.0","0.0","","","","","","","","","","","","","","","","","","","","","","",""
"1337.479781208","2026-08-15 09:47:18.898885","/home/akatoki/SC-30/scripts/SC-30/2_phase/EM.py","log_msg","93","","","GPS取得失敗 1/30","","","","","","","","","","","","","","","","","","","","","","","","","","","","","","","","","","","","","","","","","","",""
"1339.001883158","2026-08-15 09:47:20.420969","/home/akatoki/SC-30/scripts/SC-30/2_phase/EM.py","log_msg","93","","","","","","","","40.142720833333335","","","","","","","","","","","","","","","","","","","","","","","","","","","","","","","","","","","","","",""
"1339.006328867","2026-08-15 09:47:20.425417","/home/akatoki/SC-30/scripts/SC-30/2_phase/EM.py","log_msg","93","","","","","","","","","139.98734433333334","","","","","","","","","","","","","","","","","","","","","","","","","","","","","","","","","","","","",""
"1339.010125381","2026-08-15 09:47:20.429210","/home/akatoki/SC-30/scripts/SC-30/2_phase/EM.py","log_msg","93","","","","","","","","","","","","","","","","","","","","","","","","","","","33.22034721864801","","","","","","","","","","","","","","","","","","",""
"1339.018438337","2026-08-15 09:47:20.437528","/home/akatoki/SC-30/scripts/SC-30/2_phase/EM.py","log_msg","93","","","","","","","","","","","","","","","","","","","","","","","","","","2.156138437033093","","","","","","","","","","","","","","","","","","","",""
"1339.021581803","2026-08-15 09:47:20.440675","/home/akatoki/SC-30/scripts/SC-30/2_phase/EM.py","log_msg","93","","","","ゴールまでの距離: 33.22 m / 角度差: 123.5度","","","","","","","","","","","","","","","","","","","","","","","","","","","","","","","","","","","","","","","","","",""
"1339.026278303","2026-08-15 09:47:20.445381","/home/akatoki/SC-30/scripts/SC-30/2_phase/EM.py","log_msg","93","","","","ゴール方向へ旋回","","","","","","","","","","","","","","","","","","","","","","","","","","","","","","","","","","","","","","","","","",""
"1339.029738137","2026-08-15 09:47:20.448832","/home/akatoki/SC-30/scripts/SC-30/2_phase/EM.py","log_msg","93","","","","旋回します (角度差: 123.5度, 0.46秒駆動)","","","","","","","","","","","","","","","","","","","","","","","","","","","","","","","","","","","","","","","","","",""
"1339.033121822","2026-08-15 09:47:20.452209","/home/akatoki/SC-30/scripts/SC-30/2_phase/motordrive.py","move","150","","","","move: direction=q, power=1.0, duration=0.4575467869923335","","","","","","","","","","","","","","","","","","","","","","","","","","","","","","","","","","","","","","","","","",""
"1339.038312145","2026-08-15 09:47:20.457408","/home/akatoki/SC-30/scripts/SC-30/2_phase/motordrive.py","set_values","186","","","","","","","","","","","","","","","","","","","","","","-0.0","0.0","","","","","","","","","","","","","","","","","","","","","","",""
"1339.072163263","2026-08-15 09:47:20.491251","/home/akatoki/SC-30/scripts/SC-30/2_phase/motordrive.py","set_values","186","","","","","","","","","","","","","","","","","","","","","","-0.1","0.1","","","","","","","","","","","","","","","","","","","","","","",""
"1339.103635062","2026-08-15 09:47:20.522722","/home/akatoki/SC-30/scripts/SC-30/2_phase/motordrive.py","set_values","186","","","","","","","","","","","","","","","","","","","","","","-0.2","0.2","","","","","","","","","","","","","","","","","","","","","","",""
"1339.135145925","2026-08-15 09:47:20.554233","/home/akatoki/SC-30/scripts/SC-30/2_phase/motordrive.py","set_values","186","","","","","","","","","","","","","","","","","","","","","","-0.30000000000000004","0.30000000000000004","","","","","","","","","","","","","","","","","","","","","","",""
"1339.166931487","2026-08-15 09:47:20.586020","/home/akatoki/SC-30/scripts/SC-30/2_phase/motordrive.py","set_values","186","","","","","","","","","","","","","","","","","","","","","","-0.4","0.4","","","","","","","","","","","","","","","","","","","","","","",""
"1339.198846898","2026-08-15 09:47:20.617936","/home/akatoki/SC-30/scripts/SC-30/2_phase/motordrive.py","set_values","186","","","","","","","","","","","","","","","","","","","","","","-0.5","0.5","","","","","","","","","","","","","","","","","","","","","","",""
"1339.230747569","2026-08-15 09:47:20.649836","/home/akatoki/SC-30/scripts/SC-30/2_phase/motordrive.py","set_values","186","","","","","","","","","","","","","","","","","","","","","","-0.6000000000000001","0.6000000000000001","","","","","","","","","","","","","","","","","","","","","","",""
"1339.262753089","2026-08-15 09:47:20.681842","/home/akatoki/SC-30/scripts/SC-30/2_phase/motordrive.py","set_values","186","","","","","","","","","","","","","","","","","","","","","","-0.7000000000000001","0.7000000000000001","","","","","","","","","","","","","","","","","","","","","","",""
"1339.29468673","2026-08-15 09:47:20.713775","/home/akatoki/SC-30/scripts/SC-30/2_phase/motordrive.py","set_values","186","","","","","","","","","","","","","","","","","","","","","","-0.8","0.8","","","","","","","","","","","","","","","","","","","","","","",""
"1339.33163277","2026-08-15 09:47:20.750721","/home/akatoki/SC-30/scripts/SC-30/2_phase/motordrive.py","set_values","186","","","","","","","","","","","","","","","","","","","","","","-0.9","0.9","","","","","","","","","","","","","","","","","","","","","","",""
"1339.363639539","2026-08-15 09:47:20.782735","/home/akatoki/SC-30/scripts/SC-30/2_phase/motordrive.py","set_values","186","","","","","","","","","","","","","","","","","","","","","","-1.0","1.0","","","","","","","","","","","","","","","","","","","","","","",""
"1339.395251865","2026-08-15 09:47:20.814347","/home/akatoki/SC-30/scripts/SC-30/2_phase/motordrive.py","set_values","186","","","","","","","","","","","","","","","","","","","","","","-1.0","1.0","","","","","","","","","","","","","","","","","","","","","","",""
"1339.586076908","2026-08-15 09:47:21.005173","/home/akatoki/SC-30/scripts/SC-30/2_phase/motordrive.py","stop","120","","","","stop: power_r=1.0, power_l=-1.0","","","","","","","","","","","","","","","","","","","","","","","","","","","","","","","","","","","","","","","","","",""
"1340.167624659","2026-08-15 09:47:21.586722","/home/akatoki/SC-30/scripts/SC-30/2_phase/motordrive.py","stop","134","","","","","","","","","","","","","","","","","","","","","","0.0","0.0","","","","","","","","","","","","","","","","","","","","","","",""
"1340.272299462","2026-08-15 09:47:21.691405","/home/akatoki/SC-30/scripts/SC-30/2_phase/EM.py","log_msg","93","","","","5秒前進","","","","","","","","","","","","","","","","","","","","","","","","","","","","","","","","","","","","","","","","","",""
"1340.28277313","2026-08-15 09:47:21.701870","/home/akatoki/SC-30/scripts/SC-30/2_phase/motordrive.py","move","150","","","","move: direction=w, power=1.0, duration=15","","","","","","","","","","","","","","","","","","","","","","","","","","","","","","","","","","","","","","","","","",""
"1340.288556653","2026-08-15 09:47:21.707654","/home/akatoki/SC-30/scripts/SC-30/2_phase/motordrive.py","set_values","186","","","","","","","","","","","","","","","","","","","","","","0.0","0.0","","","","","","","","","","","","","","","","","","","","","","",""
"1340.319608683","2026-08-15 09:47:21.738696","/home/akatoki/SC-30/scripts/SC-30/2_phase/motordrive.py","set_values","186","","","","","","","","","","","","","","","","","","","","","","0.06999999999999999","0.1","","","","","","","","","","","","","","","","","","","","","","",""
"1340.351399599","2026-08-15 09:47:21.770486","/home/akatoki/SC-30/scripts/SC-30/2_phase/motordrive.py","set_values","186","","","","","","","","","","","","","","","","","","","","","","0.13999999999999999","0.2","","","","","","","","","","","","","","","","","","","","","","",""
"1340.383326978","2026-08-15 09:47:21.802415","/home/akatoki/SC-30/scripts/SC-30/2_phase/motordrive.py","set_values","186","","","","","","","","","","","","","","","","","","","","","","0.21000000000000002","0.30000000000000004","","","","","","","","","","","","","","","","","","","","","","",""
"1340.415223471","2026-08-15 09:47:21.834312","/home/akatoki/SC-30/scripts/SC-30/2_phase/motordrive.py","set_values","186","","","","","","","","","","","","","","","","","","","","","","0.27999999999999997","0.4","","","","","","","","","","","","","","","","","","","","","","",""
"1340.446995323","2026-08-15 09:47:21.866083","/home/akatoki/SC-30/scripts/SC-30/2_phase/motordrive.py","set_values","186","","","","","","","","","","","","","","","","","","","","","","0.35","0.5","","","","","","","","","","","","","","","","","","","","","","",""
"1340.478891191","2026-08-15 09:47:21.897980","/home/akatoki/SC-30/scripts/SC-30/2_phase/motordrive.py","set_values","186","","","","","","","","","","","","","","","","","","","","","","0.42000000000000004","0.6000000000000001","","","","","","","","","","","","","","","","","","","","","","",""
"1340.515717317","2026-08-15 09:47:21.934805","/home/akatoki/SC-30/scripts/SC-30/2_phase/motordrive.py","set_values","186","","","","","","","","","","","","","","","","","","","","","","0.49","0.7000000000000001","","","","","","","","","","","","","","","","","","","","","","",""
"1340.547560891","2026-08-15 09:47:21.966649","/home/akatoki/SC-30/scripts/SC-30/2_phase/motordrive.py","set_values","186","","","","","","","","","","","","","","","","","","","","","","0.5599999999999999","0.8","","","","","","","","","","","","","","","","","","","","","","",""
"1340.579496395","2026-08-15 09:47:21.998584","/home/akatoki/SC-30/scripts/SC-30/2_phase/motordrive.py","set_values","186","","","","","","","","","","","","","","","","","","","","","","0.63","0.9","","","","","","","","","","","","","","","","","","","","","","",""
"1340.612678452","2026-08-15 09:47:22.031767","/home/akatoki/SC-30/scripts/SC-30/2_phase/motordrive.py","set_values","186","","","","","","","","","","","","","","","","","","","","","","0.7","1.0","","","","","","","","","","","","","","","","","","","","","","",""
"1340.644275963","2026-08-15 09:47:22.063365","/home/akatoki/SC-30/scripts/SC-30/2_phase/motordrive.py","set_values","186","","","","","","","","","","","","","","","","","","","","","","0.7","1.0","","","","","","","","","","","","","","","","","","","","","","",""
"1355.375682807","2026-08-15 09:47:36.794773","/home/akatoki/SC-30/scripts/SC-30/2_phase/motordrive.py","stop","120","","","","stop: power_r=1.0, power_l=0.7","","","","","","","","","","","","","","","","","","","","","","","","","","","","","","","","","","","","","","","","","",""
"1355.969798252","2026-08-15 09:47:37.388890","/home/akatoki/SC-30/scripts/SC-30/2_phase/motordrive.py","stop","134","","","","","","","","","","","","","","","","","","","","","","0.0","0.0","","","","","","","","","","","","","","","","","","","","","","",""
"1356.090902285","2026-08-15 09:47:37.510000","/home/akatoki/SC-30/scripts/SC-30/2_phase/EM.py","log_msg","93","","","","forward_with_stack_check stacked=True","","","","","","","","","","","","","","","","","","","","","","","","","","","","","","","","","","","","","","","","","",""
"1356.095035872","2026-08-15 09:47:37.514130","/home/akatoki/SC-30/scripts/SC-30/2_phase/EM.py","log_msg","93","","","スタック検知","","","","","","","","","","","","","","","","","","","","","","","","","","","","","","","","","","","","","","","","","","",""
"1356.098176455","2026-08-15 09:47:37.517277","/home/akatoki/SC-30/scripts/SC-30/2_phase/EM.py","log_msg","93","","","","スタック復帰開始","","","","","","","","","","","","","","","","","","","","","","","","","","","","","","","","","","","","","","","","","",""
"1356.103332475","2026-08-15 09:47:37.522431","/home/akatoki/SC-30/scripts/SC-30/2_phase/EM.py","log_msg","93","","","","3秒後退","","","","","","","","","","","","","","","","","","","","","","","","","","","","","","","","","","","","","","","","","",""
"1356.111145832","2026-08-15 09:47:37.530237","/home/akatoki/SC-30/scripts/SC-30/2_phase/motordrive.py","move","150","","","","move: direction=s, power=1.0, duration=3.0","","","","","","","","","","","","","","","","","","","","","","","","","","","","","","","","","","","","","","","","","",""
"1356.121548762","2026-08-15 09:47:37.540642","/home/akatoki/SC-30/scripts/SC-30/2_phase/motordrive.py","set_values","186","","","","","","","","","","","","","","","","","","","","","","-0.0","-0.0","","","","","","","","","","","","","","","","","","","","","","",""
"1356.156619827","2026-08-15 09:47:37.575703","/home/akatoki/SC-30/scripts/SC-30/2_phase/motordrive.py","set_values","186","","","","","","","","","","","","","","","","","","","","","","-0.1","-0.1","","","","","","","","","","","","","","","","","","","","","","",""
"1356.187548398","2026-08-15 09:47:37.606635","/home/akatoki/SC-30/scripts/SC-30/2_phase/motordrive.py","set_values","186","","","","","","","","","","","","","","","","","","","","","","-0.2","-0.2","","","","","","","","","","","","","","","","","","","","","","",""
"1356.225702179","2026-08-15 09:47:37.644786","/home/akatoki/SC-30/scripts/SC-30/2_phase/motordrive.py","set_values","186","","","","","","","","","","","","","","","","","","","","","","-0.30000000000000004","-0.30000000000000004","","","","","","","","","","","","","","","","","","","","","","",""
"1356.260418335","2026-08-15 09:47:37.679505","/home/akatoki/SC-30/scripts/SC-30/2_phase/motordrive.py","set_values","186","","","","","","","","","","","","","","","","","","","","","","-0.4","-0.4","","","","","","","","","","","","","","","","","","","","","","",""
"1356.295416273","2026-08-15 09:47:37.714501","/home/akatoki/SC-30/scripts/SC-30/2_phase/motordrive.py","set_values","186","","","","","","","","","","","","","","","","","","","","","","-0.5","-0.5","","","","","","","","","","","","","","","","","","","","","","",""
"1356.33428732","2026-08-15 09:47:37.753373","/home/akatoki/SC-30/scripts/SC-30/2_phase/motordrive.py","set_values","186","","","","","","","","","","","","","","","","","","","","","","-0.6000000000000001","-0.6000000000000001","","","","","","","","","","","","","","","","","","","","","","",""
"1356.367297685","2026-08-15 09:47:37.786384","/home/akatoki/SC-30/scripts/SC-30/2_phase/motordrive.py","set_values","186","","","","","","","","","","","","","","","","","","","","","","-0.7000000000000001","-0.7000000000000001","","","","","","","","","","","","","","","","","","","","","","",""
"1356.399136966","2026-08-15 09:47:37.818221","/home/akatoki/SC-30/scripts/SC-30/2_phase/motordrive.py","set_values","186","","","","","","","","","","","","","","","","","","","","","","-0.8","-0.8","","","","","","","","","","","","","","","","","","","","","","",""
"1356.430136269","2026-08-15 09:47:37.849221","/home/akatoki/SC-30/scripts/SC-30/2_phase/motordrive.py","set_values","186","","","","","","","","","","","","","","","","","","","","","","-0.9","-0.9","","","","","","","","","","","","","","","","","","","","","","",""
"1356.474942948","2026-08-15 09:47:37.894033","/home/akatoki/SC-30/scripts/SC-30/2_phase/motordrive.py","set_values","186","","","","","","","","","","","","","","","","","","","","","","-1.0","-1.0","","","","","","","","","","","","","","","","","","","","","","",""
"1356.505571403","2026-08-15 09:47:37.924661","/home/akatoki/SC-30/scripts/SC-30/2_phase/motordrive.py","set_values","186","","","","","","","","","","","","","","","","","","","","","","-1.0","-1.0","","","","","","","","","","","","","","","","","","","","","","",""
"1359.240766179","2026-08-15 09:47:40.659858","/home/akatoki/SC-30/scripts/SC-30/2_phase/motordrive.py","stop","120","","","","stop: power_r=-1.0, power_l=-1.0","","","","","","","","","","","","","","","","","","","","","","","","","","","","","","","","","","","","","","","","","",""
"1359.813991807","2026-08-15 09:47:41.233084","/home/akatoki/SC-30/scripts/SC-30/2_phase/motordrive.py","stop","134","","","","","","","","","","","","","","","","","","","","","","0.0","0.0","","","","","","","","","","","","","","","","","","","","","","",""
"1359.923757885","2026-08-15 09:47:41.342856","/home/akatoki/SC-30/scripts/SC-30/2_phase/EM.py","log_msg","93","","","","60°右旋回","","","","","","","","","","","","","","","","","","","","","","","","","","","","","","","","","","","","","","","","","",""
"1359.927923343","2026-08-15 09:47:41.347013","/home/akatoki/SC-30/scripts/SC-30/2_phase/EM.py","log_msg","93","","","","旋回します (角度差: -60.0度, 0.30秒駆動)","","","","","","","","","","","","","","","","","","","","","","","","","","","","","","","","","","","","","","","","","",""
"1359.930992878","2026-08-15 09:47:41.350077","/home/akatoki/SC-30/scripts/SC-30/2_phase/motordrive.py","move","150","","","","move: direction=e, power=1.0, duration=0.3","","","","","","","","","","","","","","","","","","","","","","","","","","","","","","","","","","","","","","","","","",""
"1359.935629759","2026-08-15 09:47:41.354722","/home/akatoki/SC-30/scripts/SC-30/2_phase/motordrive.py","set_values","186","","","","","","","","","","","","","","","","","","","","","","0.0","-0.0","","","","","","","","","","","","","","","","","","","","","","",""
"1359.965870712","2026-08-15 09:47:41.384955","/home/akatoki/SC-30/scripts/SC-30/2_phase/motordrive.py","set_values","186","","","","","","","","","","","","","","","","","","","","","","0.1","-0.1","","","","","","","","","","","","","","","","","","","","","","",""
"1359.996871379","2026-08-15 09:47:41.415956","/home/akatoki/SC-30/scripts/SC-30/2_phase/motordrive.py","set_values","186","","","","","","","","","","","","","","","","","","","","","","0.2","-0.2","","","","","","","","","","","","","","","","","","","","","","",""
"1360.027735583","2026-08-15 09:47:41.446819","/home/akatoki/SC-30/scripts/SC-30/2_phase/motordrive.py","set_values","186","","","","","","","","","","","","","","","","","","","","","","0.30000000000000004","-0.30000000000000004","","","","","","","","","","","","","","","","","","","","","","",""
"1360.064737554","2026-08-15 09:47:41.483822","/home/akatoki/SC-30/scripts/SC-30/2_phase/motordrive.py","set_values","186","","","","","","","","","","","","","","","","","","","","","","0.4","-0.4","","","","","","","","","","","","","","","","","","","","","","",""
"1360.095636812","2026-08-15 09:47:41.514721","/home/akatoki/SC-30/scripts/SC-30/2_phase/motordrive.py","set_values","186","","","","","","","","","","","","","","","","","","","","","","0.5","-0.5","","","","","","","","","","","","","","","","","","","","","","",""
"1360.126353615","2026-08-15 09:47:41.545438","/home/akatoki/SC-30/scripts/SC-30/2_phase/motordrive.py","set_values","186","","","","","","","","","","","","","","","","","","","","","","0.6000000000000001","-0.6000000000000001","","","","","","","","","","","","","","","","","","","","","","",""
"1360.157089794","2026-08-15 09:47:41.576174","/home/akatoki/SC-30/scripts/SC-30/2_phase/motordrive.py","set_values","186","","","","","","","","","","","","","","","","","","","","","","0.7000000000000001","-0.7000000000000001","","","","","","","","","","","","","","","","","","","","","","",""
"1360.187757481","2026-08-15 09:47:41.606842","/home/akatoki/SC-30/scripts/SC-30/2_phase/motordrive.py","set_values","186","","","","","","","","","","","","","","","","","","","","","","0.8","-0.8","","","","","","","","","","","","","","","","","","","","","","",""
"1360.218427511","2026-08-15 09:47:41.637512","/home/akatoki/SC-30/scripts/SC-30/2_phase/motordrive.py","set_values","186","","","","","","","","","","","","","","","","","","","","","","0.9","-0.9","","","","","","","","","","","","","","","","","","","","","","",""
"1360.249073635","2026-08-15 09:47:41.668163","/home/akatoki/SC-30/scripts/SC-30/2_phase/motordrive.py","set_values","186","","","","","","","","","","","","","","","","","","","","","","1.0","-1.0","","","","","","","","","","","","","","","","","","","","","","",""
"1360.284627639","2026-08-15 09:47:41.703717","/home/akatoki/SC-30/scripts/SC-30/2_phase/motordrive.py","set_values","186","","","","","","","","","","","","","","","","","","","","","","1.0","-1.0","","","","","","","","","","","","","","","","","","","","","","",""
"1360.314856716","2026-08-15 09:47:41.733947","/home/akatoki/SC-30/scripts/SC-30/2_phase/motordrive.py","stop","120","","","","stop: power_r=-1.0, power_l=1.0","","","","","","","","","","","","","","","","","","","","","","","","","","","","","","","","","","","","","","","","","",""
"1360.887632009","2026-08-15 09:47:42.306731","/home/akatoki/SC-30/scripts/SC-30/2_phase/motordrive.py","stop","134","","","","","","","","","","","","","","","","","","","","","","0.0","0.0","","","","","","","","","","","","","","","","","","","","","","",""
"1361.493189388","2026-08-15 09:47:42.912295","/home/akatoki/SC-30/scripts/SC-30/2_phase/EM.py","log_msg","93","","","","","","","","None","","","","","","","","","","","","","","","","","","","","","","","","","","","","","","","","","","","","","",""
"1361.497673137","2026-08-15 09:47:42.916776","/home/akatoki/SC-30/scripts/SC-30/2_phase/EM.py","log_msg","93","","","","","","","","","None","","","","","","","","","","","","","","","","","","","","","","","","","","","","","","","","","","","","",""
"1361.501050076","2026-08-15 09:47:42.920150","/home/akatoki/SC-30/scripts/SC-30/2_phase/EM.py","log_msg","93","","","","2秒前進","","","","","","","","","","","","","","","","","","","","","","","","","","","","","","","","","","","","","","","","","",""
"1361.504460715","2026-08-15 09:47:42.923555","/home/akatoki/SC-30/scripts/SC-30/2_phase/motordrive.py","move","150","","","","move: direction=w, power=1.0, duration=2.0","","","","","","","","","","","","","","","","","","","","","","","","","","","","","","","","","","","","","","","","","",""
"1361.510041221","2026-08-15 09:47:42.929138","/home/akatoki/SC-30/scripts/SC-30/2_phase/motordrive.py","set_values","186","","","","","","","","","","","","","","","","","","","","","","0.0","0.0","","","","","","","","","","","","","","","","","","","","","","",""
"1361.54643545","2026-08-15 09:47:42.965523","/home/akatoki/SC-30/scripts/SC-30/2_phase/motordrive.py","set_values","186","","","","","","","","","","","","","","","","","","","","","","0.06999999999999999","0.1","","","","","","","","","","","","","","","","","","","","","","",""
"1361.578436246","2026-08-15 09:47:42.997524","/home/akatoki/SC-30/scripts/SC-30/2_phase/motordrive.py","set_values","186","","","","","","","","","","","","","","","","","","","","","","0.13999999999999999","0.2","","","","","","","","","","","","","","","","","","","","","","",""
"1361.610457452","2026-08-15 09:47:43.029546","/home/akatoki/SC-30/scripts/SC-30/2_phase/motordrive.py","set_values","186","","","","","","","","","","","","","","","","","","","","","","0.21000000000000002","0.30000000000000004","","","","","","","","","","","","","","","","","","","","","","",""
"1361.642432247","2026-08-15 09:47:43.061520","/home/akatoki/SC-30/scripts/SC-30/2_phase/motordrive.py","set_values","186","","","","","","","","","","","","","","","","","","","","","","0.27999999999999997","0.4","","","","","","","","","","","","","","","","","","","","","","",""
"1361.674552203","2026-08-15 09:47:43.093640","/home/akatoki/SC-30/scripts/SC-30/2_phase/motordrive.py","set_values","186","","","","","","","","","","","","","","","","","","","","","","0.35","0.5","","","","","","","","","","","","","","","","","","","","","","",""
"1361.706907792","2026-08-15 09:47:43.125997","/home/akatoki/SC-30/scripts/SC-30/2_phase/motordrive.py","set_values","186","","","","","","","","","","","","","","","","","","","","","","0.42000000000000004","0.6000000000000001","","","","","","","","","","","","","","","","","","","","","","",""
"1361.743412012","2026-08-15 09:47:43.162498","/home/akatoki/SC-30/scripts/SC-30/2_phase/motordrive.py","set_values","186","","","","","","","","","","","","","","","","","","","","","","0.49","0.7000000000000001","","","","","","","","","","","","","","","","","","","","","","",""
"1361.775109923","2026-08-15 09:47:43.194197","/home/akatoki/SC-30/scripts/SC-30/2_phase/motordrive.py","set_values","186","","","","","","","","","","","","","","","","","","","","","","0.5599999999999999","0.8","","","","","","","","","","","","","","","","","","","","","","",""
"1361.806840074","2026-08-15 09:47:43.225928","/home/akatoki/SC-30/scripts/SC-30/2_phase/motordrive.py","set_values","186","","","","","","","","","","","","","","","","","","","","","","0.63","0.9","","","","","","","","","","","","","","","","","","","","","","",""
"1361.839059408","2026-08-15 09:47:43.258148","/home/akatoki/SC-30/scripts/SC-30/2_phase/motordrive.py","set_values","186","","","","","","","","","","","","","","","","","","","","","","0.7","1.0","","","","","","","","","","","","","","","","","","","","","","",""
"1361.870825862","2026-08-15 09:47:43.289939","/home/akatoki/SC-30/scripts/SC-30/2_phase/motordrive.py","set_values","186","","","","","","","","","","","","","","","","","","","","","","0.7","1.0","","","","","","","","","","","","","","","","","","","","","","",""
"1363.602472213","2026-08-15 09:47:45.021563","/home/akatoki/SC-30/scripts/SC-30/2_phase/motordrive.py","stop","120","","","","stop: power_r=1.0, power_l=0.7","","","","","","","","","","","","","","","","","","","","","","","","","","","","","","","","","","","","","","","","","",""
"1364.183891618","2026-08-15 09:47:45.602990","/home/akatoki/SC-30/scripts/SC-30/2_phase/motordrive.py","stop","134","","","","","","","","","","","","","","","","","","","","","","0.0","0.0","","","","","","","","","","","","","","","","","","","","","","",""
"1364.788669346","2026-08-15 09:47:46.207775","/home/akatoki/SC-30/scripts/SC-30/2_phase/EM.py","log_msg","93","","","","スタック復帰終了","","","","","","","","","","","","","","","","","","","","","","","","","","","","","","","","","","","","","","","","","",""
"1365.463870122","2026-08-15 09:47:46.882974","/home/akatoki/SC-30/scripts/SC-30/2_phase/EM.py","log_msg","93","","","GPS取得失敗 1/30","","","","","","","","","","","","","","","","","","","","","","","","","","","","","","","","","","","","","","","","","","",""
"1366.977664663","2026-08-15 09:47:48.396751","/home/akatoki/SC-30/scripts/SC-30/2_phase/EM.py","log_msg","93","","","","","","","","40.14272583333333","","","","","","","","","","","","","","","","","","","","","","","","","","","","","","","","","","","","","",""
"1366.982096735","2026-08-15 09:47:48.401184","/home/akatoki/SC-30/scripts/SC-30/2_phase/EM.py","log_msg","93","","","","","","","","","139.987352","","","","","","","","","","","","","","","","","","","","","","","","","","","","","","","","","","","","",""
"1366.985596016","2026-08-15 09:47:48.404680","/home/akatoki/SC-30/scripts/SC-30/2_phase/EM.py","log_msg","93","","","","","","","","","","","","","","","","","","","","","","","","","","","32.779247810928084","","","","","","","","","","","","","","","","","","",""
"1366.988899926","2026-08-15 09:47:48.407987","/home/akatoki/SC-30/scripts/SC-30/2_phase/EM.py","log_msg","93","","","","","","","","","","","","","","","","","","","","","","","","","","-1.04156350143557","","","","","","","","","","","","","","","","","","","",""
"1366.992166699","2026-08-15 09:47:48.411261","/home/akatoki/SC-30/scripts/SC-30/2_phase/EM.py","log_msg","93","","","","ゴールまでの距離: 32.78 m / 角度差: -59.7度","","","","","","","","","","","","","","","","","","","","","","","","","","","","","","","","","","","","","","","","","",""
"1366.999275578","2026-08-15 09:47:48.418394","/home/akatoki/SC-30/scripts/SC-30/2_phase/EM.py","log_msg","93","","","","ゴール方向へ旋回","","","","","","","","","","","","","","","","","","","","","","","","","","","","","","","","","","","","","","","","","",""
"1367.002537819","2026-08-15 09:47:48.421631","/home/akatoki/SC-30/scripts/SC-30/2_phase/EM.py","log_msg","93","","","","旋回します (角度差: -59.7度, 0.30秒駆動)","","","","","","","","","","","","","","","","","","","","","","","","","","","","","","","","","","","","","","","","","",""
"1367.005926993","2026-08-15 09:47:48.425015","/home/akatoki/SC-30/scripts/SC-30/2_phase/motordrive.py","move","150","","","","move: direction=e, power=1.0, duration=0.3","","","","","","","","","","","","","","","","","","","","","","","","","","","","","","","","","","","","","","","","","",""
"1367.011218363","2026-08-15 09:47:48.430314","/home/akatoki/SC-30/scripts/SC-30/2_phase/motordrive.py","set_values","186","","","","","","","","","","","","","","","","","","","","","","0.0","-0.0","","","","","","","","","","","","","","","","","","","","","","",""
"1367.041897022","2026-08-15 09:47:48.460984","/home/akatoki/SC-30/scripts/SC-30/2_phase/motordrive.py","set_values","186","","","","","","","","","","","","","","","","","","","","","","0.1","-0.1","","","","","","","","","","","","","","","","","","","","","","",""
"1367.073458834","2026-08-15 09:47:48.492546","/home/akatoki/SC-30/scripts/SC-30/2_phase/motordrive.py","set_values","186","","","","","","","","","","","","","","","","","","","","","","0.2","-0.2","","","","","","","","","","","","","","","","","","","","","","",""
"1367.105443316","2026-08-15 09:47:48.524530","/home/akatoki/SC-30/scripts/SC-30/2_phase/motordrive.py","set_values","186","","","","","","","","","","","","","","","","","","","","","","0.30000000000000004","-0.30000000000000004","","","","","","","","","","","","","","","","","","","","","","",""
"1367.137344931","2026-08-15 09:47:48.556433","/home/akatoki/SC-30/scripts/SC-30/2_phase/motordrive.py","set_values","186","","","","","","","","","","","","","","","","","","","","","","0.4","-0.4","","","","","","","","","","","","","","","","","","","","","","",""
"1367.174476405","2026-08-15 09:47:48.593565","/home/akatoki/SC-30/scripts/SC-30/2_phase/motordrive.py","set_values","186","","","","","","","","","","","","","","","","","","","","","","0.5","-0.5","","","","","","","","","","","","","","","","","","","","","","",""
"1367.206411823","2026-08-15 09:47:48.625500","/home/akatoki/SC-30/scripts/SC-30/2_phase/motordrive.py","set_values","186","","","","","","","","","","","","","","","","","","","","","","0.6000000000000001","-0.6000000000000001","","","","","","","","","","","","","","","","","","","","","","",""
"1367.239764475","2026-08-15 09:47:48.658853","/home/akatoki/SC-30/scripts/SC-30/2_phase/motordrive.py","set_values","186","","","","","","","","","","","","","","","","","","","","","","0.7000000000000001","-0.7000000000000001","","","","","","","","","","","","","","","","","","","","","","",""
"1367.271738592","2026-08-15 09:47:48.690828","/home/akatoki/SC-30/scripts/SC-30/2_phase/motordrive.py","set_values","186","","","","","","","","","","","","","","","","","","","","","","0.8","-0.8","","","","","","","","","","","","","","","","","","","","","","",""
"1367.303757555","2026-08-15 09:47:48.722845","/home/akatoki/SC-30/scripts/SC-30/2_phase/motordrive.py","set_values","186","","","","","","","","","","","","","","","","","","","","","","0.9","-0.9","","","","","","","","","","","","","","","","","","","","","","",""
"1367.335682452","2026-08-15 09:47:48.754777","/home/akatoki/SC-30/scripts/SC-30/2_phase/motordrive.py","set_values","186","","","","","","","","","","","","","","","","","","","","","","1.0","-1.0","","","","","","","","","","","","","","","","","","","","","","",""
"1367.372239271","2026-08-15 09:47:48.791334","/home/akatoki/SC-30/scripts/SC-30/2_phase/motordrive.py","set_values","186","","","","","","","","","","","","","","","","","","","","","","1.0","-1.0","","","","","","","","","","","","","","","","","","","","","","",""
"1367.403634827","2026-08-15 09:47:48.822732","/home/akatoki/SC-30/scripts/SC-30/2_phase/motordrive.py","stop","120","","","","stop: power_r=-1.0, power_l=1.0","","","","","","","","","","","","","","","","","","","","","","","","","","","","","","","","","","","","","","","","","",""
"1367.98840208","2026-08-15 09:47:49.407497","/home/akatoki/SC-30/scripts/SC-30/2_phase/motordrive.py","stop","134","","","","","","","","","","","","","","","","","","","","","","0.0","0.0","","","","","","","","","","","","","","","","","","","","","","",""
"1368.092922336","2026-08-15 09:47:49.512028","/home/akatoki/SC-30/scripts/SC-30/2_phase/EM.py","log_msg","93","","","","5秒前進","","","","","","","","","","","","","","","","","","","","","","","","","","","","","","","","","","","","","","","","","",""
"1368.09836397","2026-08-15 09:47:49.517462","/home/akatoki/SC-30/scripts/SC-30/2_phase/motordrive.py","move","150","","","","move: direction=w, power=1.0, duration=15","","","","","","","","","","","","","","","","","","","","","","","","","","","","","","","","","","","","","","","","","",""
"1368.104285776","2026-08-15 09:47:49.523383","/home/akatoki/SC-30/scripts/SC-30/2_phase/motordrive.py","set_values","186","","","","","","","","","","","","","","","","","","","","","","0.0","0.0","","","","","","","","","","","","","","","","","","","","","","",""
"1368.135351416","2026-08-15 09:47:49.554440","/home/akatoki/SC-30/scripts/SC-30/2_phase/motordrive.py","set_values","186","","","","","","","","","","","","","","","","","","","","","","0.06999999999999999","0.1","","","","","","","","","","","","","","","","","","","","","","",""
"1368.167196509","2026-08-15 09:47:49.586284","/home/akatoki/SC-30/scripts/SC-30/2_phase/motordrive.py","set_values","186","","","","","","","","","","","","","","","","","","","","","","0.13999999999999999","0.2","","","","","","","","","","","","","","","","","","","","","","",""
"1368.204331772","2026-08-15 09:47:49.623421","/home/akatoki/SC-30/scripts/SC-30/2_phase/motordrive.py","set_values","186","","","","","","","","","","","","","","","","","","","","","","0.21000000000000002","0.30000000000000004","","","","","","","","","","","","","","","","","","","","","","",""
"1368.236514375","2026-08-15 09:47:49.655602","/home/akatoki/SC-30/scripts/SC-30/2_phase/motordrive.py","set_values","186","","","","","","","","","","","","","","","","","","","","","","0.27999999999999997","0.4","","","","","","","","","","","","","","","","","","","","","","",""
"1368.269764826","2026-08-15 09:47:49.688853","/home/akatoki/SC-30/scripts/SC-30/2_phase/motordrive.py","set_values","186","","","","","","","","","","","","","","","","","","","","","","0.35","0.5","","","","","","","","","","","","","","","","","","","","","","",""
"1368.301743777","2026-08-15 09:47:49.720832","/home/akatoki/SC-30/scripts/SC-30/2_phase/motordrive.py","set_values","186","","","","","","","","","","","","","","","","","","","","","","0.42000000000000004","0.6000000000000001","","","","","","","","","","","","","","","","","","","","","","",""
"1368.333667622","2026-08-15 09:47:49.752755","/home/akatoki/SC-30/scripts/SC-30/2_phase/motordrive.py","set_values","186","","","","","","","","","","","","","","","","","","","","","","0.49","0.7000000000000001","","","","","","","","","","","","","","","","","","","","","","",""
"1368.365642406","2026-08-15 09:47:49.784731","/home/akatoki/SC-30/scripts/SC-30/2_phase/motordrive.py","set_values","186","","","","","","","","","","","","","","","","","","","","","","0.5599999999999999","0.8","","","","","","","","","","","","","","","","","","","","","","",""
"1368.402551672","2026-08-15 09:47:49.821639","/home/akatoki/SC-30/scripts/SC-30/2_phase/motordrive.py","set_values","186","","","","","","","","","","","","","","","","","","","","","","0.63","0.9","","","","","","","","","","","","","","","","","","","","","","",""
"1368.434405984","2026-08-15 09:47:49.853494","/home/akatoki/SC-30/scripts/SC-30/2_phase/motordrive.py","set_values","186","","","","","","","","","","","","","","","","","","","","","","0.7","1.0","","","","","","","","","","","","","","","","","","","","","","",""
"1368.465897783","2026-08-15 09:47:49.884985","/home/akatoki/SC-30/scripts/SC-30/2_phase/motordrive.py","set_values","186","","","","","","","","","","","","","","","","","","","","","","0.7","1.0","","","","","","","","","","","","","","","","","","","","","","",""
"1383.197283375","2026-08-15 09:48:04.616374","/home/akatoki/SC-30/scripts/SC-30/2_phase/motordrive.py","stop","120","","","","stop: power_r=1.0, power_l=0.7","","","","","","","","","","","","","","","","","","","","","","","","","","","","","","","","","","","","","","","","","",""
"1383.780110309","2026-08-15 09:48:05.199207","/home/akatoki/SC-30/scripts/SC-30/2_phase/motordrive.py","stop","134","","","","","","","","","","","","","","","","","","","","","","0.0","0.0","","","","","","","","","","","","","","","","","","","","","","",""
"1383.895148089","2026-08-15 09:48:05.314253","/home/akatoki/SC-30/scripts/SC-30/2_phase/EM.py","log_msg","93","","","","forward_with_stack_check stacked=False","","","","","","","","","","","","","","","","","","","","","","","","","","","","","","","","","","","","","","","","","",""
"1384.505120854","2026-08-15 09:48:05.924225","/home/akatoki/SC-30/scripts/SC-30/2_phase/EM.py","log_msg","93","","","GPS取得失敗 1/30","","","","","","","","","","","","","","","","","","","","","","","","","","","","","","","","","","","","","","","","","","",""
"1386.479475016","2026-08-15 09:48:07.898563","/home/akatoki/SC-30/scripts/SC-30/2_phase/EM.py","log_msg","93","","","","","","","","40.1427345","","","","","","","","","","","","","","","","","","","","","","","","","","","","","","","","","","","","","",""
"1386.489102878","2026-08-15 09:48:07.908191","/home/akatoki/SC-30/scripts/SC-30/2_phase/EM.py","log_msg","93","","","","","","","","","139.9873455","","","","","","","","","","","","","","","","","","","","","","","","","","","","","","","","","","","","",""
"1386.492635889","2026-08-15 09:48:07.911721","/home/akatoki/SC-30/scripts/SC-30/2_phase/EM.py","log_msg","93","","","","","","","","","","","","","","","","","","","","","","","","","","","33.62814500642703","","","","","","","","","","","","","","","","","","",""
"1386.496390416","2026-08-15 09:48:07.915479","/home/akatoki/SC-30/scripts/SC-30/2_phase/EM.py","log_msg","93","","","","","","","","","","","","","","","","","","","","","","","","","","-2.451820564255448","","","","","","","","","","","","","","","","","","","",""
"1386.501073302","2026-08-15 09:48:07.920170","/home/akatoki/SC-30/scripts/SC-30/2_phase/EM.py","log_msg","93","","","","ゴールまでの距離: 33.63 m / 角度差: -140.5度","","","","","","","","","","","","","","","","","","","","","","","","","","","","","","","","","","","","","","","","","",""
"1386.504520008","2026-08-15 09:48:07.923618","/home/akatoki/SC-30/scripts/SC-30/2_phase/EM.py","log_msg","93","","","","ゴール方向へ旋回","","","","","","","","","","","","","","","","","","","","","","","","","","","","","","","","","","","","","","","","","",""
"1386.507952652","2026-08-15 09:48:07.927047","/home/akatoki/SC-30/scripts/SC-30/2_phase/EM.py","log_msg","93","","","","旋回します (角度差: -140.5度, 0.52秒駆動)","","","","","","","","","","","","","","","","","","","","","","","","","","","","","","","","","","","","","","","","","",""
"1386.514504182","2026-08-15 09:48:07.933593","/home/akatoki/SC-30/scripts/SC-30/2_phase/motordrive.py","move","150","","","","move: direction=e, power=1.0, duration=0.520292483167486","","","","","","","","","","","","","","","","","","","","","","","","","","","","","","","","","","","","","","","","","",""
"1386.520211522","2026-08-15 09:48:07.939310","/home/akatoki/SC-30/scripts/SC-30/2_phase/motordrive.py","set_values","186","","","","","","","","","","","","","","","","","","","","","","0.0","-0.0","","","","","","","","","","","","","","","","","","","","","","",""
"1386.551503139","2026-08-15 09:48:07.970592","/home/akatoki/SC-30/scripts/SC-30/2_phase/motordrive.py","set_values","186","","","","","","","","","","","","","","","","","","","","","","0.1","-0.1","","","","","","","","","","","","","","","","","","","","","","",""
"1386.583445087","2026-08-15 09:48:08.002532","/home/akatoki/SC-30/scripts/SC-30/2_phase/motordrive.py","set_values","186","","","","","","","","","","","","","","","","","","","","","","0.2","-0.2","","","","","","","","","","","","","","","","","","","","","","",""
"1386.615260773","2026-08-15 09:48:08.034348","/home/akatoki/SC-30/scripts/SC-30/2_phase/motordrive.py","set_values","186","","","","","","","","","","","","","","","","","","","","","","0.30000000000000004","-0.30000000000000004","","","","","","","","","","","","","","","","","","","","","","",""
"1386.647015726","2026-08-15 09:48:08.066103","/home/akatoki/SC-30/scripts/SC-30/2_phase/motordrive.py","set_values","186","","","","","","","","","","","","","","","","","","","","","","0.4","-0.4","","","","","","","","","","","","","","","","","","","","","","",""
"1386.67928861","2026-08-15 09:48:08.098378","/home/akatoki/SC-30/scripts/SC-30/2_phase/motordrive.py","set_values","186","","","","","","","","","","","","","","","","","","","","","","0.5","-0.5","","","","","","","","","","","","","","","","","","","","","","",""
"1386.711834939","2026-08-15 09:48:08.130924","/home/akatoki/SC-30/scripts/SC-30/2_phase/motordrive.py","set_values","186","","","","","","","","","","","","","","","","","","","","","","0.6000000000000001","-0.6000000000000001","","","","","","","","","","","","","","","","","","","","","","",""
"1386.749659272","2026-08-15 09:48:08.168749","/home/akatoki/SC-30/scripts/SC-30/2_phase/motordrive.py","set_values","186","","","","","","","","","","","","","","","","","","","","","","0.7000000000000001","-0.7000000000000001","","","","","","","","","","","","","","","","","","","","","","",""
"1386.781949761","2026-08-15 09:48:08.201037","/home/akatoki/SC-30/scripts/SC-30/2_phase/motordrive.py","set_values","186","","","","","","","","","","","","","","","","","","","","","","0.8","-0.8","","","","","","","","","","","","","","","","","","","","","","",""
"1386.813939929","2026-08-15 09:48:08.233027","/home/akatoki/SC-30/scripts/SC-30/2_phase/motordrive.py","set_values","186","","","","","","","","","","","","","","","","","","","","","","0.9","-0.9","","","","","","","","","","","","","","","","","","","","","","",""
"1386.845961348","2026-08-15 09:48:08.265055","/home/akatoki/SC-30/scripts/SC-30/2_phase/motordrive.py","set_values","186","","","","","","","","","","","","","","","","","","","","","","1.0","-1.0","","","","","","","","","","","","","","","","","","","","","","",""
"1386.87887076","2026-08-15 09:48:08.297965","/home/akatoki/SC-30/scripts/SC-30/2_phase/motordrive.py","set_values","186","","","","","","","","","","","","","","","","","","","","","","1.0","-1.0","","","","","","","","","","","","","","","","","","","","","","",""
"1387.130909191","2026-08-15 09:48:08.550007","/home/akatoki/SC-30/scripts/SC-30/2_phase/motordrive.py","stop","120","","","","stop: power_r=-1.0, power_l=1.0","","","","","","","","","","","","","","","","","","","","","","","","","","","","","","","","","","","","","","","","","",""
"1387.719050318","2026-08-15 09:48:09.138148","/home/akatoki/SC-30/scripts/SC-30/2_phase/motordrive.py","stop","134","","","","","","","","","","","","","","","","","","","","","","0.0","0.0","","","","","","","","","","","","","","","","","","","","","","",""
"1387.823705396","2026-08-15 09:48:09.242810","/home/akatoki/SC-30/scripts/SC-30/2_phase/EM.py","log_msg","93","","","","5秒前進","","","","","","","","","","","","","","","","","","","","","","","","","","","","","","","","","","","","","","","","","",""
"1387.829156008","2026-08-15 09:48:09.248253","/home/akatoki/SC-30/scripts/SC-30/2_phase/motordrive.py","move","150","","","","move: direction=w, power=1.0, duration=15","","","","","","","","","","","","","","","","","","","","","","","","","","","","","","","","","","","","","","","","","",""
"1387.835161685","2026-08-15 09:48:09.254259","/home/akatoki/SC-30/scripts/SC-30/2_phase/motordrive.py","set_values","186","","","","","","","","","","","","","","","","","","","","","","0.0","0.0","","","","","","","","","","","","","","","","","","","","","","",""
"1387.866603444","2026-08-15 09:48:09.285692","/home/akatoki/SC-30/scripts/SC-30/2_phase/motordrive.py","set_values","186","","","","","","","","","","","","","","","","","","","","","","0.06999999999999999","0.1","","","","","","","","","","","","","","","","","","","","","","",""
"1387.898327242","2026-08-15 09:48:09.317414","/home/akatoki/SC-30/scripts/SC-30/2_phase/motordrive.py","set_values","186","","","","","","","","","","","","","","","","","","","","","","0.13999999999999999","0.2","","","","","","","","","","","","","","","","","","","","","","",""
"1387.930095312","2026-08-15 09:48:09.349183","/home/akatoki/SC-30/scripts/SC-30/2_phase/motordrive.py","set_values","186","","","","","","","","","","","","","","","","","","","","","","0.21000000000000002","0.30000000000000004","","","","","","","","","","","","","","","","","","","","","","",""
"1387.961772754","2026-08-15 09:48:09.380859","/home/akatoki/SC-30/scripts/SC-30/2_phase/motordrive.py","set_values","186","","","","","","","","","","","","","","","","","","","","","","0.27999999999999997","0.4","","","","","","","","","","","","","","","","","","","","","","",""
"1387.998400846","2026-08-15 09:48:09.417487","/home/akatoki/SC-30/scripts/SC-30/2_phase/motordrive.py","set_values","186","","","","","","","","","","","","","","","","","","","","","","0.35","0.5","","","","","","","","","","","","","","","","","","","","","","",""
"1388.029969223","2026-08-15 09:48:09.449056","/home/akatoki/SC-30/scripts/SC-30/2_phase/motordrive.py","set_values","186","","","","","","","","","","","","","","","","","","","","","","0.42000000000000004","0.6000000000000001","","","","","","","","","","","","","","","","","","","","","","",""
"1388.061423326","2026-08-15 09:48:09.480510","/home/akatoki/SC-30/scripts/SC-30/2_phase/motordrive.py","set_values","186","","","","","","","","","","","","","","","","","","","","","","0.49","0.7000000000000001","","","","","","","","","","","","","","","","","","","","","","",""
"1388.093457653","2026-08-15 09:48:09.512547","/home/akatoki/SC-30/scripts/SC-30/2_phase/motordrive.py","set_values","186","","","","","","","","","","","","","","","","","","","","","","0.5599999999999999","0.8","","","","","","","","","","","","","","","","","","","","","","",""
"1388.126750971","2026-08-15 09:48:09.545839","/home/akatoki/SC-30/scripts/SC-30/2_phase/motordrive.py","set_values","186","","","","","","","","","","","","","","","","","","","","","","0.63","0.9","","","","","","","","","","","","","","","","","","","","","","",""
"1388.158596073","2026-08-15 09:48:09.577684","/home/akatoki/SC-30/scripts/SC-30/2_phase/motordrive.py","set_values","186","","","","","","","","","","","","","","","","","","","","","","0.7","1.0","","","","","","","","","","","","","","","","","","","","","","",""
"1388.194999941","2026-08-15 09:48:09.614088","/home/akatoki/SC-30/scripts/SC-30/2_phase/motordrive.py","set_values","186","","","","","","","","","","","","","","","","","","","","","","0.7","1.0","","","","","","","","","","","","","","","","","","","","","","",""
"1402.926475904","2026-08-15 09:48:24.345567","/home/akatoki/SC-30/scripts/SC-30/2_phase/motordrive.py","stop","120","","","","stop: power_r=1.0, power_l=0.7","","","","","","","","","","","","","","","","","","","","","","","","","","","","","","","","","","","","","","","","","",""
"1403.50742793","2026-08-15 09:48:24.926526","/home/akatoki/SC-30/scripts/SC-30/2_phase/motordrive.py","stop","134","","","","","","","","","","","","","","","","","","","","","","0.0","0.0","","","","","","","","","","","","","","","","","","","","","","",""
"1403.619543018","2026-08-15 09:48:25.038647","/home/akatoki/SC-30/scripts/SC-30/2_phase/EM.py","log_msg","93","","","","forward_with_stack_check stacked=True","","","","","","","","","","","","","","","","","","","","","","","","","","","","","","","","","","","","","","","","","",""
"1403.624191608","2026-08-15 09:48:25.043293","/home/akatoki/SC-30/scripts/SC-30/2_phase/EM.py","log_msg","93","","","スタック検知","","","","","","","","","","","","","","","","","","","","","","","","","","","","","","","","","","","","","","","","","","",""
"1403.627637619","2026-08-15 09:48:25.046737","/home/akatoki/SC-30/scripts/SC-30/2_phase/EM.py","log_msg","93","","","","スタック復帰開始","","","","","","","","","","","","","","","","","","","","","","","","","","","","","","","","","","","","","","","","","",""
"1403.635463621","2026-08-15 09:48:25.054565","/home/akatoki/SC-30/scripts/SC-30/2_phase/EM.py","log_msg","93","","","","3秒後退","","","","","","","","","","","","","","","","","","","","","","","","","","","","","","","","","","","","","","","","","",""
"1403.638743848","2026-08-15 09:48:25.057839","/home/akatoki/SC-30/scripts/SC-30/2_phase/motordrive.py","move","150","","","","move: direction=s, power=1.0, duration=3.0","","","","","","","","","","","","","","","","","","","","","","","","","","","","","","","","","","","","","","","","","",""
"1403.64428256","2026-08-15 09:48:25.063381","/home/akatoki/SC-30/scripts/SC-30/2_phase/motordrive.py","set_values","186","","","","","","","","","","","","","","","","","","","","","","-0.0","-0.0","","","","","","","","","","","","","","","","","","","","","","",""
"1403.675403542","2026-08-15 09:48:25.094493","/home/akatoki/SC-30/scripts/SC-30/2_phase/motordrive.py","set_values","186","","","","","","","","","","","","","","","","","","","","","","-0.1","-0.1","","","","","","","","","","","","","","","","","","","","","","",""
"1403.70747819","2026-08-15 09:48:25.126566","/home/akatoki/SC-30/scripts/SC-30/2_phase/motordrive.py","set_values","186","","","","","","","","","","","","","","","","","","","","","","-0.2","-0.2","","","","","","","","","","","","","","","","","","","","","","",""
"1403.739398824","2026-08-15 09:48:25.158486","/home/akatoki/SC-30/scripts/SC-30/2_phase/motordrive.py","set_values","186","","","","","","","","","","","","","","","","","","","","","","-0.30000000000000004","-0.30000000000000004","","","","","","","","","","","","","","","","","","","","","","",""
"1403.771101693","2026-08-15 09:48:25.190189","/home/akatoki/SC-30/scripts/SC-30/2_phase/motordrive.py","set_values","186","","","","","","","","","","","","","","","","","","","","","","-0.4","-0.4","","","","","","","","","","","","","","","","","","","","","","",""
"1403.808837087","2026-08-15 09:48:25.227925","/home/akatoki/SC-30/scripts/SC-30/2_phase/motordrive.py","set_values","186","","","","","","","","","","","","","","","","","","","","","","-0.5","-0.5","","","","","","","","","","","","","","","","","","","","","","",""
"1403.840574748","2026-08-15 09:48:25.259711","/home/akatoki/SC-30/scripts/SC-30/2_phase/motordrive.py","set_values","186","","","","","","","","","","","","","","","","","","","","","","-0.6000000000000001","-0.6000000000000001","","","","","","","","","","","","","","","","","","","","","","",""
"1403.872351734","2026-08-15 09:48:25.291439","/home/akatoki/SC-30/scripts/SC-30/2_phase/motordrive.py","set_values","186","","","","","","","","","","","","","","","","","","","","","","-0.7000000000000001","-0.7000000000000001","","","","","","","","","","","","","","","","","","","","","","",""
"1403.904048925","2026-08-15 09:48:25.323137","/home/akatoki/SC-30/scripts/SC-30/2_phase/motordrive.py","set_values","186","","","","","","","","","","","","","","","","","","","","","","-0.8","-0.8","","","","","","","","","","","","","","","","","","","","","","",""
"1403.935812316","2026-08-15 09:48:25.354900","/home/akatoki/SC-30/scripts/SC-30/2_phase/motordrive.py","set_values","186","","","","","","","","","","","","","","","","","","","","","","-0.9","-0.9","","","","","","","","","","","","","","","","","","","","","","",""
"1403.967439246","2026-08-15 09:48:25.386532","/home/akatoki/SC-30/scripts/SC-30/2_phase/motordrive.py","set_values","186","","","","","","","","","","","","","","","","","","","","","","-1.0","-1.0","","","","","","","","","","","","","","","","","","","","","","",""
"1403.998695856","2026-08-15 09:48:25.417788","/home/akatoki/SC-30/scripts/SC-30/2_phase/motordrive.py","set_values","186","","","","","","","","","","","","","","","","","","","","","","-1.0","-1.0","","","","","","","","","","","","","","","","","","","","","","",""
"1406.735282464","2026-08-15 09:48:28.154379","/home/akatoki/SC-30/scripts/SC-30/2_phase/motordrive.py","stop","120","","","","stop: power_r=-1.0, power_l=-1.0","","","","","","","","","","","","","","","","","","","","","","","","","","","","","","","","","","","","","","","","","",""
"1407.31715464","2026-08-15 09:48:28.736252","/home/akatoki/SC-30/scripts/SC-30/2_phase/motordrive.py","stop","134","","","","","","","","","","","","","","","","","","","","","","0.0","0.0","","","","","","","","","","","","","","","","","","","","","","",""
"1407.421775239","2026-08-15 09:48:28.840879","/home/akatoki/SC-30/scripts/SC-30/2_phase/EM.py","log_msg","93","","","","60°右旋回","","","","","","","","","","","","","","","","","","","","","","","","","","","","","","","","","","","","","","","","","",""
"1407.426297312","2026-08-15 09:48:28.845393","/home/akatoki/SC-30/scripts/SC-30/2_phase/EM.py","log_msg","93","","","","旋回します (角度差: -60.0度, 0.30秒駆動)","","","","","","","","","","","","","","","","","","","","","","","","","","","","","","","","","","","","","","","","","",""
"1407.429691913","2026-08-15 09:48:28.848781","/home/akatoki/SC-30/scripts/SC-30/2_phase/motordrive.py","move","150","","","","move: direction=e, power=1.0, duration=0.3","","","","","","","","","","","","","","","","","","","","","","","","","","","","","","","","","","","","","","","","","",""
"1407.435179579","2026-08-15 09:48:28.854277","/home/akatoki/SC-30/scripts/SC-30/2_phase/motordrive.py","set_values","186","","","","","","","","","","","","","","","","","","","","","","0.0","-0.0","","","","","","","","","","","","","","","","","","","","","","",""
"1407.466303347","2026-08-15 09:48:28.885392","/home/akatoki/SC-30/scripts/SC-30/2_phase/motordrive.py","set_values","186","","","","","","","","","","","","","","","","","","","","","","0.1","-0.1","","","","","","","","","","","","","","","","","","","","","","",""
"1407.498275413","2026-08-15 09:48:28.917365","/home/akatoki/SC-30/scripts/SC-30/2_phase/motordrive.py","set_values","186","","","","","","","","","","","","","","","","","","","","","","0.2","-0.2","","","","","","","","","","","","","","","","","","","","","","",""
"1407.535829887","2026-08-15 09:48:28.954919","/home/akatoki/SC-30/scripts/SC-30/2_phase/motordrive.py","set_values","186","","","","","","","","","","","","","","","","","","","","","","0.30000000000000004","-0.30000000000000004","","","","","","","","","","","","","","","","","","","","","","",""
"1407.567802995","2026-08-15 09:48:28.986892","/home/akatoki/SC-30/scripts/SC-30/2_phase/motordrive.py","set_values","186","","","","","","","","","","","","","","","","","","","","","","0.4","-0.4","","","","","","","","","","","","","","","","","","","","","","",""
"1407.599764224","2026-08-15 09:48:29.018852","/home/akatoki/SC-30/scripts/SC-30/2_phase/motordrive.py","set_values","186","","","","","","","","","","","","","","","","","","","","","","0.5","-0.5","","","","","","","","","","","","","","","","","","","","","","",""
"1407.631855712","2026-08-15 09:48:29.050945","/home/akatoki/SC-30/scripts/SC-30/2_phase/motordrive.py","set_values","186","","","","","","","","","","","","","","","","","","","","","","0.6000000000000001","-0.6000000000000001","","","","","","","","","","","","","","","","","","","","","","",""
"1407.66387027","2026-08-15 09:48:29.082959","/home/akatoki/SC-30/scripts/SC-30/2_phase/motordrive.py","set_values","186","","","","","","","","","","","","","","","","","","","","","","0.7000000000000001","-0.7000000000000001","","","","","","","","","","","","","","","","","","","","","","",""
"1407.69592582","2026-08-15 09:48:29.115015","/home/akatoki/SC-30/scripts/SC-30/2_phase/motordrive.py","set_values","186","","","","","","","","","","","","","","","","","","","","","","0.8","-0.8","","","","","","","","","","","","","","","","","","","","","","",""
"1407.732876208","2026-08-15 09:48:29.151965","/home/akatoki/SC-30/scripts/SC-30/2_phase/motordrive.py","set_values","186","","","","","","","","","","","","","","","","","","","","","","0.9","-0.9","","","","","","","","","","","","","","","","","","","","","","",""
"1407.765051187","2026-08-15 09:48:29.184147","/home/akatoki/SC-30/scripts/SC-30/2_phase/motordrive.py","set_values","186","","","","","","","","","","","","","","","","","","","","","","1.0","-1.0","","","","","","","","","","","","","","","","","","","","","","",""
"1407.796901419","2026-08-15 09:48:29.215997","/home/akatoki/SC-30/scripts/SC-30/2_phase/motordrive.py","set_values","186","","","","","","","","","","","","","","","","","","","","","","1.0","-1.0","","","","","","","","","","","","","","","","","","","","","","",""
"1407.828241694","2026-08-15 09:48:29.247337","/home/akatoki/SC-30/scripts/SC-30/2_phase/motordrive.py","stop","120","","","","stop: power_r=-1.0, power_l=1.0","","","","","","","","","","","","","","","","","","","","","","","","","","","","","","","","","","","","","","","","","",""
"1408.408751807","2026-08-15 09:48:29.827849","/home/akatoki/SC-30/scripts/SC-30/2_phase/motordrive.py","stop","134","","","","","","","","","","","","","","","","","","","","","","0.0","0.0","","","","","","","","","","","","","","","","","","","","","","",""
"1409.49941493","2026-08-15 09:48:30.918502","/home/akatoki/SC-30/scripts/SC-30/2_phase/EM.py","log_msg","93","","","","","","","","40.142742166666665","","","","","","","","","","","","","","","","","","","","","","","","","","","","","","","","","","","","","",""
"1409.504047939","2026-08-15 09:48:30.923140","/home/akatoki/SC-30/scripts/SC-30/2_phase/EM.py","log_msg","93","","","","","","","","","139.98734716666667","","","","","","","","","","","","","","","","","","","","","","","","","","","","","","","","","","","","",""
"1409.507460716","2026-08-15 09:48:30.926557","/home/akatoki/SC-30/scripts/SC-30/2_phase/EM.py","log_msg","93","","","","2秒前進","","","","","","","","","","","","","","","","","","","","","","","","","","","","","","","","","","","","","","","","","",""
"1409.515241081","2026-08-15 09:48:30.934335","/home/akatoki/SC-30/scripts/SC-30/2_phase/motordrive.py","move","150","","","","move: direction=w, power=1.0, duration=2.0","","","","","","","","","","","","","","","","","","","","","","","","","","","","","","","","","","","","","","","","","",""
"1409.522133251","2026-08-15 09:48:30.941230","/home/akatoki/SC-30/scripts/SC-30/2_phase/motordrive.py","set_values","186","","","","","","","","","","","","","","","","","","","","","","0.0","0.0","","","","","","","","","","","","","","","","","","","","","","",""
"1409.553562581","2026-08-15 09:48:30.972650","/home/akatoki/SC-30/scripts/SC-30/2_phase/motordrive.py","set_values","186","","","","","","","","","","","","","","","","","","","","","","0.06999999999999999","0.1","","","","","","","","","","","","","","","","","","","","","","",""
"1409.585689685","2026-08-15 09:48:31.004778","/home/akatoki/SC-30/scripts/SC-30/2_phase/motordrive.py","set_values","186","","","","","","","","","","","","","","","","","","","","","","0.13999999999999999","0.2","","","","","","","","","","","","","","","","","","","","","","",""
"1409.617746779","2026-08-15 09:48:31.036836","/home/akatoki/SC-30/scripts/SC-30/2_phase/motordrive.py","set_values","186","","","","","","","","","","","","","","","","","","","","","","0.21000000000000002","0.30000000000000004","","","","","","","","","","","","","","","","","","","","","","",""
"1409.665868254","2026-08-15 09:48:31.084960","/home/akatoki/SC-30/scripts/SC-30/2_phase/motordrive.py","set_values","186","","","","","","","","","","","","","","","","","","","","","","0.27999999999999997","0.4","","","","","","","","","","","","","","","","","","","","","","",""
"1409.702602889","2026-08-15 09:48:31.121691","/home/akatoki/SC-30/scripts/SC-30/2_phase/motordrive.py","set_values","186","","","","","","","","","","","","","","","","","","","","","","0.35","0.5","","","","","","","","","","","","","","","","","","","","","","",""
"1409.734616805","2026-08-15 09:48:31.153704","/home/akatoki/SC-30/scripts/SC-30/2_phase/motordrive.py","set_values","186","","","","","","","","","","","","","","","","","","","","","","0.42000000000000004","0.6000000000000001","","","","","","","","","","","","","","","","","","","","","","",""
"1409.766446499","2026-08-15 09:48:31.185533","/home/akatoki/SC-30/scripts/SC-30/2_phase/motordrive.py","set_values","186","","","","","","","","","","","","","","","","","","","","","","0.49","0.7000000000000001","","","","","","","","","","","","","","","","","","","","","","",""
"1409.798316974","2026-08-15 09:48:31.217404","/home/akatoki/SC-30/scripts/SC-30/2_phase/motordrive.py","set_values","186","","","","","","","","","","","","","","","","","","","","","","0.5599999999999999","0.8","","","","","","","","","","","","","","","","","","","","","","",""
"1409.830182085","2026-08-15 09:48:31.249270","/home/akatoki/SC-30/scripts/SC-30/2_phase/motordrive.py","set_values","186","","","","","","","","","","","","","","","","","","","","","","0.63","0.9","","","","","","","","","","","","","","","","","","","","","","",""
"1409.862072874","2026-08-15 09:48:31.281160","/home/akatoki/SC-30/scripts/SC-30/2_phase/motordrive.py","set_values","186","","","","","","","","","","","","","","","","","","","","","","0.7","1.0","","","","","","","","","","","","","","","","","","","","","","",""
"1409.893739388","2026-08-15 09:48:31.312827","/home/akatoki/SC-30/scripts/SC-30/2_phase/motordrive.py","set_values","186","","","","","","","","","","","","","","","","","","","","","","0.7","1.0","","","","","","","","","","","","","","","","","","","","","","",""
"1411.625389266","2026-08-15 09:48:33.044480","/home/akatoki/SC-30/scripts/SC-30/2_phase/motordrive.py","stop","120","","","","stop: power_r=1.0, power_l=0.7","","","","","","","","","","","","","","","","","","","","","","","","","","","","","","","","","","","","","","","","","",""
"1412.21190016","2026-08-15 09:48:33.630997","/home/akatoki/SC-30/scripts/SC-30/2_phase/motordrive.py","stop","134","","","","","","","","","","","","","","","","","","","","","","0.0","0.0","","","","","","","","","","","","","","","","","","","","","","",""
"1412.816683532","2026-08-15 09:48:34.235790","/home/akatoki/SC-30/scripts/SC-30/2_phase/EM.py","log_msg","93","","","","スタック復帰終了","","","","","","","","","","","","","","","","","","","","","","","","","","","","","","","","","","","","","","","","","",""
"1413.468918433","2026-08-15 09:48:34.888023","/home/akatoki/SC-30/scripts/SC-30/2_phase/EM.py","log_msg","93","","","GPS取得失敗 1/30","","","","","","","","","","","","","","","","","","","","","","","","","","","","","","","","","","","","","","","","","","",""
"1415.462220642","2026-08-15 09:48:36.881308","/home/akatoki/SC-30/scripts/SC-30/2_phase/EM.py","log_msg","93","","","","","","","","40.1427405","","","","","","","","","","","","","","","","","","","","","","","","","","","","","","","","","","","","","",""
"1415.466702913","2026-08-15 09:48:36.885791","/home/akatoki/SC-30/scripts/SC-30/2_phase/EM.py","log_msg","93","","","","","","","","","139.987348","","","","","","","","","","","","","","","","","","","","","","","","","","","","","","","","","","","","",""
"1415.470353501","2026-08-15 09:48:36.889439","/home/akatoki/SC-30/scripts/SC-30/2_phase/EM.py","log_msg","93","","","","","","","","","","","","","","","","","","","","","","","","","","","33.66982933809777","","","","","","","","","","","","","","","","","","",""
"1415.478115832","2026-08-15 09:48:36.897204","/home/akatoki/SC-30/scripts/SC-30/2_phase/EM.py","log_msg","93","","","","","","","","","","","","","","","","","","","","","","","","","","0.8248996845261602","","","","","","","","","","","","","","","","","","","",""
"1415.481356881","2026-08-15 09:48:36.900452","/home/akatoki/SC-30/scripts/SC-30/2_phase/EM.py","log_msg","93","","","","ゴールまでの距離: 33.67 m / 角度差: 47.3度","","","","","","","","","","","","","","","","","","","","","","","","","","","","","","","","","","","","","","","","","",""
"1415.484703037","2026-08-15 09:48:36.903802","/home/akatoki/SC-30/scripts/SC-30/2_phase/EM.py","log_msg","93","","","","ゴール方向へ旋回","","","","","","","","","","","","","","","","","","","","","","","","","","","","","","","","","","","","","","","","","",""
"1415.488196487","2026-08-15 09:48:36.907290","/home/akatoki/SC-30/scripts/SC-30/2_phase/EM.py","log_msg","93","","","","旋回します (角度差: 47.3度, 0.30秒駆動)","","","","","","","","","","","","","","","","","","","","","","","","","","","","","","","","","","","","","","","","","",""
"1415.491611915","2026-08-15 09:48:36.910701","/home/akatoki/SC-30/scripts/SC-30/2_phase/motordrive.py","move","150","","","","move: direction=q, power=1.0, duration=0.3","","","","","","","","","","","","","","","","","","","","","","","","","","","","","","","","","","","","","","","","","",""
"1415.497285926","2026-08-15 09:48:36.916383","/home/akatoki/SC-30/scripts/SC-30/2_phase/motordrive.py","set_values","186","","","","","","","","","","","","","","","","","","","","","","-0.0","0.0","","","","","","","","","","","","","","","","","","","","","","",""
"1415.528401657","2026-08-15 09:48:36.947490","/home/akatoki/SC-30/scripts/SC-30/2_phase/motordrive.py","set_values","186","","","","","","","","","","","","","","","","","","","","","","-0.1","0.1","","","","","","","","","","","","","","","","","","","","","","",""
"1415.560111201","2026-08-15 09:48:36.979200","/home/akatoki/SC-30/scripts/SC-30/2_phase/motordrive.py","set_values","186","","","","","","","","","","","","","","","","","","","","","","-0.2","0.2","","","","","","","","","","","","","","","","","","","","","","",""
"1415.596520776","2026-08-15 09:48:37.015608","/home/akatoki/SC-30/scripts/SC-30/2_phase/motordrive.py","set_values","186","","","","","","","","","","","","","","","","","","","","","","-0.30000000000000004","0.30000000000000004","","","","","","","","","","","","","","","","","","","","","","",""
"1415.628099685","2026-08-15 09:48:37.047188","/home/akatoki/SC-30/scripts/SC-30/2_phase/motordrive.py","set_values","186","","","","","","","","","","","","","","","","","","","","","","-0.4","0.4","","","","","","","","","","","","","","","","","","","","","","",""
"1415.660108653","2026-08-15 09:48:37.079198","/home/akatoki/SC-30/scripts/SC-30/2_phase/motordrive.py","set_values","186","","","","","","","","","","","","","","","","","","","","","","-0.5","0.5","","","","","","","","","","","","","","","","","","","","","","",""
"1415.693657597","2026-08-15 09:48:37.112747","/home/akatoki/SC-30/scripts/SC-30/2_phase/motordrive.py","set_values","186","","","","","","","","","","","","","","","","","","","","","","-0.6000000000000001","0.6000000000000001","","","","","","","","","","","","","","","","","","","","","","",""
"1415.72584037","2026-08-15 09:48:37.144930","/home/akatoki/SC-30/scripts/SC-30/2_phase/motordrive.py","set_values","186","","","","","","","","","","","","","","","","","","","","","","-0.7000000000000001","0.7000000000000001","","","","","","","","","","","","","","","","","","","","","","",""
"1415.758027206","2026-08-15 09:48:37.177116","/home/akatoki/SC-30/scripts/SC-30/2_phase/motordrive.py","set_values","186","","","","","","","","","","","","","","","","","","","","","","-0.8","0.8","","","","","","","","","","","","","","","","","","","","","","",""
"1415.805189315","2026-08-15 09:48:37.224278","/home/akatoki/SC-30/scripts/SC-30/2_phase/motordrive.py","set_values","186","","","","","","","","","","","","","","","","","","","","","","-0.9","0.9","","","","","","","","","","","","","","","","","","","","","","",""
"1415.837366307","2026-08-15 09:48:37.256461","/home/akatoki/SC-30/scripts/SC-30/2_phase/motordrive.py","set_values","186","","","","","","","","","","","","","","","","","","","","","","-1.0","1.0","","","","","","","","","","","","","","","","","","","","","","",""
"1415.869363921","2026-08-15 09:48:37.288459","/home/akatoki/SC-30/scripts/SC-30/2_phase/motordrive.py","set_values","186","","","","","","","","","","","","","","","","","","","","","","-1.0","1.0","","","","","","","","","","","","","","","","","","","","","","",""
"1415.901120905","2026-08-15 09:48:37.320218","/home/akatoki/SC-30/scripts/SC-30/2_phase/motordrive.py","stop","120","","","","stop: power_r=1.0, power_l=-1.0","","","","","","","","","","","","","","","","","","","","","","","","","","","","","","","","","","","","","","","","","",""
"1416.484729656","2026-08-15 09:48:37.903828","/home/akatoki/SC-30/scripts/SC-30/2_phase/motordrive.py","stop","134","","","","","","","","","","","","","","","","","","","","","","0.0","0.0","","","","","","","","","","","","","","","","","","","","","","",""
"1416.58937906","2026-08-15 09:48:38.008485","/home/akatoki/SC-30/scripts/SC-30/2_phase/EM.py","log_msg","93","","","","5秒前進","","","","","","","","","","","","","","","","","","","","","","","","","","","","","","","","","","","","","","","","","",""
"1416.594811657","2026-08-15 09:48:38.013908","/home/akatoki/SC-30/scripts/SC-30/2_phase/motordrive.py","move","150","","","","move: direction=w, power=1.0, duration=15","","","","","","","","","","","","","","","","","","","","","","","","","","","","","","","","","","","","","","","","","",""
"1416.60070645","2026-08-15 09:48:38.019805","/home/akatoki/SC-30/scripts/SC-30/2_phase/motordrive.py","set_values","186","","","","","","","","","","","","","","","","","","","","","","0.0","0.0","","","","","","","","","","","","","","","","","","","","","","",""
"1416.636249848","2026-08-15 09:48:38.055338","/home/akatoki/SC-30/scripts/SC-30/2_phase/motordrive.py","set_values","186","","","","","","","","","","","","","","","","","","","","","","0.06999999999999999","0.1","","","","","","","","","","","","","","","","","","","","","","",""
"1416.668271048","2026-08-15 09:48:38.087360","/home/akatoki/SC-30/scripts/SC-30/2_phase/motordrive.py","set_values","186","","","","","","","","","","","","","","","","","","","","","","0.13999999999999999","0.2","","","","","","","","","","","","","","","","","","","","","","",""
"1416.700612878","2026-08-15 09:48:38.119703","/home/akatoki/SC-30/scripts/SC-30/2_phase/motordrive.py","set_values","186","","","","","","","","","","","","","","","","","","","","","","0.21000000000000002","0.30000000000000004","","","","","","","","","","","","","","","","","","","","","","",""
"1416.734151553","2026-08-15 09:48:38.153239","/home/akatoki/SC-30/scripts/SC-30/2_phase/motordrive.py","set_values","186","","","","","","","","","","","","","","","","","","","","","","0.27999999999999997","0.4","","","","","","","","","","","","","","","","","","","","","","",""
"1416.765847746","2026-08-15 09:48:38.184935","/home/akatoki/SC-30/scripts/SC-30/2_phase/motordrive.py","set_values","186","","","","","","","","","","","","","","","","","","","","","","0.35","0.5","","","","","","","","","","","","","","","","","","","","","","",""
"1416.797539825","2026-08-15 09:48:38.216627","/home/akatoki/SC-30/scripts/SC-30/2_phase/motordrive.py","set_values","186","","","","","","","","","","","","","","","","","","","","","","0.42000000000000004","0.6000000000000001","","","","","","","","","","","","","","","","","","","","","","",""
"1416.834055324","2026-08-15 09:48:38.253143","/home/akatoki/SC-30/scripts/SC-30/2_phase/motordrive.py","set_values","186","","","","","","","","","","","","","","","","","","","","","","0.49","0.7000000000000001","","","","","","","","","","","","","","","","","","","","","","",""
"1416.866050169","2026-08-15 09:48:38.285138","/home/akatoki/SC-30/scripts/SC-30/2_phase/motordrive.py","set_values","186","","","","","","","","","","","","","","","","","","","","","","0.5599999999999999","0.8","","","","","","","","","","","","","","","","","","","","","","",""
"1416.898279132","2026-08-15 09:48:38.317368","/home/akatoki/SC-30/scripts/SC-30/2_phase/motordrive.py","set_values","186","","","","","","","","","","","","","","","","","","","","","","0.63","0.9","","","","","","","","","","","","","","","","","","","","","","",""
"1416.930202465","2026-08-15 09:48:38.349291","/home/akatoki/SC-30/scripts/SC-30/2_phase/motordrive.py","set_values","186","","","","","","","","","","","","","","","","","","","","","","0.7","1.0","","","","","","","","","","","","","","","","","","","","","","",""
"1416.961983817","2026-08-15 09:48:38.381073","/home/akatoki/SC-30/scripts/SC-30/2_phase/motordrive.py","set_values","186","","","","","","","","","","","","","","","","","","","","","","0.7","1.0","","","","","","","","","","","","","","","","","","","","","","",""
"1431.693631337","2026-08-15 09:48:53.112722","/home/akatoki/SC-30/scripts/SC-30/2_phase/motordrive.py","stop","120","","","","stop: power_r=1.0, power_l=0.7","","","","","","","","","","","","","","","","","","","","","","","","","","","","","","","","","","","","","","","","","",""
"1432.277628868","2026-08-15 09:48:53.696727","/home/akatoki/SC-30/scripts/SC-30/2_phase/motordrive.py","stop","134","","","","","","","","","","","","","","","","","","","","","","0.0","0.0","","","","","","","","","","","","","","","","","","","","","","",""
"1432.38934148","2026-08-15 09:48:53.808445","/home/akatoki/SC-30/scripts/SC-30/2_phase/EM.py","log_msg","93","","","","forward_with_stack_check stacked=True","","","","","","","","","","","","","","","","","","","","","","","","","","","","","","","","","","","","","","","","","",""
"1432.393870189","2026-08-15 09:48:53.812971","/home/akatoki/SC-30/scripts/SC-30/2_phase/EM.py","log_msg","93","","","スタック検知","","","","","","","","","","","","","","","","","","","","","","","","","","","","","","","","","","","","","","","","","","",""
"1432.397251383","2026-08-15 09:48:53.816352","/home/akatoki/SC-30/scripts/SC-30/2_phase/EM.py","log_msg","93","","","","スタック復帰開始","","","","","","","","","","","","","","","","","","","","","","","","","","","","","","","","","","","","","","","","","",""
"1432.400594867","2026-08-15 09:48:53.819695","/home/akatoki/SC-30/scripts/SC-30/2_phase/EM.py","log_msg","93","","","","3秒後退","","","","","","","","","","","","","","","","","","","","","","","","","","","","","","","","","","","","","","","","","",""
"1432.403928508","2026-08-15 09:48:53.823022","/home/akatoki/SC-30/scripts/SC-30/2_phase/motordrive.py","move","150","","","","move: direction=s, power=1.0, duration=3.0","","","","","","","","","","","","","","","","","","","","","","","","","","","","","","","","","","","","","","","","","",""
"1432.410847563","2026-08-15 09:48:53.829946","/home/akatoki/SC-30/scripts/SC-30/2_phase/motordrive.py","set_values","186","","","","","","","","","","","","","","","","","","","","","","-0.0","-0.0","","","","","","","","","","","","","","","","","","","","","","",""
"1432.445256432","2026-08-15 09:48:53.864345","/home/akatoki/SC-30/scripts/SC-30/2_phase/motordrive.py","set_values","186","","","","","","","","","","","","","","","","","","","","","","-0.1","-0.1","","","","","","","","","","","","","","","","","","","","","","",""
"1432.477256517","2026-08-15 09:48:53.896344","/home/akatoki/SC-30/scripts/SC-30/2_phase/motordrive.py","set_values","186","","","","","","","","","","","","","","","","","","","","","","-0.2","-0.2","","","","","","","","","","","","","","","","","","","","","","",""
"1432.508757741","2026-08-15 09:48:53.927845","/home/akatoki/SC-30/scripts/SC-30/2_phase/motordrive.py","set_values","186","","","","","","","","","","","","","","","","","","","","","","-0.30000000000000004","-0.30000000000000004","","","","","","","","","","","","","","","","","","","","","","",""
"1432.540231673","2026-08-15 09:48:53.959319","/home/akatoki/SC-30/scripts/SC-30/2_phase/motordrive.py","set_values","186","","","","","","","","","","","","","","","","","","","","","","-0.4","-0.4","","","","","","","","","","","","","","","","","","","","","","",""
"1432.571698678","2026-08-15 09:48:53.990786","/home/akatoki/SC-30/scripts/SC-30/2_phase/motordrive.py","set_values","186","","","","","","","","","","","","","","","","","","","","","","-0.5","-0.5","","","","","","","","","","","","","","","","","","","","","","",""
"1432.603508547","2026-08-15 09:48:54.022597","/home/akatoki/SC-30/scripts/SC-30/2_phase/motordrive.py","set_values","186","","","","","","","","","","","","","","","","","","","","","","-0.6000000000000001","-0.6000000000000001","","","","","","","","","","","","","","","","","","","","","","",""
"1432.635422165","2026-08-15 09:48:54.054511","/home/akatoki/SC-30/scripts/SC-30/2_phase/motordrive.py","set_values","186","","","","","","","","","","","","","","","","","","","","","","-0.7000000000000001","-0.7000000000000001","","","","","","","","","","","","","","","","","","","","","","",""
"1432.667435211","2026-08-15 09:48:54.086524","/home/akatoki/SC-30/scripts/SC-30/2_phase/motordrive.py","set_values","186","","","","","","","","","","","","","","","","","","","","","","-0.8","-0.8","","","","","","","","","","","","","","","","","","","","","","",""
"1432.704802237","2026-08-15 09:48:54.123892","/home/akatoki/SC-30/scripts/SC-30/2_phase/motordrive.py","set_values","186","","","","","","","","","","","","","","","","","","","","","","-0.9","-0.9","","","","","","","","","","","","","","","","","","","","","","",""
"1432.736902368","2026-08-15 09:48:54.155998","/home/akatoki/SC-30/scripts/SC-30/2_phase/motordrive.py","set_values","186","","","","","","","","","","","","","","","","","","","","","","-1.0","-1.0","","","","","","","","","","","","","","","","","","","","","","",""
"1432.768779683","2026-08-15 09:48:54.187875","/home/akatoki/SC-30/scripts/SC-30/2_phase/motordrive.py","set_values","186","","","","","","","","","","","","","","","","","","","","","","-1.0","-1.0","","","","","","","","","","","","","","","","","","","","","","",""
"1435.500418558","2026-08-15 09:48:56.919516","/home/akatoki/SC-30/scripts/SC-30/2_phase/motordrive.py","stop","120","","","","stop: power_r=-1.0, power_l=-1.0","","","","","","","","","","","","","","","","","","","","","","","","","","","","","","","","","","","","","","","","","",""
"1436.08305202","2026-08-15 09:48:57.502149","/home/akatoki/SC-30/scripts/SC-30/2_phase/motordrive.py","stop","134","","","","","","","","","","","","","","","","","","","","","","0.0","0.0","","","","","","","","","","","","","","","","","","","","","","",""
"1436.187840419","2026-08-15 09:48:57.606946","/home/akatoki/SC-30/scripts/SC-30/2_phase/EM.py","log_msg","93","","","","60°右旋回","","","","","","","","","","","","","","","","","","","","","","","","","","","","","","","","","","","","","","","","","",""
"1436.199671876","2026-08-15 09:48:57.618771","/home/akatoki/SC-30/scripts/SC-30/2_phase/EM.py","log_msg","93","","","","旋回します (角度差: -60.0度, 0.30秒駆動)","","","","","","","","","","","","","","","","","","","","","","","","","","","","","","","","","","","","","","","","","",""
"1436.209178302","2026-08-15 09:48:57.628270","/home/akatoki/SC-30/scripts/SC-30/2_phase/motordrive.py","move","150","","","","move: direction=e, power=1.0, duration=0.3","","","","","","","","","","","","","","","","","","","","","","","","","","","","","","","","","","","","","","","","","",""
"1436.218194253","2026-08-15 09:48:57.637293","/home/akatoki/SC-30/scripts/SC-30/2_phase/motordrive.py","set_values","186","","","","","","","","","","","","","","","","","","","","","","0.0","-0.0","","","","","","","","","","","","","","","","","","","","","","",""
"1436.251545313","2026-08-15 09:48:57.670635","/home/akatoki/SC-30/scripts/SC-30/2_phase/motordrive.py","set_values","186","","","","","","","","","","","","","","","","","","","","","","0.1","-0.1","","","","","","","","","","","","","","","","","","","","","","",""
"1436.283941986","2026-08-15 09:48:57.703028","/home/akatoki/SC-30/scripts/SC-30/2_phase/motordrive.py","set_values","186","","","","","","","","","","","","","","","","","","","","","","0.2","-0.2","","","","","","","","","","","","","","","","","","","","","","",""
"1436.314899943","2026-08-15 09:48:57.733984","/home/akatoki/SC-30/scripts/SC-30/2_phase/motordrive.py","set_values","186","","","","","","","","","","","","","","","","","","","","","","0.30000000000000004","-0.30000000000000004","","","","","","","","","","","","","","","","","","","","","","",""
"1436.350614367","2026-08-15 09:48:57.769698","/home/akatoki/SC-30/scripts/SC-30/2_phase/motordrive.py","set_values","186","","","","","","","","","","","","","","","","","","","","","","0.4","-0.4","","","","","","","","","","","","","","","","","","","","","","",""
"1436.381512166","2026-08-15 09:48:57.800596","/home/akatoki/SC-30/scripts/SC-30/2_phase/motordrive.py","set_values","186","","","","","","","","","","","","","","","","","","","","","","0.5","-0.5","","","","","","","","","","","","","","","","","","","","","","",""
"1436.412404341","2026-08-15 09:48:57.831488","/home/akatoki/SC-30/scripts/SC-30/2_phase/motordrive.py","set_values","186","","","","","","","","","","","","","","","","","","","","","","0.6000000000000001","-0.6000000000000001","","","","","","","","","","","","","","","","","","","","","","",""
"1436.443279327","2026-08-15 09:48:57.862363","/home/akatoki/SC-30/scripts/SC-30/2_phase/motordrive.py","set_values","186","","","","","","","","","","","","","","","","","","","","","","0.7000000000000001","-0.7000000000000001","","","","","","","","","","","","","","","","","","","","","","",""
"1436.474166293","2026-08-15 09:48:57.893250","/home/akatoki/SC-30/scripts/SC-30/2_phase/motordrive.py","set_values","186","","","","","","","","","","","","","","","","","","","","","","0.8","-0.8","","","","","","","","","","","","","","","","","","","","","","",""
"1436.505072582","2026-08-15 09:48:57.924157","/home/akatoki/SC-30/scripts/SC-30/2_phase/motordrive.py","set_values","186","","","","","","","","","","","","","","","","","","","","","","0.9","-0.9","","","","","","","","","","","","","","","","","","","","","","",""
"1436.535897151","2026-08-15 09:48:57.954987","/home/akatoki/SC-30/scripts/SC-30/2_phase/motordrive.py","set_values","186","","","","","","","","","","","","","","","","","","","","","","1.0","-1.0","","","","","","","","","","","","","","","","","","","","","","",""
"1436.566532395","2026-08-15 09:48:57.985623","/home/akatoki/SC-30/scripts/SC-30/2_phase/motordrive.py","set_values","186","","","","","","","","","","","","","","","","","","","","","","1.0","-1.0","","","","","","","","","","","","","","","","","","","","","","",""
"1436.602211971","2026-08-15 09:48:58.021302","/home/akatoki/SC-30/scripts/SC-30/2_phase/motordrive.py","stop","120","","","","stop: power_r=-1.0, power_l=1.0","","","","","","","","","","","","","","","","","","","","","","","","","","","","","","","","","","","","","","","","","",""
"1437.174919932","2026-08-15 09:48:58.594012","/home/akatoki/SC-30/scripts/SC-30/2_phase/motordrive.py","stop","134","","","","","","","","","","","","","","","","","","","","","","0.0","0.0","","","","","","","","","","","","","","","","","","","","","","",""
"1437.795078658","2026-08-15 09:48:59.214161","/home/akatoki/SC-30/scripts/SC-30/2_phase/EM.py","log_msg","93","","","","","","","","40.1427335","","","","","","","","","","","","","","","","","","","","","","","","","","","","","","","","","","","","","",""
"1437.799129281","2026-08-15 09:48:59.218214","/home/akatoki/SC-30/scripts/SC-30/2_phase/EM.py","log_msg","93","","","","","","","","","139.98734166666668","","","","","","","","","","","","","","","","","","","","","","","","","","","","","","","","","","","","",""
"1437.802080881","2026-08-15 09:48:59.221173","/home/akatoki/SC-30/scripts/SC-30/2_phase/EM.py","log_msg","93","","","","2秒前進","","","","","","","","","","","","","","","","","","","","","","","","","","","","","","","","","","","","","","","","","",""
"1437.805074512","2026-08-15 09:48:59.224165","/home/akatoki/SC-30/scripts/SC-30/2_phase/motordrive.py","move","150","","","","move: direction=w, power=1.0, duration=2.0","","","","","","","","","","","","","","","","","","","","","","","","","","","","","","","","","","","","","","","","","",""
"1437.81377457","2026-08-15 09:48:59.232866","/home/akatoki/SC-30/scripts/SC-30/2_phase/motordrive.py","set_values","186","","","","","","","","","","","","","","","","","","","","","","0.0","0.0","","","","","","","","","","","","","","","","","","","","","","",""
"1437.843558433","2026-08-15 09:48:59.262642","/home/akatoki/SC-30/scripts/SC-30/2_phase/motordrive.py","set_values","186","","","","","","","","","","","","","","","","","","","","","","0.06999999999999999","0.1","","","","","","","","","","","","","","","","","","","","","","",""
"1437.874335278","2026-08-15 09:48:59.293419","/home/akatoki/SC-30/scripts/SC-30/2_phase/motordrive.py","set_values","186","","","","","","","","","","","","","","","","","","","","","","0.13999999999999999","0.2","","","","","","","","","","","","","","","","","","","","","","",""
"1437.905125405","2026-08-15 09:48:59.324209","/home/akatoki/SC-30/scripts/SC-30/2_phase/motordrive.py","set_values","186","","","","","","","","","","","","","","","","","","","","","","0.21000000000000002","0.30000000000000004","","","","","","","","","","","","","","","","","","","","","","",""
"1437.935821259","2026-08-15 09:48:59.354905","/home/akatoki/SC-30/scripts/SC-30/2_phase/motordrive.py","set_values","186","","","","","","","","","","","","","","","","","","","","","","0.27999999999999997","0.4","","","","","","","","","","","","","","","","","","","","","","",""
"1437.966579562","2026-08-15 09:48:59.385663","/home/akatoki/SC-30/scripts/SC-30/2_phase/motordrive.py","set_values","186","","","","","","","","","","","","","","","","","","","","","","0.35","0.5","","","","","","","","","","","","","","","","","","","","","","",""
"1437.997299896","2026-08-15 09:48:59.416384","/home/akatoki/SC-30/scripts/SC-30/2_phase/motordrive.py","set_values","186","","","","","","","","","","","","","","","","","","","","","","0.42000000000000004","0.6000000000000001","","","","","","","","","","","","","","","","","","","","","","",""
"1438.027989032","2026-08-15 09:48:59.447101","/home/akatoki/SC-30/scripts/SC-30/2_phase/motordrive.py","set_values","186","","","","","","","","","","","","","","","","","","","","","","0.49","0.7000000000000001","","","","","","","","","","","","","","","","","","","","","","",""
"1438.063835159","2026-08-15 09:48:59.482919","/home/akatoki/SC-30/scripts/SC-30/2_phase/motordrive.py","set_values","186","","","","","","","","","","","","","","","","","","","","","","0.5599999999999999","0.8","","","","","","","","","","","","","","","","","","","","","","",""
"1438.095744414","2026-08-15 09:48:59.514828","/home/akatoki/SC-30/scripts/SC-30/2_phase/motordrive.py","set_values","186","","","","","","","","","","","","","","","","","","","","","","0.63","0.9","","","","","","","","","","","","","","","","","","","","","","",""
"1438.12635683","2026-08-15 09:48:59.545441","/home/akatoki/SC-30/scripts/SC-30/2_phase/motordrive.py","set_values","186","","","","","","","","","","","","","","","","","","","","","","0.7","1.0","","","","","","","","","","","","","","","","","","","","","","",""
"1438.156781431","2026-08-15 09:48:59.575865","/home/akatoki/SC-30/scripts/SC-30/2_phase/motordrive.py","set_values","186","","","","","","","","","","","","","","","","","","","","","","0.7","1.0","","","","","","","","","","","","","","","","","","","","","","",""
"1439.887246425","2026-08-15 09:49:01.306332","/home/akatoki/SC-30/scripts/SC-30/2_phase/motordrive.py","stop","120","","","","stop: power_r=1.0, power_l=0.7","","","","","","","","","","","","","","","","","","","","","","","","","","","","","","","","","","","","","","","","","",""
"1440.458008837","2026-08-15 09:49:01.877101","/home/akatoki/SC-30/scripts/SC-30/2_phase/motordrive.py","stop","134","","","","","","","","","","","","","","","","","","","","","","0.0","0.0","","","","","","","","","","","","","","","","","","","","","","",""
"1441.0671667","2026-08-15 09:49:02.486265","/home/akatoki/SC-30/scripts/SC-30/2_phase/EM.py","log_msg","93","","","","スタック復帰終了","","","","","","","","","","","","","","","","","","","","","","","","","","","","","","","","","","","","","","","","","",""
"1441.576096836","2026-08-15 09:49:02.995202","/home/akatoki/SC-30/scripts/SC-30/2_phase/EM.py","log_msg","93","","","GPS取得失敗 1/30","","","","","","","","","","","","","","","","","","","","","","","","","","","","","","","","","","","","","","","","","","",""
"1443.465317061","2026-08-15 09:49:04.884405","/home/akatoki/SC-30/scripts/SC-30/2_phase/EM.py","log_msg","93","","","","","","","","40.14272666666667","","","","","","","","","","","","","","","","","","","","","","","","","","","","","","","","","","","","","",""
"1443.469811175","2026-08-15 09:49:04.888900","/home/akatoki/SC-30/scripts/SC-30/2_phase/EM.py","log_msg","93","","","","","","","","","139.98733383333334","","","","","","","","","","","","","","","","","","","","","","","","","","","","","","","","","","","","",""
"1443.473425018","2026-08-15 09:49:04.892511","/home/akatoki/SC-30/scripts/SC-30/2_phase/EM.py","log_msg","93","","","","","","","","","","","","","","","","","","","","","","","","","","","34.2734048599132","","","","","","","","","","","","","","","","","","",""
"1443.476785369","2026-08-15 09:49:04.895875","/home/akatoki/SC-30/scripts/SC-30/2_phase/EM.py","log_msg","93","","","","","","","","","","","","","","","","","","","","","","","","","","1.9675226444917142","","","","","","","","","","","","","","","","","","","",""
"1443.480159365","2026-08-15 09:49:04.899255","/home/akatoki/SC-30/scripts/SC-30/2_phase/EM.py","log_msg","93","","","","ゴールまでの距離: 34.27 m / 角度差: 112.7度","","","","","","","","","","","","","","","","","","","","","","","","","","","","","","","","","","","","","","","","","",""
"1443.483521435","2026-08-15 09:49:04.902619","/home/akatoki/SC-30/scripts/SC-30/2_phase/EM.py","log_msg","93","","","","ゴール方向へ旋回","","","","","","","","","","","","","","","","","","","","","","","","","","","","","","","","","","","","","","","","","",""
"1443.490754433","2026-08-15 09:49:04.909850","/home/akatoki/SC-30/scripts/SC-30/2_phase/EM.py","log_msg","93","","","","旋回します (角度差: 112.7度, 0.42秒駆動)","","","","","","","","","","","","","","","","","","","","","","","","","","","","","","","","","","","","","","","","","",""
"1443.494066398","2026-08-15 09:49:04.913155","/home/akatoki/SC-30/scripts/SC-30/2_phase/motordrive.py","move","150","","","","move: direction=q, power=1.0, duration=0.4175212726881256","","","","","","","","","","","","","","","","","","","","","","","","","","","","","","","","","","","","","","","","","",""
"1443.500973195","2026-08-15 09:49:04.920071","/home/akatoki/SC-30/scripts/SC-30/2_phase/motordrive.py","set_values","186","","","","","","","","","","","","","","","","","","","","","","-0.0","0.0","","","","","","","","","","","","","","","","","","","","","","",""
"1443.532068965","2026-08-15 09:49:04.951158","/home/akatoki/SC-30/scripts/SC-30/2_phase/motordrive.py","set_values","186","","","","","","","","","","","","","","","","","","","","","","-0.1","0.1","","","","","","","","","","","","","","","","","","","","","","",""
"1443.56411412","2026-08-15 09:49:04.983203","/home/akatoki/SC-30/scripts/SC-30/2_phase/motordrive.py","set_values","186","","","","","","","","","","","","","","","","","","","","","","-0.2","0.2","","","","","","","","","","","","","","","","","","","","","","",""
"1443.596052865","2026-08-15 09:49:05.015142","/home/akatoki/SC-30/scripts/SC-30/2_phase/motordrive.py","set_values","186","","","","","","","","","","","","","","","","","","","","","","-0.30000000000000004","0.30000000000000004","","","","","","","","","","","","","","","","","","","","","","",""
"1443.63315411","2026-08-15 09:49:05.052243","/home/akatoki/SC-30/scripts/SC-30/2_phase/motordrive.py","set_values","186","","","","","","","","","","","","","","","","","","","","","","-0.4","0.4","","","","","","","","","","","","","","","","","","","","","","",""
"1443.665103059","2026-08-15 09:49:05.084192","/home/akatoki/SC-30/scripts/SC-30/2_phase/motordrive.py","set_values","186","","","","","","","","","","","","","","","","","","","","","","-0.5","0.5","","","","","","","","","","","","","","","","","","","","","","",""
"1443.697321021","2026-08-15 09:49:05.116410","/home/akatoki/SC-30/scripts/SC-30/2_phase/motordrive.py","set_values","186","","","","","","","","","","","","","","","","","","","","","","-0.6000000000000001","0.6000000000000001","","","","","","","","","","","","","","","","","","","","","","",""
"1443.729492316","2026-08-15 09:49:05.148583","/home/akatoki/SC-30/scripts/SC-30/2_phase/motordrive.py","set_values","186","","","","","","","","","","","","","","","","","","","","","","-0.7000000000000001","0.7000000000000001","","","","","","","","","","","","","","","","","","","","","","",""
"1443.761756737","2026-08-15 09:49:05.180846","/home/akatoki/SC-30/scripts/SC-30/2_phase/motordrive.py","set_values","186","","","","","","","","","","","","","","","","","","","","","","-0.8","0.8","","","","","","","","","","","","","","","","","","","","","","",""
"1443.793969438","2026-08-15 09:49:05.213058","/home/akatoki/SC-30/scripts/SC-30/2_phase/motordrive.py","set_values","186","","","","","","","","","","","","","","","","","","","","","","-0.9","0.9","","","","","","","","","","","","","","","","","","","","","","",""
"1443.826059378","2026-08-15 09:49:05.245156","/home/akatoki/SC-30/scripts/SC-30/2_phase/motordrive.py","set_values","186","","","","","","","","","","","","","","","","","","","","","","-1.0","1.0","","","","","","","","","","","","","","","","","","","","","","",""
"1443.862792286","2026-08-15 09:49:05.281912","/home/akatoki/SC-30/scripts/SC-30/2_phase/motordrive.py","set_values","186","","","","","","","","","","","","","","","","","","","","","","-1.0","1.0","","","","","","","","","","","","","","","","","","","","","","",""
"1444.01173894","2026-08-15 09:49:05.430836","/home/akatoki/SC-30/scripts/SC-30/2_phase/motordrive.py","stop","120","","","","stop: power_r=1.0, power_l=-1.0","","","","","","","","","","","","","","","","","","","","","","","","","","","","","","","","","","","","","","","","","",""
"1444.59188533","2026-08-15 09:49:06.010984","/home/akatoki/SC-30/scripts/SC-30/2_phase/motordrive.py","stop","134","","","","","","","","","","","","","","","","","","","","","","0.0","0.0","","","","","","","","","","","","","","","","","","","","","","",""
"1444.696548395","2026-08-15 09:49:06.115655","/home/akatoki/SC-30/scripts/SC-30/2_phase/EM.py","log_msg","93","","","","5秒前進","","","","","","","","","","","","","","","","","","","","","","","","","","","","","","","","","","","","","","","","","",""
"1444.703144873","2026-08-15 09:49:06.122241","/home/akatoki/SC-30/scripts/SC-30/2_phase/motordrive.py","move","150","","","","move: direction=w, power=1.0, duration=15","","","","","","","","","","","","","","","","","","","","","","","","","","","","","","","","","","","","","","","","","",""
"1444.709646819","2026-08-15 09:49:06.128745","/home/akatoki/SC-30/scripts/SC-30/2_phase/motordrive.py","set_values","186","","","","","","","","","","","","","","","","","","","","","","0.0","0.0","","","","","","","","","","","","","","","","","","","","","","",""
"1444.741305183","2026-08-15 09:49:06.160394","/home/akatoki/SC-30/scripts/SC-30/2_phase/motordrive.py","set_values","186","","","","","","","","","","","","","","","","","","","","","","0.06999999999999999","0.1","","","","","","","","","","","","","","","","","","","","","","",""
"1444.778862362","2026-08-15 09:49:06.197951","/home/akatoki/SC-30/scripts/SC-30/2_phase/motordrive.py","set_values","186","","","","","","","","","","","","","","","","","","","","","","0.13999999999999999","0.2","","","","","","","","","","","","","","","","","","","","","","",""
"1444.811020108","2026-08-15 09:49:06.230108","/home/akatoki/SC-30/scripts/SC-30/2_phase/motordrive.py","set_values","186","","","","","","","","","","","","","","","","","","","","","","0.21000000000000002","0.30000000000000004","","","","","","","","","","","","","","","","","","","","","","",""
"1444.842979153","2026-08-15 09:49:06.262066","/home/akatoki/SC-30/scripts/SC-30/2_phase/motordrive.py","set_values","186","","","","","","","","","","","","","","","","","","","","","","0.27999999999999997","0.4","","","","","","","","","","","","","","","","","","","","","","",""
"1444.874869343","2026-08-15 09:49:06.293956","/home/akatoki/SC-30/scripts/SC-30/2_phase/motordrive.py","set_values","186","","","","","","","","","","","","","","","","","","","","","","0.35","0.5","","","","","","","","","","","","","","","","","","","","","","",""
"1444.906809378","2026-08-15 09:49:06.325896","/home/akatoki/SC-30/scripts/SC-30/2_phase/motordrive.py","set_values","186","","","","","","","","","","","","","","","","","","","","","","0.42000000000000004","0.6000000000000001","","","","","","","","","","","","","","","","","","","","","","",""
"1444.938696652","2026-08-15 09:49:06.357783","/home/akatoki/SC-30/scripts/SC-30/2_phase/motordrive.py","set_values","186","","","","","","","","","","","","","","","","","","","","","","0.49","0.7000000000000001","","","","","","","","","","","","","","","","","","","","","","",""
"1444.970482882","2026-08-15 09:49:06.389569","/home/akatoki/SC-30/scripts/SC-30/2_phase/motordrive.py","set_values","186","","","","","","","","","","","","","","","","","","","","","","0.5599999999999999","0.8","","","","","","","","","","","","","","","","","","","","","","",""
"1445.007645474","2026-08-15 09:49:06.426734","/home/akatoki/SC-30/scripts/SC-30/2_phase/motordrive.py","set_values","186","","","","","","","","","","","","","","","","","","","","","","0.63","0.9","","","","","","","","","","","","","","","","","","","","","","",""
"1445.039790302","2026-08-15 09:49:06.458879","/home/akatoki/SC-30/scripts/SC-30/2_phase/motordrive.py","set_values","186","","","","","","","","","","","","","","","","","","","","","","0.7","1.0","","","","","","","","","","","","","","","","","","","","","","",""
"1445.0716032","2026-08-15 09:49:06.490691","/home/akatoki/SC-30/scripts/SC-30/2_phase/motordrive.py","set_values","186","","","","","","","","","","","","","","","","","","","","","","0.7","1.0","","","","","","","","","","","","","","","","","","","","","","",""
"1459.803348595","2026-08-15 09:49:21.222439","/home/akatoki/SC-30/scripts/SC-30/2_phase/motordrive.py","stop","120","","","","stop: power_r=1.0, power_l=0.7","","","","","","","","","","","","","","","","","","","","","","","","","","","","","","","","","","","","","","","","","",""
"1460.388690262","2026-08-15 09:49:21.807787","/home/akatoki/SC-30/scripts/SC-30/2_phase/motordrive.py","stop","134","","","","","","","","","","","","","","","","","","","","","","0.0","0.0","","","","","","","","","","","","","","","","","","","","","","",""
"1460.500892133","2026-08-15 09:49:21.919996","/home/akatoki/SC-30/scripts/SC-30/2_phase/EM.py","log_msg","93","","","","forward_with_stack_check stacked=False","","","","","","","","","","","","","","","","","","","","","","","","","","","","","","","","","","","","","","","","","",""
"1461.479898382","2026-08-15 09:49:22.898986","/home/akatoki/SC-30/scripts/SC-30/2_phase/EM.py","log_msg","93","","","","","","","","40.142732","","","","","","","","","","","","","","","","","","","","","","","","","","","","","","","","","","","","","",""
"1461.489456054","2026-08-15 09:49:22.908545","/home/akatoki/SC-30/scripts/SC-30/2_phase/EM.py","log_msg","93","","","","","","","","","139.98734233333334","","","","","","","","","","","","","","","","","","","","","","","","","","","","","","","","","","","","",""
"1461.49301884","2026-08-15 09:49:22.912105","/home/akatoki/SC-30/scripts/SC-30/2_phase/EM.py","log_msg","93","","","","","","","","","","","","","","","","","","","","","","","","","","","33.7852136415209","","","","","","","","","","","","","","","","","","",""
"1461.496776055","2026-08-15 09:49:22.915864","/home/akatoki/SC-30/scripts/SC-30/2_phase/EM.py","log_msg","93","","","","","","","","","","","","","","","","","","","","","","","","","","-1.0336172753814044","","","","","","","","","","","","","","","","","","","",""
"1461.500119308","2026-08-15 09:49:22.919213","/home/akatoki/SC-30/scripts/SC-30/2_phase/EM.py","log_msg","93","","","","ゴールまでの距離: 33.79 m / 角度差: -59.2度","","","","","","","","","","","","","","","","","","","","","","","","","","","","","","","","","","","","","","","","","",""
"1461.503481311","2026-08-15 09:49:22.922579","/home/akatoki/SC-30/scripts/SC-30/2_phase/EM.py","log_msg","93","","","","ゴール方向へ旋回","","","","","","","","","","","","","","","","","","","","","","","","","","","","","","","","","","","","","","","","","",""
"1461.506935919","2026-08-15 09:49:22.926030","/home/akatoki/SC-30/scripts/SC-30/2_phase/EM.py","log_msg","93","","","","旋回します (角度差: -59.2度, 0.30秒駆動)","","","","","","","","","","","","","","","","","","","","","","","","","","","","","","","","","","","","","","","","","",""
"1461.510338339","2026-08-15 09:49:22.929428","/home/akatoki/SC-30/scripts/SC-30/2_phase/motordrive.py","move","150","","","","move: direction=e, power=1.0, duration=0.3","","","","","","","","","","","","","","","","","","","","","","","","","","","","","","","","","","","","","","","","","",""
"1461.518900849","2026-08-15 09:49:22.937998","/home/akatoki/SC-30/scripts/SC-30/2_phase/motordrive.py","set_values","186","","","","","","","","","","","","","","","","","","","","","","0.0","-0.0","","","","","","","","","","","","","","","","","","","","","","",""
"1461.54986482","2026-08-15 09:49:22.968953","/home/akatoki/SC-30/scripts/SC-30/2_phase/motordrive.py","set_values","186","","","","","","","","","","","","","","","","","","","","","","0.1","-0.1","","","","","","","","","","","","","","","","","","","","","","",""
"1461.581849529","2026-08-15 09:49:23.000938","/home/akatoki/SC-30/scripts/SC-30/2_phase/motordrive.py","set_values","186","","","","","","","","","","","","","","","","","","","","","","0.2","-0.2","","","","","","","","","","","","","","","","","","","","","","",""
"1461.613915793","2026-08-15 09:49:23.033004","/home/akatoki/SC-30/scripts/SC-30/2_phase/motordrive.py","set_values","186","","","","","","","","","","","","","","","","","","","","","","0.30000000000000004","-0.30000000000000004","","","","","","","","","","","","","","","","","","","","","","",""
"1461.645873671","2026-08-15 09:49:23.064962","/home/akatoki/SC-30/scripts/SC-30/2_phase/motordrive.py","set_values","186","","","","","","","","","","","","","","","","","","","","","","0.4","-0.4","","","","","","","","","","","","","","","","","","","","","","",""
"1461.678004675","2026-08-15 09:49:23.097094","/home/akatoki/SC-30/scripts/SC-30/2_phase/motordrive.py","set_values","186","","","","","","","","","","","","","","","","","","","","","","0.5","-0.5","","","","","","","","","","","","","","","","","","","","","","",""
"1461.711510585","2026-08-15 09:49:23.130599","/home/akatoki/SC-30/scripts/SC-30/2_phase/motordrive.py","set_values","186","","","","","","","","","","","","","","","","","","","","","","0.6000000000000001","-0.6000000000000001","","","","","","","","","","","","","","","","","","","","","","",""
"1461.74888423","2026-08-15 09:49:23.167973","/home/akatoki/SC-30/scripts/SC-30/2_phase/motordrive.py","set_values","186","","","","","","","","","","","","","","","","","","","","","","0.7000000000000001","-0.7000000000000001","","","","","","","","","","","","","","","","","","","","","","",""
"1461.781054349","2026-08-15 09:49:23.200144","/home/akatoki/SC-30/scripts/SC-30/2_phase/motordrive.py","set_values","186","","","","","","","","","","","","","","","","","","","","","","0.8","-0.8","","","","","","","","","","","","","","","","","","","","","","",""
"1461.813554522","2026-08-15 09:49:23.232644","/home/akatoki/SC-30/scripts/SC-30/2_phase/motordrive.py","set_values","186","","","","","","","","","","","","","","","","","","","","","","0.9","-0.9","","","","","","","","","","","","","","","","","","","","","","",""
"1461.845670318","2026-08-15 09:49:23.264765","/home/akatoki/SC-30/scripts/SC-30/2_phase/motordrive.py","set_values","186","","","","","","","","","","","","","","","","","","","","","","1.0","-1.0","","","","","","","","","","","","","","","","","","","","","","",""
"1461.877431684","2026-08-15 09:49:23.296525","/home/akatoki/SC-30/scripts/SC-30/2_phase/motordrive.py","set_values","186","","","","","","","","","","","","","","","","","","","","","","1.0","-1.0","","","","","","","","","","","","","","","","","","","","","","",""
"1461.908994143","2026-08-15 09:49:23.328088","/home/akatoki/SC-30/scripts/SC-30/2_phase/motordrive.py","stop","120","","","","stop: power_r=-1.0, power_l=1.0","","","","","","","","","","","","","","","","","","","","","","","","","","","","","","","","","","","","","","","","","",""
"1462.505822658","2026-08-15 09:49:23.924920","/home/akatoki/SC-30/scripts/SC-30/2_phase/motordrive.py","stop","134","","","","","","","","","","","","","","","","","","","","","","0.0","0.0","","","","","","","","","","","","","","","","","","","","","","",""
"1462.614705282","2026-08-15 09:49:24.033812","/home/akatoki/SC-30/scripts/SC-30/2_phase/EM.py","log_msg","93","","","","5秒前進","","","","","","","","","","","","","","","","","","","","","","","","","","","","","","","","","","","","","","","","","",""
"1462.619825577","2026-08-15 09:49:24.038922","/home/akatoki/SC-30/scripts/SC-30/2_phase/motordrive.py","move","150","","","","move: direction=w, power=1.0, duration=15","","","","","","","","","","","","","","","","","","","","","","","","","","","","","","","","","","","","","","","","","",""
"1462.625900774","2026-08-15 09:49:24.045000","/home/akatoki/SC-30/scripts/SC-30/2_phase/motordrive.py","set_values","186","","","","","","","","","","","","","","","","","","","","","","0.0","0.0","","","","","","","","","","","","","","","","","","","","","","",""
"1462.657235932","2026-08-15 09:49:24.076325","/home/akatoki/SC-30/scripts/SC-30/2_phase/motordrive.py","set_values","186","","","","","","","","","","","","","","","","","","","","","","0.06999999999999999","0.1","","","","","","","","","","","","","","","","","","","","","","",""
"1462.689405106","2026-08-15 09:49:24.108493","/home/akatoki/SC-30/scripts/SC-30/2_phase/motordrive.py","set_values","186","","","","","","","","","","","","","","","","","","","","","","0.13999999999999999","0.2","","","","","","","","","","","","","","","","","","","","","","",""
"1462.721690323","2026-08-15 09:49:24.140781","/home/akatoki/SC-30/scripts/SC-30/2_phase/motordrive.py","set_values","186","","","","","","","","","","","","","","","","","","","","","","0.21000000000000002","0.30000000000000004","","","","","","","","","","","","","","","","","","","","","","",""
"1462.755070808","2026-08-15 09:49:24.174158","/home/akatoki/SC-30/scripts/SC-30/2_phase/motordrive.py","set_values","186","","","","","","","","","","","","","","","","","","","","","","0.27999999999999997","0.4","","","","","","","","","","","","","","","","","","","","","","",""
"1462.791770169","2026-08-15 09:49:24.210857","/home/akatoki/SC-30/scripts/SC-30/2_phase/motordrive.py","set_values","186","","","","","","","","","","","","","","","","","","","","","","0.35","0.5","","","","","","","","","","","","","","","","","","","","","","",""
"1462.823523298","2026-08-15 09:49:24.242611","/home/akatoki/SC-30/scripts/SC-30/2_phase/motordrive.py","set_values","186","","","","","","","","","","","","","","","","","","","","","","0.42000000000000004","0.6000000000000001","","","","","","","","","","","","","","","","","","","","","","",""
"1462.855137313","2026-08-15 09:49:24.274225","/home/akatoki/SC-30/scripts/SC-30/2_phase/motordrive.py","set_values","186","","","","","","","","","","","","","","","","","","","","","","0.49","0.7000000000000001","","","","","","","","","","","","","","","","","","","","","","",""
"1462.886746327","2026-08-15 09:49:24.305833","/home/akatoki/SC-30/scripts/SC-30/2_phase/motordrive.py","set_values","186","","","","","","","","","","","","","","","","","","","","","","0.5599999999999999","0.8","","","","","","","","","","","","","","","","","","","","","","",""
"1462.918437217","2026-08-15 09:49:24.337525","/home/akatoki/SC-30/scripts/SC-30/2_phase/motordrive.py","set_values","186","","","","","","","","","","","","","","","","","","","","","","0.63","0.9","","","","","","","","","","","","","","","","","","","","","","",""
"1462.950518422","2026-08-15 09:49:24.369608","/home/akatoki/SC-30/scripts/SC-30/2_phase/motordrive.py","set_values","186","","","","","","","","","","","","","","","","","","","","","","0.7","1.0","","","","","","","","","","","","","","","","","","","","","","",""
"1462.982172749","2026-08-15 09:49:24.401261","/home/akatoki/SC-30/scripts/SC-30/2_phase/motordrive.py","set_values","186","","","","","","","","","","","","","","","","","","","","","","0.7","1.0","","","","","","","","","","","","","","","","","","","","","","",""
"1477.718825138","2026-08-15 09:49:39.137916","/home/akatoki/SC-30/scripts/SC-30/2_phase/motordrive.py","stop","120","","","","stop: power_r=1.0, power_l=0.7","","","","","","","","","","","","","","","","","","","","","","","","","","","","","","","","","","","","","","","","","",""
"1478.301956797","2026-08-15 09:49:39.721054","/home/akatoki/SC-30/scripts/SC-30/2_phase/motordrive.py","stop","134","","","","","","","","","","","","","","","","","","","","","","0.0","0.0","","","","","","","","","","","","","","","","","","","","","","",""
"1478.413377548","2026-08-15 09:49:39.832481","/home/akatoki/SC-30/scripts/SC-30/2_phase/EM.py","log_msg","93","","","","forward_with_stack_check stacked=False","","","","","","","","","","","","","","","","","","","","","","","","","","","","","","","","","","","","","","","","","",""
"1479.501670091","2026-08-15 09:49:40.920758","/home/akatoki/SC-30/scripts/SC-30/2_phase/EM.py","log_msg","93","","","","","","","","40.142743333333335","","","","","","","","","","","","","","","","","","","","","","","","","","","","","","","","","","","","","",""
"1479.506150522","2026-08-15 09:49:40.925240","/home/akatoki/SC-30/scripts/SC-30/2_phase/EM.py","log_msg","93","","","","","","","","","139.98733366666667","","","","","","","","","","","","","","","","","","","","","","","","","","","","","","","","","","","","",""
"1479.509729128","2026-08-15 09:49:40.928815","/home/akatoki/SC-30/scripts/SC-30/2_phase/EM.py","log_msg","93","","","","","","","","","","","","","","","","","","","","","","","","","","","34.921266766247854","","","","","","","","","","","","","","","","","","",""
"1479.513063462","2026-08-15 09:49:40.932153","/home/akatoki/SC-30/scripts/SC-30/2_phase/EM.py","log_msg","93","","","","","","","","","","","","","","","","","","","","","","","","","","-2.4764175513395448","","","","","","","","","","","","","","","","","","","",""
"1479.522045939","2026-08-15 09:49:40.941143","/home/akatoki/SC-30/scripts/SC-30/2_phase/EM.py","log_msg","93","","","","ゴールまでの距離: 34.92 m / 角度差: -141.9度","","","","","","","","","","","","","","","","","","","","","","","","","","","","","","","","","","","","","","","","","",""
"1479.525462356","2026-08-15 09:49:40.944561","/home/akatoki/SC-30/scripts/SC-30/2_phase/EM.py","log_msg","93","","","","ゴール方向へ旋回","","","","","","","","","","","","","","","","","","","","","","","","","","","","","","","","","","","","","","","","","",""
"1479.528857732","2026-08-15 09:49:40.947953","/home/akatoki/SC-30/scripts/SC-30/2_phase/EM.py","log_msg","93","","","","旋回します (角度差: -141.9度, 0.53秒駆動)","","","","","","","","","","","","","","","","","","","","","","","","","","","","","","","","","","","","","","","","","",""
"1479.532281128","2026-08-15 09:49:40.951370","/home/akatoki/SC-30/scripts/SC-30/2_phase/motordrive.py","move","150","","","","move: direction=e, power=1.0, duration=0.5255121259402881","","","","","","","","","","","","","","","","","","","","","","","","","","","","","","","","","","","","","","","","","",""
"1479.538107085","2026-08-15 09:49:40.957205","/home/akatoki/SC-30/scripts/SC-30/2_phase/motordrive.py","set_values","186","","","","","","","","","","","","","","","","","","","","","","0.0","-0.0","","","","","","","","","","","","","","","","","","","","","","",""
"1479.569530052","2026-08-15 09:49:40.988619","/home/akatoki/SC-30/scripts/SC-30/2_phase/motordrive.py","set_values","186","","","","","","","","","","","","","","","","","","","","","","0.1","-0.1","","","","","","","","","","","","","","","","","","","","","","",""
"1479.614485192","2026-08-15 09:49:41.033573","/home/akatoki/SC-30/scripts/SC-30/2_phase/motordrive.py","set_values","186","","","","","","","","","","","","","","","","","","","","","","0.2","-0.2","","","","","","","","","","","","","","","","","","","","","","",""
"1479.646324612","2026-08-15 09:49:41.065412","/home/akatoki/SC-30/scripts/SC-30/2_phase/motordrive.py","set_values","186","","","","","","","","","","","","","","","","","","","","","","0.30000000000000004","-0.30000000000000004","","","","","","","","","","","","","","","","","","","","","","",""
"1479.678729919","2026-08-15 09:49:41.097820","/home/akatoki/SC-30/scripts/SC-30/2_phase/motordrive.py","set_values","186","","","","","","","","","","","","","","","","","","","","","","0.4","-0.4","","","","","","","","","","","","","","","","","","","","","","",""
"1479.711491269","2026-08-15 09:49:41.130580","/home/akatoki/SC-30/scripts/SC-30/2_phase/motordrive.py","set_values","186","","","","","","","","","","","","","","","","","","","","","","0.5","-0.5","","","","","","","","","","","","","","","","","","","","","","",""
"1479.744602152","2026-08-15 09:49:41.163692","/home/akatoki/SC-30/scripts/SC-30/2_phase/motordrive.py","set_values","186","","","","","","","","","","","","","","","","","","","","","","0.6000000000000001","-0.6000000000000001","","","","","","","","","","","","","","","","","","","","","","",""
"1479.777087043","2026-08-15 09:49:41.196175","/home/akatoki/SC-30/scripts/SC-30/2_phase/motordrive.py","set_values","186","","","","","","","","","","","","","","","","","","","","","","0.7000000000000001","-0.7000000000000001","","","","","","","","","","","","","","","","","","","","","","",""
"1479.809073598","2026-08-15 09:49:41.228161","/home/akatoki/SC-30/scripts/SC-30/2_phase/motordrive.py","set_values","186","","","","","","","","","","","","","","","","","","","","","","0.8","-0.8","","","","","","","","","","","","","","","","","","","","","","",""
"1479.841112498","2026-08-15 09:49:41.260200","/home/akatoki/SC-30/scripts/SC-30/2_phase/motordrive.py","set_values","186","","","","","","","","","","","","","","","","","","","","","","0.9","-0.9","","","","","","","","","","","","","","","","","","","","","","",""
"1479.878274747","2026-08-15 09:49:41.297369","/home/akatoki/SC-30/scripts/SC-30/2_phase/motordrive.py","set_values","186","","","","","","","","","","","","","","","","","","","","","","1.0","-1.0","","","","","","","","","","","","","","","","","","","","","","",""
"1479.911140941","2026-08-15 09:49:41.330235","/home/akatoki/SC-30/scripts/SC-30/2_phase/motordrive.py","set_values","186","","","","","","","","","","","","","","","","","","","","","","1.0","-1.0","","","","","","","","","","","","","","","","","","","","","","",""
"1480.168075475","2026-08-15 09:49:41.587172","/home/akatoki/SC-30/scripts/SC-30/2_phase/motordrive.py","stop","120","","","","stop: power_r=-1.0, power_l=1.0","","","","","","","","","","","","","","","","","","","","","","","","","","","","","","","","","","","","","","","","","",""
"1480.750764875","2026-08-15 09:49:42.169861","/home/akatoki/SC-30/scripts/SC-30/2_phase/motordrive.py","stop","134","","","","","","","","","","","","","","","","","","","","","","0.0","0.0","","","","","","","","","","","","","","","","","","","","","","",""
"1480.85534137","2026-08-15 09:49:42.274449","/home/akatoki/SC-30/scripts/SC-30/2_phase/EM.py","log_msg","93","","","","5秒前進","","","","","","","","","","","","","","","","","","","","","","","","","","","","","","","","","","","","","","","","","",""
"1480.860820761","2026-08-15 09:49:42.279918","/home/akatoki/SC-30/scripts/SC-30/2_phase/motordrive.py","move","150","","","","move: direction=w, power=1.0, duration=15","","","","","","","","","","","","","","","","","","","","","","","","","","","","","","","","","","","","","","","","","",""
"1480.872150168","2026-08-15 09:49:42.291249","/home/akatoki/SC-30/scripts/SC-30/2_phase/motordrive.py","set_values","186","","","","","","","","","","","","","","","","","","","","","","0.0","0.0","","","","","","","","","","","","","","","","","","","","","","",""
"1480.903320726","2026-08-15 09:49:42.322407","/home/akatoki/SC-30/scripts/SC-30/2_phase/motordrive.py","set_values","186","","","","","","","","","","","","","","","","","","","","","","0.06999999999999999","0.1","","","","","","","","","","","","","","","","","","","","","","",""
"1480.935046858","2026-08-15 09:49:42.354133","/home/akatoki/SC-30/scripts/SC-30/2_phase/motordrive.py","set_values","186","","","","","","","","","","","","","","","","","","","","","","0.13999999999999999","0.2","","","","","","","","","","","","","","","","","","","","","","",""
"1480.967356845","2026-08-15 09:49:42.386445","/home/akatoki/SC-30/scripts/SC-30/2_phase/motordrive.py","set_values","186","","","","","","","","","","","","","","","","","","","","","","0.21000000000000002","0.30000000000000004","","","","","","","","","","","","","","","","","","","","","","",""
"1480.999330374","2026-08-15 09:49:42.418417","/home/akatoki/SC-30/scripts/SC-30/2_phase/motordrive.py","set_values","186","","","","","","","","","","","","","","","","","","","","","","0.27999999999999997","0.4","","","","","","","","","","","","","","","","","","","","","","",""
"1481.030962495","2026-08-15 09:49:42.450049","/home/akatoki/SC-30/scripts/SC-30/2_phase/motordrive.py","set_values","186","","","","","","","","","","","","","","","","","","","","","","0.35","0.5","","","","","","","","","","","","","","","","","","","","","","",""
"1481.062827065","2026-08-15 09:49:42.481914","/home/akatoki/SC-30/scripts/SC-30/2_phase/motordrive.py","set_values","186","","","","","","","","","","","","","","","","","","","","","","0.42000000000000004","0.6000000000000001","","","","","","","","","","","","","","","","","","","","","","",""
"1481.095140907","2026-08-15 09:49:42.514229","/home/akatoki/SC-30/scripts/SC-30/2_phase/motordrive.py","set_values","186","","","","","","","","","","","","","","","","","","","","","","0.49","0.7000000000000001","","","","","","","","","","","","","","","","","","","","","","",""
"1481.132800493","2026-08-15 09:49:42.551890","/home/akatoki/SC-30/scripts/SC-30/2_phase/motordrive.py","set_values","186","","","","","","","","","","","","","","","","","","","","","","0.5599999999999999","0.8","","","","","","","","","","","","","","","","","","","","","","",""
"1481.166885798","2026-08-15 09:49:42.585974","/home/akatoki/SC-30/scripts/SC-30/2_phase/motordrive.py","set_values","186","","","","","","","","","","","","","","","","","","","","","","0.63","0.9","","","","","","","","","","","","","","","","","","","","","","",""
"1481.198484221","2026-08-15 09:49:42.617571","/home/akatoki/SC-30/scripts/SC-30/2_phase/motordrive.py","set_values","186","","","","","","","","","","","","","","","","","","","","","","0.7","1.0","","","","","","","","","","","","","","","","","","","","","","",""
"1481.22959832","2026-08-15 09:49:42.648685","/home/akatoki/SC-30/scripts/SC-30/2_phase/motordrive.py","set_values","186","","","","","","","","","","","","","","","","","","","","","","0.7","1.0","","","","","","","","","","","","","","","","","","","","","","",""
"1495.96114602","2026-08-15 09:49:57.380236","/home/akatoki/SC-30/scripts/SC-30/2_phase/motordrive.py","stop","120","","","","stop: power_r=1.0, power_l=0.7","","","","","","","","","","","","","","","","","","","","","","","","","","","","","","","","","","","","","","","","","",""
"1496.542820291","2026-08-15 09:49:57.961918","/home/akatoki/SC-30/scripts/SC-30/2_phase/motordrive.py","stop","134","","","","","","","","","","","","","","","","","","","","","","0.0","0.0","","","","","","","","","","","","","","","","","","","","","","",""
"1496.65170932","2026-08-15 09:49:58.070814","/home/akatoki/SC-30/scripts/SC-30/2_phase/EM.py","log_msg","93","","","","forward_with_stack_check stacked=False","","","","","","","","","","","","","","","","","","","","","","","","","","","","","","","","","","","","","","","","","",""
"1497.488753954","2026-08-15 09:49:58.907857","/home/akatoki/SC-30/scripts/SC-30/2_phase/EM.py","log_msg","93","","","GPS取得失敗 1/30","","","","","","","","","","","","","","","","","","","","","","","","","","","","","","","","","","","","","","","","","","",""
"1499.000867405","2026-08-15 09:50:00.419952","/home/akatoki/SC-30/scripts/SC-30/2_phase/EM.py","log_msg","93","","","","","","","","40.14274316666667","","","","","","","","","","","","","","","","","","","","","","","","","","","","","","","","","","","","","",""
"1499.005126985","2026-08-15 09:50:00.424213","/home/akatoki/SC-30/scripts/SC-30/2_phase/EM.py","log_msg","93","","","","","","","","","139.9873285","","","","","","","","","","","","","","","","","","","","","","","","","","","","","","","","","","","","",""
"1499.008458597","2026-08-15 09:50:00.427542","/home/akatoki/SC-30/scripts/SC-30/2_phase/EM.py","log_msg","93","","","","","","","","","","","","","","","","","","","","","","","","","","","35.32464078133394","","","","","","","","","","","","","","","","","","",""
"1499.011570835","2026-08-15 09:50:00.430656","/home/akatoki/SC-30/scripts/SC-30/2_phase/EM.py","log_msg","93","","","","","","","","","","","","","","","","","","","","","","","","","","2.7297276596513154","","","","","","","","","","","","","","","","","","","",""
"1499.014910103","2026-08-15 09:50:00.434003","/home/akatoki/SC-30/scripts/SC-30/2_phase/EM.py","log_msg","93","","","","ゴールまでの距離: 35.32 m / 角度差: 156.4度","","","","","","","","","","","","","","","","","","","","","","","","","","","","","","","","","","","","","","","","","",""
"1499.018137288","2026-08-15 09:50:00.437234","/home/akatoki/SC-30/scripts/SC-30/2_phase/EM.py","log_msg","93","","","","ゴール方向へ旋回","","","","","","","","","","","","","","","","","","","","","","","","","","","","","","","","","","","","","","","","","",""
"1499.021414629","2026-08-15 09:50:00.440508","/home/akatoki/SC-30/scripts/SC-30/2_phase/EM.py","log_msg","93","","","","旋回します (角度差: 156.4度, 0.58秒駆動)","","","","","","","","","","","","","","","","","","","","","","","","","","","","","","","","","","","","","","","","","",""
"1499.028108009","2026-08-15 09:50:00.447195","/home/akatoki/SC-30/scripts/SC-30/2_phase/motordrive.py","move","150","","","","move: direction=q, power=1.0, duration=0.5792662004375703","","","","","","","","","","","","","","","","","","","","","","","","","","","","","","","","","","","","","","","","","",""
"1499.034453109","2026-08-15 09:50:00.453549","/home/akatoki/SC-30/scripts/SC-30/2_phase/motordrive.py","set_values","186","","","","","","","","","","","","","","","","","","","","","","-0.0","0.0","","","","","","","","","","","","","","","","","","","","","","",""
"1499.065202669","2026-08-15 09:50:00.484290","/home/akatoki/SC-30/scripts/SC-30/2_phase/motordrive.py","set_values","186","","","","","","","","","","","","","","","","","","","","","","-0.1","0.1","","","","","","","","","","","","","","","","","","","","","","",""
"1499.096754155","2026-08-15 09:50:00.515841","/home/akatoki/SC-30/scripts/SC-30/2_phase/motordrive.py","set_values","186","","","","","","","","","","","","","","","","","","","","","","-0.2","0.2","","","","","","","","","","","","","","","","","","","","","","",""
"1499.128610329","2026-08-15 09:50:00.547699","/home/akatoki/SC-30/scripts/SC-30/2_phase/motordrive.py","set_values","186","","","","","","","","","","","","","","","","","","","","","","-0.30000000000000004","0.30000000000000004","","","","","","","","","","","","","","","","","","","","","","",""
"1499.160622596","2026-08-15 09:50:00.579712","/home/akatoki/SC-30/scripts/SC-30/2_phase/motordrive.py","set_values","186","","","","","","","","","","","","","","","","","","","","","","-0.4","0.4","","","","","","","","","","","","","","","","","","","","","","",""
"1499.197674234","2026-08-15 09:50:00.616763","/home/akatoki/SC-30/scripts/SC-30/2_phase/motordrive.py","set_values","186","","","","","","","","","","","","","","","","","","","","","","-0.5","0.5","","","","","","","","","","","","","","","","","","","","","","",""
"1499.229683168","2026-08-15 09:50:00.648773","/home/akatoki/SC-30/scripts/SC-30/2_phase/motordrive.py","set_values","186","","","","","","","","","","","","","","","","","","","","","","-0.6000000000000001","0.6000000000000001","","","","","","","","","","","","","","","","","","","","","","",""
"1499.261816998","2026-08-15 09:50:00.680906","/home/akatoki/SC-30/scripts/SC-30/2_phase/motordrive.py","set_values","186","","","","","","","","","","","","","","","","","","","","","","-0.7000000000000001","0.7000000000000001","","","","","","","","","","","","","","","","","","","","","","",""
"1499.293846609","2026-08-15 09:50:00.712936","/home/akatoki/SC-30/scripts/SC-30/2_phase/motordrive.py","set_values","186","","","","","","","","","","","","","","","","","","","","","","-0.8","0.8","","","","","","","","","","","","","","","","","","","","","","",""
"1499.325865647","2026-08-15 09:50:00.744954","/home/akatoki/SC-30/scripts/SC-30/2_phase/motordrive.py","set_values","186","","","","","","","","","","","","","","","","","","","","","","-0.9","0.9","","","","","","","","","","","","","","","","","","","","","","",""
"1499.35786281","2026-08-15 09:50:00.776957","/home/akatoki/SC-30/scripts/SC-30/2_phase/motordrive.py","set_values","186","","","","","","","","","","","","","","","","","","","","","","-1.0","1.0","","","","","","","","","","","","","","","","","","","","","","",""
"1499.389541119","2026-08-15 09:50:00.808637","/home/akatoki/SC-30/scripts/SC-30/2_phase/motordrive.py","set_values","186","","","","","","","","","","","","","","","","","","","","","","-1.0","1.0","","","","","","","","","","","","","","","","","","","","","","",""
"1499.705324344","2026-08-15 09:50:01.124422","/home/akatoki/SC-30/scripts/SC-30/2_phase/motordrive.py","stop","120","","","","stop: power_r=1.0, power_l=-1.0","","","","","","","","","","","","","","","","","","","","","","","","","","","","","","","","","","","","","","","","","",""
"1500.287281079","2026-08-15 09:50:01.706378","/home/akatoki/SC-30/scripts/SC-30/2_phase/motordrive.py","stop","134","","","","","","","","","","","","","","","","","","","","","","0.0","0.0","","","","","","","","","","","","","","","","","","","","","","",""
"1500.391963479","2026-08-15 09:50:01.811069","/home/akatoki/SC-30/scripts/SC-30/2_phase/EM.py","log_msg","93","","","","5秒前進","","","","","","","","","","","","","","","","","","","","","","","","","","","","","","","","","","","","","","","","","",""
"1500.398593733","2026-08-15 09:50:01.817689","/home/akatoki/SC-30/scripts/SC-30/2_phase/motordrive.py","move","150","","","","move: direction=w, power=1.0, duration=15","","","","","","","","","","","","","","","","","","","","","","","","","","","","","","","","","","","","","","","","","",""
"1500.404532842","2026-08-15 09:50:01.823630","/home/akatoki/SC-30/scripts/SC-30/2_phase/motordrive.py","set_values","186","","","","","","","","","","","","","","","","","","","","","","0.0","0.0","","","","","","","","","","","","","","","","","","","","","","",""
"1500.435581041","2026-08-15 09:50:01.854669","/home/akatoki/SC-30/scripts/SC-30/2_phase/motordrive.py","set_values","186","","","","","","","","","","","","","","","","","","","","","","0.06999999999999999","0.1","","","","","","","","","","","","","","","","","","","","","","",""
"1500.467482625","2026-08-15 09:50:01.886570","/home/akatoki/SC-30/scripts/SC-30/2_phase/motordrive.py","set_values","186","","","","","","","","","","","","","","","","","","","","","","0.13999999999999999","0.2","","","","","","","","","","","","","","","","","","","","","","",""
"1500.504745142","2026-08-15 09:50:01.923835","/home/akatoki/SC-30/scripts/SC-30/2_phase/motordrive.py","set_values","186","","","","","","","","","","","","","","","","","","","","","","0.21000000000000002","0.30000000000000004","","","","","","","","","","","","","","","","","","","","","","",""
"1500.53686735","2026-08-15 09:50:01.955956","/home/akatoki/SC-30/scripts/SC-30/2_phase/motordrive.py","set_values","186","","","","","","","","","","","","","","","","","","","","","","0.27999999999999997","0.4","","","","","","","","","","","","","","","","","","","","","","",""
"1500.568726747","2026-08-15 09:50:01.987816","/home/akatoki/SC-30/scripts/SC-30/2_phase/motordrive.py","set_values","186","","","","","","","","","","","","","","","","","","","","","","0.35","0.5","","","","","","","","","","","","","","","","","","","","","","",""
"1500.600767494","2026-08-15 09:50:02.019856","/home/akatoki/SC-30/scripts/SC-30/2_phase/motordrive.py","set_values","186","","","","","","","","","","","","","","","","","","","","","","0.42000000000000004","0.6000000000000001","","","","","","","","","","","","","","","","","","","","","","",""
"1500.632680739","2026-08-15 09:50:02.051769","/home/akatoki/SC-30/scripts/SC-30/2_phase/motordrive.py","set_values","186","","","","","","","","","","","","","","","","","","","","","","0.49","0.7000000000000001","","","","","","","","","","","","","","","","","","","","","","",""
"1500.664696692","2026-08-15 09:50:02.083785","/home/akatoki/SC-30/scripts/SC-30/2_phase/motordrive.py","set_values","186","","","","","","","","","","","","","","","","","","","","","","0.5599999999999999","0.8","","","","","","","","","","","","","","","","","","","","","","",""
"1500.696757436","2026-08-15 09:50:02.115846","/home/akatoki/SC-30/scripts/SC-30/2_phase/motordrive.py","set_values","186","","","","","","","","","","","","","","","","","","","","","","0.63","0.9","","","","","","","","","","","","","","","","","","","","","","",""
"1500.733799373","2026-08-15 09:50:02.152888","/home/akatoki/SC-30/scripts/SC-30/2_phase/motordrive.py","set_values","186","","","","","","","","","","","","","","","","","","","","","","0.7","1.0","","","","","","","","","","","","","","","","","","","","","","",""
"1500.765668815","2026-08-15 09:50:02.184757","/home/akatoki/SC-30/scripts/SC-30/2_phase/motordrive.py","set_values","186","","","","","","","","","","","","","","","","","","","","","","0.7","1.0","","","","","","","","","","","","","","","","","","","","","","",""
"1515.497176244","2026-08-15 09:50:16.916267","/home/akatoki/SC-30/scripts/SC-30/2_phase/motordrive.py","stop","120","","","","stop: power_r=1.0, power_l=0.7","","","","","","","","","","","","","","","","","","","","","","","","","","","","","","","","","","","","","","","","","",""
"1516.079441046","2026-08-15 09:50:17.498539","/home/akatoki/SC-30/scripts/SC-30/2_phase/motordrive.py","stop","134","","","","","","","","","","","","","","","","","","","","","","0.0","0.0","","","","","","","","","","","","","","","","","","","","","","",""
"1516.190693524","2026-08-15 09:50:17.609797","/home/akatoki/SC-30/scripts/SC-30/2_phase/EM.py","log_msg","93","","","","forward_with_stack_check stacked=False","","","","","","","","","","","","","","","","","","","","","","","","","","","","","","","","","","","","","","","","","",""
"1516.813829983","2026-08-15 09:50:18.232933","/home/akatoki/SC-30/scripts/SC-30/2_phase/EM.py","log_msg","93","","","","","","","","40.142744666666665","","","","","","","","","","","","","","","","","","","","","","","","","","","","","","","","","","","","","",""
"1516.818113611","2026-08-15 09:50:18.237199","/home/akatoki/SC-30/scripts/SC-30/2_phase/EM.py","log_msg","93","","","","","","","","","139.9873275","","","","","","","","","","","","","","","","","","","","","","","","","","","","","","","","","","","","",""
"1516.821527243","2026-08-15 09:50:18.240611","/home/akatoki/SC-30/scripts/SC-30/2_phase/EM.py","log_msg","93","","","","","","","","","","","","","","","","","","","","","","","","","","","35.46451972229507","","","","","","","","","","","","","","","","","","",""
"1516.824752906","2026-08-15 09:50:18.243839","/home/akatoki/SC-30/scripts/SC-30/2_phase/EM.py","log_msg","93","","","","","","","","","","","","","","","","","","","","","","","","","","-2.4170751910731725","","","","","","","","","","","","","","","","","","","",""
"1516.827942685","2026-08-15 09:50:18.247036","/home/akatoki/SC-30/scripts/SC-30/2_phase/EM.py","log_msg","93","","","","ゴールまでの距離: 35.46 m / 角度差: -138.5度","","","","","","","","","","","","","","","","","","","","","","","","","","","","","","","","","","","","","","","","","",""
"1516.835127395","2026-08-15 09:50:18.254226","/home/akatoki/SC-30/scripts/SC-30/2_phase/EM.py","log_msg","93","","","","ゴール方向へ旋回","","","","","","","","","","","","","","","","","","","","","","","","","","","","","","","","","","","","","","","","","",""
"1516.838350402","2026-08-15 09:50:18.257443","/home/akatoki/SC-30/scripts/SC-30/2_phase/EM.py","log_msg","93","","","","旋回します (角度差: -138.5度, 0.51秒駆動)","","","","","","","","","","","","","","","","","","","","","","","","","","","","","","","","","","","","","","","","","",""
"1516.841712107","2026-08-15 09:50:18.260799","/home/akatoki/SC-30/scripts/SC-30/2_phase/motordrive.py","move","150","","","","move: direction=e, power=1.0, duration=0.512919285978777","","","","","","","","","","","","","","","","","","","","","","","","","","","","","","","","","","","","","","","","","",""
"1516.847138074","2026-08-15 09:50:18.266233","/home/akatoki/SC-30/scripts/SC-30/2_phase/motordrive.py","set_values","186","","","","","","","","","","","","","","","","","","","","","","0.0","-0.0","","","","","","","","","","","","","","","","","","","","","","",""
"1516.878089509","2026-08-15 09:50:18.297216","/home/akatoki/SC-30/scripts/SC-30/2_phase/motordrive.py","set_values","186","","","","","","","","","","","","","","","","","","","","","","0.1","-0.1","","","","","","","","","","","","","","","","","","","","","","",""
"1516.909715056","2026-08-15 09:50:18.328802","/home/akatoki/SC-30/scripts/SC-30/2_phase/motordrive.py","set_values","186","","","","","","","","","","","","","","","","","","","","","","0.2","-0.2","","","","","","","","","","","","","","","","","","","","","","",""
"1516.941427842","2026-08-15 09:50:18.360514","/home/akatoki/SC-30/scripts/SC-30/2_phase/motordrive.py","set_values","186","","","","","","","","","","","","","","","","","","","","","","0.30000000000000004","-0.30000000000000004","","","","","","","","","","","","","","","","","","","","","","",""
"1516.973347762","2026-08-15 09:50:18.392435","/home/akatoki/SC-30/scripts/SC-30/2_phase/motordrive.py","set_values","186","","","","","","","","","","","","","","","","","","","","","","0.4","-0.4","","","","","","","","","","","","","","","","","","","","","","",""
"1517.010177454","2026-08-15 09:50:18.429265","/home/akatoki/SC-30/scripts/SC-30/2_phase/motordrive.py","set_values","186","","","","","","","","","","","","","","","","","","","","","","0.5","-0.5","","","","","","","","","","","","","","","","","","","","","","",""
"1517.043310286","2026-08-15 09:50:18.462397","/home/akatoki/SC-30/scripts/SC-30/2_phase/motordrive.py","set_values","186","","","","","","","","","","","","","","","","","","","","","","0.6000000000000001","-0.6000000000000001","","","","","","","","","","","","","","","","","","","","","","",""
"1517.075464112","2026-08-15 09:50:18.494553","/home/akatoki/SC-30/scripts/SC-30/2_phase/motordrive.py","set_values","186","","","","","","","","","","","","","","","","","","","","","","0.7000000000000001","-0.7000000000000001","","","","","","","","","","","","","","","","","","","","","","",""
"1517.107533979","2026-08-15 09:50:18.526623","/home/akatoki/SC-30/scripts/SC-30/2_phase/motordrive.py","set_values","186","","","","","","","","","","","","","","","","","","","","","","0.8","-0.8","","","","","","","","","","","","","","","","","","","","","","",""
"1517.139520983","2026-08-15 09:50:18.558610","/home/akatoki/SC-30/scripts/SC-30/2_phase/motordrive.py","set_values","186","","","","","","","","","","","","","","","","","","","","","","0.9","-0.9","","","","","","","","","","","","","","","","","","","","","","",""
"1517.171475434","2026-08-15 09:50:18.590572","/home/akatoki/SC-30/scripts/SC-30/2_phase/motordrive.py","set_values","186","","","","","","","","","","","","","","","","","","","","","","1.0","-1.0","","","","","","","","","","","","","","","","","","","","","","",""
"1517.207954711","2026-08-15 09:50:18.627051","/home/akatoki/SC-30/scripts/SC-30/2_phase/motordrive.py","set_values","186","","","","","","","","","","","","","","","","","","","","","","1.0","-1.0","","","","","","","","","","","","","","","","","","","","","","",""
"1517.452382973","2026-08-15 09:50:18.871480","/home/akatoki/SC-30/scripts/SC-30/2_phase/motordrive.py","stop","120","","","","stop: power_r=-1.0, power_l=1.0","","","","","","","","","","","","","","","","","","","","","","","","","","","","","","","","","","","","","","","","","",""
"1518.034403668","2026-08-15 09:50:19.453503","/home/akatoki/SC-30/scripts/SC-30/2_phase/motordrive.py","stop","134","","","","","","","","","","","","","","","","","","","","","","0.0","0.0","","","","","","","","","","","","","","","","","","","","","","",""
"1518.139050665","2026-08-15 09:50:19.558157","/home/akatoki/SC-30/scripts/SC-30/2_phase/EM.py","log_msg","93","","","","5秒前進","","","","","","","","","","","","","","","","","","","","","","","","","","","","","","","","","","","","","","","","","",""
"1518.144294705","2026-08-15 09:50:19.563392","/home/akatoki/SC-30/scripts/SC-30/2_phase/motordrive.py","move","150","","","","move: direction=w, power=1.0, duration=15","","","","","","","","","","","","","","","","","","","","","","","","","","","","","","","","","","","","","","","","","",""
"1518.150163846","2026-08-15 09:50:19.569262","/home/akatoki/SC-30/scripts/SC-30/2_phase/motordrive.py","set_values","186","","","","","","","","","","","","","","","","","","","","","","0.0","0.0","","","","","","","","","","","","","","","","","","","","","","",""
"1518.181305171","2026-08-15 09:50:19.600393","/home/akatoki/SC-30/scripts/SC-30/2_phase/motordrive.py","set_values","186","","","","","","","","","","","","","","","","","","","","","","0.06999999999999999","0.1","","","","","","","","","","","","","","","","","","","","","","",""
"1518.213188627","2026-08-15 09:50:19.632278","/home/akatoki/SC-30/scripts/SC-30/2_phase/motordrive.py","set_values","186","","","","","","","","","","","","","","","","","","","","","","0.13999999999999999","0.2","","","","","","","","","","","","","","","","","","","","","","",""
"1518.250198937","2026-08-15 09:50:19.669288","/home/akatoki/SC-30/scripts/SC-30/2_phase/motordrive.py","set_values","186","","","","","","","","","","","","","","","","","","","","","","0.21000000000000002","0.30000000000000004","","","","","","","","","","","","","","","","","","","","","","",""
"1518.283744417","2026-08-15 09:50:19.702833","/home/akatoki/SC-30/scripts/SC-30/2_phase/motordrive.py","set_values","186","","","","","","","","","","","","","","","","","","","","","","0.27999999999999997","0.4","","","","","","","","","","","","","","","","","","","","","","",""
"1518.315661363","2026-08-15 09:50:19.734750","/home/akatoki/SC-30/scripts/SC-30/2_phase/motordrive.py","set_values","186","","","","","","","","","","","","","","","","","","","","","","0.35","0.5","","","","","","","","","","","","","","","","","","","","","","",""
"1518.347717163","2026-08-15 09:50:19.766807","/home/akatoki/SC-30/scripts/SC-30/2_phase/motordrive.py","set_values","186","","","","","","","","","","","","","","","","","","","","","","0.42000000000000004","0.6000000000000001","","","","","","","","","","","","","","","","","","","","","","",""
"1518.379350516","2026-08-15 09:50:19.798437","/home/akatoki/SC-30/scripts/SC-30/2_phase/motordrive.py","set_values","186","","","","","","","","","","","","","","","","","","","","","","0.49","0.7000000000000001","","","","","","","","","","","","","","","","","","","","","","",""
"1518.410744756","2026-08-15 09:50:19.829832","/home/akatoki/SC-30/scripts/SC-30/2_phase/motordrive.py","set_values","186","","","","","","","","","","","","","","","","","","","","","","0.5599999999999999","0.8","","","","","","","","","","","","","","","","","","","","","","",""
"1518.447170901","2026-08-15 09:50:19.866258","/home/akatoki/SC-30/scripts/SC-30/2_phase/motordrive.py","set_values","186","","","","","","","","","","","","","","","","","","","","","","0.63","0.9","","","","","","","","","","","","","","","","","","","","","","",""
"1518.478781911","2026-08-15 09:50:19.897871","/home/akatoki/SC-30/scripts/SC-30/2_phase/motordrive.py","set_values","186","","","","","","","","","","","","","","","","","","","","","","0.7","1.0","","","","","","","","","","","","","","","","","","","","","","",""
"1518.510404691","2026-08-15 09:50:19.929493","/home/akatoki/SC-30/scripts/SC-30/2_phase/motordrive.py","set_values","186","","","","","","","","","","","","","","","","","","","","","","0.7","1.0","","","","","","","","","","","","","","","","","","","","","","",""
"1533.241771558","2026-08-15 09:50:34.660862","/home/akatoki/SC-30/scripts/SC-30/2_phase/motordrive.py","stop","120","","","","stop: power_r=1.0, power_l=0.7","","","","","","","","","","","","","","","","","","","","","","","","","","","","","","","","","","","","","","","","","",""
"1533.823209524","2026-08-15 09:50:35.242308","/home/akatoki/SC-30/scripts/SC-30/2_phase/motordrive.py","stop","134","","","","","","","","","","","","","","","","","","","","","","0.0","0.0","","","","","","","","","","","","","","","","","","","","","","",""
"1533.932989006","2026-08-15 09:50:35.352114","/home/akatoki/SC-30/scripts/SC-30/2_phase/EM.py","log_msg","93","","","","forward_with_stack_check stacked=False","","","","","","","","","","","","","","","","","","","","","","","","","","","","","","","","","","","","","","","","","",""
"1534.543444886","2026-08-15 09:50:35.962549","/home/akatoki/SC-30/scripts/SC-30/2_phase/EM.py","log_msg","93","","","GPS取得失敗 1/30","","","","","","","","","","","","","","","","","","","","","","","","","","","","","","","","","","","","","","","","","","",""
"1536.475967745","2026-08-15 09:50:37.895056","/home/akatoki/SC-30/scripts/SC-30/2_phase/EM.py","log_msg","93","","","","","","","","40.14274616666667","","","","","","","","","","","","","","","","","","","","","","","","","","","","","","","","","","","","","",""
"1536.485437779","2026-08-15 09:50:37.904527","/home/akatoki/SC-30/scripts/SC-30/2_phase/EM.py","log_msg","93","","","","","","","","","139.98732666666666","","","","","","","","","","","","","","","","","","","","","","","","","","","","","","","","","","","","",""
"1536.488987649","2026-08-15 09:50:37.908074","/home/akatoki/SC-30/scripts/SC-30/2_phase/EM.py","log_msg","93","","","","","","","","","","","","","","","","","","","","","","","","","","","35.59162659273921","","","","","","","","","","","","","","","","","","",""
"1536.493870581","2026-08-15 09:50:37.912962","/home/akatoki/SC-30/scripts/SC-30/2_phase/EM.py","log_msg","93","","","","","","","","","","","","","","","","","","","","","","","","","","-2.35081663141814","","","","","","","","","","","","","","","","","","","",""
"1536.497350972","2026-08-15 09:50:37.916446","/home/akatoki/SC-30/scripts/SC-30/2_phase/EM.py","log_msg","93","","","","ゴールまでの距離: 35.59 m / 角度差: -134.7度","","","","","","","","","","","","","","","","","","","","","","","","","","","","","","","","","","","","","","","","","",""
"1536.50075277","2026-08-15 09:50:37.919851","/home/akatoki/SC-30/scripts/SC-30/2_phase/EM.py","log_msg","93","","","","ゴール方向へ旋回","","","","","","","","","","","","","","","","","","","","","","","","","","","","","","","","","","","","","","","","","",""
"1536.504202692","2026-08-15 09:50:37.923298","/home/akatoki/SC-30/scripts/SC-30/2_phase/EM.py","log_msg","93","","","","旋回します (角度差: -134.7度, 0.50秒駆動)","","","","","","","","","","","","","","","","","","","","","","","","","","","","","","","","","","","","","","","","","",""
"1536.51071806","2026-08-15 09:50:37.929807","/home/akatoki/SC-30/scripts/SC-30/2_phase/motordrive.py","move","150","","","","move: direction=e, power=1.0, duration=0.4988587829237803","","","","","","","","","","","","","","","","","","","","","","","","","","","","","","","","","","","","","","","","","",""
"1536.516220155","2026-08-15 09:50:37.935317","/home/akatoki/SC-30/scripts/SC-30/2_phase/motordrive.py","set_values","186","","","","","","","","","","","","","","","","","","","","","","0.0","-0.0","","","","","","","","","","","","","","","","","","","","","","",""
"1536.547222945","2026-08-15 09:50:37.966311","/home/akatoki/SC-30/scripts/SC-30/2_phase/motordrive.py","set_values","186","","","","","","","","","","","","","","","","","","","","","","0.1","-0.1","","","","","","","","","","","","","","","","","","","","","","",""
"1536.579133125","2026-08-15 09:50:37.998222","/home/akatoki/SC-30/scripts/SC-30/2_phase/motordrive.py","set_values","186","","","","","","","","","","","","","","","","","","","","","","0.2","-0.2","","","","","","","","","","","","","","","","","","","","","","",""
"1536.610782677","2026-08-15 09:50:38.029870","/home/akatoki/SC-30/scripts/SC-30/2_phase/motordrive.py","set_values","186","","","","","","","","","","","","","","","","","","","","","","0.30000000000000004","-0.30000000000000004","","","","","","","","","","","","","","","","","","","","","","",""
"1536.642309886","2026-08-15 09:50:38.061397","/home/akatoki/SC-30/scripts/SC-30/2_phase/motordrive.py","set_values","186","","","","","","","","","","","","","","","","","","","","","","0.4","-0.4","","","","","","","","","","","","","","","","","","","","","","",""
"1536.674024124","2026-08-15 09:50:38.093111","/home/akatoki/SC-30/scripts/SC-30/2_phase/motordrive.py","set_values","186","","","","","","","","","","","","","","","","","","","","","","0.5","-0.5","","","","","","","","","","","","","","","","","","","","","","",""
"1536.706063881","2026-08-15 09:50:38.125153","/home/akatoki/SC-30/scripts/SC-30/2_phase/motordrive.py","set_values","186","","","","","","","","","","","","","","","","","","","","","","0.6000000000000001","-0.6000000000000001","","","","","","","","","","","","","","","","","","","","","","",""
"1536.743146776","2026-08-15 09:50:38.162235","/home/akatoki/SC-30/scripts/SC-30/2_phase/motordrive.py","set_values","186","","","","","","","","","","","","","","","","","","","","","","0.7000000000000001","-0.7000000000000001","","","","","","","","","","","","","","","","","","","","","","",""
"1536.775248251","2026-08-15 09:50:38.194338","/home/akatoki/SC-30/scripts/SC-30/2_phase/motordrive.py","set_values","186","","","","","","","","","","","","","","","","","","","","","","0.8","-0.8","","","","","","","","","","","","","","","","","","","","","","",""
"1536.807349153","2026-08-15 09:50:38.226438","/home/akatoki/SC-30/scripts/SC-30/2_phase/motordrive.py","set_values","186","","","","","","","","","","","","","","","","","","","","","","0.9","-0.9","","","","","","","","","","","","","","","","","","","","","","",""
"1536.840909263","2026-08-15 09:50:38.260005","/home/akatoki/SC-30/scripts/SC-30/2_phase/motordrive.py","set_values","186","","","","","","","","","","","","","","","","","","","","","","1.0","-1.0","","","","","","","","","","","","","","","","","","","","","","",""
"1536.872657928","2026-08-15 09:50:38.291754","/home/akatoki/SC-30/scripts/SC-30/2_phase/motordrive.py","set_values","186","","","","","","","","","","","","","","","","","","","","","","1.0","-1.0","","","","","","","","","","","","","","","","","","","","","","",""
"1537.102958471","2026-08-15 09:50:38.522055","/home/akatoki/SC-30/scripts/SC-30/2_phase/motordrive.py","stop","120","","","","stop: power_r=-1.0, power_l=1.0","","","","","","","","","","","","","","","","","","","","","","","","","","","","","","","","","","","","","","","","","",""
"1537.688151301","2026-08-15 09:50:39.107249","/home/akatoki/SC-30/scripts/SC-30/2_phase/motordrive.py","stop","134","","","","","","","","","","","","","","","","","","","","","","0.0","0.0","","","","","","","","","","","","","","","","","","","","","","",""
"1537.792784864","2026-08-15 09:50:39.211890","/home/akatoki/SC-30/scripts/SC-30/2_phase/EM.py","log_msg","93","","","","5秒前進","","","","","","","","","","","","","","","","","","","","","","","","","","","","","","","","","","","","","","","","","",""
"1537.798174822","2026-08-15 09:50:39.217272","/home/akatoki/SC-30/scripts/SC-30/2_phase/motordrive.py","move","150","","","","move: direction=w, power=1.0, duration=15","","","","","","","","","","","","","","","","","","","","","","","","","","","","","","","","","","","","","","","","","",""
"1537.804259984","2026-08-15 09:50:39.223358","/home/akatoki/SC-30/scripts/SC-30/2_phase/motordrive.py","set_values","186","","","","","","","","","","","","","","","","","","","","","","0.0","0.0","","","","","","","","","","","","","","","","","","","","","","",""
"1537.848471828","2026-08-15 09:50:39.267560","/home/akatoki/SC-30/scripts/SC-30/2_phase/motordrive.py","set_values","186","","","","","","","","","","","","","","","","","","","","","","0.06999999999999999","0.1","","","","","","","","","","","","","","","","","","","","","","",""
"1537.880553766","2026-08-15 09:50:39.299642","/home/akatoki/SC-30/scripts/SC-30/2_phase/motordrive.py","set_values","186","","","","","","","","","","","","","","","","","","","","","","0.13999999999999999","0.2","","","","","","","","","","","","","","","","","","","","","","",""
"1537.912227375","2026-08-15 09:50:39.331314","/home/akatoki/SC-30/scripts/SC-30/2_phase/motordrive.py","set_values","186","","","","","","","","","","","","","","","","","","","","","","0.21000000000000002","0.30000000000000004","","","","","","","","","","","","","","","","","","","","","","",""
"1537.943838119","2026-08-15 09:50:39.362924","/home/akatoki/SC-30/scripts/SC-30/2_phase/motordrive.py","set_values","186","","","","","","","","","","","","","","","","","","","","","","0.27999999999999997","0.4","","","","","","","","","","","","","","","","","","","","","","",""
"1537.980108827","2026-08-15 09:50:39.399195","/home/akatoki/SC-30/scripts/SC-30/2_phase/motordrive.py","set_values","186","","","","","","","","","","","","","","","","","","","","","","0.35","0.5","","","","","","","","","","","","","","","","","","","","","","",""
"1538.011777384","2026-08-15 09:50:39.430866","/home/akatoki/SC-30/scripts/SC-30/2_phase/motordrive.py","set_values","186","","","","","","","","","","","","","","","","","","","","","","0.42000000000000004","0.6000000000000001","","","","","","","","","","","","","","","","","","","","","","",""
"1538.0437525","2026-08-15 09:50:39.462839","/home/akatoki/SC-30/scripts/SC-30/2_phase/motordrive.py","set_values","186","","","","","","","","","","","","","","","","","","","","","","0.49","0.7000000000000001","","","","","","","","","","","","","","","","","","","","","","",""
"1538.076983388","2026-08-15 09:50:39.496072","/home/akatoki/SC-30/scripts/SC-30/2_phase/motordrive.py","set_values","186","","","","","","","","","","","","","","","","","","","","","","0.5599999999999999","0.8","","","","","","","","","","","","","","","","","","","","","","",""
"1538.108949286","2026-08-15 09:50:39.528038","/home/akatoki/SC-30/scripts/SC-30/2_phase/motordrive.py","set_values","186","","","","","","","","","","","","","","","","","","","","","","0.63","0.9","","","","","","","","","","","","","","","","","","","","","","",""
"1538.140900027","2026-08-15 09:50:39.559988","/home/akatoki/SC-30/scripts/SC-30/2_phase/motordrive.py","set_values","186","","","","","","","","","","","","","","","","","","","","","","0.7","1.0","","","","","","","","","","","","","","","","","","","","","","",""
"1538.177233964","2026-08-15 09:50:39.596323","/home/akatoki/SC-30/scripts/SC-30/2_phase/motordrive.py","set_values","186","","","","","","","","","","","","","","","","","","","","","","0.7","1.0","","","","","","","","","","","","","","","","","","","","","","",""
"1552.908733204","2026-08-15 09:50:54.327823","/home/akatoki/SC-30/scripts/SC-30/2_phase/motordrive.py","stop","120","","","","stop: power_r=1.0, power_l=0.7","","","","","","","","","","","","","","","","","","","","","","","","","","","","","","","","","","","","","","","","","",""
"1553.491051287","2026-08-15 09:50:54.910150","/home/akatoki/SC-30/scripts/SC-30/2_phase/motordrive.py","stop","134","","","","","","","","","","","","","","","","","","","","","","0.0","0.0","","","","","","","","","","","","","","","","","","","","","","",""
"1553.634729868","2026-08-15 09:50:55.053834","/home/akatoki/SC-30/scripts/SC-30/2_phase/EM.py","log_msg","93","","","","forward_with_stack_check stacked=False","","","","","","","","","","","","","","","","","","","","","","","","","","","","","","","","","","","","","","","","","",""
"1554.478201619","2026-08-15 09:50:55.897298","/home/akatoki/SC-30/scripts/SC-30/2_phase/EM.py","log_msg","93","","","GPS取得失敗 1/30","","","","","","","","","","","","","","","","","","","","","","","","","","","","","","","","","","","","","","","","","","",""
"1555.996128511","2026-08-15 09:50:57.415211","/home/akatoki/SC-30/scripts/SC-30/2_phase/EM.py","log_msg","93","","","","","","","","40.142749333333335","","","","","","","","","","","","","","","","","","","","","","","","","","","","","","","","","","","","","",""
"1556.000200134","2026-08-15 09:50:57.419283","/home/akatoki/SC-30/scripts/SC-30/2_phase/EM.py","log_msg","93","","","","","","","","","139.9873265","","","","","","","","","","","","","","","","","","","","","","","","","","","","","","","","","","","","",""
"1556.008157497","2026-08-15 09:50:57.427240","/home/akatoki/SC-30/scripts/SC-30/2_phase/EM.py","log_msg","93","","","","","","","","","","","","","","","","","","","","","","","","","","","35.73572103401535","","","","","","","","","","","","","","","","","","",""
"1556.011001998","2026-08-15 09:50:57.430085","/home/akatoki/SC-30/scripts/SC-30/2_phase/EM.py","log_msg","93","","","","","","","","","","","","","","","","","","","","","","","","","","-1.997165546158641","","","","","","","","","","","","","","","","","","","",""
"1556.013844624","2026-08-15 09:50:57.432932","/home/akatoki/SC-30/scripts/SC-30/2_phase/EM.py","log_msg","93","","","","ゴールまでの距離: 35.74 m / 角度差: -114.4度","","","","","","","","","","","","","","","","","","","","","","","","","","","","","","","","","","","","","","","","","",""
"1556.016738239","2026-08-15 09:50:57.435830","/home/akatoki/SC-30/scripts/SC-30/2_phase/EM.py","log_msg","93","","","","ゴール方向へ旋回","","","","","","","","","","","","","","","","","","","","","","","","","","","","","","","","","","","","","","","","","",""
"1556.019681229","2026-08-15 09:50:57.438768","/home/akatoki/SC-30/scripts/SC-30/2_phase/EM.py","log_msg","93","","","","旋回します (角度差: -114.4度, 0.42秒駆動)","","","","","","","","","","","","","","","","","","","","","","","","","","","","","","","","","","","","","","","","","",""
"1556.023977329","2026-08-15 09:50:57.443062","/home/akatoki/SC-30/scripts/SC-30/2_phase/motordrive.py","move","150","","","","move: direction=e, power=1.0, duration=0.4238116917919635","","","","","","","","","","","","","","","","","","","","","","","","","","","","","","","","","","","","","","","","","",""
"1556.030953557","2026-08-15 09:50:57.450045","/home/akatoki/SC-30/scripts/SC-30/2_phase/motordrive.py","set_values","186","","","","","","","","","","","","","","","","","","","","","","0.0","-0.0","","","","","","","","","","","","","","","","","","","","","","",""
"1556.060595845","2026-08-15 09:50:57.479680","/home/akatoki/SC-30/scripts/SC-30/2_phase/motordrive.py","set_values","186","","","","","","","","","","","","","","","","","","","","","","0.1","-0.1","","","","","","","","","","","","","","","","","","","","","","",""
"1556.091208801","2026-08-15 09:50:57.510293","/home/akatoki/SC-30/scripts/SC-30/2_phase/motordrive.py","set_values","186","","","","","","","","","","","","","","","","","","","","","","0.2","-0.2","","","","","","","","","","","","","","","","","","","","","","",""
"1556.121817069","2026-08-15 09:50:57.540901","/home/akatoki/SC-30/scripts/SC-30/2_phase/motordrive.py","set_values","186","","","","","","","","","","","","","","","","","","","","","","0.30000000000000004","-0.30000000000000004","","","","","","","","","","","","","","","","","","","","","","",""
"1556.152502315","2026-08-15 09:50:57.571586","/home/akatoki/SC-30/scripts/SC-30/2_phase/motordrive.py","set_values","186","","","","","","","","","","","","","","","","","","","","","","0.4","-0.4","","","","","","","","","","","","","","","","","","","","","","",""
"1556.183111104","2026-08-15 09:50:57.602195","/home/akatoki/SC-30/scripts/SC-30/2_phase/motordrive.py","set_values","186","","","","","","","","","","","","","","","","","","","","","","0.5","-0.5","","","","","","","","","","","","","","","","","","","","","","",""
"1556.213752236","2026-08-15 09:50:57.632836","/home/akatoki/SC-30/scripts/SC-30/2_phase/motordrive.py","set_values","186","","","","","","","","","","","","","","","","","","","","","","0.6000000000000001","-0.6000000000000001","","","","","","","","","","","","","","","","","","","","","","",""
"1556.249398054","2026-08-15 09:50:57.668482","/home/akatoki/SC-30/scripts/SC-30/2_phase/motordrive.py","set_values","186","","","","","","","","","","","","","","","","","","","","","","0.7000000000000001","-0.7000000000000001","","","","","","","","","","","","","","","","","","","","","","",""
"1556.280032676","2026-08-15 09:50:57.699118","/home/akatoki/SC-30/scripts/SC-30/2_phase/motordrive.py","set_values","186","","","","","","","","","","","","","","","","","","","","","","0.8","-0.8","","","","","","","","","","","","","","","","","","","","","","",""
"1556.310626465","2026-08-15 09:50:57.729710","/home/akatoki/SC-30/scripts/SC-30/2_phase/motordrive.py","set_values","186","","","","","","","","","","","","","","","","","","","","","","0.9","-0.9","","","","","","","","","","","","","","","","","","","","","","",""
"1556.341264472","2026-08-15 09:50:57.760354","/home/akatoki/SC-30/scripts/SC-30/2_phase/motordrive.py","set_values","186","","","","","","","","","","","","","","","","","","","","","","1.0","-1.0","","","","","","","","","","","","","","","","","","","","","","",""
"1556.371879667","2026-08-15 09:50:57.790970","/home/akatoki/SC-30/scripts/SC-30/2_phase/motordrive.py","set_values","186","","","","","","","","","","","","","","","","","","","","","","1.0","-1.0","","","","","","","","","","","","","","","","","","","","","","",""
"1556.526012869","2026-08-15 09:50:57.945103","/home/akatoki/SC-30/scripts/SC-30/2_phase/motordrive.py","stop","120","","","","stop: power_r=-1.0, power_l=1.0","","","","","","","","","","","","","","","","","","","","","","","","","","","","","","","","","","","","","","","","","",""
"1557.097741182","2026-08-15 09:50:58.516833","/home/akatoki/SC-30/scripts/SC-30/2_phase/motordrive.py","stop","134","","","","","","","","","","","","","","","","","","","","","","0.0","0.0","","","","","","","","","","","","","","","","","","","","","","",""
"1557.207775411","2026-08-15 09:50:58.626874","/home/akatoki/SC-30/scripts/SC-30/2_phase/EM.py","log_msg","93","","","","5秒前進","","","","","","","","","","","","","","","","","","","","","","","","","","","","","","","","","","","","","","","","","",""
"1557.212425517","2026-08-15 09:50:58.631516","/home/akatoki/SC-30/scripts/SC-30/2_phase/motordrive.py","move","150","","","","move: direction=w, power=1.0, duration=15","","","","","","","","","","","","","","","","","","","","","","","","","","","","","","","","","","","","","","","","","",""
"1557.216992186","2026-08-15 09:50:58.636084","/home/akatoki/SC-30/scripts/SC-30/2_phase/motordrive.py","set_values","186","","","","","","","","","","","","","","","","","","","","","","0.0","0.0","","","","","","","","","","","","","","","","","","","","","","",""
"1557.246740302","2026-08-15 09:50:58.665823","/home/akatoki/SC-30/scripts/SC-30/2_phase/motordrive.py","set_values","186","","","","","","","","","","","","","","","","","","","","","","0.06999999999999999","0.1","","","","","","","","","","","","","","","","","","","","","","",""
"1557.277284556","2026-08-15 09:50:58.696368","/home/akatoki/SC-30/scripts/SC-30/2_phase/motordrive.py","set_values","186","","","","","","","","","","","","","","","","","","","","","","0.13999999999999999","0.2","","","","","","","","","","","","","","","","","","","","","","",""
"1557.307912141","2026-08-15 09:50:58.726996","/home/akatoki/SC-30/scripts/SC-30/2_phase/motordrive.py","set_values","186","","","","","","","","","","","","","","","","","","","","","","0.21000000000000002","0.30000000000000004","","","","","","","","","","","","","","","","","","","","","","",""
"1557.338446239","2026-08-15 09:50:58.757529","/home/akatoki/SC-30/scripts/SC-30/2_phase/motordrive.py","set_values","186","","","","","","","","","","","","","","","","","","","","","","0.27999999999999997","0.4","","","","","","","","","","","","","","","","","","","","","","",""
"1557.374114603","2026-08-15 09:50:58.793198","/home/akatoki/SC-30/scripts/SC-30/2_phase/motordrive.py","set_values","186","","","","","","","","","","","","","","","","","","","","","","0.35","0.5","","","","","","","","","","","","","","","","","","","","","","",""
"1557.40478047","2026-08-15 09:50:58.823864","/home/akatoki/SC-30/scripts/SC-30/2_phase/motordrive.py","set_values","186","","","","","","","","","","","","","","","","","","","","","","0.42000000000000004","0.6000000000000001","","","","","","","","","","","","","","","","","","","","","","",""
"1557.435316859","2026-08-15 09:50:58.854400","/home/akatoki/SC-30/scripts/SC-30/2_phase/motordrive.py","set_values","186","","","","","","","","","","","","","","","","","","","","","","0.49","0.7000000000000001","","","","","","","","","","","","","","","","","","","","","","",""
"1557.465936789","2026-08-15 09:50:58.885020","/home/akatoki/SC-30/scripts/SC-30/2_phase/motordrive.py","set_values","186","","","","","","","","","","","","","","","","","","","","","","0.5599999999999999","0.8","","","","","","","","","","","","","","","","","","","","","","",""
"1557.496484219","2026-08-15 09:50:58.915568","/home/akatoki/SC-30/scripts/SC-30/2_phase/motordrive.py","set_values","186","","","","","","","","","","","","","","","","","","","","","","0.63","0.9","","","","","","","","","","","","","","","","","","","","","","",""
"1557.52723045","2026-08-15 09:50:58.946314","/home/akatoki/SC-30/scripts/SC-30/2_phase/motordrive.py","set_values","186","","","","","","","","","","","","","","","","","","","","","","0.7","1.0","","","","","","","","","","","","","","","","","","","","","","",""
"1557.557625538","2026-08-15 09:50:58.976709","/home/akatoki/SC-30/scripts/SC-30/2_phase/motordrive.py","set_values","186","","","","","","","","","","","","","","","","","","","","","","0.7","1.0","","","","","","","","","","","","","","","","","","","","","","",""
"1572.288551409","2026-08-15 09:51:13.707641","/home/akatoki/SC-30/scripts/SC-30/2_phase/motordrive.py","stop","120","","","","stop: power_r=1.0, power_l=0.7","","","","","","","","","","","","","","","","","","","","","","","","","","","","","","","","","","","","","","","","","",""
"1572.874185081","2026-08-15 09:51:14.293282","/home/akatoki/SC-30/scripts/SC-30/2_phase/motordrive.py","stop","134","","","","","","","","","","","","","","","","","","","","","","0.0","0.0","","","","","","","","","","","","","","","","","","","","","","",""
"1573.002794426","2026-08-15 09:51:14.421900","/home/akatoki/SC-30/scripts/SC-30/2_phase/EM.py","log_msg","93","","","","forward_with_stack_check stacked=False","","","","","","","","","","","","","","","","","","","","","","","","","","","","","","","","","","","","","","","","","",""
"1573.614267292","2026-08-15 09:51:15.033372","/home/akatoki/SC-30/scripts/SC-30/2_phase/EM.py","log_msg","93","","","GPS取得失敗 1/30","","","","","","","","","","","","","","","","","","","","","","","","","","","","","","","","","","","","","","","","","","",""
"1575.47646285","2026-08-15 09:51:16.895550","/home/akatoki/SC-30/scripts/SC-30/2_phase/EM.py","log_msg","93","","","","","","","","40.142751833333335","","","","","","","","","","","","","","","","","","","","","","","","","","","","","","","","","","","","","",""
"1575.48614173","2026-08-15 09:51:16.905230","/home/akatoki/SC-30/scripts/SC-30/2_phase/EM.py","log_msg","93","","","","","","","","","139.98732966666665","","","","","","","","","","","","","","","","","","","","","","","","","","","","","","","","","","","","",""
"1575.489680328","2026-08-15 09:51:16.908766","/home/akatoki/SC-30/scripts/SC-30/2_phase/EM.py","log_msg","93","","","","","","","","","","","","","","","","","","","","","","","","","","","35.59204381304882","","","","","","","","","","","","","","","","","","",""
"1575.493469756","2026-08-15 09:51:16.912559","/home/akatoki/SC-30/scripts/SC-30/2_phase/EM.py","log_msg","93","","","","","","","","","","","","","","","","","","","","","","","","","","-1.1956211591653205","","","","","","","","","","","","","","","","","","","",""
"1575.496789607","2026-08-15 09:51:16.915885","/home/akatoki/SC-30/scripts/SC-30/2_phase/EM.py","log_msg","93","","","","ゴールまでの距離: 35.59 m / 角度差: -68.5度","","","","","","","","","","","","","","","","","","","","","","","","","","","","","","","","","","","","","","","","","",""
"1575.50017404","2026-08-15 09:51:16.919272","/home/akatoki/SC-30/scripts/SC-30/2_phase/EM.py","log_msg","93","","","","ゴール方向へ旋回","","","","","","","","","","","","","","","","","","","","","","","","","","","","","","","","","","","","","","","","","",""
"1575.503595557","2026-08-15 09:51:16.922689","/home/akatoki/SC-30/scripts/SC-30/2_phase/EM.py","log_msg","93","","","","旋回します (角度差: -68.5度, 0.30秒駆動)","","","","","","","","","","","","","","","","","","","","","","","","","","","","","","","","","","","","","","","","","",""
"1575.507024886","2026-08-15 09:51:16.926114","/home/akatoki/SC-30/scripts/SC-30/2_phase/motordrive.py","move","150","","","","move: direction=e, power=1.0, duration=0.3","","","","","","","","","","","","","","","","","","","","","","","","","","","","","","","","","","","","","","","","","",""
"1575.515916849","2026-08-15 09:51:16.935014","/home/akatoki/SC-30/scripts/SC-30/2_phase/motordrive.py","set_values","186","","","","","","","","","","","","","","","","","","","","","","0.0","-0.0","","","","","","","","","","","","","","","","","","","","","","",""
"1575.547210438","2026-08-15 09:51:16.966298","/home/akatoki/SC-30/scripts/SC-30/2_phase/motordrive.py","set_values","186","","","","","","","","","","","","","","","","","","","","","","0.1","-0.1","","","","","","","","","","","","","","","","","","","","","","",""
"1575.579084539","2026-08-15 09:51:16.998172","/home/akatoki/SC-30/scripts/SC-30/2_phase/motordrive.py","set_values","186","","","","","","","","","","","","","","","","","","","","","","0.2","-0.2","","","","","","","","","","","","","","","","","","","","","","",""
"1575.610860669","2026-08-15 09:51:17.029948","/home/akatoki/SC-30/scripts/SC-30/2_phase/motordrive.py","set_values","186","","","","","","","","","","","","","","","","","","","","","","0.30000000000000004","-0.30000000000000004","","","","","","","","","","","","","","","","","","","","","","",""
"1575.643961521","2026-08-15 09:51:17.063048","/home/akatoki/SC-30/scripts/SC-30/2_phase/motordrive.py","set_values","186","","","","","","","","","","","","","","","","","","","","","","0.4","-0.4","","","","","","","","","","","","","","","","","","","","","","",""
"1575.676368527","2026-08-15 09:51:17.095458","/home/akatoki/SC-30/scripts/SC-30/2_phase/motordrive.py","set_values","186","","","","","","","","","","","","","","","","","","","","","","0.5","-0.5","","","","","","","","","","","","","","","","","","","","","","",""
"1575.708545432","2026-08-15 09:51:17.127635","/home/akatoki/SC-30/scripts/SC-30/2_phase/motordrive.py","set_values","186","","","","","","","","","","","","","","","","","","","","","","0.6000000000000001","-0.6000000000000001","","","","","","","","","","","","","","","","","","","","","","",""
"1575.745944194","2026-08-15 09:51:17.165034","/home/akatoki/SC-30/scripts/SC-30/2_phase/motordrive.py","set_values","186","","","","","","","","","","","","","","","","","","","","","","0.7000000000000001","-0.7000000000000001","","","","","","","","","","","","","","","","","","","","","","",""
"1575.777753031","2026-08-15 09:51:17.196840","/home/akatoki/SC-30/scripts/SC-30/2_phase/motordrive.py","set_values","186","","","","","","","","","","","","","","","","","","","","","","0.8","-0.8","","","","","","","","","","","","","","","","","","","","","","",""
"1575.809401037","2026-08-15 09:51:17.228488","/home/akatoki/SC-30/scripts/SC-30/2_phase/motordrive.py","set_values","186","","","","","","","","","","","","","","","","","","","","","","0.9","-0.9","","","","","","","","","","","","","","","","","","","","","","",""
"1575.841066752","2026-08-15 09:51:17.260160","/home/akatoki/SC-30/scripts/SC-30/2_phase/motordrive.py","set_values","186","","","","","","","","","","","","","","","","","","","","","","1.0","-1.0","","","","","","","","","","","","","","","","","","","","","","",""
"1575.872593145","2026-08-15 09:51:17.291688","/home/akatoki/SC-30/scripts/SC-30/2_phase/motordrive.py","set_values","186","","","","","","","","","","","","","","","","","","","","","","1.0","-1.0","","","","","","","","","","","","","","","","","","","","","","",""
"1575.904260214","2026-08-15 09:51:17.323357","/home/akatoki/SC-30/scripts/SC-30/2_phase/motordrive.py","stop","120","","","","stop: power_r=-1.0, power_l=1.0","","","","","","","","","","","","","","","","","","","","","","","","","","","","","","","","","","","","","","","","","",""
"1576.484397519","2026-08-15 09:51:17.903495","/home/akatoki/SC-30/scripts/SC-30/2_phase/motordrive.py","stop","134","","","","","","","","","","","","","","","","","","","","","","0.0","0.0","","","","","","","","","","","","","","","","","","","","","","",""
"1576.594019201","2026-08-15 09:51:18.013123","/home/akatoki/SC-30/scripts/SC-30/2_phase/EM.py","log_msg","93","","","","5秒前進","","","","","","","","","","","","","","","","","","","","","","","","","","","","","","","","","","","","","","","","","",""
"1576.599112881","2026-08-15 09:51:18.018210","/home/akatoki/SC-30/scripts/SC-30/2_phase/motordrive.py","move","150","","","","move: direction=w, power=1.0, duration=15","","","","","","","","","","","","","","","","","","","","","","","","","","","","","","","","","","","","","","","","","",""
"1576.605162693","2026-08-15 09:51:18.024260","/home/akatoki/SC-30/scripts/SC-30/2_phase/motordrive.py","set_values","186","","","","","","","","","","","","","","","","","","","","","","0.0","0.0","","","","","","","","","","","","","","","","","","","","","","",""
"1576.636566219","2026-08-15 09:51:18.055654","/home/akatoki/SC-30/scripts/SC-30/2_phase/motordrive.py","set_values","186","","","","","","","","","","","","","","","","","","","","","","0.06999999999999999","0.1","","","","","","","","","","","","","","","","","","","","","","",""
"1576.670104976","2026-08-15 09:51:18.089193","/home/akatoki/SC-30/scripts/SC-30/2_phase/motordrive.py","set_values","186","","","","","","","","","","","","","","","","","","","","","","0.13999999999999999","0.2","","","","","","","","","","","","","","","","","","","","","","",""
"1576.702275679","2026-08-15 09:51:18.121365","/home/akatoki/SC-30/scripts/SC-30/2_phase/motordrive.py","set_values","186","","","","","","","","","","","","","","","","","","","","","","0.21000000000000002","0.30000000000000004","","","","","","","","","","","","","","","","","","","","","","",""
"1576.734484402","2026-08-15 09:51:18.153572","/home/akatoki/SC-30/scripts/SC-30/2_phase/motordrive.py","set_values","186","","","","","","","","","","","","","","","","","","","","","","0.27999999999999997","0.4","","","","","","","","","","","","","","","","","","","","","","",""
"1576.771647953","2026-08-15 09:51:18.190737","/home/akatoki/SC-30/scripts/SC-30/2_phase/motordrive.py","set_values","186","","","","","","","","","","","","","","","","","","","","","","0.35","0.5","","","","","","","","","","","","","","","","","","","","","","",""
"1576.803901572","2026-08-15 09:51:18.222991","/home/akatoki/SC-30/scripts/SC-30/2_phase/motordrive.py","set_values","186","","","","","","","","","","","","","","","","","","","","","","0.42000000000000004","0.6000000000000001","","","","","","","","","","","","","","","","","","","","","","",""
"1576.835911287","2026-08-15 09:51:18.254999","/home/akatoki/SC-30/scripts/SC-30/2_phase/motordrive.py","set_values","186","","","","","","","","","","","","","","","","","","","","","","0.49","0.7000000000000001","","","","","","","","","","","","","","","","","","","","","","",""
"1576.867886889","2026-08-15 09:51:18.286974","/home/akatoki/SC-30/scripts/SC-30/2_phase/motordrive.py","set_values","186","","","","","","","","","","","","","","","","","","","","","","0.5599999999999999","0.8","","","","","","","","","","","","","","","","","","","","","","",""
"1576.899999311","2026-08-15 09:51:18.319127","/home/akatoki/SC-30/scripts/SC-30/2_phase/motordrive.py","set_values","186","","","","","","","","","","","","","","","","","","","","","","0.63","0.9","","","","","","","","","","","","","","","","","","","","","","",""
"1576.932155796","2026-08-15 09:51:18.351245","/home/akatoki/SC-30/scripts/SC-30/2_phase/motordrive.py","set_values","186","","","","","","","","","","","","","","","","","","","","","","0.7","1.0","","","","","","","","","","","","","","","","","","","","","","",""
"1576.963833849","2026-08-15 09:51:18.382922","/home/akatoki/SC-30/scripts/SC-30/2_phase/motordrive.py","set_values","186","","","","","","","","","","","","","","","","","","","","","","0.7","1.0","","","","","","","","","","","","","","","","","","","","","","",""
"1591.700092508","2026-08-15 09:51:33.119184","/home/akatoki/SC-30/scripts/SC-30/2_phase/motordrive.py","stop","120","","","","stop: power_r=1.0, power_l=0.7","","","","","","","","","","","","","","","","","","","","","","","","","","","","","","","","","","","","","","","","","",""
"1592.281392882","2026-08-15 09:51:33.700491","/home/akatoki/SC-30/scripts/SC-30/2_phase/motordrive.py","stop","134","","","","","","","","","","","","","","","","","","","","","","0.0","0.0","","","","","","","","","","","","","","","","","","","","","","",""
"1592.397889942","2026-08-15 09:51:33.816994","/home/akatoki/SC-30/scripts/SC-30/2_phase/EM.py","log_msg","93","","","","forward_with_stack_check stacked=False","","","","","","","","","","","","","","","","","","","","","","","","","","","","","","","","","","","","","","","","","",""
"1593.484341567","2026-08-15 09:51:34.903430","/home/akatoki/SC-30/scripts/SC-30/2_phase/EM.py","log_msg","93","","","","","","","","40.142750666666664","","","","","","","","","","","","","","","","","","","","","","","","","","","","","","","","","","","","","",""
"1593.488829412","2026-08-15 09:51:34.907917","/home/akatoki/SC-30/scripts/SC-30/2_phase/EM.py","log_msg","93","","","","","","","","","139.987329","","","","","","","","","","","","","","","","","","","","","","","","","","","","","","","","","","","","",""
"1593.493833551","2026-08-15 09:51:34.912921","/home/akatoki/SC-30/scripts/SC-30/2_phase/EM.py","log_msg","93","","","","","","","","","","","","","","","","","","","","","","","","","","","35.594758651293816","","","","","","","","","","","","","","","","","","",""
"1593.497375057","2026-08-15 09:51:34.916465","/home/akatoki/SC-30/scripts/SC-30/2_phase/EM.py","log_msg","93","","","","","","","","","","","","","","","","","","","","","","","","","","1.5919766733873222","","","","","","","","","","","","","","","","","","","",""
"1593.500816304","2026-08-15 09:51:34.919911","/home/akatoki/SC-30/scripts/SC-30/2_phase/EM.py","log_msg","93","","","","ゴールまでの距離: 35.59 m / 角度差: 91.2度","","","","","","","","","","","","","","","","","","","","","","","","","","","","","","","","","","","","","","","","","",""
"1593.507761297","2026-08-15 09:51:34.926860","/home/akatoki/SC-30/scripts/SC-30/2_phase/EM.py","log_msg","93","","","","ゴール方向へ旋回","","","","","","","","","","","","","","","","","","","","","","","","","","","","","","","","","","","","","","","","","",""
"1593.511033849","2026-08-15 09:51:34.930128","/home/akatoki/SC-30/scripts/SC-30/2_phase/EM.py","log_msg","93","","","","旋回します (角度差: 91.2度, 0.34秒駆動)","","","","","","","","","","","","","","","","","","","","","","","","","","","","","","","","","","","","","","","","","",""
"1593.514305411","2026-08-15 09:51:34.933392","/home/akatoki/SC-30/scripts/SC-30/2_phase/motordrive.py","move","150","","","","move: direction=q, power=1.0, duration=0.3378279424754455","","","","","","","","","","","","","","","","","","","","","","","","","","","","","","","","","","","","","","","","","",""
"1593.519682825","2026-08-15 09:51:34.938779","/home/akatoki/SC-30/scripts/SC-30/2_phase/motordrive.py","set_values","186","","","","","","","","","","","","","","","","","","","","","","-0.0","0.0","","","","","","","","","","","","","","","","","","","","","","",""
"1593.550378481","2026-08-15 09:51:34.969466","/home/akatoki/SC-30/scripts/SC-30/2_phase/motordrive.py","set_values","186","","","","","","","","","","","","","","","","","","","","","","-0.1","0.1","","","","","","","","","","","","","","","","","","","","","","",""
"1593.581974174","2026-08-15 09:51:35.001061","/home/akatoki/SC-30/scripts/SC-30/2_phase/motordrive.py","set_values","186","","","","","","","","","","","","","","","","","","","","","","-0.2","0.2","","","","","","","","","","","","","","","","","","","","","","",""
"1593.613554863","2026-08-15 09:51:35.032643","/home/akatoki/SC-30/scripts/SC-30/2_phase/motordrive.py","set_values","186","","","","","","","","","","","","","","","","","","","","","","-0.30000000000000004","0.30000000000000004","","","","","","","","","","","","","","","","","","","","","","",""
"1593.645157218","2026-08-15 09:51:35.064245","/home/akatoki/SC-30/scripts/SC-30/2_phase/motordrive.py","set_values","186","","","","","","","","","","","","","","","","","","","","","","-0.4","0.4","","","","","","","","","","","","","","","","","","","","","","",""
"1593.682057822","2026-08-15 09:51:35.101145","/home/akatoki/SC-30/scripts/SC-30/2_phase/motordrive.py","set_values","186","","","","","","","","","","","","","","","","","","","","","","-0.5","0.5","","","","","","","","","","","","","","","","","","","","","","",""
"1593.714205325","2026-08-15 09:51:35.133294","/home/akatoki/SC-30/scripts/SC-30/2_phase/motordrive.py","set_values","186","","","","","","","","","","","","","","","","","","","","","","-0.6000000000000001","0.6000000000000001","","","","","","","","","","","","","","","","","","","","","","",""
"1593.746453607","2026-08-15 09:51:35.165543","/home/akatoki/SC-30/scripts/SC-30/2_phase/motordrive.py","set_values","186","","","","","","","","","","","","","","","","","","","","","","-0.7000000000000001","0.7000000000000001","","","","","","","","","","","","","","","","","","","","","","",""
"1593.778654755","2026-08-15 09:51:35.197745","/home/akatoki/SC-30/scripts/SC-30/2_phase/motordrive.py","set_values","186","","","","","","","","","","","","","","","","","","","","","","-0.8","0.8","","","","","","","","","","","","","","","","","","","","","","",""
"1593.811932761","2026-08-15 09:51:35.231020","/home/akatoki/SC-30/scripts/SC-30/2_phase/motordrive.py","set_values","186","","","","","","","","","","","","","","","","","","","","","","-0.9","0.9","","","","","","","","","","","","","","","","","","","","","","",""
"1593.843609802","2026-08-15 09:51:35.262703","/home/akatoki/SC-30/scripts/SC-30/2_phase/motordrive.py","set_values","186","","","","","","","","","","","","","","","","","","","","","","-1.0","1.0","","","","","","","","","","","","","","","","","","","","","","",""
"1593.879922655","2026-08-15 09:51:35.299016","/home/akatoki/SC-30/scripts/SC-30/2_phase/motordrive.py","set_values","186","","","","","","","","","","","","","","","","","","","","","","-1.0","1.0","","","","","","","","","","","","","","","","","","","","","","",""
"1593.949294818","2026-08-15 09:51:35.368392","/home/akatoki/SC-30/scripts/SC-30/2_phase/motordrive.py","stop","120","","","","stop: power_r=1.0, power_l=-1.0","","","","","","","","","","","","","","","","","","","","","","","","","","","","","","","","","","","","","","","","","",""
"1594.530239886","2026-08-15 09:51:35.949338","/home/akatoki/SC-30/scripts/SC-30/2_phase/motordrive.py","stop","134","","","","","","","","","","","","","","","","","","","","","","0.0","0.0","","","","","","","","","","","","","","","","","","","","","","",""
"1594.634880849","2026-08-15 09:51:36.053986","/home/akatoki/SC-30/scripts/SC-30/2_phase/EM.py","log_msg","93","","","","5秒前進","","","","","","","","","","","","","","","","","","","","","","","","","","","","","","","","","","","","","","","","","",""
"1594.640106598","2026-08-15 09:51:36.059203","/home/akatoki/SC-30/scripts/SC-30/2_phase/motordrive.py","move","150","","","","move: direction=w, power=1.0, duration=15","","","","","","","","","","","","","","","","","","","","","","","","","","","","","","","","","","","","","","","","","",""
"1594.646070407","2026-08-15 09:51:36.065169","/home/akatoki/SC-30/scripts/SC-30/2_phase/motordrive.py","set_values","186","","","","","","","","","","","","","","","","","","","","","","0.0","0.0","","","","","","","","","","","","","","","","","","","","","","",""
"1594.677144955","2026-08-15 09:51:36.096233","/home/akatoki/SC-30/scripts/SC-30/2_phase/motordrive.py","set_values","186","","","","","","","","","","","","","","","","","","","","","","0.06999999999999999","0.1","","","","","","","","","","","","","","","","","","","","","","",""
"1594.709144851","2026-08-15 09:51:36.128233","/home/akatoki/SC-30/scripts/SC-30/2_phase/motordrive.py","set_values","186","","","","","","","","","","","","","","","","","","","","","","0.13999999999999999","0.2","","","","","","","","","","","","","","","","","","","","","","",""
"1594.746827885","2026-08-15 09:51:36.165916","/home/akatoki/SC-30/scripts/SC-30/2_phase/motordrive.py","set_values","186","","","","","","","","","","","","","","","","","","","","","","0.21000000000000002","0.30000000000000004","","","","","","","","","","","","","","","","","","","","","","",""
"1594.778931114","2026-08-15 09:51:36.198020","/home/akatoki/SC-30/scripts/SC-30/2_phase/motordrive.py","set_values","186","","","","","","","","","","","","","","","","","","","","","","0.27999999999999997","0.4","","","","","","","","","","","","","","","","","","","","","","",""
"1594.810968979","2026-08-15 09:51:36.230058","/home/akatoki/SC-30/scripts/SC-30/2_phase/motordrive.py","set_values","186","","","","","","","","","","","","","","","","","","","","","","0.35","0.5","","","","","","","","","","","","","","","","","","","","","","",""
"1594.84302075","2026-08-15 09:51:36.262110","/home/akatoki/SC-30/scripts/SC-30/2_phase/motordrive.py","set_values","186","","","","","","","","","","","","","","","","","","","","","","0.42000000000000004","0.6000000000000001","","","","","","","","","","","","","","","","","","","","","","",""
"1594.87649255","2026-08-15 09:51:36.295581","/home/akatoki/SC-30/scripts/SC-30/2_phase/motordrive.py","set_values","186","","","","","","","","","","","","","","","","","","","","","","0.49","0.7000000000000001","","","","","","","","","","","","","","","","","","","","","","",""
"1594.908673589","2026-08-15 09:51:36.327762","/home/akatoki/SC-30/scripts/SC-30/2_phase/motordrive.py","set_values","186","","","","","","","","","","","","","","","","","","","","","","0.5599999999999999","0.8","","","","","","","","","","","","","","","","","","","","","","",""
"1594.945773299","2026-08-15 09:51:36.364862","/home/akatoki/SC-30/scripts/SC-30/2_phase/motordrive.py","set_values","186","","","","","","","","","","","","","","","","","","","","","","0.63","0.9","","","","","","","","","","","","","","","","","","","","","","",""
"1594.977785435","2026-08-15 09:51:36.396874","/home/akatoki/SC-30/scripts/SC-30/2_phase/motordrive.py","set_values","186","","","","","","","","","","","","","","","","","","","","","","0.7","1.0","","","","","","","","","","","","","","","","","","","","","","",""
"1595.009414974","2026-08-15 09:51:36.428504","/home/akatoki/SC-30/scripts/SC-30/2_phase/motordrive.py","set_values","186","","","","","","","","","","","","","","","","","","","","","","0.7","1.0","","","","","","","","","","","","","","","","","","","","","","",""
"1609.740957093","2026-08-15 09:51:51.160100","/home/akatoki/SC-30/scripts/SC-30/2_phase/motordrive.py","stop","120","","","","stop: power_r=1.0, power_l=0.7","","","","","","","","","","","","","","","","","","","","","","","","","","","","","","","","","","","","","","","","","",""
"1610.329028745","2026-08-15 09:51:51.748127","/home/akatoki/SC-30/scripts/SC-30/2_phase/motordrive.py","stop","134","","","","","","","","","","","","","","","","","","","","","","0.0","0.0","","","","","","","","","","","","","","","","","","","","","","",""
"1610.477102824","2026-08-15 09:51:51.896207","/home/akatoki/SC-30/scripts/SC-30/2_phase/EM.py","log_msg","93","","","","forward_with_stack_check stacked=False","","","","","","","","","","","","","","","","","","","","","","","","","","","","","","","","","","","","","","","","","",""
"1611.493827352","2026-08-15 09:51:52.912916","/home/akatoki/SC-30/scripts/SC-30/2_phase/EM.py","log_msg","93","","","","","","","","40.142748166666664","","","","","","","","","","","","","","","","","","","","","","","","","","","","","","","","","","","","","",""
"1611.498313103","2026-08-15 09:51:52.917401","/home/akatoki/SC-30/scripts/SC-30/2_phase/EM.py","log_msg","93","","","","","","","","","139.987326","","","","","","","","","","","","","","","","","","","","","","","","","","","","","","","","","","","","",""
"1611.501923558","2026-08-15 09:51:52.921010","/home/akatoki/SC-30/scripts/SC-30/2_phase/EM.py","log_msg","93","","","","","","","","","","","","","","","","","","","","","","","","","","","35.726681809271604","","","","","","","","","","","","","","","","","","",""
"1611.505371672","2026-08-15 09:51:52.924461","/home/akatoki/SC-30/scripts/SC-30/2_phase/EM.py","log_msg","93","","","","","","","","","","","","","","","","","","","","","","","","","","1.9328707838468075","","","","","","","","","","","","","","","","","","","",""
"1611.508744839","2026-08-15 09:51:52.927841","/home/akatoki/SC-30/scripts/SC-30/2_phase/EM.py","log_msg","93","","","","ゴールまでの距離: 35.73 m / 角度差: 110.7度","","","","","","","","","","","","","","","","","","","","","","","","","","","","","","","","","","","","","","","","","",""
"1611.512162589","2026-08-15 09:51:52.931263","/home/akatoki/SC-30/scripts/SC-30/2_phase/EM.py","log_msg","93","","","","ゴール方向へ旋回","","","","","","","","","","","","","","","","","","","","","","","","","","","","","","","","","","","","","","","","","",""
"1611.519314333","2026-08-15 09:51:52.938410","/home/akatoki/SC-30/scripts/SC-30/2_phase/EM.py","log_msg","93","","","","旋回します (角度差: 110.7度, 0.41秒駆動)","","","","","","","","","","","","","","","","","","","","","","","","","","","","","","","","","","","","","","","","","",""
"1611.524347158","2026-08-15 09:51:52.943436","/home/akatoki/SC-30/scripts/SC-30/2_phase/motordrive.py","move","150","","","","move: direction=q, power=1.0, duration=0.4101679194761677","","","","","","","","","","","","","","","","","","","","","","","","","","","","","","","","","","","","","","","","","",""
"1611.53001195","2026-08-15 09:51:52.949109","/home/akatoki/SC-30/scripts/SC-30/2_phase/motordrive.py","set_values","186","","","","","","","","","","","","","","","","","","","","","","-0.0","0.0","","","","","","","","","","","","","","","","","","","","","","",""
"1611.561150963","2026-08-15 09:51:52.980240","/home/akatoki/SC-30/scripts/SC-30/2_phase/motordrive.py","set_values","186","","","","","","","","","","","","","","","","","","","","","","-0.1","0.1","","","","","","","","","","","","","","","","","","","","","","",""
"1611.593168657","2026-08-15 09:51:53.012258","/home/akatoki/SC-30/scripts/SC-30/2_phase/motordrive.py","set_values","186","","","","","","","","","","","","","","","","","","","","","","-0.2","0.2","","","","","","","","","","","","","","","","","","","","","","",""
"1611.625271868","2026-08-15 09:51:53.044360","/home/akatoki/SC-30/scripts/SC-30/2_phase/motordrive.py","set_values","186","","","","","","","","","","","","","","","","","","","","","","-0.30000000000000004","0.30000000000000004","","","","","","","","","","","","","","","","","","","","","","",""
"1611.662164625","2026-08-15 09:51:53.081253","/home/akatoki/SC-30/scripts/SC-30/2_phase/motordrive.py","set_values","186","","","","","","","","","","","","","","","","","","","","","","-0.4","0.4","","","","","","","","","","","","","","","","","","","","","","",""
"1611.694315908","2026-08-15 09:51:53.113405","/home/akatoki/SC-30/scripts/SC-30/2_phase/motordrive.py","set_values","186","","","","","","","","","","","","","","","","","","","","","","-0.5","0.5","","","","","","","","","","","","","","","","","","","","","","",""
"1611.726738071","2026-08-15 09:51:53.145827","/home/akatoki/SC-30/scripts/SC-30/2_phase/motordrive.py","set_values","186","","","","","","","","","","","","","","","","","","","","","","-0.6000000000000001","0.6000000000000001","","","","","","","","","","","","","","","","","","","","","","",""
"1611.75886352","2026-08-15 09:51:53.177952","/home/akatoki/SC-30/scripts/SC-30/2_phase/motordrive.py","set_values","186","","","","","","","","","","","","","","","","","","","","","","-0.7000000000000001","0.7000000000000001","","","","","","","","","","","","","","","","","","","","","","",""
"1611.791168602","2026-08-15 09:51:53.210258","/home/akatoki/SC-30/scripts/SC-30/2_phase/motordrive.py","set_values","186","","","","","","","","","","","","","","","","","","","","","","-0.8","0.8","","","","","","","","","","","","","","","","","","","","","","",""
"1611.823397591","2026-08-15 09:51:53.242487","/home/akatoki/SC-30/scripts/SC-30/2_phase/motordrive.py","set_values","186","","","","","","","","","","","","","","","","","","","","","","-0.9","0.9","","","","","","","","","","","","","","","","","","","","","","",""
"1611.855403824","2026-08-15 09:51:53.274497","/home/akatoki/SC-30/scripts/SC-30/2_phase/motordrive.py","set_values","186","","","","","","","","","","","","","","","","","","","","","","-1.0","1.0","","","","","","","","","","","","","","","","","","","","","","",""
"1611.886926264","2026-08-15 09:51:53.306020","/home/akatoki/SC-30/scripts/SC-30/2_phase/motordrive.py","set_values","186","","","","","","","","","","","","","","","","","","","","","","-1.0","1.0","","","","","","","","","","","","","","","","","","","","","","",""
"1612.04412368","2026-08-15 09:51:53.463221","/home/akatoki/SC-30/scripts/SC-30/2_phase/motordrive.py","stop","120","","","","stop: power_r=1.0, power_l=-1.0","","","","","","","","","","","","","","","","","","","","","","","","","","","","","","","","","","","","","","","","","",""
"1612.625117603","2026-08-15 09:51:54.044216","/home/akatoki/SC-30/scripts/SC-30/2_phase/motordrive.py","stop","134","","","","","","","","","","","","","","","","","","","","","","0.0","0.0","","","","","","","","","","","","","","","","","","","","","","",""
"1612.731156416","2026-08-15 09:51:54.150261","/home/akatoki/SC-30/scripts/SC-30/2_phase/EM.py","log_msg","93","","","","5秒前進","","","","","","","","","","","","","","","","","","","","","","","","","","","","","","","","","","","","","","","","","",""
"1612.73645387","2026-08-15 09:51:54.155549","/home/akatoki/SC-30/scripts/SC-30/2_phase/motordrive.py","move","150","","","","move: direction=w, power=1.0, duration=15","","","","","","","","","","","","","","","","","","","","","","","","","","","","","","","","","","","","","","","","","",""
"1612.742488654","2026-08-15 09:51:54.161586","/home/akatoki/SC-30/scripts/SC-30/2_phase/motordrive.py","set_values","186","","","","","","","","","","","","","","","","","","","","","","0.0","0.0","","","","","","","","","","","","","","","","","","","","","","",""
"1612.77385026","2026-08-15 09:51:54.192938","/home/akatoki/SC-30/scripts/SC-30/2_phase/motordrive.py","set_values","186","","","","","","","","","","","","","","","","","","","","","","0.06999999999999999","0.1","","","","","","","","","","","","","","","","","","","","","","",""
"1612.810746346","2026-08-15 09:51:54.229834","/home/akatoki/SC-30/scripts/SC-30/2_phase/motordrive.py","set_values","186","","","","","","","","","","","","","","","","","","","","","","0.13999999999999999","0.2","","","","","","","","","","","","","","","","","","","","","","",""
"1612.84253185","2026-08-15 09:51:54.261618","/home/akatoki/SC-30/scripts/SC-30/2_phase/motordrive.py","set_values","186","","","","","","","","","","","","","","","","","","","","","","0.21000000000000002","0.30000000000000004","","","","","","","","","","","","","","","","","","","","","","",""
"1612.874373238","2026-08-15 09:51:54.293459","/home/akatoki/SC-30/scripts/SC-30/2_phase/motordrive.py","set_values","186","","","","","","","","","","","","","","","","","","","","","","0.27999999999999997","0.4","","","","","","","","","","","","","","","","","","","","","","",""
"1612.906027912","2026-08-15 09:51:54.325114","/home/akatoki/SC-30/scripts/SC-30/2_phase/motordrive.py","set_values","186","","","","","","","","","","","","","","","","","","","","","","0.35","0.5","","","","","","","","","","","","","","","","","","","","","","",""
"1612.938063151","2026-08-15 09:51:54.357152","/home/akatoki/SC-30/scripts/SC-30/2_phase/motordrive.py","set_values","186","","","","","","","","","","","","","","","","","","","","","","0.42000000000000004","0.6000000000000001","","","","","","","","","","","","","","","","","","","","","","",""
"1612.970207919","2026-08-15 09:51:54.389296","/home/akatoki/SC-30/scripts/SC-30/2_phase/motordrive.py","set_values","186","","","","","","","","","","","","","","","","","","","","","","0.49","0.7000000000000001","","","","","","","","","","","","","","","","","","","","","","",""
"1613.002403988","2026-08-15 09:51:54.421491","/home/akatoki/SC-30/scripts/SC-30/2_phase/motordrive.py","set_values","186","","","","","","","","","","","","","","","","","","","","","","0.5599999999999999","0.8","","","","","","","","","","","","","","","","","","","","","","",""
"1613.034491049","2026-08-15 09:51:54.453580","/home/akatoki/SC-30/scripts/SC-30/2_phase/motordrive.py","set_values","186","","","","","","","","","","","","","","","","","","","","","","0.63","0.9","","","","","","","","","","","","","","","","","","","","","","",""
"1613.07125969","2026-08-15 09:51:54.490348","/home/akatoki/SC-30/scripts/SC-30/2_phase/motordrive.py","set_values","186","","","","","","","","","","","","","","","","","","","","","","0.7","1.0","","","","","","","","","","","","","","","","","","","","","","",""
"1613.102900613","2026-08-15 09:51:54.521989","/home/akatoki/SC-30/scripts/SC-30/2_phase/motordrive.py","set_values","186","","","","","","","","","","","","","","","","","","","","","","0.7","1.0","","","","","","","","","","","","","","","","","","","","","","",""
"1627.834614186","2026-08-15 09:52:09.253745","/home/akatoki/SC-30/scripts/SC-30/2_phase/motordrive.py","stop","120","","","","stop: power_r=1.0, power_l=0.7","","","","","","","","","","","","","","","","","","","","","","","","","","","","","","","","","","","","","","","","","",""
"1628.418188347","2026-08-15 09:52:09.837286","/home/akatoki/SC-30/scripts/SC-30/2_phase/motordrive.py","stop","134","","","","","","","","","","","","","","","","","","","","","","0.0","0.0","","","","","","","","","","","","","","","","","","","","","","",""
"1628.530919854","2026-08-15 09:52:09.950025","/home/akatoki/SC-30/scripts/SC-30/2_phase/EM.py","log_msg","93","","","","forward_with_stack_check stacked=False","","","","","","","","","","","","","","","","","","","","","","","","","","","","","","","","","","","","","","","","","",""
"1629.507264976","2026-08-15 09:52:10.926352","/home/akatoki/SC-30/scripts/SC-30/2_phase/EM.py","log_msg","93","","","","","","","","40.1427475","","","","","","","","","","","","","","","","","","","","","","","","","","","","","","","","","","","","","",""
"1629.51176379","2026-08-15 09:52:10.930852","/home/akatoki/SC-30/scripts/SC-30/2_phase/EM.py","log_msg","93","","","","","","","","","139.98732566666666","","","","","","","","","","","","","","","","","","","","","","","","","","","","","","","","","","","","",""
"1629.515411163","2026-08-15 09:52:10.934498","/home/akatoki/SC-30/scripts/SC-30/2_phase/EM.py","log_msg","93","","","","","","","","","","","","","","","","","","","","","","","","","","","35.72551768737919","","","","","","","","","","","","","","","","","","",""
"1629.523115953","2026-08-15 09:52:10.942206","/home/akatoki/SC-30/scripts/SC-30/2_phase/EM.py","log_msg","93","","","","","","","","","","","","","","","","","","","","","","","","","","1.557223110216264","","","","","","","","","","","","","","","","","","","",""
"1629.526352085","2026-08-15 09:52:10.945447","/home/akatoki/SC-30/scripts/SC-30/2_phase/EM.py","log_msg","93","","","","ゴールまでの距離: 35.73 m / 角度差: 89.2度","","","","","","","","","","","","","","","","","","","","","","","","","","","","","","","","","","","","","","","","","",""
"1629.529746651","2026-08-15 09:52:10.948846","/home/akatoki/SC-30/scripts/SC-30/2_phase/EM.py","log_msg","93","","","","ゴール方向へ旋回","","","","","","","","","","","","","","","","","","","","","","","","","","","","","","","","","","","","","","","","","",""
"1629.533192257","2026-08-15 09:52:10.952287","/home/akatoki/SC-30/scripts/SC-30/2_phase/EM.py","log_msg","93","","","","旋回します (角度差: 89.2度, 0.33秒駆動)","","","","","","","","","","","","","","","","","","","","","","","","","","","","","","","","","","","","","","","","","",""
"1629.536566667","2026-08-15 09:52:10.955655","/home/akatoki/SC-30/scripts/SC-30/2_phase/motordrive.py","move","150","","","","move: direction=q, power=1.0, duration=0.33045300731713834","","","","","","","","","","","","","","","","","","","","","","","","","","","","","","","","","","","","","","","","","",""
"1629.542350455","2026-08-15 09:52:10.961449","/home/akatoki/SC-30/scripts/SC-30/2_phase/motordrive.py","set_values","186","","","","","","","","","","","","","","","","","","","","","","-0.0","0.0","","","","","","","","","","","","","","","","","","","","","","",""
"1629.573829238","2026-08-15 09:52:10.992919","/home/akatoki/SC-30/scripts/SC-30/2_phase/motordrive.py","set_values","186","","","","","","","","","","","","","","","","","","","","","","-0.1","0.1","","","","","","","","","","","","","","","","","","","","","","",""
"1629.606136543","2026-08-15 09:52:11.025226","/home/akatoki/SC-30/scripts/SC-30/2_phase/motordrive.py","set_values","186","","","","","","","","","","","","","","","","","","","","","","-0.2","0.2","","","","","","","","","","","","","","","","","","","","","","",""
"1629.643359058","2026-08-15 09:52:11.062448","/home/akatoki/SC-30/scripts/SC-30/2_phase/motordrive.py","set_values","186","","","","","","","","","","","","","","","","","","","","","","-0.30000000000000004","0.30000000000000004","","","","","","","","","","","","","","","","","","","","","","",""
"1629.677262735","2026-08-15 09:52:11.096352","/home/akatoki/SC-30/scripts/SC-30/2_phase/motordrive.py","set_values","186","","","","","","","","","","","","","","","","","","","","","","-0.4","0.4","","","","","","","","","","","","","","","","","","","","","","",""
"1629.7098292","2026-08-15 09:52:11.128918","/home/akatoki/SC-30/scripts/SC-30/2_phase/motordrive.py","set_values","186","","","","","","","","","","","","","","","","","","","","","","-0.5","0.5","","","","","","","","","","","","","","","","","","","","","","",""
"1629.742391863","2026-08-15 09:52:11.161481","/home/akatoki/SC-30/scripts/SC-30/2_phase/motordrive.py","set_values","186","","","","","","","","","","","","","","","","","","","","","","-0.6000000000000001","0.6000000000000001","","","","","","","","","","","","","","","","","","","","","","",""
"1629.774546253","2026-08-15 09:52:11.193634","/home/akatoki/SC-30/scripts/SC-30/2_phase/motordrive.py","set_values","186","","","","","","","","","","","","","","","","","","","","","","-0.7000000000000001","0.7000000000000001","","","","","","","","","","","","","","","","","","","","","","",""
"1629.80649497","2026-08-15 09:52:11.225581","/home/akatoki/SC-30/scripts/SC-30/2_phase/motordrive.py","set_values","186","","","","","","","","","","","","","","","","","","","","","","-0.8","0.8","","","","","","","","","","","","","","","","","","","","","","",""
"1629.843286087","2026-08-15 09:52:11.262373","/home/akatoki/SC-30/scripts/SC-30/2_phase/motordrive.py","set_values","186","","","","","","","","","","","","","","","","","","","","","","-0.9","0.9","","","","","","","","","","","","","","","","","","","","","","",""
"1629.8751559","2026-08-15 09:52:11.294250","/home/akatoki/SC-30/scripts/SC-30/2_phase/motordrive.py","set_values","186","","","","","","","","","","","","","","","","","","","","","","-1.0","1.0","","","","","","","","","","","","","","","","","","","","","","",""
"1629.906673845","2026-08-15 09:52:11.325768","/home/akatoki/SC-30/scripts/SC-30/2_phase/motordrive.py","set_values","186","","","","","","","","","","","","","","","","","","","","","","-1.0","1.0","","","","","","","","","","","","","","","","","","","","","","",""
"1629.968848866","2026-08-15 09:52:11.387946","/home/akatoki/SC-30/scripts/SC-30/2_phase/motordrive.py","stop","120","","","","stop: power_r=1.0, power_l=-1.0","","","","","","","","","","","","","","","","","","","","","","","","","","","","","","","","","","","","","","","","","",""
"1630.554840759","2026-08-15 09:52:11.973936","/home/akatoki/SC-30/scripts/SC-30/2_phase/motordrive.py","stop","134","","","","","","","","","","","","","","","","","","","","","","0.0","0.0","","","","","","","","","","","","","","","","","","","","","","",""
"1630.659363755","2026-08-15 09:52:12.078470","/home/akatoki/SC-30/scripts/SC-30/2_phase/EM.py","log_msg","93","","","","5秒前進","","","","","","","","","","","","","","","","","","","","","","","","","","","","","","","","","","","","","","","","","",""
"1630.664693645","2026-08-15 09:52:12.083790","/home/akatoki/SC-30/scripts/SC-30/2_phase/motordrive.py","move","150","","","","move: direction=w, power=1.0, duration=15","","","","","","","","","","","","","","","","","","","","","","","","","","","","","","","","","","","","","","","","","",""
"1630.670603522","2026-08-15 09:52:12.089701","/home/akatoki/SC-30/scripts/SC-30/2_phase/motordrive.py","set_values","186","","","","","","","","","","","","","","","","","","","","","","0.0","0.0","","","","","","","","","","","","","","","","","","","","","","",""
"1630.706356376","2026-08-15 09:52:12.125445","/home/akatoki/SC-30/scripts/SC-30/2_phase/motordrive.py","set_values","186","","","","","","","","","","","","","","","","","","","","","","0.06999999999999999","0.1","","","","","","","","","","","","","","","","","","","","","","",""
"1630.738435503","2026-08-15 09:52:12.157524","/home/akatoki/SC-30/scripts/SC-30/2_phase/motordrive.py","set_values","186","","","","","","","","","","","","","","","","","","","","","","0.13999999999999999","0.2","","","","","","","","","","","","","","","","","","","","","","",""
"1630.771772574","2026-08-15 09:52:12.190860","/home/akatoki/SC-30/scripts/SC-30/2_phase/motordrive.py","set_values","186","","","","","","","","","","","","","","","","","","","","","","0.21000000000000002","0.30000000000000004","","","","","","","","","","","","","","","","","","","","","","",""
"1630.803503896","2026-08-15 09:52:12.222590","/home/akatoki/SC-30/scripts/SC-30/2_phase/motordrive.py","set_values","186","","","","","","","","","","","","","","","","","","","","","","0.27999999999999997","0.4","","","","","","","","","","","","","","","","","","","","","","",""
"1630.835006681","2026-08-15 09:52:12.254093","/home/akatoki/SC-30/scripts/SC-30/2_phase/motordrive.py","set_values","186","","","","","","","","","","","","","","","","","","","","","","0.35","0.5","","","","","","","","","","","","","","","","","","","","","","",""
"1630.866727535","2026-08-15 09:52:12.285818","/home/akatoki/SC-30/scripts/SC-30/2_phase/motordrive.py","set_values","186","","","","","","","","","","","","","","","","","","","","","","0.42000000000000004","0.6000000000000001","","","","","","","","","","","","","","","","","","","","","","",""
"1630.903669322","2026-08-15 09:52:12.322757","/home/akatoki/SC-30/scripts/SC-30/2_phase/motordrive.py","set_values","186","","","","","","","","","","","","","","","","","","","","","","0.49","0.7000000000000001","","","","","","","","","","","","","","","","","","","","","","",""
"1630.935784646","2026-08-15 09:52:12.354873","/home/akatoki/SC-30/scripts/SC-30/2_phase/motordrive.py","set_values","186","","","","","","","","","","","","","","","","","","","","","","0.5599999999999999","0.8","","","","","","","","","","","","","","","","","","","","","","",""
"1630.967988042","2026-08-15 09:52:12.387113","/home/akatoki/SC-30/scripts/SC-30/2_phase/motordrive.py","set_values","186","","","","","","","","","","","","","","","","","","","","","","0.63","0.9","","","","","","","","","","","","","","","","","","","","","","",""
"1630.9994839","2026-08-15 09:52:12.418570","/home/akatoki/SC-30/scripts/SC-30/2_phase/motordrive.py","set_values","186","","","","","","","","","","","","","","","","","","","","","","0.7","1.0","","","","","","","","","","","","","","","","","","","","","","",""
"1631.030938353","2026-08-15 09:52:12.450026","/home/akatoki/SC-30/scripts/SC-30/2_phase/motordrive.py","set_values","186","","","","","","","","","","","","","","","","","","","","","","0.7","1.0","","","","","","","","","","","","","","","","","","","","","","",""
"1645.762359637","2026-08-15 09:52:27.181450","/home/akatoki/SC-30/scripts/SC-30/2_phase/motordrive.py","stop","120","","","","stop: power_r=1.0, power_l=0.7","","","","","","","","","","","","","","","","","","","","","","","","","","","","","","","","","","","","","","","","","",""
"1646.350956877","2026-08-15 09:52:27.770054","/home/akatoki/SC-30/scripts/SC-30/2_phase/motordrive.py","stop","134","","","","","","","","","","","","","","","","","","","","","","0.0","0.0","","","","","","","","","","","","","","","","","","","","","","",""
"1646.506979061","2026-08-15 09:52:27.926084","/home/akatoki/SC-30/scripts/SC-30/2_phase/EM.py","log_msg","93","","","","forward_with_stack_check stacked=False","","","","","","","","","","","","","","","","","","","","","","","","","","","","","","","","","","","","","","","","","",""
"1647.509904686","2026-08-15 09:52:28.928993","/home/akatoki/SC-30/scripts/SC-30/2_phase/EM.py","log_msg","93","","","","","","","","40.14274833333333","","","","","","","","","","","","","","","","","","","","","","","","","","","","","","","","","","","","","",""
"1647.514360419","2026-08-15 09:52:28.933450","/home/akatoki/SC-30/scripts/SC-30/2_phase/EM.py","log_msg","93","","","","","","","","","139.98732283333334","","","","","","","","","","","","","","","","","","","","","","","","","","","","","","","","","","","","",""
"1647.517964401","2026-08-15 09:52:28.937051","/home/akatoki/SC-30/scripts/SC-30/2_phase/EM.py","log_msg","93","","","","","","","","","","","","","","","","","","","","","","","","","","","35.984060816582925","","","","","","","","","","","","","","","","","","",""
"1647.522705284","2026-08-15 09:52:28.941795","/home/akatoki/SC-30/scripts/SC-30/2_phase/EM.py","log_msg","93","","","","","","","","","","","","","","","","","","","","","","","","","","3.1276962750765596","","","","","","","","","","","","","","","","","","","",""
"1647.526151196","2026-08-15 09:52:28.945246","/home/akatoki/SC-30/scripts/SC-30/2_phase/EM.py","log_msg","93","","","","ゴールまでの距離: 35.98 m / 角度差: 179.2度","","","","","","","","","","","","","","","","","","","","","","","","","","","","","","","","","","","","","","","","","",""
"1647.5330963","2026-08-15 09:52:28.952195","/home/akatoki/SC-30/scripts/SC-30/2_phase/EM.py","log_msg","93","","","","ゴール方向へ旋回","","","","","","","","","","","","","","","","","","","","","","","","","","","","","","","","","","","","","","","","","",""
"1647.536422319","2026-08-15 09:52:28.955519","/home/akatoki/SC-30/scripts/SC-30/2_phase/EM.py","log_msg","93","","","","旋回します (角度差: 179.2度, 0.66秒駆動)","","","","","","","","","","","","","","","","","","","","","","","","","","","","","","","","","","","","","","","","","",""
"1647.539781931","2026-08-15 09:52:28.958870","/home/akatoki/SC-30/scripts/SC-30/2_phase/motordrive.py","move","150","","","","move: direction=q, power=1.0, duration=0.6637177635580572","","","","","","","","","","","","","","","","","","","","","","","","","","","","","","","","","","","","","","","","","",""
"1647.545357639","2026-08-15 09:52:28.964456","/home/akatoki/SC-30/scripts/SC-30/2_phase/motordrive.py","set_values","186","","","","","","","","","","","","","","","","","","","","","","-0.0","0.0","","","","","","","","","","","","","","","","","","","","","","",""
"1647.576494646","2026-08-15 09:52:28.995583","/home/akatoki/SC-30/scripts/SC-30/2_phase/motordrive.py","set_values","186","","","","","","","","","","","","","","","","","","","","","","-0.1","0.1","","","","","","","","","","","","","","","","","","","","","","",""
"1647.608229191","2026-08-15 09:52:29.027316","/home/akatoki/SC-30/scripts/SC-30/2_phase/motordrive.py","set_values","186","","","","","","","","","","","","","","","","","","","","","","-0.2","0.2","","","","","","","","","","","","","","","","","","","","","","",""
"1647.639782123","2026-08-15 09:52:29.058869","/home/akatoki/SC-30/scripts/SC-30/2_phase/motordrive.py","set_values","186","","","","","","","","","","","","","","","","","","","","","","-0.30000000000000004","0.30000000000000004","","","","","","","","","","","","","","","","","","","","","","",""
"1647.671414533","2026-08-15 09:52:29.090502","/home/akatoki/SC-30/scripts/SC-30/2_phase/motordrive.py","set_values","186","","","","","","","","","","","","","","","","","","","","","","-0.4","0.4","","","","","","","","","","","","","","","","","","","","","","",""
"1647.708364115","2026-08-15 09:52:29.127454","/home/akatoki/SC-30/scripts/SC-30/2_phase/motordrive.py","set_values","186","","","","","","","","","","","","","","","","","","","","","","-0.5","0.5","","","","","","","","","","","","","","","","","","","","","","",""
"1647.740617396","2026-08-15 09:52:29.159707","/home/akatoki/SC-30/scripts/SC-30/2_phase/motordrive.py","set_values","186","","","","","","","","","","","","","","","","","","","","","","-0.6000000000000001","0.6000000000000001","","","","","","","","","","","","","","","","","","","","","","",""
"1647.772830054","2026-08-15 09:52:29.191920","/home/akatoki/SC-30/scripts/SC-30/2_phase/motordrive.py","set_values","186","","","","","","","","","","","","","","","","","","","","","","-0.7000000000000001","0.7000000000000001","","","","","","","","","","","","","","","","","","","","","","",""
"1647.804681521","2026-08-15 09:52:29.223769","/home/akatoki/SC-30/scripts/SC-30/2_phase/motordrive.py","set_values","186","","","","","","","","","","","","","","","","","","","","","","-0.8","0.8","","","","","","","","","","","","","","","","","","","","","","",""
"1647.836433824","2026-08-15 09:52:29.255521","/home/akatoki/SC-30/scripts/SC-30/2_phase/motordrive.py","set_values","186","","","","","","","","","","","","","","","","","","","","","","-0.9","0.9","","","","","","","","","","","","","","","","","","","","","","",""
"1647.869338497","2026-08-15 09:52:29.288432","/home/akatoki/SC-30/scripts/SC-30/2_phase/motordrive.py","set_values","186","","","","","","","","","","","","","","","","","","","","","","-1.0","1.0","","","","","","","","","","","","","","","","","","","","","","",""
"1647.905849755","2026-08-15 09:52:29.324945","/home/akatoki/SC-30/scripts/SC-30/2_phase/motordrive.py","set_values","186","","","","","","","","","","","","","","","","","","","","","","-1.0","1.0","","","","","","","","","","","","","","","","","","","","","","",""
"1648.301103477","2026-08-15 09:52:29.720200","/home/akatoki/SC-30/scripts/SC-30/2_phase/motordrive.py","stop","120","","","","stop: power_r=1.0, power_l=-1.0","","","","","","","","","","","","","","","","","","","","","","","","","","","","","","","","","","","","","","","","","",""
"1648.882826286","2026-08-15 09:52:30.301924","/home/akatoki/SC-30/scripts/SC-30/2_phase/motordrive.py","stop","134","","","","","","","","","","","","","","","","","","","","","","0.0","0.0","","","","","","","","","","","","","","","","","","","","","","",""
"1648.987656197","2026-08-15 09:52:30.406761","/home/akatoki/SC-30/scripts/SC-30/2_phase/EM.py","log_msg","93","","","","5秒前進","","","","","","","","","","","","","","","","","","","","","","","","","","","","","","","","","","","","","","","","","",""
"1648.993047377","2026-08-15 09:52:30.412144","/home/akatoki/SC-30/scripts/SC-30/2_phase/motordrive.py","move","150","","","","move: direction=w, power=1.0, duration=15","","","","","","","","","","","","","","","","","","","","","","","","","","","","","","","","","","","","","","","","","",""
"1648.999197602","2026-08-15 09:52:30.418295","/home/akatoki/SC-30/scripts/SC-30/2_phase/motordrive.py","set_values","186","","","","","","","","","","","","","","","","","","","","","","0.0","0.0","","","","","","","","","","","","","","","","","","","","","","",""
"1649.030266011","2026-08-15 09:52:30.449352","/home/akatoki/SC-30/scripts/SC-30/2_phase/motordrive.py","set_values","186","","","","","","","","","","","","","","","","","","","","","","0.06999999999999999","0.1","","","","","","","","","","","","","","","","","","","","","","",""
"1649.061976905","2026-08-15 09:52:30.481063","/home/akatoki/SC-30/scripts/SC-30/2_phase/motordrive.py","set_values","186","","","","","","","","","","","","","","","","","","","","","","0.13999999999999999","0.2","","","","","","","","","","","","","","","","","","","","","","",""
"1649.098800756","2026-08-15 09:52:30.517888","/home/akatoki/SC-30/scripts/SC-30/2_phase/motordrive.py","set_values","186","","","","","","","","","","","","","","","","","","","","","","0.21000000000000002","0.30000000000000004","","","","","","","","","","","","","","","","","","","","","","",""
"1649.130960026","2026-08-15 09:52:30.550048","/home/akatoki/SC-30/scripts/SC-30/2_phase/motordrive.py","set_values","186","","","","","","","","","","","","","","","","","","","","","","0.27999999999999997","0.4","","","","","","","","","","","","","","","","","","","","","","",""
"1649.1631244","2026-08-15 09:52:30.582212","/home/akatoki/SC-30/scripts/SC-30/2_phase/motordrive.py","set_values","186","","","","","","","","","","","","","","","","","","","","","","0.35","0.5","","","","","","","","","","","","","","","","","","","","","","",""
"1649.195448301","2026-08-15 09:52:30.614537","/home/akatoki/SC-30/scripts/SC-30/2_phase/motordrive.py","set_values","186","","","","","","","","","","","","","","","","","","","","","","0.42000000000000004","0.6000000000000001","","","","","","","","","","","","","","","","","","","","","","",""
"1649.227670329","2026-08-15 09:52:30.646758","/home/akatoki/SC-30/scripts/SC-30/2_phase/motordrive.py","set_values","186","","","","","","","","","","","","","","","","","","","","","","0.49","0.7000000000000001","","","","","","","","","","","","","","","","","","","","","","",""
"1649.261310659","2026-08-15 09:52:30.680398","/home/akatoki/SC-30/scripts/SC-30/2_phase/motordrive.py","set_values","186","","","","","","","","","","","","","","","","","","","","","","0.5599999999999999","0.8","","","","","","","","","","","","","","","","","","","","","","",""
"1649.298502835","2026-08-15 09:52:30.717591","/home/akatoki/SC-30/scripts/SC-30/2_phase/motordrive.py","set_values","186","","","","","","","","","","","","","","","","","","","","","","0.63","0.9","","","","","","","","","","","","","","","","","","","","","","",""
"1649.330596534","2026-08-15 09:52:30.749684","/home/akatoki/SC-30/scripts/SC-30/2_phase/motordrive.py","set_values","186","","","","","","","","","","","","","","","","","","","","","","0.7","1.0","","","","","","","","","","","","","","","","","","","","","","",""
"1649.362335292","2026-08-15 09:52:30.781423","/home/akatoki/SC-30/scripts/SC-30/2_phase/motordrive.py","set_values","186","","","","","","","","","","","","","","","","","","","","","","0.7","1.0","","","","","","","","","","","","","","","","","","","","","","",""
"1664.094114153","2026-08-15 09:52:45.513204","/home/akatoki/SC-30/scripts/SC-30/2_phase/motordrive.py","stop","120","","","","stop: power_r=1.0, power_l=0.7","","","","","","","","","","","","","","","","","","","","","","","","","","","","","","","","","","","","","","","","","",""
"1664.675556954","2026-08-15 09:52:46.094655","/home/akatoki/SC-30/scripts/SC-30/2_phase/motordrive.py","stop","134","","","","","","","","","","","","","","","","","","","","","","0.0","0.0","","","","","","","","","","","","","","","","","","","","","","",""
"1664.798357138","2026-08-15 09:52:46.217461","/home/akatoki/SC-30/scripts/SC-30/2_phase/EM.py","log_msg","93","","","","forward_with_stack_check stacked=False","","","","","","","","","","","","","","","","","","","","","","","","","","","","","","","","","","","","","","","","","",""
"1665.484776549","2026-08-15 09:52:46.903881","/home/akatoki/SC-30/scripts/SC-30/2_phase/EM.py","log_msg","93","","","GPS取得失敗 1/30","","","","","","","","","","","","","","","","","","","","","","","","","","","","","","","","","","","","","","","","","","",""
"1667.002779773","2026-08-15 09:52:48.421865","/home/akatoki/SC-30/scripts/SC-30/2_phase/EM.py","log_msg","93","","","","","","","","40.14274966666667","","","","","","","","","","","","","","","","","","","","","","","","","","","","","","","","","","","","","",""
"1667.007247528","2026-08-15 09:52:48.426336","/home/akatoki/SC-30/scripts/SC-30/2_phase/EM.py","log_msg","93","","","","","","","","","139.98732283333334","","","","","","","","","","","","","","","","","","","","","","","","","","","","","","","","","","","","",""
"1667.010816086","2026-08-15 09:52:48.429901","/home/akatoki/SC-30/scripts/SC-30/2_phase/EM.py","log_msg","93","","","","","","","","","","","","","","","","","","","","","","","","","","","36.03922009456882","","","","","","","","","","","","","","","","","","",""
"1667.014105484","2026-08-15 09:52:48.433192","/home/akatoki/SC-30/scripts/SC-30/2_phase/EM.py","log_msg","93","","","","","","","","","","","","","","","","","","","","","","","","","","-1.9544826188632296","","","","","","","","","","","","","","","","","","","",""
"1667.017355821","2026-08-15 09:52:48.436450","/home/akatoki/SC-30/scripts/SC-30/2_phase/EM.py","log_msg","93","","","","ゴールまでの距離: 36.04 m / 角度差: -112.0度","","","","","","","","","","","","","","","","","","","","","","","","","","","","","","","","","","","","","","","","","",""
"1667.020590741","2026-08-15 09:52:48.439688","/home/akatoki/SC-30/scripts/SC-30/2_phase/EM.py","log_msg","93","","","","ゴール方向へ旋回","","","","","","","","","","","","","","","","","","","","","","","","","","","","","","","","","","","","","","","","","",""
"1667.02390165","2026-08-15 09:52:48.442994","/home/akatoki/SC-30/scripts/SC-30/2_phase/EM.py","log_msg","93","","","","旋回します (角度差: -112.0度, 0.41秒駆動)","","","","","","","","","","","","","","","","","","","","","","","","","","","","","","","","","","","","","","","","","",""
"1667.031843277","2026-08-15 09:52:48.450932","/home/akatoki/SC-30/scripts/SC-30/2_phase/motordrive.py","move","150","","","","move: direction=e, power=1.0, duration=0.4147540933057012","","","","","","","","","","","","","","","","","","","","","","","","","","","","","","","","","","","","","","","","","",""
"1667.037045701","2026-08-15 09:52:48.456142","/home/akatoki/SC-30/scripts/SC-30/2_phase/motordrive.py","set_values","186","","","","","","","","","","","","","","","","","","","","","","0.0","-0.0","","","","","","","","","","","","","","","","","","","","","","",""
"1667.067629012","2026-08-15 09:52:48.486717","/home/akatoki/SC-30/scripts/SC-30/2_phase/motordrive.py","set_values","186","","","","","","","","","","","","","","","","","","","","","","0.1","-0.1","","","","","","","","","","","","","","","","","","","","","","",""
"1667.099184903","2026-08-15 09:52:48.518272","/home/akatoki/SC-30/scripts/SC-30/2_phase/motordrive.py","set_values","186","","","","","","","","","","","","","","","","","","","","","","0.2","-0.2","","","","","","","","","","","","","","","","","","","","","","",""
"1667.130659338","2026-08-15 09:52:48.549747","/home/akatoki/SC-30/scripts/SC-30/2_phase/motordrive.py","set_values","186","","","","","","","","","","","","","","","","","","","","","","0.30000000000000004","-0.30000000000000004","","","","","","","","","","","","","","","","","","","","","","",""
"1667.162473868","2026-08-15 09:52:48.581563","/home/akatoki/SC-30/scripts/SC-30/2_phase/motordrive.py","set_values","186","","","","","","","","","","","","","","","","","","","","","","0.4","-0.4","","","","","","","","","","","","","","","","","","","","","","",""
"1667.207253809","2026-08-15 09:52:48.626342","/home/akatoki/SC-30/scripts/SC-30/2_phase/motordrive.py","set_values","186","","","","","","","","","","","","","","","","","","","","","","0.5","-0.5","","","","","","","","","","","","","","","","","","","","","","",""
"1667.239132869","2026-08-15 09:52:48.658221","/home/akatoki/SC-30/scripts/SC-30/2_phase/motordrive.py","set_values","186","","","","","","","","","","","","","","","","","","","","","","0.6000000000000001","-0.6000000000000001","","","","","","","","","","","","","","","","","","","","","","",""
"1667.271088751","2026-08-15 09:52:48.690177","/home/akatoki/SC-30/scripts/SC-30/2_phase/motordrive.py","set_values","186","","","","","","","","","","","","","","","","","","","","","","0.7000000000000001","-0.7000000000000001","","","","","","","","","","","","","","","","","","","","","","",""
"1667.303028695","2026-08-15 09:52:48.722118","/home/akatoki/SC-30/scripts/SC-30/2_phase/motordrive.py","set_values","186","","","","","","","","","","","","","","","","","","","","","","0.8","-0.8","","","","","","","","","","","","","","","","","","","","","","",""
"1667.335021138","2026-08-15 09:52:48.754110","/home/akatoki/SC-30/scripts/SC-30/2_phase/motordrive.py","set_values","186","","","","","","","","","","","","","","","","","","","","","","0.9","-0.9","","","","","","","","","","","","","","","","","","","","","","",""
"1667.366934207","2026-08-15 09:52:48.786030","/home/akatoki/SC-30/scripts/SC-30/2_phase/motordrive.py","set_values","186","","","","","","","","","","","","","","","","","","","","","","1.0","-1.0","","","","","","","","","","","","","","","","","","","","","","",""
"1667.398532858","2026-08-15 09:52:48.817629","/home/akatoki/SC-30/scripts/SC-30/2_phase/motordrive.py","set_values","186","","","","","","","","","","","","","","","","","","","","","","1.0","-1.0","","","","","","","","","","","","","","","","","","","","","","",""
"1667.544861448","2026-08-15 09:52:48.963959","/home/akatoki/SC-30/scripts/SC-30/2_phase/motordrive.py","stop","120","","","","stop: power_r=-1.0, power_l=1.0","","","","","","","","","","","","","","","","","","","","","","","","","","","","","","","","","","","","","","","","","",""
"1668.131615096","2026-08-15 09:52:49.550713","/home/akatoki/SC-30/scripts/SC-30/2_phase/motordrive.py","stop","134","","","","","","","","","","","","","","","","","","","","","","0.0","0.0","","","","","","","","","","","","","","","","","","","","","","",""
"1668.237620344","2026-08-15 09:52:49.656725","/home/akatoki/SC-30/scripts/SC-30/2_phase/EM.py","log_msg","93","","","","5秒前進","","","","","","","","","","","","","","","","","","","","","","","","","","","","","","","","","","","","","","","","","",""
"1668.242798966","2026-08-15 09:52:49.661897","/home/akatoki/SC-30/scripts/SC-30/2_phase/motordrive.py","move","150","","","","move: direction=w, power=1.0, duration=15","","","","","","","","","","","","","","","","","","","","","","","","","","","","","","","","","","","","","","","","","",""
"1668.248692988","2026-08-15 09:52:49.667791","/home/akatoki/SC-30/scripts/SC-30/2_phase/motordrive.py","set_values","186","","","","","","","","","","","","","","","","","","","","","","0.0","0.0","","","","","","","","","","","","","","","","","","","","","","",""
"1668.279671129","2026-08-15 09:52:49.698759","/home/akatoki/SC-30/scripts/SC-30/2_phase/motordrive.py","set_values","186","","","","","","","","","","","","","","","","","","","","","","0.06999999999999999","0.1","","","","","","","","","","","","","","","","","","","","","","",""
"1668.31149175","2026-08-15 09:52:49.730580","/home/akatoki/SC-30/scripts/SC-30/2_phase/motordrive.py","set_values","186","","","","","","","","","","","","","","","","","","","","","","0.13999999999999999","0.2","","","","","","","","","","","","","","","","","","","","","","",""
"1668.348929316","2026-08-15 09:52:49.768018","/home/akatoki/SC-30/scripts/SC-30/2_phase/motordrive.py","set_values","186","","","","","","","","","","","","","","","","","","","","","","0.21000000000000002","0.30000000000000004","","","","","","","","","","","","","","","","","","","","","","",""
"1668.380937172","2026-08-15 09:52:49.800026","/home/akatoki/SC-30/scripts/SC-30/2_phase/motordrive.py","set_values","186","","","","","","","","","","","","","","","","","","","","","","0.27999999999999997","0.4","","","","","","","","","","","","","","","","","","","","","","",""
"1668.412771178","2026-08-15 09:52:49.831860","/home/akatoki/SC-30/scripts/SC-30/2_phase/motordrive.py","set_values","186","","","","","","","","","","","","","","","","","","","","","","0.35","0.5","","","","","","","","","","","","","","","","","","","","","","",""
"1668.444748201","2026-08-15 09:52:49.863837","/home/akatoki/SC-30/scripts/SC-30/2_phase/motordrive.py","set_values","186","","","","","","","","","","","","","","","","","","","","","","0.42000000000000004","0.6000000000000001","","","","","","","","","","","","","","","","","","","","","","",""
"1668.476632466","2026-08-15 09:52:49.895721","/home/akatoki/SC-30/scripts/SC-30/2_phase/motordrive.py","set_values","186","","","","","","","","","","","","","","","","","","","","","","0.49","0.7000000000000001","","","","","","","","","","","","","","","","","","","","","","",""
"1668.508661936","2026-08-15 09:52:49.927751","/home/akatoki/SC-30/scripts/SC-30/2_phase/motordrive.py","set_values","186","","","","","","","","","","","","","","","","","","","","","","0.5599999999999999","0.8","","","","","","","","","","","","","","","","","","","","","","",""
"1668.540692291","2026-08-15 09:52:49.959781","/home/akatoki/SC-30/scripts/SC-30/2_phase/motordrive.py","set_values","186","","","","","","","","","","","","","","","","","","","","","","0.63","0.9","","","","","","","","","","","","","","","","","","","","","","",""
"1668.572518589","2026-08-15 09:52:49.991608","/home/akatoki/SC-30/scripts/SC-30/2_phase/motordrive.py","set_values","186","","","","","","","","","","","","","","","","","","","","","","0.7","1.0","","","","","","","","","","","","","","","","","","","","","","",""
"1668.609422155","2026-08-15 09:52:50.028511","/home/akatoki/SC-30/scripts/SC-30/2_phase/motordrive.py","set_values","186","","","","","","","","","","","","","","","","","","","","","","0.7","1.0","","","","","","","","","","","","","","","","","","","","","","",""
"1683.340863909","2026-08-15 09:53:04.759954","/home/akatoki/SC-30/scripts/SC-30/2_phase/motordrive.py","stop","120","","","","stop: power_r=1.0, power_l=0.7","","","","","","","","","","","","","","","","","","","","","","","","","","","","","","","","","","","","","","","","","",""
"1683.924154674","2026-08-15 09:53:05.343252","/home/akatoki/SC-30/scripts/SC-30/2_phase/motordrive.py","stop","134","","","","","","","","","","","","","","","","","","","","","","0.0","0.0","","","","","","","","","","","","","","","","","","","","","","",""
"1684.035030932","2026-08-15 09:53:05.454155","/home/akatoki/SC-30/scripts/SC-30/2_phase/EM.py","log_msg","93","","","","forward_with_stack_check stacked=True","","","","","","","","","","","","","","","","","","","","","","","","","","","","","","","","","","","","","","","","","",""
"1684.039624145","2026-08-15 09:53:05.458725","/home/akatoki/SC-30/scripts/SC-30/2_phase/EM.py","log_msg","93","","","スタック検知","","","","","","","","","","","","","","","","","","","","","","","","","","","","","","","","","","","","","","","","","","",""
"1684.043329465","2026-08-15 09:53:05.462430","/home/akatoki/SC-30/scripts/SC-30/2_phase/EM.py","log_msg","93","","","","スタック復帰開始","","","","","","","","","","","","","","","","","","","","","","","","","","","","","","","","","","","","","","","","","",""
"1684.051132489","2026-08-15 09:53:05.470233","/home/akatoki/SC-30/scripts/SC-30/2_phase/EM.py","log_msg","93","","","","3秒後退","","","","","","","","","","","","","","","","","","","","","","","","","","","","","","","","","","","","","","","","","",""
"1684.054463287","2026-08-15 09:53:05.473560","/home/akatoki/SC-30/scripts/SC-30/2_phase/motordrive.py","move","150","","","","move: direction=s, power=1.0, duration=3.0","","","","","","","","","","","","","","","","","","","","","","","","","","","","","","","","","","","","","","","","","",""
"1684.060200376","2026-08-15 09:53:05.479298","/home/akatoki/SC-30/scripts/SC-30/2_phase/motordrive.py","set_values","186","","","","","","","","","","","","","","","","","","","","","","-0.0","-0.0","","","","","","","","","","","","","","","","","","","","","","",""
"1684.091147638","2026-08-15 09:53:05.510235","/home/akatoki/SC-30/scripts/SC-30/2_phase/motordrive.py","set_values","186","","","","","","","","","","","","","","","","","","","","","","-0.1","-0.1","","","","","","","","","","","","","","","","","","","","","","",""
"1684.122863941","2026-08-15 09:53:05.541952","/home/akatoki/SC-30/scripts/SC-30/2_phase/motordrive.py","set_values","186","","","","","","","","","","","","","","","","","","","","","","-0.2","-0.2","","","","","","","","","","","","","","","","","","","","","","",""
"1684.15440327","2026-08-15 09:53:05.573490","/home/akatoki/SC-30/scripts/SC-30/2_phase/motordrive.py","set_values","186","","","","","","","","","","","","","","","","","","","","","","-0.30000000000000004","-0.30000000000000004","","","","","","","","","","","","","","","","","","","","","","",""
"1684.186045044","2026-08-15 09:53:05.605133","/home/akatoki/SC-30/scripts/SC-30/2_phase/motordrive.py","set_values","186","","","","","","","","","","","","","","","","","","","","","","-0.4","-0.4","","","","","","","","","","","","","","","","","","","","","","",""
"1684.217707235","2026-08-15 09:53:05.636795","/home/akatoki/SC-30/scripts/SC-30/2_phase/motordrive.py","set_values","186","","","","","","","","","","","","","","","","","","","","","","-0.5","-0.5","","","","","","","","","","","","","","","","","","","","","","",""
"1684.254472573","2026-08-15 09:53:05.673560","/home/akatoki/SC-30/scripts/SC-30/2_phase/motordrive.py","set_values","186","","","","","","","","","","","","","","","","","","","","","","-0.6000000000000001","-0.6000000000000001","","","","","","","","","","","","","","","","","","","","","","",""
"1684.286056327","2026-08-15 09:53:05.705144","/home/akatoki/SC-30/scripts/SC-30/2_phase/motordrive.py","set_values","186","","","","","","","","","","","","","","","","","","","","","","-0.7000000000000001","-0.7000000000000001","","","","","","","","","","","","","","","","","","","","","","",""
"1684.318802448","2026-08-15 09:53:05.737889","/home/akatoki/SC-30/scripts/SC-30/2_phase/motordrive.py","set_values","186","","","","","","","","","","","","","","","","","","","","","","-0.8","-0.8","","","","","","","","","","","","","","","","","","","","","","",""
"1684.350230686","2026-08-15 09:53:05.769318","/home/akatoki/SC-30/scripts/SC-30/2_phase/motordrive.py","set_values","186","","","","","","","","","","","","","","","","","","","","","","-0.9","-0.9","","","","","","","","","","","","","","","","","","","","","","",""
"1684.381768192","2026-08-15 09:53:05.800862","/home/akatoki/SC-30/scripts/SC-30/2_phase/motordrive.py","set_values","186","","","","","","","","","","","","","","","","","","","","","","-1.0","-1.0","","","","","","","","","","","","","","","","","","","","","","",""
"1684.41322945","2026-08-15 09:53:05.832326","/home/akatoki/SC-30/scripts/SC-30/2_phase/motordrive.py","set_values","186","","","","","","","","","","","","","","","","","","","","","","-1.0","-1.0","","","","","","","","","","","","","","","","","","","","","","",""
"1687.149601562","2026-08-15 09:53:08.568699","/home/akatoki/SC-30/scripts/SC-30/2_phase/motordrive.py","stop","120","","","","stop: power_r=-1.0, power_l=-1.0","","","","","","","","","","","","","","","","","","","","","","","","","","","","","","","","","","","","","","","","","",""
"1687.730868223","2026-08-15 09:53:09.149966","/home/akatoki/SC-30/scripts/SC-30/2_phase/motordrive.py","stop","134","","","","","","","","","","","","","","","","","","","","","","0.0","0.0","","","","","","","","","","","","","","","","","","","","","","",""
"1687.835561376","2026-08-15 09:53:09.254667","/home/akatoki/SC-30/scripts/SC-30/2_phase/EM.py","log_msg","93","","","","60°右旋回","","","","","","","","","","","","","","","","","","","","","","","","","","","","","","","","","","","","","","","","","",""
"1687.840252345","2026-08-15 09:53:09.259349","/home/akatoki/SC-30/scripts/SC-30/2_phase/EM.py","log_msg","93","","","","旋回します (角度差: -60.0度, 0.30秒駆動)","","","","","","","","","","","","","","","","","","","","","","","","","","","","","","","","","","","","","","","","","",""
"1687.843738502","2026-08-15 09:53:09.262830","/home/akatoki/SC-30/scripts/SC-30/2_phase/motordrive.py","move","150","","","","move: direction=e, power=1.0, duration=0.3","","","","","","","","","","","","","","","","","","","","","","","","","","","","","","","","","","","","","","","","","",""
"1687.849595951","2026-08-15 09:53:09.268695","/home/akatoki/SC-30/scripts/SC-30/2_phase/motordrive.py","set_values","186","","","","","","","","","","","","","","","","","","","","","","0.0","-0.0","","","","","","","","","","","","","","","","","","","","","","",""
"1687.881621453","2026-08-15 09:53:09.300711","/home/akatoki/SC-30/scripts/SC-30/2_phase/motordrive.py","set_values","186","","","","","","","","","","","","","","","","","","","","","","0.1","-0.1","","","","","","","","","","","","","","","","","","","","","","",""
"1687.914802914","2026-08-15 09:53:09.333891","/home/akatoki/SC-30/scripts/SC-30/2_phase/motordrive.py","set_values","186","","","","","","","","","","","","","","","","","","","","","","0.2","-0.2","","","","","","","","","","","","","","","","","","","","","","",""
"1687.952242387","2026-08-15 09:53:09.371330","/home/akatoki/SC-30/scripts/SC-30/2_phase/motordrive.py","set_values","186","","","","","","","","","","","","","","","","","","","","","","0.30000000000000004","-0.30000000000000004","","","","","","","","","","","","","","","","","","","","","","",""
"1687.984087894","2026-08-15 09:53:09.403175","/home/akatoki/SC-30/scripts/SC-30/2_phase/motordrive.py","set_values","186","","","","","","","","","","","","","","","","","","","","","","0.4","-0.4","","","","","","","","","","","","","","","","","","","","","","",""
"1688.015743198","2026-08-15 09:53:09.434831","/home/akatoki/SC-30/scripts/SC-30/2_phase/motordrive.py","set_values","186","","","","","","","","","","","","","","","","","","","","","","0.5","-0.5","","","","","","","","","","","","","","","","","","","","","","",""
"1688.062416852","2026-08-15 09:53:09.481504","/home/akatoki/SC-30/scripts/SC-30/2_phase/motordrive.py","set_values","186","","","","","","","","","","","","","","","","","","","","","","0.6000000000000001","-0.6000000000000001","","","","","","","","","","","","","","","","","","","","","","",""
"1688.094091947","2026-08-15 09:53:09.513179","/home/akatoki/SC-30/scripts/SC-30/2_phase/motordrive.py","set_values","186","","","","","","","","","","","","","","","","","","","","","","0.7000000000000001","-0.7000000000000001","","","","","","","","","","","","","","","","","","","","","","",""
"1688.126202811","2026-08-15 09:53:09.545291","/home/akatoki/SC-30/scripts/SC-30/2_phase/motordrive.py","set_values","186","","","","","","","","","","","","","","","","","","","","","","0.8","-0.8","","","","","","","","","","","","","","","","","","","","","","",""
"1688.162994437","2026-08-15 09:53:09.582083","/home/akatoki/SC-30/scripts/SC-30/2_phase/motordrive.py","set_values","186","","","","","","","","","","","","","","","","","","","","","","0.9","-0.9","","","","","","","","","","","","","","","","","","","","","","",""
"1688.195000252","2026-08-15 09:53:09.614095","/home/akatoki/SC-30/scripts/SC-30/2_phase/motordrive.py","set_values","186","","","","","","","","","","","","","","","","","","","","","","1.0","-1.0","","","","","","","","","","","","","","","","","","","","","","",""
"1688.226463998","2026-08-15 09:53:09.645557","/home/akatoki/SC-30/scripts/SC-30/2_phase/motordrive.py","set_values","186","","","","","","","","","","","","","","","","","","","","","","1.0","-1.0","","","","","","","","","","","","","","","","","","","","","","",""
"1688.25769598","2026-08-15 09:53:09.676793","/home/akatoki/SC-30/scripts/SC-30/2_phase/motordrive.py","stop","120","","","","stop: power_r=-1.0, power_l=1.0","","","","","","","","","","","","","","","","","","","","","","","","","","","","","","","","","","","","","","","","","",""
"1688.839122313","2026-08-15 09:53:10.258219","/home/akatoki/SC-30/scripts/SC-30/2_phase/motordrive.py","stop","134","","","","","","","","","","","","","","","","","","","","","","0.0","0.0","","","","","","","","","","","","","","","","","","","","","","",""
"1689.484275821","2026-08-15 09:53:10.903380","/home/akatoki/SC-30/scripts/SC-30/2_phase/EM.py","log_msg","93","","","","","","","","None","","","","","","","","","","","","","","","","","","","","","","","","","","","","","","","","","","","","","",""
"1689.488744399","2026-08-15 09:53:10.907847","/home/akatoki/SC-30/scripts/SC-30/2_phase/EM.py","log_msg","93","","","","","","","","","None","","","","","","","","","","","","","","","","","","","","","","","","","","","","","","","","","","","","",""
"1689.492132121","2026-08-15 09:53:10.911230","/home/akatoki/SC-30/scripts/SC-30/2_phase/EM.py","log_msg","93","","","","2秒前進","","","","","","","","","","","","","","","","","","","","","","","","","","","","","","","","","","","","","","","","","",""
"1689.499792073","2026-08-15 09:53:10.918886","/home/akatoki/SC-30/scripts/SC-30/2_phase/motordrive.py","move","150","","","","move: direction=w, power=1.0, duration=2.0","","","","","","","","","","","","","","","","","","","","","","","","","","","","","","","","","","","","","","","","","",""
"1689.505302707","2026-08-15 09:53:10.924399","/home/akatoki/SC-30/scripts/SC-30/2_phase/motordrive.py","set_values","186","","","","","","","","","","","","","","","","","","","","","","0.0","0.0","","","","","","","","","","","","","","","","","","","","","","",""
"1689.536357712","2026-08-15 09:53:10.955445","/home/akatoki/SC-30/scripts/SC-30/2_phase/motordrive.py","set_values","186","","","","","","","","","","","","","","","","","","","","","","0.06999999999999999","0.1","","","","","","","","","","","","","","","","","","","","","","",""
"1689.568506229","2026-08-15 09:53:10.987594","/home/akatoki/SC-30/scripts/SC-30/2_phase/motordrive.py","set_values","186","","","","","","","","","","","","","","","","","","","","","","0.13999999999999999","0.2","","","","","","","","","","","","","","","","","","","","","","",""
"1689.602014395","2026-08-15 09:53:11.021103","/home/akatoki/SC-30/scripts/SC-30/2_phase/motordrive.py","set_values","186","","","","","","","","","","","","","","","","","","","","","","0.21000000000000002","0.30000000000000004","","","","","","","","","","","","","","","","","","","","","","",""
"1689.634012548","2026-08-15 09:53:11.053101","/home/akatoki/SC-30/scripts/SC-30/2_phase/motordrive.py","set_values","186","","","","","","","","","","","","","","","","","","","","","","0.27999999999999997","0.4","","","","","","","","","","","","","","","","","","","","","","",""
"1689.671175199","2026-08-15 09:53:11.090263","/home/akatoki/SC-30/scripts/SC-30/2_phase/motordrive.py","set_values","186","","","","","","","","","","","","","","","","","","","","","","0.35","0.5","","","","","","","","","","","","","","","","","","","","","","",""
"1689.703419075","2026-08-15 09:53:11.122508","/home/akatoki/SC-30/scripts/SC-30/2_phase/motordrive.py","set_values","186","","","","","","","","","","","","","","","","","","","","","","0.42000000000000004","0.6000000000000001","","","","","","","","","","","","","","","","","","","","","","",""
"1689.735621181","2026-08-15 09:53:11.154709","/home/akatoki/SC-30/scripts/SC-30/2_phase/motordrive.py","set_values","186","","","","","","","","","","","","","","","","","","","","","","0.49","0.7000000000000001","","","","","","","","","","","","","","","","","","","","","","",""
"1689.767830735","2026-08-15 09:53:11.186919","/home/akatoki/SC-30/scripts/SC-30/2_phase/motordrive.py","set_values","186","","","","","","","","","","","","","","","","","","","","","","0.5599999999999999","0.8","","","","","","","","","","","","","","","","","","","","","","",""
"1689.799931385","2026-08-15 09:53:11.219020","/home/akatoki/SC-30/scripts/SC-30/2_phase/motordrive.py","set_values","186","","","","","","","","","","","","","","","","","","","","","","0.63","0.9","","","","","","","","","","","","","","","","","","","","","","",""
"1689.831815792","2026-08-15 09:53:11.250902","/home/akatoki/SC-30/scripts/SC-30/2_phase/motordrive.py","set_values","186","","","","","","","","","","","","","","","","","","","","","","0.7","1.0","","","","","","","","","","","","","","","","","","","","","","",""
"1689.863219847","2026-08-15 09:53:11.282306","/home/akatoki/SC-30/scripts/SC-30/2_phase/motordrive.py","set_values","186","","","","","","","","","","","","","","","","","","","","","","0.7","1.0","","","","","","","","","","","","","","","","","","","","","","",""
"1691.599437675","2026-08-15 09:53:13.018528","/home/akatoki/SC-30/scripts/SC-30/2_phase/motordrive.py","stop","120","","","","stop: power_r=1.0, power_l=0.7","","","","","","","","","","","","","","","","","","","","","","","","","","","","","","","","","","","","","","","","","",""
"1692.181369273","2026-08-15 09:53:13.600467","/home/akatoki/SC-30/scripts/SC-30/2_phase/motordrive.py","stop","134","","","","","","","","","","","","","","","","","","","","","","0.0","0.0","","","","","","","","","","","","","","","","","","","","","","",""
"1692.786138571","2026-08-15 09:53:14.205244","/home/akatoki/SC-30/scripts/SC-30/2_phase/EM.py","log_msg","93","","","","スタック復帰終了","","","","","","","","","","","","","","","","","","","","","","","","","","","","","","","","","","","","","","","","","",""
"1693.48370855","2026-08-15 09:53:14.902813","/home/akatoki/SC-30/scripts/SC-30/2_phase/EM.py","log_msg","93","","","GPS取得失敗 1/30","","","","","","","","","","","","","","","","","","","","","","","","","","","","","","","","","","","","","","","","","","",""
"1695.494191187","2026-08-15 09:53:16.913279","/home/akatoki/SC-30/scripts/SC-30/2_phase/EM.py","log_msg","93","","","","","","","","40.142749","","","","","","","","","","","","","","","","","","","","","","","","","","","","","","","","","","","","","",""
"1695.498685283","2026-08-15 09:53:16.917773","/home/akatoki/SC-30/scripts/SC-30/2_phase/EM.py","log_msg","93","","","","","","","","","139.9873245","","","","","","","","","","","","","","","","","","","","","","","","","","","","","","","","","","","","",""
"1695.507945031","2026-08-15 09:53:16.927032","/home/akatoki/SC-30/scripts/SC-30/2_phase/EM.py","log_msg","93","","","","","","","","","","","","","","","","","","","","","","","","","","","35.87981315363302","","","","","","","","","","","","","","","","","","",""
"1695.511578265","2026-08-15 09:53:16.930666","/home/akatoki/SC-30/scripts/SC-30/2_phase/EM.py","log_msg","93","","","","","","","","","","","","","","","","","","","","","","","","","","0.09721295733699306","","","","","","","","","","","","","","","","","","","",""
"1695.514877498","2026-08-15 09:53:16.933972","/home/akatoki/SC-30/scripts/SC-30/2_phase/EM.py","log_msg","93","","","","ゴールまでの距離: 35.88 m / 角度差: 5.6度","","","","","","","","","","","","","","","","","","","","","","","","","","","","","","","","","","","","","","","","","",""
"1695.518232407","2026-08-15 09:53:16.937331","/home/akatoki/SC-30/scripts/SC-30/2_phase/EM.py","log_msg","93","","","","ゴール方向へ旋回","","","","","","","","","","","","","","","","","","","","","","","","","","","","","","","","","","","","","","","","","",""
"1695.521627314","2026-08-15 09:53:16.940715","/home/akatoki/SC-30/scripts/SC-30/2_phase/EM.py","log_msg","93","","","","方向差22.5°以内のため旋回不要","","","","","","","","","","","","","","","","","","","","","","","","","","","","","","","","","","","","","","","","","",""
"1695.524974775","2026-08-15 09:53:16.944072","/home/akatoki/SC-30/scripts/SC-30/2_phase/EM.py","log_msg","93","","","","5秒前進","","","","","","","","","","","","","","","","","","","","","","","","","","","","","","","","","","","","","","","","","",""
"1695.529017998","2026-08-15 09:53:16.948114","/home/akatoki/SC-30/scripts/SC-30/2_phase/motordrive.py","move","150","","","","move: direction=w, power=1.0, duration=15","","","","","","","","","","","","","","","","","","","","","","","","","","","","","","","","","","","","","","","","","",""
"1695.53812374","2026-08-15 09:53:16.957221","/home/akatoki/SC-30/scripts/SC-30/2_phase/motordrive.py","set_values","186","","","","","","","","","","","","","","","","","","","","","","0.0","0.0","","","","","","","","","","","","","","","","","","","","","","",""
"1695.569455178","2026-08-15 09:53:16.988543","/home/akatoki/SC-30/scripts/SC-30/2_phase/motordrive.py","set_values","186","","","","","","","","","","","","","","","","","","","","","","0.06999999999999999","0.1","","","","","","","","","","","","","","","","","","","","","","",""
"1695.601699246","2026-08-15 09:53:17.020788","/home/akatoki/SC-30/scripts/SC-30/2_phase/motordrive.py","set_values","186","","","","","","","","","","","","","","","","","","","","","","0.13999999999999999","0.2","","","","","","","","","","","","","","","","","","","","","","",""
"1695.633834045","2026-08-15 09:53:17.052923","/home/akatoki/SC-30/scripts/SC-30/2_phase/motordrive.py","set_values","186","","","","","","","","","","","","","","","","","","","","","","0.21000000000000002","0.30000000000000004","","","","","","","","","","","","","","","","","","","","","","",""
"1695.665901398","2026-08-15 09:53:17.084989","/home/akatoki/SC-30/scripts/SC-30/2_phase/motordrive.py","set_values","186","","","","","","","","","","","","","","","","","","","","","","0.27999999999999997","0.4","","","","","","","","","","","","","","","","","","","","","","",""
"1695.697839067","2026-08-15 09:53:17.116928","/home/akatoki/SC-30/scripts/SC-30/2_phase/motordrive.py","set_values","186","","","","","","","","","","","","","","","","","","","","","","0.35","0.5","","","","","","","","","","","","","","","","","","","","","","",""
"1695.730110529","2026-08-15 09:53:17.149200","/home/akatoki/SC-30/scripts/SC-30/2_phase/motordrive.py","set_values","186","","","","","","","","","","","","","","","","","","","","","","0.42000000000000004","0.6000000000000001","","","","","","","","","","","","","","","","","","","","","","",""
"1695.762184548","2026-08-15 09:53:17.181273","/home/akatoki/SC-30/scripts/SC-30/2_phase/motordrive.py","set_values","186","","","","","","","","","","","","","","","","","","","","","","0.49","0.7000000000000001","","","","","","","","","","","","","","","","","","","","","","",""
"1695.800859949","2026-08-15 09:53:17.219948","/home/akatoki/SC-30/scripts/SC-30/2_phase/motordrive.py","set_values","186","","","","","","","","","","","","","","","","","","","","","","0.5599999999999999","0.8","","","","","","","","","","","","","","","","","","","","","","",""
"1695.832742776","2026-08-15 09:53:17.251830","/home/akatoki/SC-30/scripts/SC-30/2_phase/motordrive.py","set_values","186","","","","","","","","","","","","","","","","","","","","","","0.63","0.9","","","","","","","","","","","","","","","","","","","","","","",""
"1695.864398682","2026-08-15 09:53:17.283486","/home/akatoki/SC-30/scripts/SC-30/2_phase/motordrive.py","set_values","186","","","","","","","","","","","","","","","","","","","","","","0.7","1.0","","","","","","","","","","","","","","","","","","","","","","",""
"1695.895890165","2026-08-15 09:53:17.314977","/home/akatoki/SC-30/scripts/SC-30/2_phase/motordrive.py","set_values","186","","","","","","","","","","","","","","","","","","","","","","0.7","1.0","","","","","","","","","","","","","","","","","","","","","","",""
"1710.627164141","2026-08-15 09:53:32.046255","/home/akatoki/SC-30/scripts/SC-30/2_phase/motordrive.py","stop","120","","","","stop: power_r=1.0, power_l=0.7","","","","","","","","","","","","","","","","","","","","","","","","","","","","","","","","","","","","","","","","","",""
"1711.214416702","2026-08-15 09:53:32.633514","/home/akatoki/SC-30/scripts/SC-30/2_phase/motordrive.py","stop","134","","","","","","","","","","","","","","","","","","","","","","0.0","0.0","","","","","","","","","","","","","","","","","","","","","","",""
"1711.323535818","2026-08-15 09:53:32.742640","/home/akatoki/SC-30/scripts/SC-30/2_phase/EM.py","log_msg","93","","","","forward_with_stack_check stacked=False","","","","","","","","","","","","","","","","","","","","","","","","","","","","","","","","","","","","","","","","","",""
"1711.94939094","2026-08-15 09:53:33.368477","/home/akatoki/SC-30/scripts/SC-30/2_phase/EM.py","log_msg","93","","","","","","","","40.142745","","","","","","","","","","","","","","","","","","","","","","","","","","","","","","","","","","","","","",""
"1711.953885343","2026-08-15 09:53:33.372973","/home/akatoki/SC-30/scripts/SC-30/2_phase/EM.py","log_msg","93","","","","","","","","","139.987326","","","","","","","","","","","","","","","","","","","","","","","","","","","","","","","","","","","","",""
"1711.957422637","2026-08-15 09:53:33.376507","/home/akatoki/SC-30/scripts/SC-30/2_phase/EM.py","log_msg","93","","","","","","","","","","","","","","","","","","","","","","","","","","","35.597039376868054","","","","","","","","","","","","","","","","","","",""
"1711.960700095","2026-08-15 09:53:33.379787","/home/akatoki/SC-30/scripts/SC-30/2_phase/EM.py","log_msg","93","","","","","","","","","","","","","","","","","","","","","","","","","","0.9175491383998824","","","","","","","","","","","","","","","","","","","",""
"1711.968067175","2026-08-15 09:53:33.387160","/home/akatoki/SC-30/scripts/SC-30/2_phase/EM.py","log_msg","93","","","","ゴールまでの距離: 35.60 m / 角度差: 52.6度","","","","","","","","","","","","","","","","","","","","","","","","","","","","","","","","","","","","","","","","","",""
"1711.971235782","2026-08-15 09:53:33.390329","/home/akatoki/SC-30/scripts/SC-30/2_phase/EM.py","log_msg","93","","","","ゴール方向へ旋回","","","","","","","","","","","","","","","","","","","","","","","","","","","","","","","","","","","","","","","","","",""
"1711.974493553","2026-08-15 09:53:33.393583","/home/akatoki/SC-30/scripts/SC-30/2_phase/EM.py","log_msg","93","","","","旋回します (角度差: 52.6度, 0.30秒駆動)","","","","","","","","","","","","","","","","","","","","","","","","","","","","","","","","","","","","","","","","","",""
"1711.977658983","2026-08-15 09:53:33.396745","/home/akatoki/SC-30/scripts/SC-30/2_phase/motordrive.py","move","150","","","","move: direction=q, power=1.0, duration=0.3","","","","","","","","","","","","","","","","","","","","","","","","","","","","","","","","","","","","","","","","","",""
"1711.983767766","2026-08-15 09:53:33.402861","/home/akatoki/SC-30/scripts/SC-30/2_phase/motordrive.py","set_values","186","","","","","","","","","","","","","","","","","","","","","","-0.0","0.0","","","","","","","","","","","","","","","","","","","","","","",""
"1712.014176684","2026-08-15 09:53:33.433262","/home/akatoki/SC-30/scripts/SC-30/2_phase/motordrive.py","set_values","186","","","","","","","","","","","","","","","","","","","","","","-0.1","0.1","","","","","","","","","","","","","","","","","","","","","","",""
"1712.045365164","2026-08-15 09:53:33.464451","/home/akatoki/SC-30/scripts/SC-30/2_phase/motordrive.py","set_values","186","","","","","","","","","","","","","","","","","","","","","","-0.2","0.2","","","","","","","","","","","","","","","","","","","","","","",""
"1712.081860261","2026-08-15 09:53:33.500948","/home/akatoki/SC-30/scripts/SC-30/2_phase/motordrive.py","set_values","186","","","","","","","","","","","","","","","","","","","","","","-0.30000000000000004","0.30000000000000004","","","","","","","","","","","","","","","","","","","","","","",""
"1712.113387116","2026-08-15 09:53:33.532474","/home/akatoki/SC-30/scripts/SC-30/2_phase/motordrive.py","set_values","186","","","","","","","","","","","","","","","","","","","","","","-0.4","0.4","","","","","","","","","","","","","","","","","","","","","","",""
"1712.145029072","2026-08-15 09:53:33.564116","/home/akatoki/SC-30/scripts/SC-30/2_phase/motordrive.py","set_values","186","","","","","","","","","","","","","","","","","","","","","","-0.5","0.5","","","","","","","","","","","","","","","","","","","","","","",""
"1712.176831753","2026-08-15 09:53:33.595921","/home/akatoki/SC-30/scripts/SC-30/2_phase/motordrive.py","set_values","186","","","","","","","","","","","","","","","","","","","","","","-0.6000000000000001","0.6000000000000001","","","","","","","","","","","","","","","","","","","","","","",""
"1712.208825886","2026-08-15 09:53:33.627915","/home/akatoki/SC-30/scripts/SC-30/2_phase/motordrive.py","set_values","186","","","","","","","","","","","","","","","","","","","","","","-0.7000000000000001","0.7000000000000001","","","","","","","","","","","","","","","","","","","","","","",""
"1712.240753303","2026-08-15 09:53:33.659843","/home/akatoki/SC-30/scripts/SC-30/2_phase/motordrive.py","set_values","186","","","","","","","","","","","","","","","","","","","","","","-0.8","0.8","","","","","","","","","","","","","","","","","","","","","","",""
"1712.272690407","2026-08-15 09:53:33.691780","/home/akatoki/SC-30/scripts/SC-30/2_phase/motordrive.py","set_values","186","","","","","","","","","","","","","","","","","","","","","","-0.9","0.9","","","","","","","","","","","","","","","","","","","","","","",""
"1712.309452059","2026-08-15 09:53:33.728547","/home/akatoki/SC-30/scripts/SC-30/2_phase/motordrive.py","set_values","186","","","","","","","","","","","","","","","","","","","","","","-1.0","1.0","","","","","","","","","","","","","","","","","","","","","","",""
"1712.341079849","2026-08-15 09:53:33.760175","/home/akatoki/SC-30/scripts/SC-30/2_phase/motordrive.py","set_values","186","","","","","","","","","","","","","","","","","","","","","","-1.0","1.0","","","","","","","","","","","","","","","","","","","","","","",""
"1712.372528581","2026-08-15 09:53:33.791625","/home/akatoki/SC-30/scripts/SC-30/2_phase/motordrive.py","stop","120","","","","stop: power_r=1.0, power_l=-1.0","","","","","","","","","","","","","","","","","","","","","","","","","","","","","","","","","","","","","","","","","",""
"1712.953813056","2026-08-15 09:53:34.372910","/home/akatoki/SC-30/scripts/SC-30/2_phase/motordrive.py","stop","134","","","","","","","","","","","","","","","","","","","","","","0.0","0.0","","","","","","","","","","","","","","","","","","","","","","",""
"1713.059919323","2026-08-15 09:53:34.479025","/home/akatoki/SC-30/scripts/SC-30/2_phase/EM.py","log_msg","93","","","","5秒前進","","","","","","","","","","","","","","","","","","","","","","","","","","","","","","","","","","","","","","","","","",""
"1713.065272033","2026-08-15 09:53:34.484369","/home/akatoki/SC-30/scripts/SC-30/2_phase/motordrive.py","move","150","","","","move: direction=w, power=1.0, duration=15","","","","","","","","","","","","","","","","","","","","","","","","","","","","","","","","","","","","","","","","","",""
"1713.071501177","2026-08-15 09:53:34.490598","/home/akatoki/SC-30/scripts/SC-30/2_phase/motordrive.py","set_values","186","","","","","","","","","","","","","","","","","","","","","","0.0","0.0","","","","","","","","","","","","","","","","","","","","","","",""
"1713.107191243","2026-08-15 09:53:34.526279","/home/akatoki/SC-30/scripts/SC-30/2_phase/motordrive.py","set_values","186","","","","","","","","","","","","","","","","","","","","","","0.06999999999999999","0.1","","","","","","","","","","","","","","","","","","","","","","",""
"1713.139033607","2026-08-15 09:53:34.558121","/home/akatoki/SC-30/scripts/SC-30/2_phase/motordrive.py","set_values","186","","","","","","","","","","","","","","","","","","","","","","0.13999999999999999","0.2","","","","","","","","","","","","","","","","","","","","","","",""
"1713.17118341","2026-08-15 09:53:34.590272","/home/akatoki/SC-30/scripts/SC-30/2_phase/motordrive.py","set_values","186","","","","","","","","","","","","","","","","","","","","","","0.21000000000000002","0.30000000000000004","","","","","","","","","","","","","","","","","","","","","","",""
"1713.203175978","2026-08-15 09:53:34.622264","/home/akatoki/SC-30/scripts/SC-30/2_phase/motordrive.py","set_values","186","","","","","","","","","","","","","","","","","","","","","","0.27999999999999997","0.4","","","","","","","","","","","","","","","","","","","","","","",""
"1713.23505579","2026-08-15 09:53:34.654143","/home/akatoki/SC-30/scripts/SC-30/2_phase/motordrive.py","set_values","186","","","","","","","","","","","","","","","","","","","","","","0.35","0.5","","","","","","","","","","","","","","","","","","","","","","",""
"1713.266988724","2026-08-15 09:53:34.686077","/home/akatoki/SC-30/scripts/SC-30/2_phase/motordrive.py","set_values","186","","","","","","","","","","","","","","","","","","","","","","0.42000000000000004","0.6000000000000001","","","","","","","","","","","","","","","","","","","","","","",""
"1713.298796298","2026-08-15 09:53:34.717884","/home/akatoki/SC-30/scripts/SC-30/2_phase/motordrive.py","set_values","186","","","","","","","","","","","","","","","","","","","","","","0.49","0.7000000000000001","","","","","","","","","","","","","","","","","","","","","","",""
"1713.335473106","2026-08-15 09:53:34.754561","/home/akatoki/SC-30/scripts/SC-30/2_phase/motordrive.py","set_values","186","","","","","","","","","","","","","","","","","","","","","","0.5599999999999999","0.8","","","","","","","","","","","","","","","","","","","","","","",""
"1713.367433487","2026-08-15 09:53:34.786521","/home/akatoki/SC-30/scripts/SC-30/2_phase/motordrive.py","set_values","186","","","","","","","","","","","","","","","","","","","","","","0.63","0.9","","","","","","","","","","","","","","","","","","","","","","",""
"1713.399272206","2026-08-15 09:53:34.818360","/home/akatoki/SC-30/scripts/SC-30/2_phase/motordrive.py","set_values","186","","","","","","","","","","","","","","","","","","","","","","0.7","1.0","","","","","","","","","","","","","","","","","","","","","","",""
"1713.431138111","2026-08-15 09:53:34.850227","/home/akatoki/SC-30/scripts/SC-30/2_phase/motordrive.py","set_values","186","","","","","","","","","","","","","","","","","","","","","","0.7","1.0","","","","","","","","","","","","","","","","","","","","","","",""
"1728.162533839","2026-08-15 09:53:49.581623","/home/akatoki/SC-30/scripts/SC-30/2_phase/motordrive.py","stop","120","","","","stop: power_r=1.0, power_l=0.7","","","","","","","","","","","","","","","","","","","","","","","","","","","","","","","","","","","","","","","","","",""
"1728.75122105","2026-08-15 09:53:50.170340","/home/akatoki/SC-30/scripts/SC-30/2_phase/motordrive.py","stop","134","","","","","","","","","","","","","","","","","","","","","","0.0","0.0","","","","","","","","","","","","","","","","","","","","","","",""
"1728.906186802","2026-08-15 09:53:50.325291","/home/akatoki/SC-30/scripts/SC-30/2_phase/EM.py","log_msg","93","","","","forward_with_stack_check stacked=True","","","","","","","","","","","","","","","","","","","","","","","","","","","","","","","","","","","","","","","","","",""
"1728.910763956","2026-08-15 09:53:50.329866","/home/akatoki/SC-30/scripts/SC-30/2_phase/EM.py","log_msg","93","","","スタック検知","","","","","","","","","","","","","","","","","","","","","","","","","","","","","","","","","","","","","","","","","","",""
"1728.914250361","2026-08-15 09:53:50.333353","/home/akatoki/SC-30/scripts/SC-30/2_phase/EM.py","log_msg","93","","","","スタック復帰開始","","","","","","","","","","","","","","","","","","","","","","","","","","","","","","","","","","","","","","","","","",""
"1728.917692549","2026-08-15 09:53:50.336793","/home/akatoki/SC-30/scripts/SC-30/2_phase/EM.py","log_msg","93","","","","3秒後退","","","","","","","","","","","","","","","","","","","","","","","","","","","","","","","","","","","","","","","","","",""
"1728.921160674","2026-08-15 09:53:50.340256","/home/akatoki/SC-30/scripts/SC-30/2_phase/motordrive.py","move","150","","","","move: direction=s, power=1.0, duration=3.0","","","","","","","","","","","","","","","","","","","","","","","","","","","","","","","","","","","","","","","","","",""
"1728.926865763","2026-08-15 09:53:50.345964","/home/akatoki/SC-30/scripts/SC-30/2_phase/motordrive.py","set_values","186","","","","","","","","","","","","","","","","","","","","","","-0.0","-0.0","","","","","","","","","","","","","","","","","","","","","","",""
"1728.961889448","2026-08-15 09:53:50.380979","/home/akatoki/SC-30/scripts/SC-30/2_phase/motordrive.py","set_values","186","","","","","","","","","","","","","","","","","","","","","","-0.1","-0.1","","","","","","","","","","","","","","","","","","","","","","",""
"1728.993959785","2026-08-15 09:53:50.413049","/home/akatoki/SC-30/scripts/SC-30/2_phase/motordrive.py","set_values","186","","","","","","","","","","","","","","","","","","","","","","-0.2","-0.2","","","","","","","","","","","","","","","","","","","","","","",""
"1729.025715965","2026-08-15 09:53:50.444803","/home/akatoki/SC-30/scripts/SC-30/2_phase/motordrive.py","set_values","186","","","","","","","","","","","","","","","","","","","","","","-0.30000000000000004","-0.30000000000000004","","","","","","","","","","","","","","","","","","","","","","",""
"1729.057241683","2026-08-15 09:53:50.476329","/home/akatoki/SC-30/scripts/SC-30/2_phase/motordrive.py","set_values","186","","","","","","","","","","","","","","","","","","","","","","-0.4","-0.4","","","","","","","","","","","","","","","","","","","","","","",""
"1729.088807087","2026-08-15 09:53:50.507894","/home/akatoki/SC-30/scripts/SC-30/2_phase/motordrive.py","set_values","186","","","","","","","","","","","","","","","","","","","","","","-0.5","-0.5","","","","","","","","","","","","","","","","","","","","","","",""
"1729.120748313","2026-08-15 09:53:50.539837","/home/akatoki/SC-30/scripts/SC-30/2_phase/motordrive.py","set_values","186","","","","","","","","","","","","","","","","","","","","","","-0.6000000000000001","-0.6000000000000001","","","","","","","","","","","","","","","","","","","","","","",""
"1729.152878908","2026-08-15 09:53:50.571968","/home/akatoki/SC-30/scripts/SC-30/2_phase/motordrive.py","set_values","186","","","","","","","","","","","","","","","","","","","","","","-0.7000000000000001","-0.7000000000000001","","","","","","","","","","","","","","","","","","","","","","",""
"1729.184966536","2026-08-15 09:53:50.604056","/home/akatoki/SC-30/scripts/SC-30/2_phase/motordrive.py","set_values","186","","","","","","","","","","","","","","","","","","","","","","-0.8","-0.8","","","","","","","","","","","","","","","","","","","","","","",""
"1729.223561677","2026-08-15 09:53:50.642650","/home/akatoki/SC-30/scripts/SC-30/2_phase/motordrive.py","set_values","186","","","","","","","","","","","","","","","","","","","","","","-0.9","-0.9","","","","","","","","","","","","","","","","","","","","","","",""
"1729.25552134","2026-08-15 09:53:50.674618","/home/akatoki/SC-30/scripts/SC-30/2_phase/motordrive.py","set_values","186","","","","","","","","","","","","","","","","","","","","","","-1.0","-1.0","","","","","","","","","","","","","","","","","","","","","","",""
"1729.287095077","2026-08-15 09:53:50.706191","/home/akatoki/SC-30/scripts/SC-30/2_phase/motordrive.py","set_values","186","","","","","","","","","","","","","","","","","","","","","","-1.0","-1.0","","","","","","","","","","","","","","","","","","","","","","",""
"1732.018669399","2026-08-15 09:53:53.437767","/home/akatoki/SC-30/scripts/SC-30/2_phase/motordrive.py","stop","120","","","","stop: power_r=-1.0, power_l=-1.0","","","","","","","","","","","","","","","","","","","","","","","","","","","","","","","","","","","","","","","","","",""
"1732.599277932","2026-08-15 09:53:54.018375","/home/akatoki/SC-30/scripts/SC-30/2_phase/motordrive.py","stop","134","","","","","","","","","","","","","","","","","","","","","","0.0","0.0","","","","","","","","","","","","","","","","","","","","","","",""
"1732.703982769","2026-08-15 09:53:54.123116","/home/akatoki/SC-30/scripts/SC-30/2_phase/EM.py","log_msg","93","","","","60°右旋回","","","","","","","","","","","","","","","","","","","","","","","","","","","","","","","","","","","","","","","","","",""
"1732.708619555","2026-08-15 09:53:54.127717","/home/akatoki/SC-30/scripts/SC-30/2_phase/EM.py","log_msg","93","","","","旋回します (角度差: -60.0度, 0.30秒駆動)","","","","","","","","","","","","","","","","","","","","","","","","","","","","","","","","","","","","","","","","","",""
"1732.712130021","2026-08-15 09:53:54.131222","/home/akatoki/SC-30/scripts/SC-30/2_phase/motordrive.py","move","150","","","","move: direction=e, power=1.0, duration=0.3","","","","","","","","","","","","","","","","","","","","","","","","","","","","","","","","","","","","","","","","","",""
"1732.717992499","2026-08-15 09:53:54.137090","/home/akatoki/SC-30/scripts/SC-30/2_phase/motordrive.py","set_values","186","","","","","","","","","","","","","","","","","","","","","","0.0","-0.0","","","","","","","","","","","","","","","","","","","","","","",""
"1732.749349566","2026-08-15 09:53:54.168439","/home/akatoki/SC-30/scripts/SC-30/2_phase/motordrive.py","set_values","186","","","","","","","","","","","","","","","","","","","","","","0.1","-0.1","","","","","","","","","","","","","","","","","","","","","","",""
"1732.781814777","2026-08-15 09:53:54.200904","/home/akatoki/SC-30/scripts/SC-30/2_phase/motordrive.py","set_values","186","","","","","","","","","","","","","","","","","","","","","","0.2","-0.2","","","","","","","","","","","","","","","","","","","","","","",""
"1732.818495016","2026-08-15 09:53:54.237583","/home/akatoki/SC-30/scripts/SC-30/2_phase/motordrive.py","set_values","186","","","","","","","","","","","","","","","","","","","","","","0.30000000000000004","-0.30000000000000004","","","","","","","","","","","","","","","","","","","","","","",""
"1732.850194781","2026-08-15 09:53:54.269283","/home/akatoki/SC-30/scripts/SC-30/2_phase/motordrive.py","set_values","186","","","","","","","","","","","","","","","","","","","","","","0.4","-0.4","","","","","","","","","","","","","","","","","","","","","","",""
"1732.881962304","2026-08-15 09:53:54.301051","/home/akatoki/SC-30/scripts/SC-30/2_phase/motordrive.py","set_values","186","","","","","","","","","","","","","","","","","","","","","","0.5","-0.5","","","","","","","","","","","","","","","","","","","","","","",""
"1732.914104868","2026-08-15 09:53:54.333194","/home/akatoki/SC-30/scripts/SC-30/2_phase/motordrive.py","set_values","186","","","","","","","","","","","","","","","","","","","","","","0.6000000000000001","-0.6000000000000001","","","","","","","","","","","","","","","","","","","","","","",""
"1732.947706815","2026-08-15 09:53:54.366796","/home/akatoki/SC-30/scripts/SC-30/2_phase/motordrive.py","set_values","186","","","","","","","","","","","","","","","","","","","","","","0.7000000000000001","-0.7000000000000001","","","","","","","","","","","","","","","","","","","","","","",""
"1732.979809485","2026-08-15 09:53:54.398899","/home/akatoki/SC-30/scripts/SC-30/2_phase/motordrive.py","set_values","186","","","","","","","","","","","","","","","","","","","","","","0.8","-0.8","","","","","","","","","","","","","","","","","","","","","","",""
"1733.016632115","2026-08-15 09:53:54.435723","/home/akatoki/SC-30/scripts/SC-30/2_phase/motordrive.py","set_values","186","","","","","","","","","","","","","","","","","","","","","","0.9","-0.9","","","","","","","","","","","","","","","","","","","","","","",""
"1733.048707911","2026-08-15 09:53:54.467804","/home/akatoki/SC-30/scripts/SC-30/2_phase/motordrive.py","set_values","186","","","","","","","","","","","","","","","","","","","","","","1.0","-1.0","","","","","","","","","","","","","","","","","","","","","","",""
"1733.080393666","2026-08-15 09:53:54.499490","/home/akatoki/SC-30/scripts/SC-30/2_phase/motordrive.py","set_values","186","","","","","","","","","","","","","","","","","","","","","","1.0","-1.0","","","","","","","","","","","","","","","","","","","","","","",""
"1733.111860105","2026-08-15 09:53:54.530957","/home/akatoki/SC-30/scripts/SC-30/2_phase/motordrive.py","stop","120","","","","stop: power_r=-1.0, power_l=1.0","","","","","","","","","","","","","","","","","","","","","","","","","","","","","","","","","","","","","","","","","",""
"1733.69294003","2026-08-15 09:53:55.112038","/home/akatoki/SC-30/scripts/SC-30/2_phase/motordrive.py","stop","134","","","","","","","","","","","","","","","","","","","","","","0.0","0.0","","","","","","","","","","","","","","","","","","","","","","",""
"1734.459846388","2026-08-15 09:53:55.878950","/home/akatoki/SC-30/scripts/SC-30/2_phase/EM.py","log_msg","93","","","","","","","","None","","","","","","","","","","","","","","","","","","","","","","","","","","","","","","","","","","","","","",""
"1734.464379791","2026-08-15 09:53:55.883482","/home/akatoki/SC-30/scripts/SC-30/2_phase/EM.py","log_msg","93","","","","","","","","","None","","","","","","","","","","","","","","","","","","","","","","","","","","","","","","","","","","","","",""
"1734.467708075","2026-08-15 09:53:55.886805","/home/akatoki/SC-30/scripts/SC-30/2_phase/EM.py","log_msg","93","","","","2秒前進","","","","","","","","","","","","","","","","","","","","","","","","","","","","","","","","","","","","","","","","","",""
"1734.475428048","2026-08-15 09:53:55.894522","/home/akatoki/SC-30/scripts/SC-30/2_phase/motordrive.py","move","150","","","","move: direction=w, power=1.0, duration=2.0","","","","","","","","","","","","","","","","","","","","","","","","","","","","","","","","","","","","","","","","","",""
"1734.480901163","2026-08-15 09:53:55.899999","/home/akatoki/SC-30/scripts/SC-30/2_phase/motordrive.py","set_values","186","","","","","","","","","","","","","","","","","","","","","","0.0","0.0","","","","","","","","","","","","","","","","","","","","","","",""
"1734.511915061","2026-08-15 09:53:55.931003","/home/akatoki/SC-30/scripts/SC-30/2_phase/motordrive.py","set_values","186","","","","","","","","","","","","","","","","","","","","","","0.06999999999999999","0.1","","","","","","","","","","","","","","","","","","","","","","",""
"1734.543958511","2026-08-15 09:53:55.963047","/home/akatoki/SC-30/scripts/SC-30/2_phase/motordrive.py","set_values","186","","","","","","","","","","","","","","","","","","","","","","0.13999999999999999","0.2","","","","","","","","","","","","","","","","","","","","","","",""
"1734.575931442","2026-08-15 09:53:55.995021","/home/akatoki/SC-30/scripts/SC-30/2_phase/motordrive.py","set_values","186","","","","","","","","","","","","","","","","","","","","","","0.21000000000000002","0.30000000000000004","","","","","","","","","","","","","","","","","","","","","","",""
"1734.609480418","2026-08-15 09:53:56.028569","/home/akatoki/SC-30/scripts/SC-30/2_phase/motordrive.py","set_values","186","","","","","","","","","","","","","","","","","","","","","","0.27999999999999997","0.4","","","","","","","","","","","","","","","","","","","","","","",""
"1734.646383196","2026-08-15 09:53:56.065472","/home/akatoki/SC-30/scripts/SC-30/2_phase/motordrive.py","set_values","186","","","","","","","","","","","","","","","","","","","","","","0.35","0.5","","","","","","","","","","","","","","","","","","","","","","",""
"1734.678560442","2026-08-15 09:53:56.097650","/home/akatoki/SC-30/scripts/SC-30/2_phase/motordrive.py","set_values","186","","","","","","","","","","","","","","","","","","","","","","0.42000000000000004","0.6000000000000001","","","","","","","","","","","","","","","","","","","","","","",""
"1734.710714459","2026-08-15 09:53:56.129803","/home/akatoki/SC-30/scripts/SC-30/2_phase/motordrive.py","set_values","186","","","","","","","","","","","","","","","","","","","","","","0.49","0.7000000000000001","","","","","","","","","","","","","","","","","","","","","","",""
"1734.742530361","2026-08-15 09:53:56.161616","/home/akatoki/SC-30/scripts/SC-30/2_phase/motordrive.py","set_values","186","","","","","","","","","","","","","","","","","","","","","","0.5599999999999999","0.8","","","","","","","","","","","","","","","","","","","","","","",""
"1734.774216372","2026-08-15 09:53:56.193304","/home/akatoki/SC-30/scripts/SC-30/2_phase/motordrive.py","set_values","186","","","","","","","","","","","","","","","","","","","","","","0.63","0.9","","","","","","","","","","","","","","","","","","","","","","",""
"1734.805921809","2026-08-15 09:53:56.225010","/home/akatoki/SC-30/scripts/SC-30/2_phase/motordrive.py","set_values","186","","","","","","","","","","","","","","","","","","","","","","0.7","1.0","","","","","","","","","","","","","","","","","","","","","","",""
"1734.837545687","2026-08-15 09:53:56.256635","/home/akatoki/SC-30/scripts/SC-30/2_phase/motordrive.py","set_values","186","","","","","","","","","","","","","","","","","","","","","","0.7","1.0","","","","","","","","","","","","","","","","","","","","","","",""
"1736.569202475","2026-08-15 09:53:57.988293","/home/akatoki/SC-30/scripts/SC-30/2_phase/motordrive.py","stop","120","","","","stop: power_r=1.0, power_l=0.7","","","","","","","","","","","","","","","","","","","","","","","","","","","","","","","","","","","","","","","","","",""
"1737.155500612","2026-08-15 09:53:58.574598","/home/akatoki/SC-30/scripts/SC-30/2_phase/motordrive.py","stop","134","","","","","","","","","","","","","","","","","","","","","","0.0","0.0","","","","","","","","","","","","","","","","","","","","","","",""
"1737.760353373","2026-08-15 09:53:59.179459","/home/akatoki/SC-30/scripts/SC-30/2_phase/EM.py","log_msg","93","","","","スタック復帰終了","","","","","","","","","","","","","","","","","","","","","","","","","","","","","","","","","","","","","","","","","",""
"1738.471640429","2026-08-15 09:53:59.890744","/home/akatoki/SC-30/scripts/SC-30/2_phase/EM.py","log_msg","93","","","GPS取得失敗 1/30","","","","","","","","","","","","","","","","","","","","","","","","","","","","","","","","","","","","","","","","","","",""
"1739.985022283","2026-08-15 09:54:01.404109","/home/akatoki/SC-30/scripts/SC-30/2_phase/EM.py","log_msg","93","","","","","","","","40.14274833333333","","","","","","","","","","","","","","","","","","","","","","","","","","","","","","","","","","","","","",""
"1739.989465271","2026-08-15 09:54:01.408552","/home/akatoki/SC-30/scripts/SC-30/2_phase/EM.py","log_msg","93","","","","","","","","","139.9873095","","","","","","","","","","","","","","","","","","","","","","","","","","","","","","","","","","","","",""
"1739.992947976","2026-08-15 09:54:01.412032","/home/akatoki/SC-30/scripts/SC-30/2_phase/EM.py","log_msg","93","","","","","","","","","","","","","","","","","","","","","","","","","","","37.041669523670556","","","","","","","","","","","","","","","","","","",""
"1740.001546616","2026-08-15 09:54:01.420635","/home/akatoki/SC-30/scripts/SC-30/2_phase/EM.py","log_msg","93","","","","","","","","","","","","","","","","","","","","","","","","","","3.030491940122153","","","","","","","","","","","","","","","","","","","",""
"1740.004682039","2026-08-15 09:54:01.423775","/home/akatoki/SC-30/scripts/SC-30/2_phase/EM.py","log_msg","93","","","","ゴールまでの距離: 37.04 m / 角度差: 173.6度","","","","","","","","","","","","","","","","","","","","","","","","","","","","","","","","","","","","","","","","","",""
"1740.007910117","2026-08-15 09:54:01.427005","/home/akatoki/SC-30/scripts/SC-30/2_phase/EM.py","log_msg","93","","","","ゴール方向へ旋回","","","","","","","","","","","","","","","","","","","","","","","","","","","","","","","","","","","","","","","","","",""
"1740.011285533","2026-08-15 09:54:01.430378","/home/akatoki/SC-30/scripts/SC-30/2_phase/EM.py","log_msg","93","","","","旋回します (角度差: 173.6度, 0.64秒駆動)","","","","","","","","","","","","","","","","","","","","","","","","","","","","","","","","","","","","","","","","","",""
"1740.014556578","2026-08-15 09:54:01.433644","/home/akatoki/SC-30/scripts/SC-30/2_phase/motordrive.py","move","150","","","","move: direction=q, power=1.0, duration=0.6430903630274517","","","","","","","","","","","","","","","","","","","","","","","","","","","","","","","","","","","","","","","","","",""
"1740.019677044","2026-08-15 09:54:01.438772","/home/akatoki/SC-30/scripts/SC-30/2_phase/motordrive.py","set_values","186","","","","","","","","","","","","","","","","","","","","","","-0.0","0.0","","","","","","","","","","","","","","","","","","","","","","",""
"1740.050296565","2026-08-15 09:54:01.469384","/home/akatoki/SC-30/scripts/SC-30/2_phase/motordrive.py","set_values","186","","","","","","","","","","","","","","","","","","","","","","-0.1","0.1","","","","","","","","","","","","","","","","","","","","","","",""
"1740.081830902","2026-08-15 09:54:01.500918","/home/akatoki/SC-30/scripts/SC-30/2_phase/motordrive.py","set_values","186","","","","","","","","","","","","","","","","","","","","","","-0.2","0.2","","","","","","","","","","","","","","","","","","","","","","",""
"1740.118416593","2026-08-15 09:54:01.537503","/home/akatoki/SC-30/scripts/SC-30/2_phase/motordrive.py","set_values","186","","","","","","","","","","","","","","","","","","","","","","-0.30000000000000004","0.30000000000000004","","","","","","","","","","","","","","","","","","","","","","",""
"1740.150276076","2026-08-15 09:54:01.569365","/home/akatoki/SC-30/scripts/SC-30/2_phase/motordrive.py","set_values","186","","","","","","","","","","","","","","","","","","","","","","-0.4","0.4","","","","","","","","","","","","","","","","","","","","","","",""
"1740.182274617","2026-08-15 09:54:01.601364","/home/akatoki/SC-30/scripts/SC-30/2_phase/motordrive.py","set_values","186","","","","","","","","","","","","","","","","","","","","","","-0.5","0.5","","","","","","","","","","","","","","","","","","","","","","",""
"1740.214347583","2026-08-15 09:54:01.633437","/home/akatoki/SC-30/scripts/SC-30/2_phase/motordrive.py","set_values","186","","","","","","","","","","","","","","","","","","","","","","-0.6000000000000001","0.6000000000000001","","","","","","","","","","","","","","","","","","","","","","",""
"1740.246408518","2026-08-15 09:54:01.665498","/home/akatoki/SC-30/scripts/SC-30/2_phase/motordrive.py","set_values","186","","","","","","","","","","","","","","","","","","","","","","-0.7000000000000001","0.7000000000000001","","","","","","","","","","","","","","","","","","","","","","",""
"1740.278451641","2026-08-15 09:54:01.697540","/home/akatoki/SC-30/scripts/SC-30/2_phase/motordrive.py","set_values","186","","","","","","","","","","","","","","","","","","","","","","-0.8","0.8","","","","","","","","","","","","","","","","","","","","","","",""
"1740.330306546","2026-08-15 09:54:01.749395","/home/akatoki/SC-30/scripts/SC-30/2_phase/motordrive.py","set_values","186","","","","","","","","","","","","","","","","","","","","","","-0.9","0.9","","","","","","","","","","","","","","","","","","","","","","",""
"1740.362223892","2026-08-15 09:54:01.781320","/home/akatoki/SC-30/scripts/SC-30/2_phase/motordrive.py","set_values","186","","","","","","","","","","","","","","","","","","","","","","-1.0","1.0","","","","","","","","","","","","","","","","","","","","","","",""
"1740.394154154","2026-08-15 09:54:01.813250","/home/akatoki/SC-30/scripts/SC-30/2_phase/motordrive.py","set_values","186","","","","","","","","","","","","","","","","","","","","","","-1.0","1.0","","","","","","","","","","","","","","","","","","","","","","",""
"1740.769106287","2026-08-15 09:54:02.188203","/home/akatoki/SC-30/scripts/SC-30/2_phase/motordrive.py","stop","120","","","","stop: power_r=1.0, power_l=-1.0","","","","","","","","","","","","","","","","","","","","","","","","","","","","","","","","","","","","","","","","","",""
"1741.351578792","2026-08-15 09:54:02.770677","/home/akatoki/SC-30/scripts/SC-30/2_phase/motordrive.py","stop","134","","","","","","","","","","","","","","","","","","","","","","0.0","0.0","","","","","","","","","","","","","","","","","","","","","","",""
"1741.456409759","2026-08-15 09:54:02.875516","/home/akatoki/SC-30/scripts/SC-30/2_phase/EM.py","log_msg","93","","","","5秒前進","","","","","","","","","","","","","","","","","","","","","","","","","","","","","","","","","","","","","","","","","",""
"1741.461686314","2026-08-15 09:54:02.880783","/home/akatoki/SC-30/scripts/SC-30/2_phase/motordrive.py","move","150","","","","move: direction=w, power=1.0, duration=15","","","","","","","","","","","","","","","","","","","","","","","","","","","","","","","","","","","","","","","","","",""
"1741.467672743","2026-08-15 09:54:02.886770","/home/akatoki/SC-30/scripts/SC-30/2_phase/motordrive.py","set_values","186","","","","","","","","","","","","","","","","","","","","","","0.0","0.0","","","","","","","","","","","","","","","","","","","","","","",""
"1741.502954565","2026-08-15 09:54:02.922042","/home/akatoki/SC-30/scripts/SC-30/2_phase/motordrive.py","set_values","186","","","","","","","","","","","","","","","","","","","","","","0.06999999999999999","0.1","","","","","","","","","","","","","","","","","","","","","","",""
"1741.534811962","2026-08-15 09:54:02.953900","/home/akatoki/SC-30/scripts/SC-30/2_phase/motordrive.py","set_values","186","","","","","","","","","","","","","","","","","","","","","","0.13999999999999999","0.2","","","","","","","","","","","","","","","","","","","","","","",""
"1741.5667742","2026-08-15 09:54:02.985862","/home/akatoki/SC-30/scripts/SC-30/2_phase/motordrive.py","set_values","186","","","","","","","","","","","","","","","","","","","","","","0.21000000000000002","0.30000000000000004","","","","","","","","","","","","","","","","","","","","","","",""
"1741.598671751","2026-08-15 09:54:03.017759","/home/akatoki/SC-30/scripts/SC-30/2_phase/motordrive.py","set_values","186","","","","","","","","","","","","","","","","","","","","","","0.27999999999999997","0.4","","","","","","","","","","","","","","","","","","","","","","",""
"1741.630442169","2026-08-15 09:54:03.049530","/home/akatoki/SC-30/scripts/SC-30/2_phase/motordrive.py","set_values","186","","","","","","","","","","","","","","","","","","","","","","0.35","0.5","","","","","","","","","","","","","","","","","","","","","","",""
"1741.662468986","2026-08-15 09:54:03.081558","/home/akatoki/SC-30/scripts/SC-30/2_phase/motordrive.py","set_values","186","","","","","","","","","","","","","","","","","","","","","","0.42000000000000004","0.6000000000000001","","","","","","","","","","","","","","","","","","","","","","",""
"1741.694430648","2026-08-15 09:54:03.113519","/home/akatoki/SC-30/scripts/SC-30/2_phase/motordrive.py","set_values","186","","","","","","","","","","","","","","","","","","","","","","0.49","0.7000000000000001","","","","","","","","","","","","","","","","","","","","","","",""
"1741.732096196","2026-08-15 09:54:03.151184","/home/akatoki/SC-30/scripts/SC-30/2_phase/motordrive.py","set_values","186","","","","","","","","","","","","","","","","","","","","","","0.5599999999999999","0.8","","","","","","","","","","","","","","","","","","","","","","",""
"1741.76439915","2026-08-15 09:54:03.183488","/home/akatoki/SC-30/scripts/SC-30/2_phase/motordrive.py","set_values","186","","","","","","","","","","","","","","","","","","","","","","0.63","0.9","","","","","","","","","","","","","","","","","","","","","","",""
"1741.796352843","2026-08-15 09:54:03.215441","/home/akatoki/SC-30/scripts/SC-30/2_phase/motordrive.py","set_values","186","","","","","","","","","","","","","","","","","","","","","","0.7","1.0","","","","","","","","","","","","","","","","","","","","","","",""
"1741.828128991","2026-08-15 09:54:03.247218","/home/akatoki/SC-30/scripts/SC-30/2_phase/motordrive.py","set_values","186","","","","","","","","","","","","","","","","","","","","","","0.7","1.0","","","","","","","","","","","","","","","","","","","","","","",""
"1756.559492617","2026-08-15 09:54:17.978582","/home/akatoki/SC-30/scripts/SC-30/2_phase/motordrive.py","stop","120","","","","stop: power_r=1.0, power_l=0.7","","","","","","","","","","","","","","","","","","","","","","","","","","","","","","","","","","","","","","","","","",""
"1757.142078192","2026-08-15 09:54:18.561176","/home/akatoki/SC-30/scripts/SC-30/2_phase/motordrive.py","stop","134","","","","","","","","","","","","","","","","","","","","","","0.0","0.0","","","","","","","","","","","","","","","","","","","","","","",""
"1757.264463212","2026-08-15 09:54:18.683567","/home/akatoki/SC-30/scripts/SC-30/2_phase/EM.py","log_msg","93","","","","forward_with_stack_check stacked=True","","","","","","","","","","","","","","","","","","","","","","","","","","","","","","","","","","","","","","","","","",""
"1757.269023742","2026-08-15 09:54:18.688124","/home/akatoki/SC-30/scripts/SC-30/2_phase/EM.py","log_msg","93","","","スタック検知","","","","","","","","","","","","","","","","","","","","","","","","","","","","","","","","","","","","","","","","","","",""
"1757.272445142","2026-08-15 09:54:18.691545","/home/akatoki/SC-30/scripts/SC-30/2_phase/EM.py","log_msg","93","","","","スタック復帰開始","","","","","","","","","","","","","","","","","","","","","","","","","","","","","","","","","","","","","","","","","",""
"1757.275821596","2026-08-15 09:54:18.694920","/home/akatoki/SC-30/scripts/SC-30/2_phase/EM.py","log_msg","93","","","","3秒後退","","","","","","","","","","","","","","","","","","","","","","","","","","","","","","","","","","","","","","","","","",""
"1757.279262215","2026-08-15 09:54:18.698356","/home/akatoki/SC-30/scripts/SC-30/2_phase/motordrive.py","move","150","","","","move: direction=s, power=1.0, duration=3.0","","","","","","","","","","","","","","","","","","","","","","","","","","","","","","","","","","","","","","","","","",""
"1757.284875992","2026-08-15 09:54:18.703973","/home/akatoki/SC-30/scripts/SC-30/2_phase/motordrive.py","set_values","186","","","","","","","","","","","","","","","","","","","","","","-0.0","-0.0","","","","","","","","","","","","","","","","","","","","","","",""
"1757.315966138","2026-08-15 09:54:18.735054","/home/akatoki/SC-30/scripts/SC-30/2_phase/motordrive.py","set_values","186","","","","","","","","","","","","","","","","","","","","","","-0.1","-0.1","","","","","","","","","","","","","","","","","","","","","","",""
"1757.352805889","2026-08-15 09:54:18.771894","/home/akatoki/SC-30/scripts/SC-30/2_phase/motordrive.py","set_values","186","","","","","","","","","","","","","","","","","","","","","","-0.2","-0.2","","","","","","","","","","","","","","","","","","","","","","",""
"1757.384490911","2026-08-15 09:54:18.803578","/home/akatoki/SC-30/scripts/SC-30/2_phase/motordrive.py","set_values","186","","","","","","","","","","","","","","","","","","","","","","-0.30000000000000004","-0.30000000000000004","","","","","","","","","","","","","","","","","","","","","","",""
"1757.417373603","2026-08-15 09:54:18.836461","/home/akatoki/SC-30/scripts/SC-30/2_phase/motordrive.py","set_values","186","","","","","","","","","","","","","","","","","","","","","","-0.4","-0.4","","","","","","","","","","","","","","","","","","","","","","",""
"1757.449055344","2026-08-15 09:54:18.868144","/home/akatoki/SC-30/scripts/SC-30/2_phase/motordrive.py","set_values","186","","","","","","","","","","","","","","","","","","","","","","-0.5","-0.5","","","","","","","","","","","","","","","","","","","","","","",""
"1757.481078063","2026-08-15 09:54:18.900167","/home/akatoki/SC-30/scripts/SC-30/2_phase/motordrive.py","set_values","186","","","","","","","","","","","","","","","","","","","","","","-0.6000000000000001","-0.6000000000000001","","","","","","","","","","","","","","","","","","","","","","",""
"1757.513211092","2026-08-15 09:54:18.932300","/home/akatoki/SC-30/scripts/SC-30/2_phase/motordrive.py","set_values","186","","","","","","","","","","","","","","","","","","","","","","-0.7000000000000001","-0.7000000000000001","","","","","","","","","","","","","","","","","","","","","","",""
"1757.545251883","2026-08-15 09:54:18.964342","/home/akatoki/SC-30/scripts/SC-30/2_phase/motordrive.py","set_values","186","","","","","","","","","","","","","","","","","","","","","","-0.8","-0.8","","","","","","","","","","","","","","","","","","","","","","",""
"1757.582241578","2026-08-15 09:54:19.001331","/home/akatoki/SC-30/scripts/SC-30/2_phase/motordrive.py","set_values","186","","","","","","","","","","","","","","","","","","","","","","-0.9","-0.9","","","","","","","","","","","","","","","","","","","","","","",""
"1757.614219297","2026-08-15 09:54:19.033316","/home/akatoki/SC-30/scripts/SC-30/2_phase/motordrive.py","set_values","186","","","","","","","","","","","","","","","","","","","","","","-1.0","-1.0","","","","","","","","","","","","","","","","","","","","","","",""
"1757.645954211","2026-08-15 09:54:19.065049","/home/akatoki/SC-30/scripts/SC-30/2_phase/motordrive.py","set_values","186","","","","","","","","","","","","","","","","","","","","","","-1.0","-1.0","","","","","","","","","","","","","","","","","","","","","","",""
"1760.377543425","2026-08-15 09:54:21.796642","/home/akatoki/SC-30/scripts/SC-30/2_phase/motordrive.py","stop","120","","","","stop: power_r=-1.0, power_l=-1.0","","","","","","","","","","","","","","","","","","","","","","","","","","","","","","","","","","","","","","","","","",""
"1760.959335646","2026-08-15 09:54:22.378433","/home/akatoki/SC-30/scripts/SC-30/2_phase/motordrive.py","stop","134","","","","","","","","","","","","","","","","","","","","","","0.0","0.0","","","","","","","","","","","","","","","","","","","","","","",""
"1761.064112349","2026-08-15 09:54:22.483218","/home/akatoki/SC-30/scripts/SC-30/2_phase/EM.py","log_msg","93","","","","60°右旋回","","","","","","","","","","","","","","","","","","","","","","","","","","","","","","","","","","","","","","","","","",""
"1761.068673971","2026-08-15 09:54:22.487771","/home/akatoki/SC-30/scripts/SC-30/2_phase/EM.py","log_msg","93","","","","旋回します (角度差: -60.0度, 0.30秒駆動)","","","","","","","","","","","","","","","","","","","","","","","","","","","","","","","","","","","","","","","","","",""
"1761.076630224","2026-08-15 09:54:22.495721","/home/akatoki/SC-30/scripts/SC-30/2_phase/motordrive.py","move","150","","","","move: direction=e, power=1.0, duration=0.3","","","","","","","","","","","","","","","","","","","","","","","","","","","","","","","","","","","","","","","","","",""
"1761.082186814","2026-08-15 09:54:22.501285","/home/akatoki/SC-30/scripts/SC-30/2_phase/motordrive.py","set_values","186","","","","","","","","","","","","","","","","","","","","","","0.0","-0.0","","","","","","","","","","","","","","","","","","","","","","",""
"1761.113373979","2026-08-15 09:54:22.532463","/home/akatoki/SC-30/scripts/SC-30/2_phase/motordrive.py","set_values","186","","","","","","","","","","","","","","","","","","","","","","0.1","-0.1","","","","","","","","","","","","","","","","","","","","","","",""
"1761.146691543","2026-08-15 09:54:22.565781","/home/akatoki/SC-30/scripts/SC-30/2_phase/motordrive.py","set_values","186","","","","","","","","","","","","","","","","","","","","","","0.2","-0.2","","","","","","","","","","","","","","","","","","","","","","",""
"1761.178374681","2026-08-15 09:54:22.597462","/home/akatoki/SC-30/scripts/SC-30/2_phase/motordrive.py","set_values","186","","","","","","","","","","","","","","","","","","","","","","0.30000000000000004","-0.30000000000000004","","","","","","","","","","","","","","","","","","","","","","",""
"1761.209979072","2026-08-15 09:54:22.629066","/home/akatoki/SC-30/scripts/SC-30/2_phase/motordrive.py","set_values","186","","","","","","","","","","","","","","","","","","","","","","0.4","-0.4","","","","","","","","","","","","","","","","","","","","","","",""
"1761.241653877","2026-08-15 09:54:22.660741","/home/akatoki/SC-30/scripts/SC-30/2_phase/motordrive.py","set_values","186","","","","","","","","","","","","","","","","","","","","","","0.5","-0.5","","","","","","","","","","","","","","","","","","","","","","",""
"1761.278550752","2026-08-15 09:54:22.697640","/home/akatoki/SC-30/scripts/SC-30/2_phase/motordrive.py","set_values","186","","","","","","","","","","","","","","","","","","","","","","0.6000000000000001","-0.6000000000000001","","","","","","","","","","","","","","","","","","","","","","",""
"1761.310548776","2026-08-15 09:54:22.729638","/home/akatoki/SC-30/scripts/SC-30/2_phase/motordrive.py","set_values","186","","","","","","","","","","","","","","","","","","","","","","0.7000000000000001","-0.7000000000000001","","","","","","","","","","","","","","","","","","","","","","",""
"1761.342540549","2026-08-15 09:54:22.761629","/home/akatoki/SC-30/scripts/SC-30/2_phase/motordrive.py","set_values","186","","","","","","","","","","","","","","","","","","","","","","0.8","-0.8","","","","","","","","","","","","","","","","","","","","","","",""
"1761.377383377","2026-08-15 09:54:22.796473","/home/akatoki/SC-30/scripts/SC-30/2_phase/motordrive.py","set_values","186","","","","","","","","","","","","","","","","","","","","","","0.9","-0.9","","","","","","","","","","","","","","","","","","","","","","",""
"1761.411402533","2026-08-15 09:54:22.830503","/home/akatoki/SC-30/scripts/SC-30/2_phase/motordrive.py","set_values","186","","","","","","","","","","","","","","","","","","","","","","1.0","-1.0","","","","","","","","","","","","","","","","","","","","","","",""
"1761.443694661","2026-08-15 09:54:22.862792","/home/akatoki/SC-30/scripts/SC-30/2_phase/motordrive.py","set_values","186","","","","","","","","","","","","","","","","","","","","","","1.0","-1.0","","","","","","","","","","","","","","","","","","","","","","",""
"1761.475175306","2026-08-15 09:54:22.894271","/home/akatoki/SC-30/scripts/SC-30/2_phase/motordrive.py","stop","120","","","","stop: power_r=-1.0, power_l=1.0","","","","","","","","","","","","","","","","","","","","","","","","","","","","","","","","","","","","","","","","","",""
"1762.060743295","2026-08-15 09:54:23.479842","/home/akatoki/SC-30/scripts/SC-30/2_phase/motordrive.py","stop","134","","","","","","","","","","","","","","","","","","","","","","0.0","0.0","","","","","","","","","","","","","","","","","","","","","","",""
"1762.666080783","2026-08-15 09:54:24.085185","/home/akatoki/SC-30/scripts/SC-30/2_phase/EM.py","log_msg","93","","","","","","","","None","","","","","","","","","","","","","","","","","","","","","","","","","","","","","","","","","","","","","",""
"1762.670623292","2026-08-15 09:54:24.089726","/home/akatoki/SC-30/scripts/SC-30/2_phase/EM.py","log_msg","93","","","","","","","","","None","","","","","","","","","","","","","","","","","","","","","","","","","","","","","","","","","","","","",""
"1762.674043076","2026-08-15 09:54:24.093145","/home/akatoki/SC-30/scripts/SC-30/2_phase/EM.py","log_msg","93","","","","2秒前進","","","","","","","","","","","","","","","","","","","","","","","","","","","","","","","","","","","","","","","","","",""
"1762.678976196","2026-08-15 09:54:24.098074","/home/akatoki/SC-30/scripts/SC-30/2_phase/motordrive.py","move","150","","","","move: direction=w, power=1.0, duration=2.0","","","","","","","","","","","","","","","","","","","","","","","","","","","","","","","","","","","","","","","","","",""
"1762.684997927","2026-08-15 09:54:24.104096","/home/akatoki/SC-30/scripts/SC-30/2_phase/motordrive.py","set_values","186","","","","","","","","","","","","","","","","","","","","","","0.0","0.0","","","","","","","","","","","","","","","","","","","","","","",""
"1762.716443933","2026-08-15 09:54:24.135533","/home/akatoki/SC-30/scripts/SC-30/2_phase/motordrive.py","set_values","186","","","","","","","","","","","","","","","","","","","","","","0.06999999999999999","0.1","","","","","","","","","","","","","","","","","","","","","","",""
"1762.753800371","2026-08-15 09:54:24.172889","/home/akatoki/SC-30/scripts/SC-30/2_phase/motordrive.py","set_values","186","","","","","","","","","","","","","","","","","","","","","","0.13999999999999999","0.2","","","","","","","","","","","","","","","","","","","","","","",""
"1762.785929584","2026-08-15 09:54:24.205018","/home/akatoki/SC-30/scripts/SC-30/2_phase/motordrive.py","set_values","186","","","","","","","","","","","","","","","","","","","","","","0.21000000000000002","0.30000000000000004","","","","","","","","","","","","","","","","","","","","","","",""
"1762.817709017","2026-08-15 09:54:24.236796","/home/akatoki/SC-30/scripts/SC-30/2_phase/motordrive.py","set_values","186","","","","","","","","","","","","","","","","","","","","","","0.27999999999999997","0.4","","","","","","","","","","","","","","","","","","","","","","",""
"1762.849474284","2026-08-15 09:54:24.268561","/home/akatoki/SC-30/scripts/SC-30/2_phase/motordrive.py","set_values","186","","","","","","","","","","","","","","","","","","","","","","0.35","0.5","","","","","","","","","","","","","","","","","","","","","","",""
"1762.881310225","2026-08-15 09:54:24.300397","/home/akatoki/SC-30/scripts/SC-30/2_phase/motordrive.py","set_values","186","","","","","","","","","","","","","","","","","","","","","","0.42000000000000004","0.6000000000000001","","","","","","","","","","","","","","","","","","","","","","",""
"1762.913092418","2026-08-15 09:54:24.332179","/home/akatoki/SC-30/scripts/SC-30/2_phase/motordrive.py","set_values","186","","","","","","","","","","","","","","","","","","","","","","0.49","0.7000000000000001","","","","","","","","","","","","","","","","","","","","","","",""
"1762.94495565","2026-08-15 09:54:24.364042","/home/akatoki/SC-30/scripts/SC-30/2_phase/motordrive.py","set_values","186","","","","","","","","","","","","","","","","","","","","","","0.5599999999999999","0.8","","","","","","","","","","","","","","","","","","","","","","",""
"1762.981570029","2026-08-15 09:54:24.400658","/home/akatoki/SC-30/scripts/SC-30/2_phase/motordrive.py","set_values","186","","","","","","","","","","","","","","","","","","","","","","0.63","0.9","","","","","","","","","","","","","","","","","","","","","","",""
"1763.013212748","2026-08-15 09:54:24.432300","/home/akatoki/SC-30/scripts/SC-30/2_phase/motordrive.py","set_values","186","","","","","","","","","","","","","","","","","","","","","","0.7","1.0","","","","","","","","","","","","","","","","","","","","","","",""
"1763.044529591","2026-08-15 09:54:24.463616","/home/akatoki/SC-30/scripts/SC-30/2_phase/motordrive.py","set_values","186","","","","","","","","","","","","","","","","","","","","","","0.7","1.0","","","","","","","","","","","","","","","","","","","","","","",""
"1764.776051275","2026-08-15 09:54:26.195143","/home/akatoki/SC-30/scripts/SC-30/2_phase/motordrive.py","stop","120","","","","stop: power_r=1.0, power_l=0.7","","","","","","","","","","","","","","","","","","","","","","","","","","","","","","","","","","","","","","","","","",""
"1765.358954066","2026-08-15 09:54:26.778052","/home/akatoki/SC-30/scripts/SC-30/2_phase/motordrive.py","stop","134","","","","","","","","","","","","","","","","","","","","","","0.0","0.0","","","","","","","","","","","","","","","","","","","","","","",""
"1765.963698408","2026-08-15 09:54:27.382805","/home/akatoki/SC-30/scripts/SC-30/2_phase/EM.py","log_msg","93","","","","スタック復帰終了","","","","","","","","","","","","","","","","","","","","","","","","","","","","","","","","","","","","","","","","","",""
"1766.475593073","2026-08-15 09:54:27.894696","/home/akatoki/SC-30/scripts/SC-30/2_phase/EM.py","log_msg","93","","","GPS取得失敗 1/30","","","","","","","","","","","","","","","","","","","","","","","","","","","","","","","","","","","","","","","","","","",""
"1768.469895739","2026-08-15 09:54:29.888983","/home/akatoki/SC-30/scripts/SC-30/2_phase/EM.py","log_msg","93","","","","","","","","40.14274983333333","","","","","","","","","","","","","","","","","","","","","","","","","","","","","","","","","","","","","",""
"1768.474378404","2026-08-15 09:54:29.893467","/home/akatoki/SC-30/scripts/SC-30/2_phase/EM.py","log_msg","93","","","","","","","","","139.98732283333334","","","","","","","","","","","","","","","","","","","","","","","","","","","","","","","","","","","","",""
"1768.477939953","2026-08-15 09:54:29.897027","/home/akatoki/SC-30/scripts/SC-30/2_phase/EM.py","log_msg","93","","","","","","","","","","","","","","","","","","","","","","","","","","","36.046151824652824","","","","","","","","","","","","","","","","","","",""
"1768.481282135","2026-08-15 09:54:29.900370","/home/akatoki/SC-30/scripts/SC-30/2_phase/EM.py","log_msg","93","","","","","","","","","","","","","","","","","","","","","","","","","","-0.52971490494998","","","","","","","","","","","","","","","","","","","",""
"1768.484580411","2026-08-15 09:54:29.903675","/home/akatoki/SC-30/scripts/SC-30/2_phase/EM.py","log_msg","93","","","","ゴールまでの距離: 36.05 m / 角度差: -30.4度","","","","","","","","","","","","","","","","","","","","","","","","","","","","","","","","","","","","","","","","","",""
"1768.48791025","2026-08-15 09:54:29.907007","/home/akatoki/SC-30/scripts/SC-30/2_phase/EM.py","log_msg","93","","","","ゴール方向へ旋回","","","","","","","","","","","","","","","","","","","","","","","","","","","","","","","","","","","","","","","","","",""
"1768.491378417","2026-08-15 09:54:29.910472","/home/akatoki/SC-30/scripts/SC-30/2_phase/EM.py","log_msg","93","","","","旋回します (角度差: -30.4度, 0.30秒駆動)","","","","","","","","","","","","","","","","","","","","","","","","","","","","","","","","","","","","","","","","","",""
"1768.498030281","2026-08-15 09:54:29.917118","/home/akatoki/SC-30/scripts/SC-30/2_phase/motordrive.py","move","150","","","","move: direction=e, power=1.0, duration=0.3","","","","","","","","","","","","","","","","","","","","","","","","","","","","","","","","","","","","","","","","","",""
"1768.503676918","2026-08-15 09:54:29.922774","/home/akatoki/SC-30/scripts/SC-30/2_phase/motordrive.py","set_values","186","","","","","","","","","","","","","","","","","","","","","","0.0","-0.0","","","","","","","","","","","","","","","","","","","","","","",""
"1768.535047968","2026-08-15 09:54:29.954137","/home/akatoki/SC-30/scripts/SC-30/2_phase/motordrive.py","set_values","186","","","","","","","","","","","","","","","","","","","","","","0.1","-0.1","","","","","","","","","","","","","","","","","","","","","","",""
"1768.56717493","2026-08-15 09:54:29.986263","/home/akatoki/SC-30/scripts/SC-30/2_phase/motordrive.py","set_values","186","","","","","","","","","","","","","","","","","","","","","","0.2","-0.2","","","","","","","","","","","","","","","","","","","","","","",""
"1768.599075441","2026-08-15 09:54:30.018162","/home/akatoki/SC-30/scripts/SC-30/2_phase/motordrive.py","set_values","186","","","","","","","","","","","","","","","","","","","","","","0.30000000000000004","-0.30000000000000004","","","","","","","","","","","","","","","","","","","","","","",""
"1768.632226326","2026-08-15 09:54:30.051313","/home/akatoki/SC-30/scripts/SC-30/2_phase/motordrive.py","set_values","186","","","","","","","","","","","","","","","","","","","","","","0.4","-0.4","","","","","","","","","","","","","","","","","","","","","","",""
"1768.663947987","2026-08-15 09:54:30.083035","/home/akatoki/SC-30/scripts/SC-30/2_phase/motordrive.py","set_values","186","","","","","","","","","","","","","","","","","","","","","","0.5","-0.5","","","","","","","","","","","","","","","","","","","","","","",""
"1768.701352273","2026-08-15 09:54:30.120442","/home/akatoki/SC-30/scripts/SC-30/2_phase/motordrive.py","set_values","186","","","","","","","","","","","","","","","","","","","","","","0.6000000000000001","-0.6000000000000001","","","","","","","","","","","","","","","","","","","","","","",""
"1768.733992341","2026-08-15 09:54:30.153080","/home/akatoki/SC-30/scripts/SC-30/2_phase/motordrive.py","set_values","186","","","","","","","","","","","","","","","","","","","","","","0.7000000000000001","-0.7000000000000001","","","","","","","","","","","","","","","","","","","","","","",""
"1768.766602307","2026-08-15 09:54:30.185690","/home/akatoki/SC-30/scripts/SC-30/2_phase/motordrive.py","set_values","186","","","","","","","","","","","","","","","","","","","","","","0.8","-0.8","","","","","","","","","","","","","","","","","","","","","","",""
"1768.798719423","2026-08-15 09:54:30.217807","/home/akatoki/SC-30/scripts/SC-30/2_phase/motordrive.py","set_values","186","","","","","","","","","","","","","","","","","","","","","","0.9","-0.9","","","","","","","","","","","","","","","","","","","","","","",""
"1768.830747793","2026-08-15 09:54:30.249841","/home/akatoki/SC-30/scripts/SC-30/2_phase/motordrive.py","set_values","186","","","","","","","","","","","","","","","","","","","","","","1.0","-1.0","","","","","","","","","","","","","","","","","","","","","","",""
"1768.862352427","2026-08-15 09:54:30.281446","/home/akatoki/SC-30/scripts/SC-30/2_phase/motordrive.py","set_values","186","","","","","","","","","","","","","","","","","","","","","","1.0","-1.0","","","","","","","","","","","","","","","","","","","","","","",""
"1768.894063047","2026-08-15 09:54:30.313160","/home/akatoki/SC-30/scripts/SC-30/2_phase/motordrive.py","stop","120","","","","stop: power_r=-1.0, power_l=1.0","","","","","","","","","","","","","","","","","","","","","","","","","","","","","","","","","","","","","","","","","",""
"1769.483498746","2026-08-15 09:54:30.902596","/home/akatoki/SC-30/scripts/SC-30/2_phase/motordrive.py","stop","134","","","","","","","","","","","","","","","","","","","","","","0.0","0.0","","","","","","","","","","","","","","","","","","","","","","",""
"1769.588153989","2026-08-15 09:54:31.007258","/home/akatoki/SC-30/scripts/SC-30/2_phase/EM.py","log_msg","93","","","","5秒前進","","","","","","","","","","","","","","","","","","","","","","","","","","","","","","","","","","","","","","","","","",""
"1769.593366317","2026-08-15 09:54:31.012463","/home/akatoki/SC-30/scripts/SC-30/2_phase/motordrive.py","move","150","","","","move: direction=w, power=1.0, duration=15","","","","","","","","","","","","","","","","","","","","","","","","","","","","","","","","","","","","","","","","","",""
"1769.599346379","2026-08-15 09:54:31.018444","/home/akatoki/SC-30/scripts/SC-30/2_phase/motordrive.py","set_values","186","","","","","","","","","","","","","","","","","","","","","","0.0","0.0","","","","","","","","","","","","","","","","","","","","","","",""
"1769.630780756","2026-08-15 09:54:31.049869","/home/akatoki/SC-30/scripts/SC-30/2_phase/motordrive.py","set_values","186","","","","","","","","","","","","","","","","","","","","","","0.06999999999999999","0.1","","","","","","","","","","","","","","","","","","","","","","",""
"1769.663107812","2026-08-15 09:54:31.082197","/home/akatoki/SC-30/scripts/SC-30/2_phase/motordrive.py","set_values","186","","","","","","","","","","","","","","","","","","","","","","0.13999999999999999","0.2","","","","","","","","","","","","","","","","","","","","","","",""
"1769.696708732","2026-08-15 09:54:31.115796","/home/akatoki/SC-30/scripts/SC-30/2_phase/motordrive.py","set_values","186","","","","","","","","","","","","","","","","","","","","","","0.21000000000000002","0.30000000000000004","","","","","","","","","","","","","","","","","","","","","","",""
"1769.733838025","2026-08-15 09:54:31.152925","/home/akatoki/SC-30/scripts/SC-30/2_phase/motordrive.py","set_values","186","","","","","","","","","","","","","","","","","","","","","","0.27999999999999997","0.4","","","","","","","","","","","","","","","","","","","","","","",""
"1769.76575525","2026-08-15 09:54:31.184842","/home/akatoki/SC-30/scripts/SC-30/2_phase/motordrive.py","set_values","186","","","","","","","","","","","","","","","","","","","","","","0.35","0.5","","","","","","","","","","","","","","","","","","","","","","",""
"1769.797846949","2026-08-15 09:54:31.216935","/home/akatoki/SC-30/scripts/SC-30/2_phase/motordrive.py","set_values","186","","","","","","","","","","","","","","","","","","","","","","0.42000000000000004","0.6000000000000001","","","","","","","","","","","","","","","","","","","","","","",""
"1769.829861828","2026-08-15 09:54:31.248950","/home/akatoki/SC-30/scripts/SC-30/2_phase/motordrive.py","set_values","186","","","","","","","","","","","","","","","","","","","","","","0.49","0.7000000000000001","","","","","","","","","","","","","","","","","","","","","","",""
"1769.861708378","2026-08-15 09:54:31.280795","/home/akatoki/SC-30/scripts/SC-30/2_phase/motordrive.py","set_values","186","","","","","","","","","","","","","","","","","","","","","","0.5599999999999999","0.8","","","","","","","","","","","","","","","","","","","","","","",""
"1769.893787942","2026-08-15 09:54:31.312875","/home/akatoki/SC-30/scripts/SC-30/2_phase/motordrive.py","set_values","186","","","","","","","","","","","","","","","","","","","","","","0.63","0.9","","","","","","","","","","","","","","","","","","","","","","",""
"1769.925653607","2026-08-15 09:54:31.344741","/home/akatoki/SC-30/scripts/SC-30/2_phase/motordrive.py","set_values","186","","","","","","","","","","","","","","","","","","","","","","0.7","1.0","","","","","","","","","","","","","","","","","","","","","","",""
"1769.962428068","2026-08-15 09:54:31.381515","/home/akatoki/SC-30/scripts/SC-30/2_phase/motordrive.py","set_values","186","","","","","","","","","","","","","","","","","","","","","","0.7","1.0","","","","","","","","","","","","","","","","","","","","","","",""
"1784.694079564","2026-08-15 09:54:46.113171","/home/akatoki/SC-30/scripts/SC-30/2_phase/motordrive.py","stop","120","","","","stop: power_r=1.0, power_l=0.7","","","","","","","","","","","","","","","","","","","","","","","","","","","","","","","","","","","","","","","","","",""
"1785.280846041","2026-08-15 09:54:46.699943","/home/akatoki/SC-30/scripts/SC-30/2_phase/motordrive.py","stop","134","","","","","","","","","","","","","","","","","","","","","","0.0","0.0","","","","","","","","","","","","","","","","","","","","","","",""
"1785.399264978","2026-08-15 09:54:46.818369","/home/akatoki/SC-30/scripts/SC-30/2_phase/EM.py","log_msg","93","","","","forward_with_stack_check stacked=True","","","","","","","","","","","","","","","","","","","","","","","","","","","","","","","","","","","","","","","","","",""
"1785.403816489","2026-08-15 09:54:46.822918","/home/akatoki/SC-30/scripts/SC-30/2_phase/EM.py","log_msg","93","","","スタック検知","","","","","","","","","","","","","","","","","","","","","","","","","","","","","","","","","","","","","","","","","","",""
"1785.40730236","2026-08-15 09:54:46.826400","/home/akatoki/SC-30/scripts/SC-30/2_phase/EM.py","log_msg","93","","","","スタック復帰開始","","","","","","","","","","","","","","","","","","","","","","","","","","","","","","","","","","","","","","","","","",""
"1785.410655163","2026-08-15 09:54:46.829754","/home/akatoki/SC-30/scripts/SC-30/2_phase/EM.py","log_msg","93","","","","3秒後退","","","","","","","","","","","","","","","","","","","","","","","","","","","","","","","","","","","","","","","","","",""
"1785.419353721","2026-08-15 09:54:46.838450","/home/akatoki/SC-30/scripts/SC-30/2_phase/motordrive.py","move","150","","","","move: direction=s, power=1.0, duration=3.0","","","","","","","","","","","","","","","","","","","","","","","","","","","","","","","","","","","","","","","","","",""
"1785.425152221","2026-08-15 09:54:46.844250","/home/akatoki/SC-30/scripts/SC-30/2_phase/motordrive.py","set_values","186","","","","","","","","","","","","","","","","","","","","","","-0.0","-0.0","","","","","","","","","","","","","","","","","","","","","","",""
"1785.456554693","2026-08-15 09:54:46.875643","/home/akatoki/SC-30/scripts/SC-30/2_phase/motordrive.py","set_values","186","","","","","","","","","","","","","","","","","","","","","","-0.1","-0.1","","","","","","","","","","","","","","","","","","","","","","",""
"1785.488850365","2026-08-15 09:54:46.907940","/home/akatoki/SC-30/scripts/SC-30/2_phase/motordrive.py","set_values","186","","","","","","","","","","","","","","","","","","","","","","-0.2","-0.2","","","","","","","","","","","","","","","","","","","","","","",""
"1785.521059112","2026-08-15 09:54:46.940148","/home/akatoki/SC-30/scripts/SC-30/2_phase/motordrive.py","set_values","186","","","","","","","","","","","","","","","","","","","","","","-0.30000000000000004","-0.30000000000000004","","","","","","","","","","","","","","","","","","","","","","",""
"1785.55269418","2026-08-15 09:54:46.971782","/home/akatoki/SC-30/scripts/SC-30/2_phase/motordrive.py","set_values","186","","","","","","","","","","","","","","","","","","","","","","-0.4","-0.4","","","","","","","","","","","","","","","","","","","","","","",""
"1785.588956851","2026-08-15 09:54:47.008044","/home/akatoki/SC-30/scripts/SC-30/2_phase/motordrive.py","set_values","186","","","","","","","","","","","","","","","","","","","","","","-0.5","-0.5","","","","","","","","","","","","","","","","","","","","","","",""
"1785.62046135","2026-08-15 09:54:47.039548","/home/akatoki/SC-30/scripts/SC-30/2_phase/motordrive.py","set_values","186","","","","","","","","","","","","","","","","","","","","","","-0.6000000000000001","-0.6000000000000001","","","","","","","","","","","","","","","","","","","","","","",""
"1785.65256989","2026-08-15 09:54:47.071660","/home/akatoki/SC-30/scripts/SC-30/2_phase/motordrive.py","set_values","186","","","","","","","","","","","","","","","","","","","","","","-0.7000000000000001","-0.7000000000000001","","","","","","","","","","","","","","","","","","","","","","",""
"1785.684763375","2026-08-15 09:54:47.103853","/home/akatoki/SC-30/scripts/SC-30/2_phase/motordrive.py","set_values","186","","","","","","","","","","","","","","","","","","","","","","-0.8","-0.8","","","","","","","","","","","","","","","","","","","","","","",""
"1785.716910142","2026-08-15 09:54:47.136000","/home/akatoki/SC-30/scripts/SC-30/2_phase/motordrive.py","set_values","186","","","","","","","","","","","","","","","","","","","","","","-0.9","-0.9","","","","","","","","","","","","","","","","","","","","","","",""
"1785.749062014","2026-08-15 09:54:47.168158","/home/akatoki/SC-30/scripts/SC-30/2_phase/motordrive.py","set_values","186","","","","","","","","","","","","","","","","","","","","","","-1.0","-1.0","","","","","","","","","","","","","","","","","","","","","","",""
"1785.780873481","2026-08-15 09:54:47.199969","/home/akatoki/SC-30/scripts/SC-30/2_phase/motordrive.py","set_values","186","","","","","","","","","","","","","","","","","","","","","","-1.0","-1.0","","","","","","","","","","","","","","","","","","","","","","",""
"1788.512481153","2026-08-15 09:54:49.931579","/home/akatoki/SC-30/scripts/SC-30/2_phase/motordrive.py","stop","120","","","","stop: power_r=-1.0, power_l=-1.0","","","","","","","","","","","","","","","","","","","","","","","","","","","","","","","","","","","","","","","","","",""
"1789.095293821","2026-08-15 09:54:50.514392","/home/akatoki/SC-30/scripts/SC-30/2_phase/motordrive.py","stop","134","","","","","","","","","","","","","","","","","","","","","","0.0","0.0","","","","","","","","","","","","","","","","","","","","","","",""
"1789.199960231","2026-08-15 09:54:50.619064","/home/akatoki/SC-30/scripts/SC-30/2_phase/EM.py","log_msg","93","","","","60°右旋回","","","","","","","","","","","","","","","","","","","","","","","","","","","","","","","","","","","","","","","","","",""
"1789.204528668","2026-08-15 09:54:50.623625","/home/akatoki/SC-30/scripts/SC-30/2_phase/EM.py","log_msg","93","","","","旋回します (角度差: -60.0度, 0.30秒駆動)","","","","","","","","","","","","","","","","","","","","","","","","","","","","","","","","","","","","","","","","","",""
"1789.208156721","2026-08-15 09:54:50.627248","/home/akatoki/SC-30/scripts/SC-30/2_phase/motordrive.py","move","150","","","","move: direction=e, power=1.0, duration=0.3","","","","","","","","","","","","","","","","","","","","","","","","","","","","","","","","","","","","","","","","","",""
"1789.218151638","2026-08-15 09:54:50.637249","/home/akatoki/SC-30/scripts/SC-30/2_phase/motordrive.py","set_values","186","","","","","","","","","","","","","","","","","","","","","","0.0","-0.0","","","","","","","","","","","","","","","","","","","","","","",""
"1789.249164064","2026-08-15 09:54:50.668254","/home/akatoki/SC-30/scripts/SC-30/2_phase/motordrive.py","set_values","186","","","","","","","","","","","","","","","","","","","","","","0.1","-0.1","","","","","","","","","","","","","","","","","","","","","","",""
"1789.281245151","2026-08-15 09:54:50.700334","/home/akatoki/SC-30/scripts/SC-30/2_phase/motordrive.py","set_values","186","","","","","","","","","","","","","","","","","","","","","","0.2","-0.2","","","","","","","","","","","","","","","","","","","","","","",""
"1789.313243376","2026-08-15 09:54:50.732332","/home/akatoki/SC-30/scripts/SC-30/2_phase/motordrive.py","set_values","186","","","","","","","","","","","","","","","","","","","","","","0.30000000000000004","-0.30000000000000004","","","","","","","","","","","","","","","","","","","","","","",""
"1789.34532988","2026-08-15 09:54:50.764419","/home/akatoki/SC-30/scripts/SC-30/2_phase/motordrive.py","set_values","186","","","","","","","","","","","","","","","","","","","","","","0.4","-0.4","","","","","","","","","","","","","","","","","","","","","","",""
"1789.377299252","2026-08-15 09:54:50.796388","/home/akatoki/SC-30/scripts/SC-30/2_phase/motordrive.py","set_values","186","","","","","","","","","","","","","","","","","","","","","","0.5","-0.5","","","","","","","","","","","","","","","","","","","","","","",""
"1789.409413931","2026-08-15 09:54:50.828503","/home/akatoki/SC-30/scripts/SC-30/2_phase/motordrive.py","set_values","186","","","","","","","","","","","","","","","","","","","","","","0.6000000000000001","-0.6000000000000001","","","","","","","","","","","","","","","","","","","","","","",""
"1789.4414908","2026-08-15 09:54:50.860580","/home/akatoki/SC-30/scripts/SC-30/2_phase/motordrive.py","set_values","186","","","","","","","","","","","","","","","","","","","","","","0.7000000000000001","-0.7000000000000001","","","","","","","","","","","","","","","","","","","","","","",""
"1789.4783624","2026-08-15 09:54:50.897450","/home/akatoki/SC-30/scripts/SC-30/2_phase/motordrive.py","set_values","186","","","","","","","","","","","","","","","","","","","","","","0.8","-0.8","","","","","","","","","","","","","","","","","","","","","","",""
"1789.510313491","2026-08-15 09:54:50.929402","/home/akatoki/SC-30/scripts/SC-30/2_phase/motordrive.py","set_values","186","","","","","","","","","","","","","","","","","","","","","","0.9","-0.9","","","","","","","","","","","","","","","","","","","","","","",""
"1789.542259843","2026-08-15 09:54:50.961355","/home/akatoki/SC-30/scripts/SC-30/2_phase/motordrive.py","set_values","186","","","","","","","","","","","","","","","","","","","","","","1.0","-1.0","","","","","","","","","","","","","","","","","","","","","","",""
"1789.575321626","2026-08-15 09:54:50.994418","/home/akatoki/SC-30/scripts/SC-30/2_phase/motordrive.py","set_values","186","","","","","","","","","","","","","","","","","","","","","","1.0","-1.0","","","","","","","","","","","","","","","","","","","","","","",""
"1789.606813773","2026-08-15 09:54:51.025911","/home/akatoki/SC-30/scripts/SC-30/2_phase/motordrive.py","stop","120","","","","stop: power_r=-1.0, power_l=1.0","","","","","","","","","","","","","","","","","","","","","","","","","","","","","","","","","","","","","","","","","",""
"1790.188740754","2026-08-15 09:54:51.607839","/home/akatoki/SC-30/scripts/SC-30/2_phase/motordrive.py","stop","134","","","","","","","","","","","","","","","","","","","","","","0.0","0.0","","","","","","","","","","","","","","","","","","","","","","",""
"1790.80783259","2026-08-15 09:54:52.226917","/home/akatoki/SC-30/scripts/SC-30/2_phase/EM.py","log_msg","93","","","","","","","","40.14274","","","","","","","","","","","","","","","","","","","","","","","","","","","","","","","","","","","","","",""
"1790.81224624","2026-08-15 09:54:52.231334","/home/akatoki/SC-30/scripts/SC-30/2_phase/EM.py","log_msg","93","","","","","","","","","139.98733633333333","","","","","","","","","","","","","","","","","","","","","","","","","","","","","","","","","","","","",""
"1790.815550814","2026-08-15 09:54:52.234647","/home/akatoki/SC-30/scripts/SC-30/2_phase/EM.py","log_msg","93","","","","2秒前進","","","","","","","","","","","","","","","","","","","","","","","","","","","","","","","","","","","","","","","","","",""
"1790.818909501","2026-08-15 09:54:52.238002","/home/akatoki/SC-30/scripts/SC-30/2_phase/motordrive.py","move","150","","","","move: direction=w, power=1.0, duration=2.0","","","","","","","","","","","","","","","","","","","","","","","","","","","","","","","","","","","","","","","","","",""
"1790.824348793","2026-08-15 09:54:52.243446","/home/akatoki/SC-30/scripts/SC-30/2_phase/motordrive.py","set_values","186","","","","","","","","","","","","","","","","","","","","","","0.0","0.0","","","","","","","","","","","","","","","","","","","","","","",""
"1790.854781911","2026-08-15 09:54:52.273867","/home/akatoki/SC-30/scripts/SC-30/2_phase/motordrive.py","set_values","186","","","","","","","","","","","","","","","","","","","","","","0.06999999999999999","0.1","","","","","","","","","","","","","","","","","","","","","","",""
"1790.886089375","2026-08-15 09:54:52.305175","/home/akatoki/SC-30/scripts/SC-30/2_phase/motordrive.py","set_values","186","","","","","","","","","","","","","","","","","","","","","","0.13999999999999999","0.2","","","","","","","","","","","","","","","","","","","","","","",""
"1790.917468712","2026-08-15 09:54:52.336555","/home/akatoki/SC-30/scripts/SC-30/2_phase/motordrive.py","set_values","186","","","","","","","","","","","","","","","","","","","","","","0.21000000000000002","0.30000000000000004","","","","","","","","","","","","","","","","","","","","","","",""
"1790.954205624","2026-08-15 09:54:52.373293","/home/akatoki/SC-30/scripts/SC-30/2_phase/motordrive.py","set_values","186","","","","","","","","","","","","","","","","","","","","","","0.27999999999999997","0.4","","","","","","","","","","","","","","","","","","","","","","",""
"1790.986274832","2026-08-15 09:54:52.405363","/home/akatoki/SC-30/scripts/SC-30/2_phase/motordrive.py","set_values","186","","","","","","","","","","","","","","","","","","","","","","0.35","0.5","","","","","","","","","","","","","","","","","","","","","","",""
"1791.018269096","2026-08-15 09:54:52.437357","/home/akatoki/SC-30/scripts/SC-30/2_phase/motordrive.py","set_values","186","","","","","","","","","","","","","","","","","","","","","","0.42000000000000004","0.6000000000000001","","","","","","","","","","","","","","","","","","","","","","",""
"1791.050317263","2026-08-15 09:54:52.469405","/home/akatoki/SC-30/scripts/SC-30/2_phase/motordrive.py","set_values","186","","","","","","","","","","","","","","","","","","","","","","0.49","0.7000000000000001","","","","","","","","","","","","","","","","","","","","","","",""
"1791.083710384","2026-08-15 09:54:52.502798","/home/akatoki/SC-30/scripts/SC-30/2_phase/motordrive.py","set_values","186","","","","","","","","","","","","","","","","","","","","","","0.5599999999999999","0.8","","","","","","","","","","","","","","","","","","","","","","",""
"1791.115900734","2026-08-15 09:54:52.534989","/home/akatoki/SC-30/scripts/SC-30/2_phase/motordrive.py","set_values","186","","","","","","","","","","","","","","","","","","","","","","0.63","0.9","","","","","","","","","","","","","","","","","","","","","","",""
"1791.15272129","2026-08-15 09:54:52.571810","/home/akatoki/SC-30/scripts/SC-30/2_phase/motordrive.py","set_values","186","","","","","","","","","","","","","","","","","","","","","","0.7","1.0","","","","","","","","","","","","","","","","","","","","","","",""
"1791.194881349","2026-08-15 09:54:52.613971","/home/akatoki/SC-30/scripts/SC-30/2_phase/motordrive.py","set_values","186","","","","","","","","","","","","","","","","","","","","","","0.7","1.0","","","","","","","","","","","","","","","","","","","","","","",""
"1792.927916061","2026-08-15 09:54:54.347008","/home/akatoki/SC-30/scripts/SC-30/2_phase/motordrive.py","stop","120","","","","stop: power_r=1.0, power_l=0.7","","","","","","","","","","","","","","","","","","","","","","","","","","","","","","","","","","","","","","","","","",""
"1793.508391422","2026-08-15 09:54:54.927488","/home/akatoki/SC-30/scripts/SC-30/2_phase/motordrive.py","stop","134","","","","","","","","","","","","","","","","","","","","","","0.0","0.0","","","","","","","","","","","","","","","","","","","","","","",""
"1794.11321268","2026-08-15 09:54:55.532319","/home/akatoki/SC-30/scripts/SC-30/2_phase/EM.py","log_msg","93","","","","スタック復帰終了","","","","","","","","","","","","","","","","","","","","","","","","","","","","","","","","","","","","","","","","","",""
"1794.624970538","2026-08-15 09:54:56.044074","/home/akatoki/SC-30/scripts/SC-30/2_phase/EM.py","log_msg","93","","","GPS取得失敗 1/30","","","","","","","","","","","","","","","","","","","","","","","","","","","","","","","","","","","","","","","","","","",""
"1796.478166595","2026-08-15 09:54:57.897254","/home/akatoki/SC-30/scripts/SC-30/2_phase/EM.py","log_msg","93","","","","","","","","40.14274","","","","","","","","","","","","","","","","","","","","","","","","","","","","","","","","","","","","","",""
"1796.482678","2026-08-15 09:54:57.901765","/home/akatoki/SC-30/scripts/SC-30/2_phase/EM.py","log_msg","93","","","","","","","","","139.987342","","","","","","","","","","","","","","","","","","","","","","","","","","","","","","","","","","","","",""
"1796.491013284","2026-08-15 09:54:57.910101","/home/akatoki/SC-30/scripts/SC-30/2_phase/EM.py","log_msg","93","","","","","","","","","","","","","","","","","","","","","","","","","","","34.12502951111811","","","","","","","","","","","","","","","","","","",""
"1796.494705708","2026-08-15 09:54:57.913795","/home/akatoki/SC-30/scripts/SC-30/2_phase/EM.py","log_msg","93","","","","","","","","","","","","","","","","","","","","","","","","","","-0.3724363314998069","","","","","","","","","","","","","","","","","","","",""
"1796.498054758","2026-08-15 09:54:57.917149","/home/akatoki/SC-30/scripts/SC-30/2_phase/EM.py","log_msg","93","","","","ゴールまでの距離: 34.13 m / 角度差: -21.3度","","","","","","","","","","","","","","","","","","","","","","","","","","","","","","","","","","","","","","","","","",""
"1796.501417662","2026-08-15 09:54:57.920516","/home/akatoki/SC-30/scripts/SC-30/2_phase/EM.py","log_msg","93","","","","ゴール方向へ旋回","","","","","","","","","","","","","","","","","","","","","","","","","","","","","","","","","","","","","","","","","",""
"1796.504822283","2026-08-15 09:54:57.923910","/home/akatoki/SC-30/scripts/SC-30/2_phase/EM.py","log_msg","93","","","","方向差22.5°以内のため旋回不要","","","","","","","","","","","","","","","","","","","","","","","","","","","","","","","","","","","","","","","","","",""
"1796.509584253","2026-08-15 09:54:57.928684","/home/akatoki/SC-30/scripts/SC-30/2_phase/EM.py","log_msg","93","","","","5秒前進","","","","","","","","","","","","","","","","","","","","","","","","","","","","","","","","","","","","","","","","","",""
"1796.516925561","2026-08-15 09:54:57.936022","/home/akatoki/SC-30/scripts/SC-30/2_phase/motordrive.py","move","150","","","","move: direction=w, power=1.0, duration=15","","","","","","","","","","","","","","","","","","","","","","","","","","","","","","","","","","","","","","","","","",""
"1796.522671455","2026-08-15 09:54:57.941768","/home/akatoki/SC-30/scripts/SC-30/2_phase/motordrive.py","set_values","186","","","","","","","","","","","","","","","","","","","","","","0.0","0.0","","","","","","","","","","","","","","","","","","","","","","",""
"1796.553871569","2026-08-15 09:54:57.972960","/home/akatoki/SC-30/scripts/SC-30/2_phase/motordrive.py","set_values","186","","","","","","","","","","","","","","","","","","","","","","0.06999999999999999","0.1","","","","","","","","","","","","","","","","","","","","","","",""
"1796.585742337","2026-08-15 09:54:58.004830","/home/akatoki/SC-30/scripts/SC-30/2_phase/motordrive.py","set_values","186","","","","","","","","","","","","","","","","","","","","","","0.13999999999999999","0.2","","","","","","","","","","","","","","","","","","","","","","",""
"1796.617806378","2026-08-15 09:54:58.036895","/home/akatoki/SC-30/scripts/SC-30/2_phase/motordrive.py","set_values","186","","","","","","","","","","","","","","","","","","","","","","0.21000000000000002","0.30000000000000004","","","","","","","","","","","","","","","","","","","","","","",""
"1796.649900678","2026-08-15 09:54:58.068988","/home/akatoki/SC-30/scripts/SC-30/2_phase/motordrive.py","set_values","186","","","","","","","","","","","","","","","","","","","","","","0.27999999999999997","0.4","","","","","","","","","","","","","","","","","","","","","","",""
"1796.682171534","2026-08-15 09:54:58.101259","/home/akatoki/SC-30/scripts/SC-30/2_phase/motordrive.py","set_values","186","","","","","","","","","","","","","","","","","","","","","","0.35","0.5","","","","","","","","","","","","","","","","","","","","","","",""
"1796.71443062","2026-08-15 09:54:58.133519","/home/akatoki/SC-30/scripts/SC-30/2_phase/motordrive.py","set_values","186","","","","","","","","","","","","","","","","","","","","","","0.42000000000000004","0.6000000000000001","","","","","","","","","","","","","","","","","","","","","","",""
"1796.751173352","2026-08-15 09:54:58.170259","/home/akatoki/SC-30/scripts/SC-30/2_phase/motordrive.py","set_values","186","","","","","","","","","","","","","","","","","","","","","","0.49","0.7000000000000001","","","","","","","","","","","","","","","","","","","","","","",""
"1796.782779492","2026-08-15 09:54:58.201866","/home/akatoki/SC-30/scripts/SC-30/2_phase/motordrive.py","set_values","186","","","","","","","","","","","","","","","","","","","","","","0.5599999999999999","0.8","","","","","","","","","","","","","","","","","","","","","","",""
"1796.814393809","2026-08-15 09:54:58.233480","/home/akatoki/SC-30/scripts/SC-30/2_phase/motordrive.py","set_values","186","","","","","","","","","","","","","","","","","","","","","","0.63","0.9","","","","","","","","","","","","","","","","","","","","","","",""
"1796.846346864","2026-08-15 09:54:58.265435","/home/akatoki/SC-30/scripts/SC-30/2_phase/motordrive.py","set_values","186","","","","","","","","","","","","","","","","","","","","","","0.7","1.0","","","","","","","","","","","","","","","","","","","","","","",""
"1796.878029147","2026-08-15 09:54:58.297118","/home/akatoki/SC-30/scripts/SC-30/2_phase/motordrive.py","set_values","186","","","","","","","","","","","","","","","","","","","","","","0.7","1.0","","","","","","","","","","","","","","","","","","","","","","",""
"1811.611026972","2026-08-15 09:55:13.030117","/home/akatoki/SC-30/scripts/SC-30/2_phase/motordrive.py","stop","120","","","","stop: power_r=1.0, power_l=0.7","","","","","","","","","","","","","","","","","","","","","","","","","","","","","","","","","","","","","","","","","",""
"1812.198926678","2026-08-15 09:55:13.618025","/home/akatoki/SC-30/scripts/SC-30/2_phase/motordrive.py","stop","134","","","","","","","","","","","","","","","","","","","","","","0.0","0.0","","","","","","","","","","","","","","","","","","","","","","",""
"1812.314248815","2026-08-15 09:55:13.733353","/home/akatoki/SC-30/scripts/SC-30/2_phase/EM.py","log_msg","93","","","","forward_with_stack_check stacked=True","","","","","","","","","","","","","","","","","","","","","","","","","","","","","","","","","","","","","","","","","",""
"1812.31884214","2026-08-15 09:55:13.737942","/home/akatoki/SC-30/scripts/SC-30/2_phase/EM.py","log_msg","93","","","スタック検知","","","","","","","","","","","","","","","","","","","","","","","","","","","","","","","","","","","","","","","","","","",""
"1812.322283632","2026-08-15 09:55:13.741382","/home/akatoki/SC-30/scripts/SC-30/2_phase/EM.py","log_msg","93","","","","スタック復帰開始","","","","","","","","","","","","","","","","","","","","","","","","","","","","","","","","","","","","","","","","","",""
"1812.325641481","2026-08-15 09:55:13.744740","/home/akatoki/SC-30/scripts/SC-30/2_phase/EM.py","log_msg","93","","","","3秒後退","","","","","","","","","","","","","","","","","","","","","","","","","","","","","","","","","","","","","","","","","",""
"1812.329035214","2026-08-15 09:55:13.748130","/home/akatoki/SC-30/scripts/SC-30/2_phase/motordrive.py","move","150","","","","move: direction=s, power=1.0, duration=3.0","","","","","","","","","","","","","","","","","","","","","","","","","","","","","","","","","","","","","","","","","",""
"1812.334655274","2026-08-15 09:55:13.753753","/home/akatoki/SC-30/scripts/SC-30/2_phase/motordrive.py","set_values","186","","","","","","","","","","","","","","","","","","","","","","-0.0","-0.0","","","","","","","","","","","","","","","","","","","","","","",""
"1812.365754009","2026-08-15 09:55:13.784842","/home/akatoki/SC-30/scripts/SC-30/2_phase/motordrive.py","set_values","186","","","","","","","","","","","","","","","","","","","","","","-0.1","-0.1","","","","","","","","","","","","","","","","","","","","","","",""
"1812.402866539","2026-08-15 09:55:13.821955","/home/akatoki/SC-30/scripts/SC-30/2_phase/motordrive.py","set_values","186","","","","","","","","","","","","","","","","","","","","","","-0.2","-0.2","","","","","","","","","","","","","","","","","","","","","","",""
"1812.43481842","2026-08-15 09:55:13.853907","/home/akatoki/SC-30/scripts/SC-30/2_phase/motordrive.py","set_values","186","","","","","","","","","","","","","","","","","","","","","","-0.30000000000000004","-0.30000000000000004","","","","","","","","","","","","","","","","","","","","","","",""
"1812.466812643","2026-08-15 09:55:13.885902","/home/akatoki/SC-30/scripts/SC-30/2_phase/motordrive.py","set_values","186","","","","","","","","","","","","","","","","","","","","","","-0.4","-0.4","","","","","","","","","","","","","","","","","","","","","","",""
"1812.498765306","2026-08-15 09:55:13.917854","/home/akatoki/SC-30/scripts/SC-30/2_phase/motordrive.py","set_values","186","","","","","","","","","","","","","","","","","","","","","","-0.5","-0.5","","","","","","","","","","","","","","","","","","","","","","",""
"1812.530766404","2026-08-15 09:55:13.949856","/home/akatoki/SC-30/scripts/SC-30/2_phase/motordrive.py","set_values","186","","","","","","","","","","","","","","","","","","","","","","-0.6000000000000001","-0.6000000000000001","","","","","","","","","","","","","","","","","","","","","","",""
"1812.562695161","2026-08-15 09:55:13.981784","/home/akatoki/SC-30/scripts/SC-30/2_phase/motordrive.py","set_values","186","","","","","","","","","","","","","","","","","","","","","","-0.7000000000000001","-0.7000000000000001","","","","","","","","","","","","","","","","","","","","","","",""
"1812.600823539","2026-08-15 09:55:14.019913","/home/akatoki/SC-30/scripts/SC-30/2_phase/motordrive.py","set_values","186","","","","","","","","","","","","","","","","","","","","","","-0.8","-0.8","","","","","","","","","","","","","","","","","","","","","","",""
"1812.632798126","2026-08-15 09:55:14.051887","/home/akatoki/SC-30/scripts/SC-30/2_phase/motordrive.py","set_values","186","","","","","","","","","","","","","","","","","","","","","","-0.9","-0.9","","","","","","","","","","","","","","","","","","","","","","",""
"1812.664795056","2026-08-15 09:55:14.083890","/home/akatoki/SC-30/scripts/SC-30/2_phase/motordrive.py","set_values","186","","","","","","","","","","","","","","","","","","","","","","-1.0","-1.0","","","","","","","","","","","","","","","","","","","","","","",""
"1812.696649438","2026-08-15 09:55:14.115745","/home/akatoki/SC-30/scripts/SC-30/2_phase/motordrive.py","set_values","186","","","","","","","","","","","","","","","","","","","","","","-1.0","-1.0","","","","","","","","","","","","","","","","","","","","","","",""
"1815.428298201","2026-08-15 09:55:16.847395","/home/akatoki/SC-30/scripts/SC-30/2_phase/motordrive.py","stop","120","","","","stop: power_r=-1.0, power_l=-1.0","","","","","","","","","","","","","","","","","","","","","","","","","","","","","","","","","","","","","","","","","",""
"1816.009776504","2026-08-15 09:55:17.428872","/home/akatoki/SC-30/scripts/SC-30/2_phase/motordrive.py","stop","134","","","","","","","","","","","","","","","","","","","","","","0.0","0.0","","","","","","","","","","","","","","","","","","","","","","",""
"1816.114264211","2026-08-15 09:55:17.533370","/home/akatoki/SC-30/scripts/SC-30/2_phase/EM.py","log_msg","93","","","","60°右旋回","","","","","","","","","","","","","","","","","","","","","","","","","","","","","","","","","","","","","","","","","",""
"1816.118796444","2026-08-15 09:55:17.537892","/home/akatoki/SC-30/scripts/SC-30/2_phase/EM.py","log_msg","93","","","","旋回します (角度差: -60.0度, 0.30秒駆動)","","","","","","","","","","","","","","","","","","","","","","","","","","","","","","","","","","","","","","","","","",""
"1816.15908354","2026-08-15 09:55:17.578172","/home/akatoki/SC-30/scripts/SC-30/2_phase/motordrive.py","move","150","","","","move: direction=e, power=1.0, duration=0.3","","","","","","","","","","","","","","","","","","","","","","","","","","","","","","","","","","","","","","","","","",""
"1816.164668964","2026-08-15 09:55:17.583766","/home/akatoki/SC-30/scripts/SC-30/2_phase/motordrive.py","set_values","186","","","","","","","","","","","","","","","","","","","","","","0.0","-0.0","","","","","","","","","","","","","","","","","","","","","","",""
"1816.19573337","2026-08-15 09:55:17.614822","/home/akatoki/SC-30/scripts/SC-30/2_phase/motordrive.py","set_values","186","","","","","","","","","","","","","","","","","","","","","","0.1","-0.1","","","","","","","","","","","","","","","","","","","","","","",""
"1816.22775071","2026-08-15 09:55:17.646839","/home/akatoki/SC-30/scripts/SC-30/2_phase/motordrive.py","set_values","186","","","","","","","","","","","","","","","","","","","","","","0.2","-0.2","","","","","","","","","","","","","","","","","","","","","","",""
"1816.259793622","2026-08-15 09:55:17.678883","/home/akatoki/SC-30/scripts/SC-30/2_phase/motordrive.py","set_values","186","","","","","","","","","","","","","","","","","","","","","","0.30000000000000004","-0.30000000000000004","","","","","","","","","","","","","","","","","","","","","","",""
"1816.291845753","2026-08-15 09:55:17.710935","/home/akatoki/SC-30/scripts/SC-30/2_phase/motordrive.py","set_values","186","","","","","","","","","","","","","","","","","","","","","","0.4","-0.4","","","","","","","","","","","","","","","","","","","","","","",""
"1816.323840646","2026-08-15 09:55:17.742929","/home/akatoki/SC-30/scripts/SC-30/2_phase/motordrive.py","set_values","186","","","","","","","","","","","","","","","","","","","","","","0.5","-0.5","","","","","","","","","","","","","","","","","","","","","","",""
"1816.361715745","2026-08-15 09:55:17.780805","/home/akatoki/SC-30/scripts/SC-30/2_phase/motordrive.py","set_values","186","","","","","","","","","","","","","","","","","","","","","","0.6000000000000001","-0.6000000000000001","","","","","","","","","","","","","","","","","","","","","","",""
"1816.393738398","2026-08-15 09:55:17.812828","/home/akatoki/SC-30/scripts/SC-30/2_phase/motordrive.py","set_values","186","","","","","","","","","","","","","","","","","","","","","","0.7000000000000001","-0.7000000000000001","","","","","","","","","","","","","","","","","","","","","","",""
"1816.425775477","2026-08-15 09:55:17.844865","/home/akatoki/SC-30/scripts/SC-30/2_phase/motordrive.py","set_values","186","","","","","","","","","","","","","","","","","","","","","","0.8","-0.8","","","","","","","","","","","","","","","","","","","","","","",""
"1816.457766203","2026-08-15 09:55:17.876855","/home/akatoki/SC-30/scripts/SC-30/2_phase/motordrive.py","set_values","186","","","","","","","","","","","","","","","","","","","","","","0.9","-0.9","","","","","","","","","","","","","","","","","","","","","","",""
"1816.489810418","2026-08-15 09:55:17.908906","/home/akatoki/SC-30/scripts/SC-30/2_phase/motordrive.py","set_values","186","","","","","","","","","","","","","","","","","","","","","","1.0","-1.0","","","","","","","","","","","","","","","","","","","","","","",""
"1816.521443241","2026-08-15 09:55:17.940539","/home/akatoki/SC-30/scripts/SC-30/2_phase/motordrive.py","set_values","186","","","","","","","","","","","","","","","","","","","","","","1.0","-1.0","","","","","","","","","","","","","","","","","","","","","","",""
"1816.552989712","2026-08-15 09:55:17.972087","/home/akatoki/SC-30/scripts/SC-30/2_phase/motordrive.py","stop","120","","","","stop: power_r=-1.0, power_l=1.0","","","","","","","","","","","","","","","","","","","","","","","","","","","","","","","","","","","","","","","","","",""
"1817.139290875","2026-08-15 09:55:18.558389","/home/akatoki/SC-30/scripts/SC-30/2_phase/motordrive.py","stop","134","","","","","","","","","","","","","","","","","","","","","","0.0","0.0","","","","","","","","","","","","","","","","","","","","","","",""
"1817.753701015","2026-08-15 09:55:19.172787","/home/akatoki/SC-30/scripts/SC-30/2_phase/EM.py","log_msg","93","","","","","","","","40.142738","","","","","","","","","","","","","","","","","","","","","","","","","","","","","","","","","","","","","",""
"1817.758080701","2026-08-15 09:55:19.177169","/home/akatoki/SC-30/scripts/SC-30/2_phase/EM.py","log_msg","93","","","","","","","","","139.98734083333332","","","","","","","","","","","","","","","","","","","","","","","","","","","","","","","","","","","","",""
"1817.76140204","2026-08-15 09:55:19.180501","/home/akatoki/SC-30/scripts/SC-30/2_phase/EM.py","log_msg","93","","","","2秒前進","","","","","","","","","","","","","","","","","","","","","","","","","","","","","","","","","","","","","","","","","",""
"1817.764691661","2026-08-15 09:55:19.183786","/home/akatoki/SC-30/scripts/SC-30/2_phase/motordrive.py","move","150","","","","move: direction=w, power=1.0, duration=2.0","","","","","","","","","","","","","","","","","","","","","","","","","","","","","","","","","","","","","","","","","",""
"1817.770022042","2026-08-15 09:55:19.189118","/home/akatoki/SC-30/scripts/SC-30/2_phase/motordrive.py","set_values","186","","","","","","","","","","","","","","","","","","","","","","0.0","0.0","","","","","","","","","","","","","","","","","","","","","","",""
"1817.800863692","2026-08-15 09:55:19.219951","/home/akatoki/SC-30/scripts/SC-30/2_phase/motordrive.py","set_values","186","","","","","","","","","","","","","","","","","","","","","","0.06999999999999999","0.1","","","","","","","","","","","","","","","","","","","","","","",""
"1817.832575519","2026-08-15 09:55:19.251662","/home/akatoki/SC-30/scripts/SC-30/2_phase/motordrive.py","set_values","186","","","","","","","","","","","","","","","","","","","","","","0.13999999999999999","0.2","","","","","","","","","","","","","","","","","","","","","","",""
"1817.870782633","2026-08-15 09:55:19.289870","/home/akatoki/SC-30/scripts/SC-30/2_phase/motordrive.py","set_values","186","","","","","","","","","","","","","","","","","","","","","","0.21000000000000002","0.30000000000000004","","","","","","","","","","","","","","","","","","","","","","",""
"1817.90282726","2026-08-15 09:55:19.321915","/home/akatoki/SC-30/scripts/SC-30/2_phase/motordrive.py","set_values","186","","","","","","","","","","","","","","","","","","","","","","0.27999999999999997","0.4","","","","","","","","","","","","","","","","","","","","","","",""
"1817.934873137","2026-08-15 09:55:19.353962","/home/akatoki/SC-30/scripts/SC-30/2_phase/motordrive.py","set_values","186","","","","","","","","","","","","","","","","","","","","","","0.35","0.5","","","","","","","","","","","","","","","","","","","","","","",""
"1817.96692766","2026-08-15 09:55:19.386017","/home/akatoki/SC-30/scripts/SC-30/2_phase/motordrive.py","set_values","186","","","","","","","","","","","","","","","","","","","","","","0.42000000000000004","0.6000000000000001","","","","","","","","","","","","","","","","","","","","","","",""
"1817.998590843","2026-08-15 09:55:19.417678","/home/akatoki/SC-30/scripts/SC-30/2_phase/motordrive.py","set_values","186","","","","","","","","","","","","","","","","","","","","","","0.49","0.7000000000000001","","","","","","","","","","","","","","","","","","","","","","",""
"1818.030100073","2026-08-15 09:55:19.449186","/home/akatoki/SC-30/scripts/SC-30/2_phase/motordrive.py","set_values","186","","","","","","","","","","","","","","","","","","","","","","0.5599999999999999","0.8","","","","","","","","","","","","","","","","","","","","","","",""
"1818.066285541","2026-08-15 09:55:19.485372","/home/akatoki/SC-30/scripts/SC-30/2_phase/motordrive.py","set_values","186","","","","","","","","","","","","","","","","","","","","","","0.63","0.9","","","","","","","","","","","","","","","","","","","","","","",""
"1818.098109343","2026-08-15 09:55:19.517199","/home/akatoki/SC-30/scripts/SC-30/2_phase/motordrive.py","set_values","186","","","","","","","","","","","","","","","","","","","","","","0.7","1.0","","","","","","","","","","","","","","","","","","","","","","",""
"1818.129704403","2026-08-15 09:55:19.548793","/home/akatoki/SC-30/scripts/SC-30/2_phase/motordrive.py","set_values","186","","","","","","","","","","","","","","","","","","","","","","0.7","1.0","","","","","","","","","","","","","","","","","","","","","","",""
"1819.861349724","2026-08-15 09:55:21.280441","/home/akatoki/SC-30/scripts/SC-30/2_phase/motordrive.py","stop","120","","","","stop: power_r=1.0, power_l=0.7","","","","","","","","","","","","","","","","","","","","","","","","","","","","","","","","","","","","","","","","","",""
"1820.44231348","2026-08-15 09:55:21.861412","/home/akatoki/SC-30/scripts/SC-30/2_phase/motordrive.py","stop","134","","","","","","","","","","","","","","","","","","","","","","0.0","0.0","","","","","","","","","","","","","","","","","","","","","","",""
"1821.047121974","2026-08-15 09:55:22.466229","/home/akatoki/SC-30/scripts/SC-30/2_phase/EM.py","log_msg","93","","","","スタック復帰終了","","","","","","","","","","","","","","","","","","","","","","","","","","","","","","","","","","","","","","","","","",""
"1821.556983635","2026-08-15 09:55:22.976088","/home/akatoki/SC-30/scripts/SC-30/2_phase/EM.py","log_msg","93","","","GPS取得失敗 1/30","","","","","","","","","","","","","","","","","","","","","","","","","","","","","","","","","","","","","","","","","","",""
"1823.475953337","2026-08-15 09:55:24.895041","/home/akatoki/SC-30/scripts/SC-30/2_phase/EM.py","log_msg","93","","","","","","","","40.142739","","","","","","","","","","","","","","","","","","","","","","","","","","","","","","","","","","","","","",""
"1823.480502652","2026-08-15 09:55:24.899593","/home/akatoki/SC-30/scripts/SC-30/2_phase/EM.py","log_msg","93","","","","","","","","","139.98734216666668","","","","","","","","","","","","","","","","","","","","","","","","","","","","","","","","","","","","",""
"1823.485712671","2026-08-15 09:55:24.904801","/home/akatoki/SC-30/scripts/SC-30/2_phase/EM.py","log_msg","93","","","","","","","","","","","","","","","","","","","","","","","","","","","34.071537317970055","","","","","","","","","","","","","","","","","","",""
"1823.489616383","2026-08-15 09:55:24.908708","/home/akatoki/SC-30/scripts/SC-30/2_phase/EM.py","log_msg","93","","","","","","","","","","","","","","","","","","","","","","","","","","-1.1434506800801807","","","","","","","","","","","","","","","","","","","",""
"1823.493236408","2026-08-15 09:55:24.912335","/home/akatoki/SC-30/scripts/SC-30/2_phase/EM.py","log_msg","93","","","","ゴールまでの距離: 34.07 m / 角度差: -65.5度","","","","","","","","","","","","","","","","","","","","","","","","","","","","","","","","","","","","","","","","","",""
"1823.496889453","2026-08-15 09:55:24.915993","/home/akatoki/SC-30/scripts/SC-30/2_phase/EM.py","log_msg","93","","","","ゴール方向へ旋回","","","","","","","","","","","","","","","","","","","","","","","","","","","","","","","","","","","","","","","","","",""
"1823.503824357","2026-08-15 09:55:24.922919","/home/akatoki/SC-30/scripts/SC-30/2_phase/EM.py","log_msg","93","","","","旋回します (角度差: -65.5度, 0.30秒駆動)","","","","","","","","","","","","","","","","","","","","","","","","","","","","","","","","","","","","","","","","","",""
"1823.507741455","2026-08-15 09:55:24.926831","/home/akatoki/SC-30/scripts/SC-30/2_phase/motordrive.py","move","150","","","","move: direction=e, power=1.0, duration=0.3","","","","","","","","","","","","","","","","","","","","","","","","","","","","","","","","","","","","","","","","","",""
"1823.517568703","2026-08-15 09:55:24.936664","/home/akatoki/SC-30/scripts/SC-30/2_phase/motordrive.py","set_values","186","","","","","","","","","","","","","","","","","","","","","","0.0","-0.0","","","","","","","","","","","","","","","","","","","","","","",""
"1823.549320675","2026-08-15 09:55:24.968408","/home/akatoki/SC-30/scripts/SC-30/2_phase/motordrive.py","set_values","186","","","","","","","","","","","","","","","","","","","","","","0.1","-0.1","","","","","","","","","","","","","","","","","","","","","","",""
"1823.580912863","2026-08-15 09:55:24.999999","/home/akatoki/SC-30/scripts/SC-30/2_phase/motordrive.py","set_values","186","","","","","","","","","","","","","","","","","","","","","","0.2","-0.2","","","","","","","","","","","","","","","","","","","","","","",""
"1823.612427759","2026-08-15 09:55:25.031515","/home/akatoki/SC-30/scripts/SC-30/2_phase/motordrive.py","set_values","186","","","","","","","","","","","","","","","","","","","","","","0.30000000000000004","-0.30000000000000004","","","","","","","","","","","","","","","","","","","","","","",""
"1823.64394302","2026-08-15 09:55:25.063030","/home/akatoki/SC-30/scripts/SC-30/2_phase/motordrive.py","set_values","186","","","","","","","","","","","","","","","","","","","","","","0.4","-0.4","","","","","","","","","","","","","","","","","","","","","","",""
"1823.680463672","2026-08-15 09:55:25.099552","/home/akatoki/SC-30/scripts/SC-30/2_phase/motordrive.py","set_values","186","","","","","","","","","","","","","","","","","","","","","","0.5","-0.5","","","","","","","","","","","","","","","","","","","","","","",""
"1823.712459801","2026-08-15 09:55:25.131549","/home/akatoki/SC-30/scripts/SC-30/2_phase/motordrive.py","set_values","186","","","","","","","","","","","","","","","","","","","","","","0.6000000000000001","-0.6000000000000001","","","","","","","","","","","","","","","","","","","","","","",""
"1823.744660923","2026-08-15 09:55:25.163750","/home/akatoki/SC-30/scripts/SC-30/2_phase/motordrive.py","set_values","186","","","","","","","","","","","","","","","","","","","","","","0.7000000000000001","-0.7000000000000001","","","","","","","","","","","","","","","","","","","","","","",""
"1823.776854545","2026-08-15 09:55:25.195943","/home/akatoki/SC-30/scripts/SC-30/2_phase/motordrive.py","set_values","186","","","","","","","","","","","","","","","","","","","","","","0.8","-0.8","","","","","","","","","","","","","","","","","","","","","","",""
"1823.810140783","2026-08-15 09:55:25.229228","/home/akatoki/SC-30/scripts/SC-30/2_phase/motordrive.py","set_values","186","","","","","","","","","","","","","","","","","","","","","","0.9","-0.9","","","","","","","","","","","","","","","","","","","","","","",""
"1823.841849683","2026-08-15 09:55:25.260944","/home/akatoki/SC-30/scripts/SC-30/2_phase/motordrive.py","set_values","186","","","","","","","","","","","","","","","","","","","","","","1.0","-1.0","","","","","","","","","","","","","","","","","","","","","","",""
"1823.877944569","2026-08-15 09:55:25.297038","/home/akatoki/SC-30/scripts/SC-30/2_phase/motordrive.py","set_values","186","","","","","","","","","","","","","","","","","","","","","","1.0","-1.0","","","","","","","","","","","","","","","","","","","","","","",""
"1823.909366865","2026-08-15 09:55:25.328463","/home/akatoki/SC-30/scripts/SC-30/2_phase/motordrive.py","stop","120","","","","stop: power_r=-1.0, power_l=1.0","","","","","","","","","","","","","","","","","","","","","","","","","","","","","","","","","","","","","","","","","",""
"1824.491142965","2026-08-15 09:55:25.910241","/home/akatoki/SC-30/scripts/SC-30/2_phase/motordrive.py","stop","134","","","","","","","","","","","","","","","","","","","","","","0.0","0.0","","","","","","","","","","","","","","","","","","","","","","",""
"1824.595768798","2026-08-15 09:55:26.014873","/home/akatoki/SC-30/scripts/SC-30/2_phase/EM.py","log_msg","93","","","","5秒前進","","","","","","","","","","","","","","","","","","","","","","","","","","","","","","","","","","","","","","","","","",""
"1824.600855435","2026-08-15 09:55:26.019950","/home/akatoki/SC-30/scripts/SC-30/2_phase/motordrive.py","move","150","","","","move: direction=w, power=1.0, duration=15","","","","","","","","","","","","","","","","","","","","","","","","","","","","","","","","","","","","","","","","","",""
"1824.606609184","2026-08-15 09:55:26.025706","/home/akatoki/SC-30/scripts/SC-30/2_phase/motordrive.py","set_values","186","","","","","","","","","","","","","","","","","","","","","","0.0","0.0","","","","","","","","","","","","","","","","","","","","","","",""
"1824.637730656","2026-08-15 09:55:26.056819","/home/akatoki/SC-30/scripts/SC-30/2_phase/motordrive.py","set_values","186","","","","","","","","","","","","","","","","","","","","","","0.06999999999999999","0.1","","","","","","","","","","","","","","","","","","","","","","",""
"1824.669755845","2026-08-15 09:55:26.088843","/home/akatoki/SC-30/scripts/SC-30/2_phase/motordrive.py","set_values","186","","","","","","","","","","","","","","","","","","","","","","0.13999999999999999","0.2","","","","","","","","","","","","","","","","","","","","","","",""
"1824.706737363","2026-08-15 09:55:26.125827","/home/akatoki/SC-30/scripts/SC-30/2_phase/motordrive.py","set_values","186","","","","","","","","","","","","","","","","","","","","","","0.21000000000000002","0.30000000000000004","","","","","","","","","","","","","","","","","","","","","","",""
"1824.739069885","2026-08-15 09:55:26.158158","/home/akatoki/SC-30/scripts/SC-30/2_phase/motordrive.py","set_values","186","","","","","","","","","","","","","","","","","","","","","","0.27999999999999997","0.4","","","","","","","","","","","","","","","","","","","","","","",""
"1824.771141738","2026-08-15 09:55:26.190231","/home/akatoki/SC-30/scripts/SC-30/2_phase/motordrive.py","set_values","186","","","","","","","","","","","","","","","","","","","","","","0.35","0.5","","","","","","","","","","","","","","","","","","","","","","",""
"1824.803311661","2026-08-15 09:55:26.222399","/home/akatoki/SC-30/scripts/SC-30/2_phase/motordrive.py","set_values","186","","","","","","","","","","","","","","","","","","","","","","0.42000000000000004","0.6000000000000001","","","","","","","","","","","","","","","","","","","","","","",""
"1824.834868221","2026-08-15 09:55:26.253954","/home/akatoki/SC-30/scripts/SC-30/2_phase/motordrive.py","set_values","186","","","","","","","","","","","","","","","","","","","","","","0.49","0.7000000000000001","","","","","","","","","","","","","","","","","","","","","","",""
"1824.867751816","2026-08-15 09:55:26.286838","/home/akatoki/SC-30/scripts/SC-30/2_phase/motordrive.py","set_values","186","","","","","","","","","","","","","","","","","","","","","","0.5599999999999999","0.8","","","","","","","","","","","","","","","","","","","","","","",""
"1824.904778802","2026-08-15 09:55:26.323869","/home/akatoki/SC-30/scripts/SC-30/2_phase/motordrive.py","set_values","186","","","","","","","","","","","","","","","","","","","","","","0.63","0.9","","","","","","","","","","","","","","","","","","","","","","",""
"1824.93687253","2026-08-15 09:55:26.355962","/home/akatoki/SC-30/scripts/SC-30/2_phase/motordrive.py","set_values","186","","","","","","","","","","","","","","","","","","","","","","0.7","1.0","","","","","","","","","","","","","","","","","","","","","","",""
"1824.968697778","2026-08-15 09:55:26.387786","/home/akatoki/SC-30/scripts/SC-30/2_phase/motordrive.py","set_values","186","","","","","","","","","","","","","","","","","","","","","","0.7","1.0","","","","","","","","","","","","","","","","","","","","","","",""
"1839.700456065","2026-08-15 09:55:41.119548","/home/akatoki/SC-30/scripts/SC-30/2_phase/motordrive.py","stop","120","","","","stop: power_r=1.0, power_l=0.7","","","","","","","","","","","","","","","","","","","","","","","","","","","","","","","","","","","","","","","","","",""
"1840.286458966","2026-08-15 09:55:41.705555","/home/akatoki/SC-30/scripts/SC-30/2_phase/motordrive.py","stop","134","","","","","","","","","","","","","","","","","","","","","","0.0","0.0","","","","","","","","","","","","","","","","","","","","","","",""
"1840.441846887","2026-08-15 09:55:41.860952","/home/akatoki/SC-30/scripts/SC-30/2_phase/EM.py","log_msg","93","","","","forward_with_stack_check stacked=True","","","","","","","","","","","","","","","","","","","","","","","","","","","","","","","","","","","","","","","","","",""
"1840.446442445","2026-08-15 09:55:41.865544","/home/akatoki/SC-30/scripts/SC-30/2_phase/EM.py","log_msg","93","","","スタック検知","","","","","","","","","","","","","","","","","","","","","","","","","","","","","","","","","","","","","","","","","","",""
"1840.449983095","2026-08-15 09:55:41.869084","/home/akatoki/SC-30/scripts/SC-30/2_phase/EM.py","log_msg","93","","","","スタック復帰開始","","","","","","","","","","","","","","","","","","","","","","","","","","","","","","","","","","","","","","","","","",""
"1840.457668069","2026-08-15 09:55:41.876770","/home/akatoki/SC-30/scripts/SC-30/2_phase/EM.py","log_msg","93","","","","3秒後退","","","","","","","","","","","","","","","","","","","","","","","","","","","","","","","","","","","","","","","","","",""
"1840.461024924","2026-08-15 09:55:41.880120","/home/akatoki/SC-30/scripts/SC-30/2_phase/motordrive.py","move","150","","","","move: direction=s, power=1.0, duration=3.0","","","","","","","","","","","","","","","","","","","","","","","","","","","","","","","","","","","","","","","","","",""
"1840.466577998","2026-08-15 09:55:41.885676","/home/akatoki/SC-30/scripts/SC-30/2_phase/motordrive.py","set_values","186","","","","","","","","","","","","","","","","","","","","","","-0.0","-0.0","","","","","","","","","","","","","","","","","","","","","","",""
"1840.497729132","2026-08-15 09:55:41.916819","/home/akatoki/SC-30/scripts/SC-30/2_phase/motordrive.py","set_values","186","","","","","","","","","","","","","","","","","","","","","","-0.1","-0.1","","","","","","","","","","","","","","","","","","","","","","",""
"1840.529748931","2026-08-15 09:55:41.948838","/home/akatoki/SC-30/scripts/SC-30/2_phase/motordrive.py","set_values","186","","","","","","","","","","","","","","","","","","","","","","-0.2","-0.2","","","","","","","","","","","","","","","","","","","","","","",""
"1840.562808587","2026-08-15 09:55:41.981896","/home/akatoki/SC-30/scripts/SC-30/2_phase/motordrive.py","set_values","186","","","","","","","","","","","","","","","","","","","","","","-0.30000000000000004","-0.30000000000000004","","","","","","","","","","","","","","","","","","","","","","",""
"1840.599068697","2026-08-15 09:55:42.018157","/home/akatoki/SC-30/scripts/SC-30/2_phase/motordrive.py","set_values","186","","","","","","","","","","","","","","","","","","","","","","-0.4","-0.4","","","","","","","","","","","","","","","","","","","","","","",""
"1840.630559347","2026-08-15 09:55:42.049647","/home/akatoki/SC-30/scripts/SC-30/2_phase/motordrive.py","set_values","186","","","","","","","","","","","","","","","","","","","","","","-0.5","-0.5","","","","","","","","","","","","","","","","","","","","","","",""
"1840.662612894","2026-08-15 09:55:42.081702","/home/akatoki/SC-30/scripts/SC-30/2_phase/motordrive.py","set_values","186","","","","","","","","","","","","","","","","","","","","","","-0.6000000000000001","-0.6000000000000001","","","","","","","","","","","","","","","","","","","","","","",""
"1840.694836642","2026-08-15 09:55:42.113925","/home/akatoki/SC-30/scripts/SC-30/2_phase/motordrive.py","set_values","186","","","","","","","","","","","","","","","","","","","","","","-0.7000000000000001","-0.7000000000000001","","","","","","","","","","","","","","","","","","","","","","",""
"1840.727008882","2026-08-15 09:55:42.146099","/home/akatoki/SC-30/scripts/SC-30/2_phase/motordrive.py","set_values","186","","","","","","","","","","","","","","","","","","","","","","-0.8","-0.8","","","","","","","","","","","","","","","","","","","","","","",""
"1840.758848321","2026-08-15 09:55:42.177935","/home/akatoki/SC-30/scripts/SC-30/2_phase/motordrive.py","set_values","186","","","","","","","","","","","","","","","","","","","","","","-0.9","-0.9","","","","","","","","","","","","","","","","","","","","","","",""
"1840.79055511","2026-08-15 09:55:42.209650","/home/akatoki/SC-30/scripts/SC-30/2_phase/motordrive.py","set_values","186","","","","","","","","","","","","","","","","","","","","","","-1.0","-1.0","","","","","","","","","","","","","","","","","","","","","","",""
"1840.822047479","2026-08-15 09:55:42.241141","/home/akatoki/SC-30/scripts/SC-30/2_phase/motordrive.py","set_values","186","","","","","","","","","","","","","","","","","","","","","","-1.0","-1.0","","","","","","","","","","","","","","","","","","","","","","",""
"1843.558389938","2026-08-15 09:55:44.977488","/home/akatoki/SC-30/scripts/SC-30/2_phase/motordrive.py","stop","120","","","","stop: power_r=-1.0, power_l=-1.0","","","","","","","","","","","","","","","","","","","","","","","","","","","","","","","","","","","","","","","","","",""
"1844.140506096","2026-08-15 09:55:45.559605","/home/akatoki/SC-30/scripts/SC-30/2_phase/motordrive.py","stop","134","","","","","","","","","","","","","","","","","","","","","","0.0","0.0","","","","","","","","","","","","","","","","","","","","","","",""
"1844.245152236","2026-08-15 09:55:45.664257","/home/akatoki/SC-30/scripts/SC-30/2_phase/EM.py","log_msg","93","","","","60°右旋回","","","","","","","","","","","","","","","","","","","","","","","","","","","","","","","","","","","","","","","","","",""
"1844.249719357","2026-08-15 09:55:45.668817","/home/akatoki/SC-30/scripts/SC-30/2_phase/EM.py","log_msg","93","","","","旋回します (角度差: -60.0度, 0.30秒駆動)","","","","","","","","","","","","","","","","","","","","","","","","","","","","","","","","","","","","","","","","","",""
"1844.253156156","2026-08-15 09:55:45.672246","/home/akatoki/SC-30/scripts/SC-30/2_phase/motordrive.py","move","150","","","","move: direction=e, power=1.0, duration=0.3","","","","","","","","","","","","","","","","","","","","","","","","","","","","","","","","","","","","","","","","","",""
"1844.25867746","2026-08-15 09:55:45.677775","/home/akatoki/SC-30/scripts/SC-30/2_phase/motordrive.py","set_values","186","","","","","","","","","","","","","","","","","","","","","","0.0","-0.0","","","","","","","","","","","","","","","","","","","","","","",""
"1844.294871888","2026-08-15 09:55:45.713962","/home/akatoki/SC-30/scripts/SC-30/2_phase/motordrive.py","set_values","186","","","","","","","","","","","","","","","","","","","","","","0.1","-0.1","","","","","","","","","","","","","","","","","","","","","","",""
"1844.326811892","2026-08-15 09:55:45.745901","/home/akatoki/SC-30/scripts/SC-30/2_phase/motordrive.py","set_values","186","","","","","","","","","","","","","","","","","","","","","","0.2","-0.2","","","","","","","","","","","","","","","","","","","","","","",""
"1844.358479198","2026-08-15 09:55:45.777567","/home/akatoki/SC-30/scripts/SC-30/2_phase/motordrive.py","set_values","186","","","","","","","","","","","","","","","","","","","","","","0.30000000000000004","-0.30000000000000004","","","","","","","","","","","","","","","","","","","","","","",""
"1844.39001828","2026-08-15 09:55:45.809105","/home/akatoki/SC-30/scripts/SC-30/2_phase/motordrive.py","set_values","186","","","","","","","","","","","","","","","","","","","","","","0.4","-0.4","","","","","","","","","","","","","","","","","","","","","","",""
"1844.421588506","2026-08-15 09:55:45.840676","/home/akatoki/SC-30/scripts/SC-30/2_phase/motordrive.py","set_values","186","","","","","","","","","","","","","","","","","","","","","","0.5","-0.5","","","","","","","","","","","","","","","","","","","","","","",""
"1844.453503511","2026-08-15 09:55:45.872593","/home/akatoki/SC-30/scripts/SC-30/2_phase/motordrive.py","set_values","186","","","","","","","","","","","","","","","","","","","","","","0.6000000000000001","-0.6000000000000001","","","","","","","","","","","","","","","","","","","","","","",""
"1844.485595853","2026-08-15 09:55:45.904685","/home/akatoki/SC-30/scripts/SC-30/2_phase/motordrive.py","set_values","186","","","","","","","","","","","","","","","","","","","","","","0.7000000000000001","-0.7000000000000001","","","","","","","","","","","","","","","","","","","","","","",""
"1844.517604187","2026-08-15 09:55:45.936694","/home/akatoki/SC-30/scripts/SC-30/2_phase/motordrive.py","set_values","186","","","","","","","","","","","","","","","","","","","","","","0.8","-0.8","","","","","","","","","","","","","","","","","","","","","","",""
"1844.554547182","2026-08-15 09:55:45.973637","/home/akatoki/SC-30/scripts/SC-30/2_phase/motordrive.py","set_values","186","","","","","","","","","","","","","","","","","","","","","","0.9","-0.9","","","","","","","","","","","","","","","","","","","","","","",""
"1844.586488696","2026-08-15 09:55:46.005584","/home/akatoki/SC-30/scripts/SC-30/2_phase/motordrive.py","set_values","186","","","","","","","","","","","","","","","","","","","","","","1.0","-1.0","","","","","","","","","","","","","","","","","","","","","","",""
"1844.618130376","2026-08-15 09:55:46.037226","/home/akatoki/SC-30/scripts/SC-30/2_phase/motordrive.py","set_values","186","","","","","","","","","","","","","","","","","","","","","","1.0","-1.0","","","","","","","","","","","","","","","","","","","","","","",""
"1844.649663883","2026-08-15 09:55:46.068761","/home/akatoki/SC-30/scripts/SC-30/2_phase/motordrive.py","stop","120","","","","stop: power_r=-1.0, power_l=1.0","","","","","","","","","","","","","","","","","","","","","","","","","","","","","","","","","","","","","","","","","",""
"1845.231451534","2026-08-15 09:55:46.650550","/home/akatoki/SC-30/scripts/SC-30/2_phase/motordrive.py","stop","134","","","","","","","","","","","","","","","","","","","","","","0.0","0.0","","","","","","","","","","","","","","","","","","","","","","",""
"1845.849306675","2026-08-15 09:55:47.268391","/home/akatoki/SC-30/scripts/SC-30/2_phase/EM.py","log_msg","93","","","","","","","","40.14273716666667","","","","","","","","","","","","","","","","","","","","","","","","","","","","","","","","","","","","","",""
"1845.853723124","2026-08-15 09:55:47.272811","/home/akatoki/SC-30/scripts/SC-30/2_phase/EM.py","log_msg","93","","","","","","","","","139.98735466666668","","","","","","","","","","","","","","","","","","","","","","","","","","","","","","","","","","","","",""
"1845.862612531","2026-08-15 09:55:47.281715","/home/akatoki/SC-30/scripts/SC-30/2_phase/EM.py","log_msg","93","","","","2秒前進","","","","","","","","","","","","","","","","","","","","","","","","","","","","","","","","","","","","","","","","","",""
"1845.865937666","2026-08-15 09:55:47.285032","/home/akatoki/SC-30/scripts/SC-30/2_phase/motordrive.py","move","150","","","","move: direction=w, power=1.0, duration=2.0","","","","","","","","","","","","","","","","","","","","","","","","","","","","","","","","","","","","","","","","","",""
"1845.871271112","2026-08-15 09:55:47.290367","/home/akatoki/SC-30/scripts/SC-30/2_phase/motordrive.py","set_values","186","","","","","","","","","","","","","","","","","","","","","","0.0","0.0","","","","","","","","","","","","","","","","","","","","","","",""
"1845.9026753","2026-08-15 09:55:47.321762","/home/akatoki/SC-30/scripts/SC-30/2_phase/motordrive.py","set_values","186","","","","","","","","","","","","","","","","","","","","","","0.06999999999999999","0.1","","","","","","","","","","","","","","","","","","","","","","",""
"1845.934396246","2026-08-15 09:55:47.353484","/home/akatoki/SC-30/scripts/SC-30/2_phase/motordrive.py","set_values","186","","","","","","","","","","","","","","","","","","","","","","0.13999999999999999","0.2","","","","","","","","","","","","","","","","","","","","","","",""
"1845.96607058","2026-08-15 09:55:47.385157","/home/akatoki/SC-30/scripts/SC-30/2_phase/motordrive.py","set_values","186","","","","","","","","","","","","","","","","","","","","","","0.21000000000000002","0.30000000000000004","","","","","","","","","","","","","","","","","","","","","","",""
"1845.997648876","2026-08-15 09:55:47.416735","/home/akatoki/SC-30/scripts/SC-30/2_phase/motordrive.py","set_values","186","","","","","","","","","","","","","","","","","","","","","","0.27999999999999997","0.4","","","","","","","","","","","","","","","","","","","","","","",""
"1846.034284794","2026-08-15 09:55:47.453372","/home/akatoki/SC-30/scripts/SC-30/2_phase/motordrive.py","set_values","186","","","","","","","","","","","","","","","","","","","","","","0.35","0.5","","","","","","","","","","","","","","","","","","","","","","",""
"1846.066169693","2026-08-15 09:55:47.485259","/home/akatoki/SC-30/scripts/SC-30/2_phase/motordrive.py","set_values","186","","","","","","","","","","","","","","","","","","","","","","0.42000000000000004","0.6000000000000001","","","","","","","","","","","","","","","","","","","","","","",""
"1846.098179275","2026-08-15 09:55:47.517268","/home/akatoki/SC-30/scripts/SC-30/2_phase/motordrive.py","set_values","186","","","","","","","","","","","","","","","","","","","","","","0.49","0.7000000000000001","","","","","","","","","","","","","","","","","","","","","","",""
"1846.130178804","2026-08-15 09:55:47.549267","/home/akatoki/SC-30/scripts/SC-30/2_phase/motordrive.py","set_values","186","","","","","","","","","","","","","","","","","","","","","","0.5599999999999999","0.8","","","","","","","","","","","","","","","","","","","","","","",""
"1846.162179063","2026-08-15 09:55:47.581267","/home/akatoki/SC-30/scripts/SC-30/2_phase/motordrive.py","set_values","186","","","","","","","","","","","","","","","","","","","","","","0.63","0.9","","","","","","","","","","","","","","","","","","","","","","",""
"1846.194210519","2026-08-15 09:55:47.613299","/home/akatoki/SC-30/scripts/SC-30/2_phase/motordrive.py","set_values","186","","","","","","","","","","","","","","","","","","","","","","0.7","1.0","","","","","","","","","","","","","","","","","","","","","","",""
"1846.225836365","2026-08-15 09:55:47.644925","/home/akatoki/SC-30/scripts/SC-30/2_phase/motordrive.py","set_values","186","","","","","","","","","","","","","","","","","","","","","","0.7","1.0","","","","","","","","","","","","","","","","","","","","","","",""
"1847.962271925","2026-08-15 09:55:49.381363","/home/akatoki/SC-30/scripts/SC-30/2_phase/motordrive.py","stop","120","","","","stop: power_r=1.0, power_l=0.7","","","","","","","","","","","","","","","","","","","","","","","","","","","","","","","","","","","","","","","","","",""
"1848.5437745","2026-08-15 09:55:49.962872","/home/akatoki/SC-30/scripts/SC-30/2_phase/motordrive.py","stop","134","","","","","","","","","","","","","","","","","","","","","","0.0","0.0","","","","","","","","","","","","","","","","","","","","","","",""
"1849.148627627","2026-08-15 09:55:50.567735","/home/akatoki/SC-30/scripts/SC-30/2_phase/EM.py","log_msg","93","","","","スタック復帰終了","","","","","","","","","","","","","","","","","","","","","","","","","","","","","","","","","","","","","","","","","",""
"1849.660787675","2026-08-15 09:55:51.079891","/home/akatoki/SC-30/scripts/SC-30/2_phase/EM.py","log_msg","93","","","GPS取得失敗 1/30","","","","","","","","","","","","","","","","","","","","","","","","","","","","","","","","","","","","","","","","","","",""
"1851.455680421","2026-08-15 09:55:52.874784","/home/akatoki/SC-30/scripts/SC-30/2_phase/EM.py","log_msg","93","","","GPS取得失敗 2/30","","","","","","","","","","","","","","","","","","","","","","","","","","","","","","","","","","","","","","","","","","",""
"1852.97007513","2026-08-15 09:55:54.389159","/home/akatoki/SC-30/scripts/SC-30/2_phase/EM.py","log_msg","93","","","","","","","","40.142738666666666","","","","","","","","","","","","","","","","","","","","","","","","","","","","","","","","","","","","","",""
"1852.97433851","2026-08-15 09:55:54.393424","/home/akatoki/SC-30/scripts/SC-30/2_phase/EM.py","log_msg","93","","","","","","","","","139.987351","","","","","","","","","","","","","","","","","","","","","","","","","","","","","","","","","","","","",""
"1852.982263575","2026-08-15 09:55:54.401347","/home/akatoki/SC-30/scripts/SC-30/2_phase/EM.py","log_msg","93","","","","","","","","","","","","","","","","","","","","","","","","","","","33.35709179398354","","","","","","","","","","","","","","","","","","",""
"1852.985284815","2026-08-15 09:55:54.404371","/home/akatoki/SC-30/scripts/SC-30/2_phase/EM.py","log_msg","93","","","","","","","","","","","","","","","","","","","","","","","","","","-3.028523727582667","","","","","","","","","","","","","","","","","","","",""
"1852.988336835","2026-08-15 09:55:54.407428","/home/akatoki/SC-30/scripts/SC-30/2_phase/EM.py","log_msg","93","","","","ゴールまでの距離: 33.36 m / 角度差: -173.5度","","","","","","","","","","","","","","","","","","","","","","","","","","","","","","","","","","","","","","","","","",""
"1852.99142151","2026-08-15 09:55:54.410514","/home/akatoki/SC-30/scripts/SC-30/2_phase/EM.py","log_msg","93","","","","ゴール方向へ旋回","","","","","","","","","","","","","","","","","","","","","","","","","","","","","","","","","","","","","","","","","",""
"1852.994584567","2026-08-15 09:55:54.413676","/home/akatoki/SC-30/scripts/SC-30/2_phase/EM.py","log_msg","93","","","","旋回します (角度差: -173.5度, 0.64秒駆動)","","","","","","","","","","","","","","","","","","","","","","","","","","","","","","","","","","","","","","","","","",""
"1852.997727209","2026-08-15 09:55:54.416813","/home/akatoki/SC-30/scripts/SC-30/2_phase/motordrive.py","move","150","","","","move: direction=e, power=1.0, duration=0.6426726953544988","","","","","","","","","","","","","","","","","","","","","","","","","","","","","","","","","","","","","","","","","",""
"1853.002624367","2026-08-15 09:55:54.421718","/home/akatoki/SC-30/scripts/SC-30/2_phase/motordrive.py","set_values","186","","","","","","","","","","","","","","","","","","","","","","0.0","-0.0","","","","","","","","","","","","","","","","","","","","","","",""
"1853.035966804","2026-08-15 09:55:54.455053","/home/akatoki/SC-30/scripts/SC-30/2_phase/motordrive.py","set_values","186","","","","","","","","","","","","","","","","","","","","","","0.1","-0.1","","","","","","","","","","","","","","","","","","","","","","",""
"1853.067466029","2026-08-15 09:55:54.486553","/home/akatoki/SC-30/scripts/SC-30/2_phase/motordrive.py","set_values","186","","","","","","","","","","","","","","","","","","","","","","0.2","-0.2","","","","","","","","","","","","","","","","","","","","","","",""
"1853.100581131","2026-08-15 09:55:54.519669","/home/akatoki/SC-30/scripts/SC-30/2_phase/motordrive.py","set_values","186","","","","","","","","","","","","","","","","","","","","","","0.30000000000000004","-0.30000000000000004","","","","","","","","","","","","","","","","","","","","","","",""
"1853.132281442","2026-08-15 09:55:54.551369","/home/akatoki/SC-30/scripts/SC-30/2_phase/motordrive.py","set_values","186","","","","","","","","","","","","","","","","","","","","","","0.4","-0.4","","","","","","","","","","","","","","","","","","","","","","",""
"1853.163989462","2026-08-15 09:55:54.583108","/home/akatoki/SC-30/scripts/SC-30/2_phase/motordrive.py","set_values","186","","","","","","","","","","","","","","","","","","","","","","0.5","-0.5","","","","","","","","","","","","","","","","","","","","","","",""
"1853.195641181","2026-08-15 09:55:54.614729","/home/akatoki/SC-30/scripts/SC-30/2_phase/motordrive.py","set_values","186","","","","","","","","","","","","","","","","","","","","","","0.6000000000000001","-0.6000000000000001","","","","","","","","","","","","","","","","","","","","","","",""
"1853.232260734","2026-08-15 09:55:54.651348","/home/akatoki/SC-30/scripts/SC-30/2_phase/motordrive.py","set_values","186","","","","","","","","","","","","","","","","","","","","","","0.7000000000000001","-0.7000000000000001","","","","","","","","","","","","","","","","","","","","","","",""
"1853.263854382","2026-08-15 09:55:54.682942","/home/akatoki/SC-30/scripts/SC-30/2_phase/motordrive.py","set_values","186","","","","","","","","","","","","","","","","","","","","","","0.8","-0.8","","","","","","","","","","","","","","","","","","","","","","",""
"1853.295595317","2026-08-15 09:55:54.714683","/home/akatoki/SC-30/scripts/SC-30/2_phase/motordrive.py","set_values","186","","","","","","","","","","","","","","","","","","","","","","0.9","-0.9","","","","","","","","","","","","","","","","","","","","","","",""
"1853.327339377","2026-08-15 09:55:54.746433","/home/akatoki/SC-30/scripts/SC-30/2_phase/motordrive.py","set_values","186","","","","","","","","","","","","","","","","","","","","","","1.0","-1.0","","","","","","","","","","","","","","","","","","","","","","",""
"1853.358694389","2026-08-15 09:55:54.777788","/home/akatoki/SC-30/scripts/SC-30/2_phase/motordrive.py","set_values","186","","","","","","","","","","","","","","","","","","","","","","1.0","-1.0","","","","","","","","","","","","","","","","","","","","","","",""
"1853.733205268","2026-08-15 09:55:55.152303","/home/akatoki/SC-30/scripts/SC-30/2_phase/motordrive.py","stop","120","","","","stop: power_r=-1.0, power_l=1.0","","","","","","","","","","","","","","","","","","","","","","","","","","","","","","","","","","","","","","","","","",""
"1854.314589969","2026-08-15 09:55:55.733688","/home/akatoki/SC-30/scripts/SC-30/2_phase/motordrive.py","stop","134","","","","","","","","","","","","","","","","","","","","","","0.0","0.0","","","","","","","","","","","","","","","","","","","","","","",""
"1854.419911501","2026-08-15 09:55:55.839017","/home/akatoki/SC-30/scripts/SC-30/2_phase/EM.py","log_msg","93","","","","5秒前進","","","","","","","","","","","","","","","","","","","","","","","","","","","","","","","","","","","","","","","","","",""
"1854.425163073","2026-08-15 09:55:55.844259","/home/akatoki/SC-30/scripts/SC-30/2_phase/motordrive.py","move","150","","","","move: direction=w, power=1.0, duration=15","","","","","","","","","","","","","","","","","","","","","","","","","","","","","","","","","","","","","","","","","",""
"1854.43118748","2026-08-15 09:55:55.850285","/home/akatoki/SC-30/scripts/SC-30/2_phase/motordrive.py","set_values","186","","","","","","","","","","","","","","","","","","","","","","0.0","0.0","","","","","","","","","","","","","","","","","","","","","","",""
"1854.464062798","2026-08-15 09:55:55.883151","/home/akatoki/SC-30/scripts/SC-30/2_phase/motordrive.py","set_values","186","","","","","","","","","","","","","","","","","","","","","","0.06999999999999999","0.1","","","","","","","","","","","","","","","","","","","","","","",""
"1854.496202778","2026-08-15 09:55:55.915291","/home/akatoki/SC-30/scripts/SC-30/2_phase/motordrive.py","set_values","186","","","","","","","","","","","","","","","","","","","","","","0.13999999999999999","0.2","","","","","","","","","","","","","","","","","","","","","","",""
"1854.533494335","2026-08-15 09:55:55.952583","/home/akatoki/SC-30/scripts/SC-30/2_phase/motordrive.py","set_values","186","","","","","","","","","","","","","","","","","","","","","","0.21000000000000002","0.30000000000000004","","","","","","","","","","","","","","","","","","","","","","",""
"1854.565860557","2026-08-15 09:55:55.984949","/home/akatoki/SC-30/scripts/SC-30/2_phase/motordrive.py","set_values","186","","","","","","","","","","","","","","","","","","","","","","0.27999999999999997","0.4","","","","","","","","","","","","","","","","","","","","","","",""
"1854.598052306","2026-08-15 09:55:56.017141","/home/akatoki/SC-30/scripts/SC-30/2_phase/motordrive.py","set_values","186","","","","","","","","","","","","","","","","","","","","","","0.35","0.5","","","","","","","","","","","","","","","","","","","","","","",""
"1854.630368476","2026-08-15 09:55:56.049457","/home/akatoki/SC-30/scripts/SC-30/2_phase/motordrive.py","set_values","186","","","","","","","","","","","","","","","","","","","","","","0.42000000000000004","0.6000000000000001","","","","","","","","","","","","","","","","","","","","","","",""
"1854.662748707","2026-08-15 09:55:56.081837","/home/akatoki/SC-30/scripts/SC-30/2_phase/motordrive.py","set_values","186","","","","","","","","","","","","","","","","","","","","","","0.49","0.7000000000000001","","","","","","","","","","","","","","","","","","","","","","",""
"1854.695236277","2026-08-15 09:55:56.114324","/home/akatoki/SC-30/scripts/SC-30/2_phase/motordrive.py","set_values","186","","","","","","","","","","","","","","","","","","","","","","0.5599999999999999","0.8","","","","","","","","","","","","","","","","","","","","","","",""
"1854.727762179","2026-08-15 09:55:56.146856","/home/akatoki/SC-30/scripts/SC-30/2_phase/motordrive.py","set_values","186","","","","","","","","","","","","","","","","","","","","","","0.63","0.9","","","","","","","","","","","","","","","","","","","","","","",""
"1854.760172096","2026-08-15 09:55:56.179262","/home/akatoki/SC-30/scripts/SC-30/2_phase/motordrive.py","set_values","186","","","","","","","","","","","","","","","","","","","","","","0.7","1.0","","","","","","","","","","","","","","","","","","","","","","",""
"1854.796828466","2026-08-15 09:55:56.215916","/home/akatoki/SC-30/scripts/SC-30/2_phase/motordrive.py","set_values","186","","","","","","","","","","","","","","","","","","","","","","0.7","1.0","","","","","","","","","","","","","","","","","","","","","","",""
"1869.52847321","2026-08-15 09:56:10.947568","/home/akatoki/SC-30/scripts/SC-30/2_phase/motordrive.py","stop","120","","","","stop: power_r=1.0, power_l=0.7","","","","","","","","","","","","","","","","","","","","","","","","","","","","","","","","","","","","","","","","","",""
"1870.114933116","2026-08-15 09:56:11.534031","/home/akatoki/SC-30/scripts/SC-30/2_phase/motordrive.py","stop","134","","","","","","","","","","","","","","","","","","","","","","0.0","0.0","","","","","","","","","","","","","","","","","","","","","","",""
"1870.224806893","2026-08-15 09:56:11.643912","/home/akatoki/SC-30/scripts/SC-30/2_phase/EM.py","log_msg","93","","","","forward_with_stack_check stacked=True","","","","","","","","","","","","","","","","","","","","","","","","","","","","","","","","","","","","","","","","","",""
"1870.229515097","2026-08-15 09:56:11.648617","/home/akatoki/SC-30/scripts/SC-30/2_phase/EM.py","log_msg","93","","","スタック検知","","","","","","","","","","","","","","","","","","","","","","","","","","","","","","","","","","","","","","","","","","",""
"1870.248080005","2026-08-15 09:56:11.667187","/home/akatoki/SC-30/scripts/SC-30/2_phase/EM.py","log_msg","93","","","","スタック復帰開始","","","","","","","","","","","","","","","","","","","","","","","","","","","","","","","","","","","","","","","","","",""
"1870.255561799","2026-08-15 09:56:11.674664","/home/akatoki/SC-30/scripts/SC-30/2_phase/EM.py","log_msg","93","","","","3秒後退","","","","","","","","","","","","","","","","","","","","","","","","","","","","","","","","","","","","","","","","","",""
"1870.258958647","2026-08-15 09:56:11.678055","/home/akatoki/SC-30/scripts/SC-30/2_phase/motordrive.py","move","150","","","","move: direction=s, power=1.0, duration=3.0","","","","","","","","","","","","","","","","","","","","","","","","","","","","","","","","","","","","","","","","","",""
"1870.264535411","2026-08-15 09:56:11.683633","/home/akatoki/SC-30/scripts/SC-30/2_phase/motordrive.py","set_values","186","","","","","","","","","","","","","","","","","","","","","","-0.0","-0.0","","","","","","","","","","","","","","","","","","","","","","",""
"1870.295582858","2026-08-15 09:56:11.714672","/home/akatoki/SC-30/scripts/SC-30/2_phase/motordrive.py","set_values","186","","","","","","","","","","","","","","","","","","","","","","-0.1","-0.1","","","","","","","","","","","","","","","","","","","","","","",""
"1870.327326163","2026-08-15 09:56:11.746414","/home/akatoki/SC-30/scripts/SC-30/2_phase/motordrive.py","set_values","186","","","","","","","","","","","","","","","","","","","","","","-0.2","-0.2","","","","","","","","","","","","","","","","","","","","","","",""
"1870.358928537","2026-08-15 09:56:11.778015","/home/akatoki/SC-30/scripts/SC-30/2_phase/motordrive.py","set_values","186","","","","","","","","","","","","","","","","","","","","","","-0.30000000000000004","-0.30000000000000004","","","","","","","","","","","","","","","","","","","","","","",""
"1870.390411852","2026-08-15 09:56:11.809499","/home/akatoki/SC-30/scripts/SC-30/2_phase/motordrive.py","set_values","186","","","","","","","","","","","","","","","","","","","","","","-0.4","-0.4","","","","","","","","","","","","","","","","","","","","","","",""
"1870.422253903","2026-08-15 09:56:11.841343","/home/akatoki/SC-30/scripts/SC-30/2_phase/motordrive.py","set_values","186","","","","","","","","","","","","","","","","","","","","","","-0.5","-0.5","","","","","","","","","","","","","","","","","","","","","","",""
"1870.459198518","2026-08-15 09:56:11.878287","/home/akatoki/SC-30/scripts/SC-30/2_phase/motordrive.py","set_values","186","","","","","","","","","","","","","","","","","","","","","","-0.6000000000000001","-0.6000000000000001","","","","","","","","","","","","","","","","","","","","","","",""
"1870.491136035","2026-08-15 09:56:11.910225","/home/akatoki/SC-30/scripts/SC-30/2_phase/motordrive.py","set_values","186","","","","","","","","","","","","","","","","","","","","","","-0.7000000000000001","-0.7000000000000001","","","","","","","","","","","","","","","","","","","","","","",""
"1870.523057562","2026-08-15 09:56:11.942147","/home/akatoki/SC-30/scripts/SC-30/2_phase/motordrive.py","set_values","186","","","","","","","","","","","","","","","","","","","","","","-0.8","-0.8","","","","","","","","","","","","","","","","","","","","","","",""
"1870.555016745","2026-08-15 09:56:11.974107","/home/akatoki/SC-30/scripts/SC-30/2_phase/motordrive.py","set_values","186","","","","","","","","","","","","","","","","","","","","","","-0.9","-0.9","","","","","","","","","","","","","","","","","","","","","","",""
"1870.586903065","2026-08-15 09:56:12.005999","/home/akatoki/SC-30/scripts/SC-30/2_phase/motordrive.py","set_values","186","","","","","","","","","","","","","","","","","","","","","","-1.0","-1.0","","","","","","","","","","","","","","","","","","","","","","",""
"1870.618467366","2026-08-15 09:56:12.037563","/home/akatoki/SC-30/scripts/SC-30/2_phase/motordrive.py","set_values","186","","","","","","","","","","","","","","","","","","","","","","-1.0","-1.0","","","","","","","","","","","","","","","","","","","","","","",""
"1873.356040518","2026-08-15 09:56:14.775139","/home/akatoki/SC-30/scripts/SC-30/2_phase/motordrive.py","stop","120","","","","stop: power_r=-1.0, power_l=-1.0","","","","","","","","","","","","","","","","","","","","","","","","","","","","","","","","","","","","","","","","","",""
"1873.938130704","2026-08-15 09:56:15.357230","/home/akatoki/SC-30/scripts/SC-30/2_phase/motordrive.py","stop","134","","","","","","","","","","","","","","","","","","","","","","0.0","0.0","","","","","","","","","","","","","","","","","","","","","","",""
"1874.042895649","2026-08-15 09:56:15.462000","/home/akatoki/SC-30/scripts/SC-30/2_phase/EM.py","log_msg","93","","","","60°右旋回","","","","","","","","","","","","","","","","","","","","","","","","","","","","","","","","","","","","","","","","","",""
"1874.047406204","2026-08-15 09:56:15.466500","/home/akatoki/SC-30/scripts/SC-30/2_phase/EM.py","log_msg","93","","","","旋回します (角度差: -60.0度, 0.30秒駆動)","","","","","","","","","","","","","","","","","","","","","","","","","","","","","","","","","","","","","","","","","",""
"1874.050772583","2026-08-15 09:56:15.469862","/home/akatoki/SC-30/scripts/SC-30/2_phase/motordrive.py","move","150","","","","move: direction=e, power=1.0, duration=0.3","","","","","","","","","","","","","","","","","","","","","","","","","","","","","","","","","","","","","","","","","",""
"1874.05595082","2026-08-15 09:56:15.475047","/home/akatoki/SC-30/scripts/SC-30/2_phase/motordrive.py","set_values","186","","","","","","","","","","","","","","","","","","","","","","0.0","-0.0","","","","","","","","","","","","","","","","","","","","","","",""
"1874.0865926","2026-08-15 09:56:15.505680","/home/akatoki/SC-30/scripts/SC-30/2_phase/motordrive.py","set_values","186","","","","","","","","","","","","","","","","","","","","","","0.1","-0.1","","","","","","","","","","","","","","","","","","","","","","",""
"1874.118090336","2026-08-15 09:56:15.537178","/home/akatoki/SC-30/scripts/SC-30/2_phase/motordrive.py","set_values","186","","","","","","","","","","","","","","","","","","","","","","0.2","-0.2","","","","","","","","","","","","","","","","","","","","","","",""
"1874.154612304","2026-08-15 09:56:15.573699","/home/akatoki/SC-30/scripts/SC-30/2_phase/motordrive.py","set_values","186","","","","","","","","","","","","","","","","","","","","","","0.30000000000000004","-0.30000000000000004","","","","","","","","","","","","","","","","","","","","","","",""
"1874.186099885","2026-08-15 09:56:15.605188","/home/akatoki/SC-30/scripts/SC-30/2_phase/motordrive.py","set_values","186","","","","","","","","","","","","","","","","","","","","","","0.4","-0.4","","","","","","","","","","","","","","","","","","","","","","",""
"1874.217938181","2026-08-15 09:56:15.637027","/home/akatoki/SC-30/scripts/SC-30/2_phase/motordrive.py","set_values","186","","","","","","","","","","","","","","","","","","","","","","0.5","-0.5","","","","","","","","","","","","","","","","","","","","","","",""
"1874.249922148","2026-08-15 09:56:15.669011","/home/akatoki/SC-30/scripts/SC-30/2_phase/motordrive.py","set_values","186","","","","","","","","","","","","","","","","","","","","","","0.6000000000000001","-0.6000000000000001","","","","","","","","","","","","","","","","","","","","","","",""
"1874.281897522","2026-08-15 09:56:15.700986","/home/akatoki/SC-30/scripts/SC-30/2_phase/motordrive.py","set_values","186","","","","","","","","","","","","","","","","","","","","","","0.7000000000000001","-0.7000000000000001","","","","","","","","","","","","","","","","","","","","","","",""
"1874.313862219","2026-08-15 09:56:15.732951","/home/akatoki/SC-30/scripts/SC-30/2_phase/motordrive.py","set_values","186","","","","","","","","","","","","","","","","","","","","","","0.8","-0.8","","","","","","","","","","","","","","","","","","","","","","",""
"1874.345912903","2026-08-15 09:56:15.765003","/home/akatoki/SC-30/scripts/SC-30/2_phase/motordrive.py","set_values","186","","","","","","","","","","","","","","","","","","","","","","0.9","-0.9","","","","","","","","","","","","","","","","","","","","","","",""
"1874.383919918","2026-08-15 09:56:15.803016","/home/akatoki/SC-30/scripts/SC-30/2_phase/motordrive.py","set_values","186","","","","","","","","","","","","","","","","","","","","","","1.0","-1.0","","","","","","","","","","","","","","","","","","","","","","",""
"1874.41558145","2026-08-15 09:56:15.834677","/home/akatoki/SC-30/scripts/SC-30/2_phase/motordrive.py","set_values","186","","","","","","","","","","","","","","","","","","","","","","1.0","-1.0","","","","","","","","","","","","","","","","","","","","","","",""
"1874.447037521","2026-08-15 09:56:15.866134","/home/akatoki/SC-30/scripts/SC-30/2_phase/motordrive.py","stop","120","","","","stop: power_r=-1.0, power_l=1.0","","","","","","","","","","","","","","","","","","","","","","","","","","","","","","","","","","","","","","","","","",""
"1875.028926799","2026-08-15 09:56:16.448024","/home/akatoki/SC-30/scripts/SC-30/2_phase/motordrive.py","stop","134","","","","","","","","","","","","","","","","","","","","","","0.0","0.0","","","","","","","","","","","","","","","","","","","","","","",""
"1875.634414475","2026-08-15 09:56:17.053519","/home/akatoki/SC-30/scripts/SC-30/2_phase/EM.py","log_msg","93","","","","","","","","None","","","","","","","","","","","","","","","","","","","","","","","","","","","","","","","","","","","","","",""
"1875.638896645","2026-08-15 09:56:17.057998","/home/akatoki/SC-30/scripts/SC-30/2_phase/EM.py","log_msg","93","","","","","","","","","None","","","","","","","","","","","","","","","","","","","","","","","","","","","","","","","","","","","","",""
"1875.642252556","2026-08-15 09:56:17.061351","/home/akatoki/SC-30/scripts/SC-30/2_phase/EM.py","log_msg","93","","","","2秒前進","","","","","","","","","","","","","","","","","","","","","","","","","","","","","","","","","","","","","","","","","",""
"1875.650192195","2026-08-15 09:56:17.069289","/home/akatoki/SC-30/scripts/SC-30/2_phase/motordrive.py","move","150","","","","move: direction=w, power=1.0, duration=2.0","","","","","","","","","","","","","","","","","","","","","","","","","","","","","","","","","","","","","","","","","",""
"1875.655793488","2026-08-15 09:56:17.074891","/home/akatoki/SC-30/scripts/SC-30/2_phase/motordrive.py","set_values","186","","","","","","","","","","","","","","","","","","","","","","0.0","0.0","","","","","","","","","","","","","","","","","","","","","","",""
"1875.687095031","2026-08-15 09:56:17.106185","/home/akatoki/SC-30/scripts/SC-30/2_phase/motordrive.py","set_values","186","","","","","","","","","","","","","","","","","","","","","","0.06999999999999999","0.1","","","","","","","","","","","","","","","","","","","","","","",""
"1875.719262582","2026-08-15 09:56:17.138350","/home/akatoki/SC-30/scripts/SC-30/2_phase/motordrive.py","set_values","186","","","","","","","","","","","","","","","","","","","","","","0.13999999999999999","0.2","","","","","","","","","","","","","","","","","","","","","","",""
"1875.751384145","2026-08-15 09:56:17.170473","/home/akatoki/SC-30/scripts/SC-30/2_phase/motordrive.py","set_values","186","","","","","","","","","","","","","","","","","","","","","","0.21000000000000002","0.30000000000000004","","","","","","","","","","","","","","","","","","","","","","",""
"1875.78349774","2026-08-15 09:56:17.202585","/home/akatoki/SC-30/scripts/SC-30/2_phase/motordrive.py","set_values","186","","","","","","","","","","","","","","","","","","","","","","0.27999999999999997","0.4","","","","","","","","","","","","","","","","","","","","","","",""
"1875.815301295","2026-08-15 09:56:17.234388","/home/akatoki/SC-30/scripts/SC-30/2_phase/motordrive.py","set_values","186","","","","","","","","","","","","","","","","","","","","","","0.35","0.5","","","","","","","","","","","","","","","","","","","","","","",""
"1875.846978345","2026-08-15 09:56:17.266065","/home/akatoki/SC-30/scripts/SC-30/2_phase/motordrive.py","set_values","186","","","","","","","","","","","","","","","","","","","","","","0.42000000000000004","0.6000000000000001","","","","","","","","","","","","","","","","","","","","","","",""
"1875.885456484","2026-08-15 09:56:17.304543","/home/akatoki/SC-30/scripts/SC-30/2_phase/motordrive.py","set_values","186","","","","","","","","","","","","","","","","","","","","","","0.49","0.7000000000000001","","","","","","","","","","","","","","","","","","","","","","",""
"1875.917546225","2026-08-15 09:56:17.336634","/home/akatoki/SC-30/scripts/SC-30/2_phase/motordrive.py","set_values","186","","","","","","","","","","","","","","","","","","","","","","0.5599999999999999","0.8","","","","","","","","","","","","","","","","","","","","","","",""
"1875.949672424","2026-08-15 09:56:17.368760","/home/akatoki/SC-30/scripts/SC-30/2_phase/motordrive.py","set_values","186","","","","","","","","","","","","","","","","","","","","","","0.63","0.9","","","","","","","","","","","","","","","","","","","","","","",""
"1875.981753364","2026-08-15 09:56:17.400842","/home/akatoki/SC-30/scripts/SC-30/2_phase/motordrive.py","set_values","186","","","","","","","","","","","","","","","","","","","","","","0.7","1.0","","","","","","","","","","","","","","","","","","","","","","",""
"1876.013413331","2026-08-15 09:56:17.432502","/home/akatoki/SC-30/scripts/SC-30/2_phase/motordrive.py","set_values","186","","","","","","","","","","","","","","","","","","","","","","0.7","1.0","","","","","","","","","","","","","","","","","","","","","","",""
"1877.745831214","2026-08-15 09:56:19.164916","/home/akatoki/SC-30/scripts/SC-30/2_phase/motordrive.py","stop","120","","","","stop: power_r=1.0, power_l=0.7","","","","","","","","","","","","","","","","","","","","","","","","","","","","","","","","","","","","","","","","","",""
"1878.323631037","2026-08-15 09:56:19.742723","/home/akatoki/SC-30/scripts/SC-30/2_phase/motordrive.py","stop","134","","","","","","","","","","","","","","","","","","","","","","0.0","0.0","","","","","","","","","","","","","","","","","","","","","","",""
"1878.927897366","2026-08-15 09:56:20.346997","/home/akatoki/SC-30/scripts/SC-30/2_phase/EM.py","log_msg","93","","","","スタック復帰終了","","","","","","","","","","","","","","","","","","","","","","","","","","","","","","","","","","","","","","","","","",""
"1879.458355782","2026-08-15 09:56:20.877452","/home/akatoki/SC-30/scripts/SC-30/2_phase/EM.py","log_msg","93","","","GPS取得失敗 1/30","","","","","","","","","","","","","","","","","","","","","","","","","","","","","","","","","","","","","","","","","","",""
"1881.452266714","2026-08-15 09:56:22.871349","/home/akatoki/SC-30/scripts/SC-30/2_phase/EM.py","log_msg","93","","","","","","","","40.14273266666667","","","","","","","","","","","","","","","","","","","","","","","","","","","","","","","","","","","","","",""
"1881.456551026","2026-08-15 09:56:22.875635","/home/akatoki/SC-30/scripts/SC-30/2_phase/EM.py","log_msg","93","","","","","","","","","139.98735","","","","","","","","","","","","","","","","","","","","","","","","","","","","","","","","","","","","",""
"1881.45967106","2026-08-15 09:56:22.878752","/home/akatoki/SC-30/scripts/SC-30/2_phase/EM.py","log_msg","93","","","","","","","","","","","","","","","","","","","","","","","","","","","33.197660644116375","","","","","","","","","","","","","","","","","","",""
"1881.462653652","2026-08-15 09:56:22.881737","/home/akatoki/SC-30/scripts/SC-30/2_phase/EM.py","log_msg","93","","","","","","","","","","","","","","","","","","","","","","","","","","1.3409522976848294","","","","","","","","","","","","","","","","","","","",""
"1881.469507863","2026-08-15 09:56:22.888595","/home/akatoki/SC-30/scripts/SC-30/2_phase/EM.py","log_msg","93","","","","ゴールまでの距離: 33.20 m / 角度差: 76.8度","","","","","","","","","","","","","","","","","","","","","","","","","","","","","","","","","","","","","","","","","",""
"1881.472330981","2026-08-15 09:56:22.891422","/home/akatoki/SC-30/scripts/SC-30/2_phase/EM.py","log_msg","93","","","","ゴール方向へ旋回","","","","","","","","","","","","","","","","","","","","","","","","","","","","","","","","","","","","","","","","","",""
"1881.476647219","2026-08-15 09:56:22.895736","/home/akatoki/SC-30/scripts/SC-30/2_phase/EM.py","log_msg","93","","","","旋回します (角度差: 76.8度, 0.30秒駆動)","","","","","","","","","","","","","","","","","","","","","","","","","","","","","","","","","","","","","","","","","",""
"1881.479690537","2026-08-15 09:56:22.898773","/home/akatoki/SC-30/scripts/SC-30/2_phase/motordrive.py","move","150","","","","move: direction=q, power=1.0, duration=0.3","","","","","","","","","","","","","","","","","","","","","","","","","","","","","","","","","","","","","","","","","",""
"1881.484117291","2026-08-15 09:56:22.903209","/home/akatoki/SC-30/scripts/SC-30/2_phase/motordrive.py","set_values","186","","","","","","","","","","","","","","","","","","","","","","-0.0","0.0","","","","","","","","","","","","","","","","","","","","","","",""
"1881.513864097","2026-08-15 09:56:22.932948","/home/akatoki/SC-30/scripts/SC-30/2_phase/motordrive.py","set_values","186","","","","","","","","","","","","","","","","","","","","","","-0.1","0.1","","","","","","","","","","","","","","","","","","","","","","",""
"1881.544555188","2026-08-15 09:56:22.963639","/home/akatoki/SC-30/scripts/SC-30/2_phase/motordrive.py","set_values","186","","","","","","","","","","","","","","","","","","","","","","-0.2","0.2","","","","","","","","","","","","","","","","","","","","","","",""
"1881.580260927","2026-08-15 09:56:22.999345","/home/akatoki/SC-30/scripts/SC-30/2_phase/motordrive.py","set_values","186","","","","","","","","","","","","","","","","","","","","","","-0.30000000000000004","0.30000000000000004","","","","","","","","","","","","","","","","","","","","","","",""
"1881.610875823","2026-08-15 09:56:23.029960","/home/akatoki/SC-30/scripts/SC-30/2_phase/motordrive.py","set_values","186","","","","","","","","","","","","","","","","","","","","","","-0.4","0.4","","","","","","","","","","","","","","","","","","","","","","",""
"1881.641619359","2026-08-15 09:56:23.060704","/home/akatoki/SC-30/scripts/SC-30/2_phase/motordrive.py","set_values","186","","","","","","","","","","","","","","","","","","","","","","-0.5","0.5","","","","","","","","","","","","","","","","","","","","","","",""
"1881.672397789","2026-08-15 09:56:23.091482","/home/akatoki/SC-30/scripts/SC-30/2_phase/motordrive.py","set_values","186","","","","","","","","","","","","","","","","","","","","","","-0.6000000000000001","0.6000000000000001","","","","","","","","","","","","","","","","","","","","","","",""
"1881.70311393","2026-08-15 09:56:23.122197","/home/akatoki/SC-30/scripts/SC-30/2_phase/motordrive.py","set_values","186","","","","","","","","","","","","","","","","","","","","","","-0.7000000000000001","0.7000000000000001","","","","","","","","","","","","","","","","","","","","","","",""
"1881.733877049","2026-08-15 09:56:23.152961","/home/akatoki/SC-30/scripts/SC-30/2_phase/motordrive.py","set_values","186","","","","","","","","","","","","","","","","","","","","","","-0.8","0.8","","","","","","","","","","","","","","","","","","","","","","",""
"1881.764748653","2026-08-15 09:56:23.183833","/home/akatoki/SC-30/scripts/SC-30/2_phase/motordrive.py","set_values","186","","","","","","","","","","","","","","","","","","","","","","-0.9","0.9","","","","","","","","","","","","","","","","","","","","","","",""
"1881.800320489","2026-08-15 09:56:23.219411","/home/akatoki/SC-30/scripts/SC-30/2_phase/motordrive.py","set_values","186","","","","","","","","","","","","","","","","","","","","","","-1.0","1.0","","","","","","","","","","","","","","","","","","","","","","",""
"1881.830828253","2026-08-15 09:56:23.249918","/home/akatoki/SC-30/scripts/SC-30/2_phase/motordrive.py","set_values","186","","","","","","","","","","","","","","","","","","","","","","-1.0","1.0","","","","","","","","","","","","","","","","","","","","","","",""
"1881.862509669","2026-08-15 09:56:23.281600","/home/akatoki/SC-30/scripts/SC-30/2_phase/motordrive.py","stop","120","","","","stop: power_r=1.0, power_l=-1.0","","","","","","","","","","","","","","","","","","","","","","","","","","","","","","","","","","","","","","","","","",""
"1882.443685353","2026-08-15 09:56:23.862784","/home/akatoki/SC-30/scripts/SC-30/2_phase/motordrive.py","stop","134","","","","","","","","","","","","","","","","","","","","","","0.0","0.0","","","","","","","","","","","","","","","","","","","","","","",""
"1882.548395993","2026-08-15 09:56:23.967501","/home/akatoki/SC-30/scripts/SC-30/2_phase/EM.py","log_msg","93","","","","5秒前進","","","","","","","","","","","","","","","","","","","","","","","","","","","","","","","","","","","","","","","","","",""
"1882.553568343","2026-08-15 09:56:23.972665","/home/akatoki/SC-30/scripts/SC-30/2_phase/motordrive.py","move","150","","","","move: direction=w, power=1.0, duration=15","","","","","","","","","","","","","","","","","","","","","","","","","","","","","","","","","","","","","","","","","",""
"1882.559693988","2026-08-15 09:56:23.978792","/home/akatoki/SC-30/scripts/SC-30/2_phase/motordrive.py","set_values","186","","","","","","","","","","","","","","","","","","","","","","0.0","0.0","","","","","","","","","","","","","","","","","","","","","","",""
"1882.595434568","2026-08-15 09:56:24.014522","/home/akatoki/SC-30/scripts/SC-30/2_phase/motordrive.py","set_values","186","","","","","","","","","","","","","","","","","","","","","","0.06999999999999999","0.1","","","","","","","","","","","","","","","","","","","","","","",""
"1882.627660597","2026-08-15 09:56:24.046749","/home/akatoki/SC-30/scripts/SC-30/2_phase/motordrive.py","set_values","186","","","","","","","","","","","","","","","","","","","","","","0.13999999999999999","0.2","","","","","","","","","","","","","","","","","","","","","","",""
"1882.660267079","2026-08-15 09:56:24.079356","/home/akatoki/SC-30/scripts/SC-30/2_phase/motordrive.py","set_values","186","","","","","","","","","","","","","","","","","","","","","","0.21000000000000002","0.30000000000000004","","","","","","","","","","","","","","","","","","","","","","",""
"1882.692890176","2026-08-15 09:56:24.111979","/home/akatoki/SC-30/scripts/SC-30/2_phase/motordrive.py","set_values","186","","","","","","","","","","","","","","","","","","","","","","0.27999999999999997","0.4","","","","","","","","","","","","","","","","","","","","","","",""
"1882.724903244","2026-08-15 09:56:24.143990","/home/akatoki/SC-30/scripts/SC-30/2_phase/motordrive.py","set_values","186","","","","","","","","","","","","","","","","","","","","","","0.35","0.5","","","","","","","","","","","","","","","","","","","","","","",""
"1882.757004954","2026-08-15 09:56:24.176092","/home/akatoki/SC-30/scripts/SC-30/2_phase/motordrive.py","set_values","186","","","","","","","","","","","","","","","","","","","","","","0.42000000000000004","0.6000000000000001","","","","","","","","","","","","","","","","","","","","","","",""
"1882.788928807","2026-08-15 09:56:24.208016","/home/akatoki/SC-30/scripts/SC-30/2_phase/motordrive.py","set_values","186","","","","","","","","","","","","","","","","","","","","","","0.49","0.7000000000000001","","","","","","","","","","","","","","","","","","","","","","",""
"1882.825628983","2026-08-15 09:56:24.244716","/home/akatoki/SC-30/scripts/SC-30/2_phase/motordrive.py","set_values","186","","","","","","","","","","","","","","","","","","","","","","0.5599999999999999","0.8","","","","","","","","","","","","","","","","","","","","","","",""
"1882.857708403","2026-08-15 09:56:24.276796","/home/akatoki/SC-30/scripts/SC-30/2_phase/motordrive.py","set_values","186","","","","","","","","","","","","","","","","","","","","","","0.63","0.9","","","","","","","","","","","","","","","","","","","","","","",""
"1882.889745429","2026-08-15 09:56:24.308833","/home/akatoki/SC-30/scripts/SC-30/2_phase/motordrive.py","set_values","186","","","","","","","","","","","","","","","","","","","","","","0.7","1.0","","","","","","","","","","","","","","","","","","","","","","",""
"1882.922337485","2026-08-15 09:56:24.341426","/home/akatoki/SC-30/scripts/SC-30/2_phase/motordrive.py","set_values","186","","","","","","","","","","","","","","","","","","","","","","0.7","1.0","","","","","","","","","","","","","","","","","","","","","","",""
