time,date,file,func,line,serious_error,error,warning,msg,format_exception,phase,gnss_time,lat,lon,alt,alt_base_press,goal_lat,goal_lon,temp,press,camera_area,camera_order,camera_center_x,camera_center_y,camera_frame_size_x,camera_frame_size_y,motor_l,motor_r,goal_relative_x,goal_relative_y,goal_relative_angle_rad,goal_distance,accel_all_x,accel_all_y,accel_all_z,accel_line_x,accel_line_y,accel_line_z,mag_x,mag_y,mag_z,gyro_x,gyro_y,gyro_z,grav_x,grav_y,grav_z,euler_x,euler_y,euler_z,nmea
"3863.762603716","2026-08-15 07:14:52.376948","/home/akatoki/SC-30/scripts/SC-30/2_phase/motordrive.py","move","150","","","","move: direction=q, power=0.7, duration=0.1","","","","","","","","","","","","","","","","","","","","","","","","","","","","","","","","","","","","","","","","","",""
"3863.781287842","2026-08-15 07:14:52.395633","/home/akatoki/SC-30/scripts/SC-30/2_phase/motordrive.py","set_values","186","","","","","","","","","","","","","","","","","","","","","","-0.0","0.0","","","","","","","","","","","","","","","","","","","","","","",""
"3863.814150501","2026-08-15 07:14:52.428486","/home/akatoki/SC-30/scripts/SC-30/2_phase/motordrive.py","set_values","186","","","","","","","","","","","","","","","","","","","","","","-0.1","0.1","","","","","","","","","","","","","","","","","","","","","","",""
"3863.846344168","2026-08-15 07:14:52.460680","/home/akatoki/SC-30/scripts/SC-30/2_phase/motordrive.py","set_values","186","","","","","","","","","","","","","","","","","","","","","","-0.2","0.2","","","","","","","","","","","","","","","","","","","","","","",""
"3863.879285632","2026-08-15 07:14:52.493622","/home/akatoki/SC-30/scripts/SC-30/2_phase/motordrive.py","set_values","186","","","","","","","","","","","","","","","","","","","","","","-0.30000000000000004","0.30000000000000004","","","","","","","","","","","","","","","","","","","","","","",""
"3863.910975888","2026-08-15 07:14:52.525312","/home/akatoki/SC-30/scripts/SC-30/2_phase/motordrive.py","set_values","186","","","","","","","","","","","","","","","","","","","","","","-0.4","0.4","","","","","","","","","","","","","","","","","","","","","","",""
"3863.942056217","2026-08-15 07:14:52.556392","/home/akatoki/SC-30/scripts/SC-30/2_phase/motordrive.py","set_values","186","","","","","","","","","","","","","","","","","","","","","","-0.5","0.5","","","","","","","","","","","","","","","","","","","","","","",""
"3863.973169411","2026-08-15 07:14:52.587506","/home/akatoki/SC-30/scripts/SC-30/2_phase/motordrive.py","set_values","186","","","","","","","","","","","","","","","","","","","","","","-0.6000000000000001","0.6000000000000001","","","","","","","","","","","","","","","","","","","","","","",""
"3864.009174209","2026-08-15 07:14:52.623513","/home/akatoki/SC-30/scripts/SC-30/2_phase/motordrive.py","stop","120","","","","stop: power_r=0.6, power_l=-0.6","","","","","","","","","","","","","","","","","","","","","","","","","","","","","","","","","","","","","","","","","",""
"3864.336728867","2026-08-15 07:14:52.951078","/home/akatoki/SC-30/scripts/SC-30/2_phase/motordrive.py","stop","134","","","","","","","","","","","","","","","","","","","","","","0.0","0.0","","","","","","","","","","","","","","","","","","","","","","",""
"3864.448383445","2026-08-15 07:14:53.062722","/home/akatoki/SC-30/scripts/SC-30/2_phase/motordrive.py","move","150","","","","move: direction=w, power=0.7, duration=1.5","","","","","","","","","","","","","","","","","","","","","","","","","","","","","","","","","","","","","","","","","",""
"3864.457315982","2026-08-15 07:14:53.071665","/home/akatoki/SC-30/scripts/SC-30/2_phase/motordrive.py","set_values","186","","","","","","","","","","","","","","","","","","","","","","0.0","0.0","","","","","","","","","","","","","","","","","","","","","","",""
"3864.491839714","2026-08-15 07:14:53.106177","/home/akatoki/SC-30/scripts/SC-30/2_phase/motordrive.py","set_values","186","","","","","","","","","","","","","","","","","","","","","","0.08000000000000002","0.1","","","","","","","","","","","","","","","","","","","","","","",""
"3864.526442462","2026-08-15 07:14:53.140780","/home/akatoki/SC-30/scripts/SC-30/2_phase/motordrive.py","set_values","186","","","","","","","","","","","","","","","","","","","","","","0.16000000000000003","0.2","","","","","","","","","","","","","","","","","","","","","","",""
"3864.56312896","2026-08-15 07:14:53.177467","/home/akatoki/SC-30/scripts/SC-30/2_phase/motordrive.py","set_values","186","","","","","","","","","","","","","","","","","","","","","","0.24000000000000005","0.30000000000000004","","","","","","","","","","","","","","","","","","","","","","",""
"3864.599397782","2026-08-15 07:14:53.213736","/home/akatoki/SC-30/scripts/SC-30/2_phase/motordrive.py","set_values","186","","","","","","","","","","","","","","","","","","","","","","0.32000000000000006","0.4","","","","","","","","","","","","","","","","","","","","","","",""
"3864.633567278","2026-08-15 07:14:53.247907","/home/akatoki/SC-30/scripts/SC-30/2_phase/motordrive.py","set_values","186","","","","","","","","","","","","","","","","","","","","","","0.4","0.5","","","","","","","","","","","","","","","","","","","","","","",""
"3864.66794267","2026-08-15 07:14:53.282282","/home/akatoki/SC-30/scripts/SC-30/2_phase/motordrive.py","set_values","186","","","","","","","","","","","","","","","","","","","","","","0.4800000000000001","0.6000000000000001","","","","","","","","","","","","","","","","","","","","","","",""
"3864.701419162","2026-08-15 07:14:53.315757","/home/akatoki/SC-30/scripts/SC-30/2_phase/motordrive.py","set_values","186","","","","","","","","","","","","","","","","","","","","","","0.5599999999999999","0.7","","","","","","","","","","","","","","","","","","","","","","",""
"3866.033259365","2026-08-15 07:14:54.647600","/home/akatoki/SC-30/scripts/SC-30/2_phase/motordrive.py","stop","120","","","","stop: power_r=0.7, power_l=0.5599","","","","","","","","","","","","","","","","","","","","","","","","","","","","","","","","","","","","","","","","","",""
"3866.424379076","2026-08-15 07:14:55.038729","/home/akatoki/SC-30/scripts/SC-30/2_phase/motordrive.py","stop","134","","","","","","","","","","","","","","","","","","","","","","0.0","0.0","","","","","","","","","","","","","","","","","","","","","","",""
"3866.689245707","2026-08-15 07:14:55.303582","/home/akatoki/SC-30/scripts/SC-30/2_phase/motordrive.py","move","150","","","","move: direction=q, power=0.7, duration=0.1","","","","","","","","","","","","","","","","","","","","","","","","","","","","","","","","","","","","","","","","","",""
"3866.700836609","2026-08-15 07:14:55.315182","/home/akatoki/SC-30/scripts/SC-30/2_phase/motordrive.py","set_values","186","","","","","","","","","","","","","","","","","","","","","","-0.0","0.0","","","","","","","","","","","","","","","","","","","","","","",""
"3866.732789846","2026-08-15 07:14:55.347126","/home/akatoki/SC-30/scripts/SC-30/2_phase/motordrive.py","set_values","186","","","","","","","","","","","","","","","","","","","","","","-0.1","0.1","","","","","","","","","","","","","","","","","","","","","","",""
"3866.765491872","2026-08-15 07:14:55.379829","/home/akatoki/SC-30/scripts/SC-30/2_phase/motordrive.py","set_values","186","","","","","","","","","","","","","","","","","","","","","","-0.2","0.2","","","","","","","","","","","","","","","","","","","","","","",""
"3866.800641105","2026-08-15 07:14:55.414978","/home/akatoki/SC-30/scripts/SC-30/2_phase/motordrive.py","set_values","186","","","","","","","","","","","","","","","","","","","","","","-0.30000000000000004","0.30000000000000004","","","","","","","","","","","","","","","","","","","","","","",""
"3866.833194895","2026-08-15 07:14:55.447531","/home/akatoki/SC-30/scripts/SC-30/2_phase/motordrive.py","set_values","186","","","","","","","","","","","","","","","","","","","","","","-0.4","0.4","","","","","","","","","","","","","","","","","","","","","","",""
"3866.864258816","2026-08-15 07:14:55.478596","/home/akatoki/SC-30/scripts/SC-30/2_phase/motordrive.py","set_values","186","","","","","","","","","","","","","","","","","","","","","","-0.5","0.5","","","","","","","","","","","","","","","","","","","","","","",""
"3866.896360395","2026-08-15 07:14:55.510698","/home/akatoki/SC-30/scripts/SC-30/2_phase/motordrive.py","set_values","186","","","","","","","","","","","","","","","","","","","","","","-0.6000000000000001","0.6000000000000001","","","","","","","","","","","","","","","","","","","","","","",""
"3866.933295344","2026-08-15 07:14:55.547634","/home/akatoki/SC-30/scripts/SC-30/2_phase/motordrive.py","stop","120","","","","stop: power_r=0.6, power_l=-0.6","","","","","","","","","","","","","","","","","","","","","","","","","","","","","","","","","","","","","","","","","",""
"3867.25543525","2026-08-15 07:14:55.869784","/home/akatoki/SC-30/scripts/SC-30/2_phase/motordrive.py","stop","134","","","","","","","","","","","","","","","","","","","","","","0.0","0.0","","","","","","","","","","","","","","","","","","","","","","",""
"3867.360516629","2026-08-15 07:14:55.974853","/home/akatoki/SC-30/scripts/SC-30/2_phase/motordrive.py","move","150","","","","move: direction=w, power=0.7, duration=1.5","","","","","","","","","","","","","","","","","","","","","","","","","","","","","","","","","","","","","","","","","",""
"3867.368676419","2026-08-15 07:14:55.983022","/home/akatoki/SC-30/scripts/SC-30/2_phase/motordrive.py","set_values","186","","","","","","","","","","","","","","","","","","","","","","0.0","0.0","","","","","","","","","","","","","","","","","","","","","","",""
"3867.402064313","2026-08-15 07:14:56.016401","/home/akatoki/SC-30/scripts/SC-30/2_phase/motordrive.py","set_values","186","","","","","","","","","","","","","","","","","","","","","","0.08000000000000002","0.1","","","","","","","","","","","","","","","","","","","","","","",""
"3867.435186151","2026-08-15 07:14:56.049521","/home/akatoki/SC-30/scripts/SC-30/2_phase/motordrive.py","set_values","186","","","","","","","","","","","","","","","","","","","","","","0.16000000000000003","0.2","","","","","","","","","","","","","","","","","","","","","","",""
"3867.468157878","2026-08-15 07:14:56.082494","/home/akatoki/SC-30/scripts/SC-30/2_phase/motordrive.py","set_values","186","","","","","","","","","","","","","","","","","","","","","","0.24000000000000005","0.30000000000000004","","","","","","","","","","","","","","","","","","","","","","",""
"3867.504337998","2026-08-15 07:14:56.118673","/home/akatoki/SC-30/scripts/SC-30/2_phase/motordrive.py","set_values","186","","","","","","","","","","","","","","","","","","","","","","0.32000000000000006","0.4","","","","","","","","","","","","","","","","","","","","","","",""
"3867.537799072","2026-08-15 07:14:56.152135","/home/akatoki/SC-30/scripts/SC-30/2_phase/motordrive.py","set_values","186","","","","","","","","","","","","","","","","","","","","","","0.4","0.5","","","","","","","","","","","","","","","","","","","","","","",""
"3867.569720121","2026-08-15 07:14:56.184056","/home/akatoki/SC-30/scripts/SC-30/2_phase/motordrive.py","set_values","186","","","","","","","","","","","","","","","","","","","","","","0.4800000000000001","0.6000000000000001","","","","","","","","","","","","","","","","","","","","","","",""
"3867.601810501","2026-08-15 07:14:56.216146","/home/akatoki/SC-30/scripts/SC-30/2_phase/motordrive.py","set_values","186","","","","","","","","","","","","","","","","","","","","","","0.5599999999999999","0.7","","","","","","","","","","","","","","","","","","","","","","",""
"3868.93410115","2026-08-15 07:14:57.548438","/home/akatoki/SC-30/scripts/SC-30/2_phase/motordrive.py","stop","120","","","","stop: power_r=0.7, power_l=0.5599","","","","","","","","","","","","","","","","","","","","","","","","","","","","","","","","","","","","","","","","","",""
"3869.31081534","2026-08-15 07:14:57.925160","/home/akatoki/SC-30/scripts/SC-30/2_phase/motordrive.py","stop","134","","","","","","","","","","","","","","","","","","","","","","0.0","0.0","","","","","","","","","","","","","","","","","","","","","","",""
"3869.561360568","2026-08-15 07:14:58.175699","/home/akatoki/SC-30/scripts/SC-30/2_phase/motordrive.py","move","150","","","","move: direction=q, power=0.7, duration=0.1","","","","","","","","","","","","","","","","","","","","","","","","","","","","","","","","","","","","","","","","","",""
"3869.577485971","2026-08-15 07:14:58.191832","/home/akatoki/SC-30/scripts/SC-30/2_phase/motordrive.py","set_values","186","","","","","","","","","","","","","","","","","","","","","","-0.0","0.0","","","","","","","","","","","","","","","","","","","","","","",""
"3869.60997658","2026-08-15 07:14:58.224314","/home/akatoki/SC-30/scripts/SC-30/2_phase/motordrive.py","set_values","186","","","","","","","","","","","","","","","","","","","","","","-0.1","0.1","","","","","","","","","","","","","","","","","","","","","","",""
"3869.642636676","2026-08-15 07:14:58.256974","/home/akatoki/SC-30/scripts/SC-30/2_phase/motordrive.py","set_values","186","","","","","","","","","","","","","","","","","","","","","","-0.2","0.2","","","","","","","","","","","","","","","","","","","","","","",""
"3869.676249999","2026-08-15 07:14:58.290586","/home/akatoki/SC-30/scripts/SC-30/2_phase/motordrive.py","set_values","186","","","","","","","","","","","","","","","","","","","","","","-0.30000000000000004","0.30000000000000004","","","","","","","","","","","","","","","","","","","","","","",""
"3869.708838738","2026-08-15 07:14:58.323175","/home/akatoki/SC-30/scripts/SC-30/2_phase/motordrive.py","set_values","186","","","","","","","","","","","","","","","","","","","","","","-0.4","0.4","","","","","","","","","","","","","","","","","","","","","","",""
"3869.742337679","2026-08-15 07:14:58.356674","/home/akatoki/SC-30/scripts/SC-30/2_phase/motordrive.py","set_values","186","","","","","","","","","","","","","","","","","","","","","","-0.5","0.5","","","","","","","","","","","","","","","","","","","","","","",""
"3869.775185181","2026-08-15 07:14:58.389522","/home/akatoki/SC-30/scripts/SC-30/2_phase/motordrive.py","set_values","186","","","","","","","","","","","","","","","","","","","","","","-0.6000000000000001","0.6000000000000001","","","","","","","","","","","","","","","","","","","","","","",""
"3869.807698135","2026-08-15 07:14:58.422035","/home/akatoki/SC-30/scripts/SC-30/2_phase/motordrive.py","stop","120","","","","stop: power_r=0.6, power_l=-0.6","","","","","","","","","","","","","","","","","","","","","","","","","","","","","","","","","","","","","","","","","",""
"3870.139728076","2026-08-15 07:14:58.754072","/home/akatoki/SC-30/scripts/SC-30/2_phase/motordrive.py","stop","134","","","","","","","","","","","","","","","","","","","","","","0.0","0.0","","","","","","","","","","","","","","","","","","","","","","",""
"3870.244679866","2026-08-15 07:14:58.859016","/home/akatoki/SC-30/scripts/SC-30/2_phase/motordrive.py","move","150","","","","move: direction=w, power=0.7, duration=1.5","","","","","","","","","","","","","","","","","","","","","","","","","","","","","","","","","","","","","","","","","",""
"3870.251959663","2026-08-15 07:14:58.866305","/home/akatoki/SC-30/scripts/SC-30/2_phase/motordrive.py","set_values","186","","","","","","","","","","","","","","","","","","","","","","0.0","0.0","","","","","","","","","","","","","","","","","","","","","","",""
"3870.282470119","2026-08-15 07:14:58.896805","/home/akatoki/SC-30/scripts/SC-30/2_phase/motordrive.py","set_values","186","","","","","","","","","","","","","","","","","","","","","","0.08000000000000002","0.1","","","","","","","","","","","","","","","","","","","","","","",""
"3870.315048128","2026-08-15 07:14:58.929383","/home/akatoki/SC-30/scripts/SC-30/2_phase/motordrive.py","set_values","186","","","","","","","","","","","","","","","","","","","","","","0.16000000000000003","0.2","","","","","","","","","","","","","","","","","","","","","","",""
"3870.346904226","2026-08-15 07:14:58.961241","/home/akatoki/SC-30/scripts/SC-30/2_phase/motordrive.py","set_values","186","","","","","","","","","","","","","","","","","","","","","","0.24000000000000005","0.30000000000000004","","","","","","","","","","","","","","","","","","","","","","",""
"3870.38838649","2026-08-15 07:14:59.002723","/home/akatoki/SC-30/scripts/SC-30/2_phase/motordrive.py","set_values","186","","","","","","","","","","","","","","","","","","","","","","0.32000000000000006","0.4","","","","","","","","","","","","","","","","","","","","","","",""
"3870.421957987","2026-08-15 07:14:59.036293","/home/akatoki/SC-30/scripts/SC-30/2_phase/motordrive.py","set_values","186","","","","","","","","","","","","","","","","","","","","","","0.4","0.5","","","","","","","","","","","","","","","","","","","","","","",""
"3870.453485578","2026-08-15 07:14:59.067822","/home/akatoki/SC-30/scripts/SC-30/2_phase/motordrive.py","set_values","186","","","","","","","","","","","","","","","","","","","","","","0.4800000000000001","0.6000000000000001","","","","","","","","","","","","","","","","","","","","","","",""
"3870.484747219","2026-08-15 07:14:59.099083","/home/akatoki/SC-30/scripts/SC-30/2_phase/motordrive.py","set_values","186","","","","","","","","","","","","","","","","","","","","","","0.5599999999999999","0.7","","","","","","","","","","","","","","","","","","","","","","",""
"3871.909784878","2026-08-15 07:15:00.524124","/home/akatoki/SC-30/scripts/SC-30/2_phase/motordrive.py","stop","120","","","","stop: power_r=0.7, power_l=0.5599","","","","","","","","","","","","","","","","","","","","","","","","","","","","","","","","","","","","","","","","","",""
"3872.299411288","2026-08-15 07:15:00.913762","/home/akatoki/SC-30/scripts/SC-30/2_phase/motordrive.py","stop","134","","","","","","","","","","","","","","","","","","","","","","0.0","0.0","","","","","","","","","","","","","","","","","","","","","","",""
"3872.558100317","2026-08-15 07:15:01.172440","/home/akatoki/SC-30/scripts/SC-30/2_phase/motordrive.py","move","150","","","","move: direction=e, power=0.7, duration=0.1","","","","","","","","","","","","","","","","","","","","","","","","","","","","","","","","","","","","","","","","","",""
"3872.564946134","2026-08-15 07:15:01.179296","/home/akatoki/SC-30/scripts/SC-30/2_phase/motordrive.py","set_values","186","","","","","","","","","","","","","","","","","","","","","","0.0","-0.0","","","","","","","","","","","","","","","","","","","","","","",""
"3872.600420123","2026-08-15 07:15:01.214757","/home/akatoki/SC-30/scripts/SC-30/2_phase/motordrive.py","set_values","186","","","","","","","","","","","","","","","","","","","","","","0.1","-0.1","","","","","","","","","","","","","","","","","","","","","","",""
"3872.632360444","2026-08-15 07:15:01.246696","/home/akatoki/SC-30/scripts/SC-30/2_phase/motordrive.py","set_values","186","","","","","","","","","","","","","","","","","","","","","","0.2","-0.2","","","","","","","","","","","","","","","","","","","","","","",""
"3872.664066691","2026-08-15 07:15:01.278403","/home/akatoki/SC-30/scripts/SC-30/2_phase/motordrive.py","set_values","186","","","","","","","","","","","","","","","","","","","","","","0.30000000000000004","-0.30000000000000004","","","","","","","","","","","","","","","","","","","","","","",""
"3872.69589935","2026-08-15 07:15:01.310235","/home/akatoki/SC-30/scripts/SC-30/2_phase/motordrive.py","set_values","186","","","","","","","","","","","","","","","","","","","","","","0.4","-0.4","","","","","","","","","","","","","","","","","","","","","","",""
"3872.728389282","2026-08-15 07:15:01.342727","/home/akatoki/SC-30/scripts/SC-30/2_phase/motordrive.py","set_values","186","","","","","","","","","","","","","","","","","","","","","","0.5","-0.5","","","","","","","","","","","","","","","","","","","","","","",""
"3872.76005563","2026-08-15 07:15:01.374392","/home/akatoki/SC-30/scripts/SC-30/2_phase/motordrive.py","set_values","186","","","","","","","","","","","","","","","","","","","","","","0.6000000000000001","-0.6000000000000001","","","","","","","","","","","","","","","","","","","","","","",""
"3872.790716302","2026-08-15 07:15:01.405054","/home/akatoki/SC-30/scripts/SC-30/2_phase/motordrive.py","stop","120","","","","stop: power_r=-0.6, power_l=0.6","","","","","","","","","","","","","","","","","","","","","","","","","","","","","","","","","","","","","","","","","",""
"3873.122234344","2026-08-15 07:15:01.736580","/home/akatoki/SC-30/scripts/SC-30/2_phase/motordrive.py","stop","134","","","","","","","","","","","","","","","","","","","","","","0.0","0.0","","","","","","","","","","","","","","","","","","","","","","",""
"3873.365661973","2026-08-15 07:15:01.980001","/home/akatoki/SC-30/scripts/SC-30/2_phase/motordrive.py","move","150","","","","move: direction=e, power=0.7, duration=0.1","","","","","","","","","","","","","","","","","","","","","","","","","","","","","","","","","","","","","","","","","",""
"3873.37222689","2026-08-15 07:15:01.986574","/home/akatoki/SC-30/scripts/SC-30/2_phase/motordrive.py","set_values","186","","","","","","","","","","","","","","","","","","","","","","0.0","-0.0","","","","","","","","","","","","","","","","","","","","","","",""
"3873.404235339","2026-08-15 07:15:02.018572","/home/akatoki/SC-30/scripts/SC-30/2_phase/motordrive.py","set_values","186","","","","","","","","","","","","","","","","","","","","","","0.1","-0.1","","","","","","","","","","","","","","","","","","","","","","",""
"3873.435826006","2026-08-15 07:15:02.050163","/home/akatoki/SC-30/scripts/SC-30/2_phase/motordrive.py","set_values","186","","","","","","","","","","","","","","","","","","","","","","0.2","-0.2","","","","","","","","","","","","","","","","","","","","","","",""
"3873.484986525","2026-08-15 07:15:02.099322","/home/akatoki/SC-30/scripts/SC-30/2_phase/motordrive.py","set_values","186","","","","","","","","","","","","","","","","","","","","","","0.30000000000000004","-0.30000000000000004","","","","","","","","","","","","","","","","","","","","","","",""
"3873.518646621","2026-08-15 07:15:02.132983","/home/akatoki/SC-30/scripts/SC-30/2_phase/motordrive.py","set_values","186","","","","","","","","","","","","","","","","","","","","","","0.4","-0.4","","","","","","","","","","","","","","","","","","","","","","",""
"3873.554869763","2026-08-15 07:15:02.169206","/home/akatoki/SC-30/scripts/SC-30/2_phase/motordrive.py","set_values","186","","","","","","","","","","","","","","","","","","","","","","0.5","-0.5","","","","","","","","","","","","","","","","","","","","","","",""
"3873.588107546","2026-08-15 07:15:02.202444","/home/akatoki/SC-30/scripts/SC-30/2_phase/motordrive.py","set_values","186","","","","","","","","","","","","","","","","","","","","","","0.6000000000000001","-0.6000000000000001","","","","","","","","","","","","","","","","","","","","","","",""
"3873.620455335","2026-08-15 07:15:02.234792","/home/akatoki/SC-30/scripts/SC-30/2_phase/motordrive.py","stop","120","","","","stop: power_r=-0.6, power_l=0.6","","","","","","","","","","","","","","","","","","","","","","","","","","","","","","","","","","","","","","","","","",""
"3873.94713209","2026-08-15 07:15:02.561477","/home/akatoki/SC-30/scripts/SC-30/2_phase/motordrive.py","stop","134","","","","","","","","","","","","","","","","","","","","","","0.0","0.0","","","","","","","","","","","","","","","","","","","","","","",""
"3874.198051974","2026-08-15 07:15:02.812388","/home/akatoki/SC-30/scripts/SC-30/2_phase/motordrive.py","move","150","","","","move: direction=q, power=0.7, duration=0.1","","","","","","","","","","","","","","","","","","","","","","","","","","","","","","","","","","","","","","","","","",""
"3874.205180826","2026-08-15 07:15:02.819526","/home/akatoki/SC-30/scripts/SC-30/2_phase/motordrive.py","set_values","186","","","","","","","","","","","","","","","","","","","","","","-0.0","0.0","","","","","","","","","","","","","","","","","","","","","","",""
"3874.236091303","2026-08-15 07:15:02.850427","/home/akatoki/SC-30/scripts/SC-30/2_phase/motordrive.py","set_values","186","","","","","","","","","","","","","","","","","","","","","","-0.1","0.1","","","","","","","","","","","","","","","","","","","","","","",""
"3874.27219621","2026-08-15 07:15:02.886532","/home/akatoki/SC-30/scripts/SC-30/2_phase/motordrive.py","set_values","186","","","","","","","","","","","","","","","","","","","","","","-0.2","0.2","","","","","","","","","","","","","","","","","","","","","","",""
"3874.305871359","2026-08-15 07:15:02.920207","/home/akatoki/SC-30/scripts/SC-30/2_phase/motordrive.py","set_values","186","","","","","","","","","","","","","","","","","","","","","","-0.30000000000000004","0.30000000000000004","","","","","","","","","","","","","","","","","","","","","","",""
"3874.338567187","2026-08-15 07:15:02.952904","/home/akatoki/SC-30/scripts/SC-30/2_phase/motordrive.py","set_values","186","","","","","","","","","","","","","","","","","","","","","","-0.4","0.4","","","","","","","","","","","","","","","","","","","","","","",""
"3874.371038055","2026-08-15 07:15:02.985375","/home/akatoki/SC-30/scripts/SC-30/2_phase/motordrive.py","set_values","186","","","","","","","","","","","","","","","","","","","","","","-0.5","0.5","","","","","","","","","","","","","","","","","","","","","","",""
"3874.40210677","2026-08-15 07:15:03.016442","/home/akatoki/SC-30/scripts/SC-30/2_phase/motordrive.py","set_values","186","","","","","","","","","","","","","","","","","","","","","","-0.6000000000000001","0.6000000000000001","","","","","","","","","","","","","","","","","","","","","","",""
"3874.432958441","2026-08-15 07:15:03.047296","/home/akatoki/SC-30/scripts/SC-30/2_phase/motordrive.py","stop","120","","","","stop: power_r=0.6, power_l=-0.6","","","","","","","","","","","","","","","","","","","","","","","","","","","","","","","","","","","","","","","","","",""
"3874.753809432","2026-08-15 07:15:03.368154","/home/akatoki/SC-30/scripts/SC-30/2_phase/motordrive.py","stop","134","","","","","","","","","","","","","","","","","","","","","","0.0","0.0","","","","","","","","","","","","","","","","","","","","","","",""
"3874.864776841","2026-08-15 07:15:03.479115","/home/akatoki/SC-30/scripts/SC-30/2_phase/motordrive.py","move","150","","","","move: direction=w, power=0.7, duration=1.5","","","","","","","","","","","","","","","","","","","","","","","","","","","","","","","","","","","","","","","","","",""
"3874.873194352","2026-08-15 07:15:03.487540","/home/akatoki/SC-30/scripts/SC-30/2_phase/motordrive.py","set_values","186","","","","","","","","","","","","","","","","","","","","","","0.0","0.0","","","","","","","","","","","","","","","","","","","","","","",""
"3874.908560732","2026-08-15 07:15:03.522896","/home/akatoki/SC-30/scripts/SC-30/2_phase/motordrive.py","set_values","186","","","","","","","","","","","","","","","","","","","","","","0.08000000000000002","0.1","","","","","","","","","","","","","","","","","","","","","","",""
"3874.940052749","2026-08-15 07:15:03.554388","/home/akatoki/SC-30/scripts/SC-30/2_phase/motordrive.py","set_values","186","","","","","","","","","","","","","","","","","","","","","","0.16000000000000003","0.2","","","","","","","","","","","","","","","","","","","","","","",""
"3874.971066877","2026-08-15 07:15:03.585403","/home/akatoki/SC-30/scripts/SC-30/2_phase/motordrive.py","set_values","186","","","","","","","","","","","","","","","","","","","","","","0.24000000000000005","0.30000000000000004","","","","","","","","","","","","","","","","","","","","","","",""
"3875.002069182","2026-08-15 07:15:03.616405","/home/akatoki/SC-30/scripts/SC-30/2_phase/motordrive.py","set_values","186","","","","","","","","","","","","","","","","","","","","","","0.32000000000000006","0.4","","","","","","","","","","","","","","","","","","","","","","",""
"3875.035148414","2026-08-15 07:15:03.649486","/home/akatoki/SC-30/scripts/SC-30/2_phase/motordrive.py","set_values","186","","","","","","","","","","","","","","","","","","","","","","0.4","0.5","","","","","","","","","","","","","","","","","","","","","","",""
"3875.071198111","2026-08-15 07:15:03.685534","/home/akatoki/SC-30/scripts/SC-30/2_phase/motordrive.py","set_values","186","","","","","","","","","","","","","","","","","","","","","","0.4800000000000001","0.6000000000000001","","","","","","","","","","","","","","","","","","","","","","",""
"3875.107234108","2026-08-15 07:15:03.721570","/home/akatoki/SC-30/scripts/SC-30/2_phase/motordrive.py","set_values","186","","","","","","","","","","","","","","","","","","","","","","0.5599999999999999","0.7","","","","","","","","","","","","","","","","","","","","","","",""
"3876.439821665","2026-08-15 07:15:05.054159","/home/akatoki/SC-30/scripts/SC-30/2_phase/motordrive.py","stop","120","","","","stop: power_r=0.7, power_l=0.5599","","","","","","","","","","","","","","","","","","","","","","","","","","","","","","","","","","","","","","","","","",""
"3876.819349128","2026-08-15 07:15:05.433696","/home/akatoki/SC-30/scripts/SC-30/2_phase/motordrive.py","stop","134","","","","","","","","","","","","","","","","","","","","","","0.0","0.0","","","","","","","","","","","","","","","","","","","","","","",""
"3877.066480175","2026-08-15 07:15:05.680817","/home/akatoki/SC-30/scripts/SC-30/2_phase/motordrive.py","move","150","","","","move: direction=e, power=0.7, duration=0.1","","","","","","","","","","","","","","","","","","","","","","","","","","","","","","","","","","","","","","","","","",""
"3877.072574704","2026-08-15 07:15:05.686920","/home/akatoki/SC-30/scripts/SC-30/2_phase/motordrive.py","set_values","186","","","","","","","","","","","","","","","","","","","","","","0.0","-0.0","","","","","","","","","","","","","","","","","","","","","","",""
"3877.103358091","2026-08-15 07:15:05.717694","/home/akatoki/SC-30/scripts/SC-30/2_phase/motordrive.py","set_values","186","","","","","","","","","","","","","","","","","","","","","","0.1","-0.1","","","","","","","","","","","","","","","","","","","","","","",""
"3877.140384868","2026-08-15 07:15:05.754722","/home/akatoki/SC-30/scripts/SC-30/2_phase/motordrive.py","set_values","186","","","","","","","","","","","","","","","","","","","","","","0.2","-0.2","","","","","","","","","","","","","","","","","","","","","","",""
"3877.173408838","2026-08-15 07:15:05.787746","/home/akatoki/SC-30/scripts/SC-30/2_phase/motordrive.py","set_values","186","","","","","","","","","","","","","","","","","","","","","","0.30000000000000004","-0.30000000000000004","","","","","","","","","","","","","","","","","","","","","","",""
"3877.210413114","2026-08-15 07:15:05.824749","/home/akatoki/SC-30/scripts/SC-30/2_phase/motordrive.py","set_values","186","","","","","","","","","","","","","","","","","","","","","","0.4","-0.4","","","","","","","","","","","","","","","","","","","","","","",""
"3877.242455315","2026-08-15 07:15:05.856792","/home/akatoki/SC-30/scripts/SC-30/2_phase/motordrive.py","set_values","186","","","","","","","","","","","","","","","","","","","","","","0.5","-0.5","","","","","","","","","","","","","","","","","","","","","","",""
"3877.273814304","2026-08-15 07:15:05.888151","/home/akatoki/SC-30/scripts/SC-30/2_phase/motordrive.py","set_values","186","","","","","","","","","","","","","","","","","","","","","","0.6000000000000001","-0.6000000000000001","","","","","","","","","","","","","","","","","","","","","","",""
"3877.306534561","2026-08-15 07:15:05.920874","/home/akatoki/SC-30/scripts/SC-30/2_phase/motordrive.py","stop","120","","","","stop: power_r=-0.6, power_l=0.6","","","","","","","","","","","","","","","","","","","","","","","","","","","","","","","","","","","","","","","","","",""
"3877.637174696","2026-08-15 07:15:06.251524","/home/akatoki/SC-30/scripts/SC-30/2_phase/motordrive.py","stop","134","","","","","","","","","","","","","","","","","","","","","","0.0","0.0","","","","","","","","","","","","","","","","","","","","","","",""
"3877.752472013","2026-08-15 07:15:06.366812","/home/akatoki/SC-30/scripts/SC-30/2_phase/motordrive.py","move","150","","","","move: direction=w, power=0.7, duration=1.5","","","","","","","","","","","","","","","","","","","","","","","","","","","","","","","","","","","","","","","","","",""
"3877.763604037","2026-08-15 07:15:06.377953","/home/akatoki/SC-30/scripts/SC-30/2_phase/motordrive.py","set_values","186","","","","","","","","","","","","","","","","","","","","","","0.0","0.0","","","","","","","","","","","","","","","","","","","","","","",""
"3877.799810982","2026-08-15 07:15:06.414149","/home/akatoki/SC-30/scripts/SC-30/2_phase/motordrive.py","set_values","186","","","","","","","","","","","","","","","","","","","","","","0.08000000000000002","0.1","","","","","","","","","","","","","","","","","","","","","","",""
"3877.834149237","2026-08-15 07:15:06.448487","/home/akatoki/SC-30/scripts/SC-30/2_phase/motordrive.py","set_values","186","","","","","","","","","","","","","","","","","","","","","","0.16000000000000003","0.2","","","","","","","","","","","","","","","","","","","","","","",""
"3877.867371029","2026-08-15 07:15:06.481710","/home/akatoki/SC-30/scripts/SC-30/2_phase/motordrive.py","set_values","186","","","","","","","","","","","","","","","","","","","","","","0.24000000000000005","0.30000000000000004","","","","","","","","","","","","","","","","","","","","","","",""
"3877.901637093","2026-08-15 07:15:06.515976","/home/akatoki/SC-30/scripts/SC-30/2_phase/motordrive.py","set_values","186","","","","","","","","","","","","","","","","","","","","","","0.32000000000000006","0.4","","","","","","","","","","","","","","","","","","","","","","",""
"3877.93650199","2026-08-15 07:15:06.550841","/home/akatoki/SC-30/scripts/SC-30/2_phase/motordrive.py","set_values","186","","","","","","","","","","","","","","","","","","","","","","0.4","0.5","","","","","","","","","","","","","","","","","","","","","","",""
"3877.978724865","2026-08-15 07:15:06.593065","/home/akatoki/SC-30/scripts/SC-30/2_phase/motordrive.py","set_values","186","","","","","","","","","","","","","","","","","","","","","","0.4800000000000001","0.6000000000000001","","","","","","","","","","","","","","","","","","","","","","",""
"3878.011629037","2026-08-15 07:15:06.625968","/home/akatoki/SC-30/scripts/SC-30/2_phase/motordrive.py","set_values","186","","","","","","","","","","","","","","","","","","","","","","0.5599999999999999","0.7","","","","","","","","","","","","","","","","","","","","","","",""
"3879.394253882","2026-08-15 07:15:08.008594","/home/akatoki/SC-30/scripts/SC-30/2_phase/motordrive.py","stop","120","","","","stop: power_r=0.7, power_l=0.5599","","","","","","","","","","","","","","","","","","","","","","","","","","","","","","","","","","","","","","","","","",""
"3879.773968596","2026-08-15 07:15:08.388315","/home/akatoki/SC-30/scripts/SC-30/2_phase/motordrive.py","stop","134","","","","","","","","","","","","","","","","","","","","","","0.0","0.0","","","","","","","","","","","","","","","","","","","","","","",""
"3880.035162651","2026-08-15 07:15:08.649502","/home/akatoki/SC-30/scripts/SC-30/2_phase/motordrive.py","move","150","","","","move: direction=e, power=0.7, duration=0.1","","","","","","","","","","","","","","","","","","","","","","","","","","","","","","","","","","","","","","","","","",""
"3880.044635164","2026-08-15 07:15:08.658981","/home/akatoki/SC-30/scripts/SC-30/2_phase/motordrive.py","set_values","186","","","","","","","","","","","","","","","","","","","","","","0.0","-0.0","","","","","","","","","","","","","","","","","","","","","","",""
"3880.080434275","2026-08-15 07:15:08.694774","/home/akatoki/SC-30/scripts/SC-30/2_phase/motordrive.py","set_values","186","","","","","","","","","","","","","","","","","","","","","","0.1","-0.1","","","","","","","","","","","","","","","","","","","","","","",""
"3880.120602254","2026-08-15 07:15:08.734941","/home/akatoki/SC-30/scripts/SC-30/2_phase/motordrive.py","set_values","186","","","","","","","","","","","","","","","","","","","","","","0.2","-0.2","","","","","","","","","","","","","","","","","","","","","","",""
"3880.152783368","2026-08-15 07:15:08.767121","/home/akatoki/SC-30/scripts/SC-30/2_phase/motordrive.py","set_values","186","","","","","","","","","","","","","","","","","","","","","","0.30000000000000004","-0.30000000000000004","","","","","","","","","","","","","","","","","","","","","","",""
"3880.186211942","2026-08-15 07:15:08.800551","/home/akatoki/SC-30/scripts/SC-30/2_phase/motordrive.py","set_values","186","","","","","","","","","","","","","","","","","","","","","","0.4","-0.4","","","","","","","","","","","","","","","","","","","","","","",""
"3880.21779912","2026-08-15 07:15:08.832137","/home/akatoki/SC-30/scripts/SC-30/2_phase/motordrive.py","set_values","186","","","","","","","","","","","","","","","","","","","","","","0.5","-0.5","","","","","","","","","","","","","","","","","","","","","","",""
"3880.250485781","2026-08-15 07:15:08.864824","/home/akatoki/SC-30/scripts/SC-30/2_phase/motordrive.py","set_values","186","","","","","","","","","","","","","","","","","","","","","","0.6000000000000001","-0.6000000000000001","","","","","","","","","","","","","","","","","","","","","","",""
"3880.283733356","2026-08-15 07:15:08.898073","/home/akatoki/SC-30/scripts/SC-30/2_phase/motordrive.py","stop","120","","","","stop: power_r=-0.6, power_l=0.6","","","","","","","","","","","","","","","","","","","","","","","","","","","","","","","","","","","","","","","","","",""
"3880.613447196","2026-08-15 07:15:09.227795","/home/akatoki/SC-30/scripts/SC-30/2_phase/motordrive.py","stop","134","","","","","","","","","","","","","","","","","","","","","","0.0","0.0","","","","","","","","","","","","","","","","","","","","","","",""
"3880.88273234","2026-08-15 07:15:09.497075","/home/akatoki/SC-30/scripts/SC-30/2_phase/motordrive.py","move","150","","","","move: direction=e, power=0.7, duration=0.1","","","","","","","","","","","","","","","","","","","","","","","","","","","","","","","","","","","","","","","","","",""
"3880.891996144","2026-08-15 07:15:09.506390","/home/akatoki/SC-30/scripts/SC-30/2_phase/motordrive.py","set_values","186","","","","","","","","","","","","","","","","","","","","","","0.0","-0.0","","","","","","","","","","","","","","","","","","","","","","",""
"3880.922758072","2026-08-15 07:15:09.537094","/home/akatoki/SC-30/scripts/SC-30/2_phase/motordrive.py","set_values","186","","","","","","","","","","","","","","","","","","","","","","0.1","-0.1","","","","","","","","","","","","","","","","","","","","","","",""
"3880.95417045","2026-08-15 07:15:09.568507","/home/akatoki/SC-30/scripts/SC-30/2_phase/motordrive.py","set_values","186","","","","","","","","","","","","","","","","","","","","","","0.2","-0.2","","","","","","","","","","","","","","","","","","","","","","",""
"3880.986618193","2026-08-15 07:15:09.600953","/home/akatoki/SC-30/scripts/SC-30/2_phase/motordrive.py","set_values","186","","","","","","","","","","","","","","","","","","","","","","0.30000000000000004","-0.30000000000000004","","","","","","","","","","","","","","","","","","","","","","",""
"3881.019275894","2026-08-15 07:15:09.633613","/home/akatoki/SC-30/scripts/SC-30/2_phase/motordrive.py","set_values","186","","","","","","","","","","","","","","","","","","","","","","0.4","-0.4","","","","","","","","","","","","","","","","","","","","","","",""
"3881.053045735","2026-08-15 07:15:09.667383","/home/akatoki/SC-30/scripts/SC-30/2_phase/motordrive.py","set_values","186","","","","","","","","","","","","","","","","","","","","","","0.5","-0.5","","","","","","","","","","","","","","","","","","","","","","",""
"3881.089875628","2026-08-15 07:15:09.704212","/home/akatoki/SC-30/scripts/SC-30/2_phase/motordrive.py","set_values","186","","","","","","","","","","","","","","","","","","","","","","0.6000000000000001","-0.6000000000000001","","","","","","","","","","","","","","","","","","","","","","",""
"3881.122874076","2026-08-15 07:15:09.737211","/home/akatoki/SC-30/scripts/SC-30/2_phase/motordrive.py","stop","120","","","","stop: power_r=-0.6, power_l=0.6","","","","","","","","","","","","","","","","","","","","","","","","","","","","","","","","","","","","","","","","","",""
"3881.447834289","2026-08-15 07:15:10.062179","/home/akatoki/SC-30/scripts/SC-30/2_phase/motordrive.py","stop","134","","","","","","","","","","","","","","","","","","","","","","0.0","0.0","","","","","","","","","","","","","","","","","","","","","","",""
"3881.553799935","2026-08-15 07:15:10.168135","/home/akatoki/SC-30/scripts/SC-30/2_phase/motordrive.py","move","150","","","","move: direction=w, power=0.7, duration=1.5","","","","","","","","","","","","","","","","","","","","","","","","","","","","","","","","","","","","","","","","","",""
"3881.559732892","2026-08-15 07:15:10.174078","/home/akatoki/SC-30/scripts/SC-30/2_phase/motordrive.py","set_values","186","","","","","","","","","","","","","","","","","","","","","","0.0","0.0","","","","","","","","","","","","","","","","","","","","","","",""
"3881.591908382","2026-08-15 07:15:10.206244","/home/akatoki/SC-30/scripts/SC-30/2_phase/motordrive.py","set_values","186","","","","","","","","","","","","","","","","","","","","","","0.08000000000000002","0.1","","","","","","","","","","","","","","","","","","","","","","",""
"3881.624916674","2026-08-15 07:15:10.239252","/home/akatoki/SC-30/scripts/SC-30/2_phase/motordrive.py","set_values","186","","","","","","","","","","","","","","","","","","","","","","0.16000000000000003","0.2","","","","","","","","","","","","","","","","","","","","","","",""
"3881.661788548","2026-08-15 07:15:10.276125","/home/akatoki/SC-30/scripts/SC-30/2_phase/motordrive.py","set_values","186","","","","","","","","","","","","","","","","","","","","","","0.24000000000000005","0.30000000000000004","","","","","","","","","","","","","","","","","","","","","","",""
"3881.695545628","2026-08-15 07:15:10.309880","/home/akatoki/SC-30/scripts/SC-30/2_phase/motordrive.py","set_values","186","","","","","","","","","","","","","","","","","","","","","","0.32000000000000006","0.4","","","","","","","","","","","","","","","","","","","","","","",""
"3881.728583401","2026-08-15 07:15:10.342919","/home/akatoki/SC-30/scripts/SC-30/2_phase/motordrive.py","set_values","186","","","","","","","","","","","","","","","","","","","","","","0.4","0.5","","","","","","","","","","","","","","","","","","","","","","",""
"3881.76137663","2026-08-15 07:15:10.375712","/home/akatoki/SC-30/scripts/SC-30/2_phase/motordrive.py","set_values","186","","","","","","","","","","","","","","","","","","","","","","0.4800000000000001","0.6000000000000001","","","","","","","","","","","","","","","","","","","","","","",""
"3881.792385394","2026-08-15 07:15:10.406721","/home/akatoki/SC-30/scripts/SC-30/2_phase/motordrive.py","set_values","186","","","","","","","","","","","","","","","","","","","","","","0.5599999999999999","0.7","","","","","","","","","","","","","","","","","","","","","","",""
"3883.125820456","2026-08-15 07:15:11.740157","/home/akatoki/SC-30/scripts/SC-30/2_phase/motordrive.py","stop","120","","","","stop: power_r=0.7, power_l=0.5599","","","","","","","","","","","","","","","","","","","","","","","","","","","","","","","","","","","","","","","","","",""
"3883.511607356","2026-08-15 07:15:12.125951","/home/akatoki/SC-30/scripts/SC-30/2_phase/motordrive.py","stop","134","","","","","","","","","","","","","","","","","","","","","","0.0","0.0","","","","","","","","","","","","","","","","","","","","","","",""
"3883.759905392","2026-08-15 07:15:12.374243","/home/akatoki/SC-30/scripts/SC-30/2_phase/motordrive.py","move","150","","","","move: direction=q, power=0.7, duration=0.1","","","","","","","","","","","","","","","","","","","","","","","","","","","","","","","","","","","","","","","","","",""
"3883.766400358","2026-08-15 07:15:12.380744","/home/akatoki/SC-30/scripts/SC-30/2_phase/motordrive.py","set_values","186","","","","","","","","","","","","","","","","","","","","","","-0.0","0.0","","","","","","","","","","","","","","","","","","","","","","",""
"3883.798974045","2026-08-15 07:15:12.413310","/home/akatoki/SC-30/scripts/SC-30/2_phase/motordrive.py","set_values","186","","","","","","","","","","","","","","","","","","","","","","-0.1","0.1","","","","","","","","","","","","","","","","","","","","","","",""
"3883.836557986","2026-08-15 07:15:12.450894","/home/akatoki/SC-30/scripts/SC-30/2_phase/motordrive.py","set_values","186","","","","","","","","","","","","","","","","","","","","","","-0.2","0.2","","","","","","","","","","","","","","","","","","","","","","",""
"3883.870640448","2026-08-15 07:15:12.484976","/home/akatoki/SC-30/scripts/SC-30/2_phase/motordrive.py","set_values","186","","","","","","","","","","","","","","","","","","","","","","-0.30000000000000004","0.30000000000000004","","","","","","","","","","","","","","","","","","","","","","",""
"3883.903328307","2026-08-15 07:15:12.517665","/home/akatoki/SC-30/scripts/SC-30/2_phase/motordrive.py","set_values","186","","","","","","","","","","","","","","","","","","","","","","-0.4","0.4","","","","","","","","","","","","","","","","","","","","","","",""
"3883.936456137","2026-08-15 07:15:12.550810","/home/akatoki/SC-30/scripts/SC-30/2_phase/motordrive.py","set_values","186","","","","","","","","","","","","","","","","","","","","","","-0.5","0.5","","","","","","","","","","","","","","","","","","","","","","",""
"3883.970946796","2026-08-15 07:15:12.585283","/home/akatoki/SC-30/scripts/SC-30/2_phase/motordrive.py","set_values","186","","","","","","","","","","","","","","","","","","","","","","-0.6000000000000001","0.6000000000000001","","","","","","","","","","","","","","","","","","","","","","",""
"3884.003935191","2026-08-15 07:15:12.618273","/home/akatoki/SC-30/scripts/SC-30/2_phase/motordrive.py","stop","120","","","","stop: power_r=0.6, power_l=-0.6","","","","","","","","","","","","","","","","","","","","","","","","","","","","","","","","","","","","","","","","","",""
"3884.329172712","2026-08-15 07:15:12.943517","/home/akatoki/SC-30/scripts/SC-30/2_phase/motordrive.py","stop","134","","","","","","","","","","","","","","","","","","","","","","0.0","0.0","","","","","","","","","","","","","","","","","","","","","","",""
"3884.434449469","2026-08-15 07:15:13.048784","/home/akatoki/SC-30/scripts/SC-30/2_phase/motordrive.py","move","150","","","","move: direction=w, power=0.7, duration=1.5","","","","","","","","","","","","","","","","","","","","","","","","","","","","","","","","","","","","","","","","","",""
"3884.441669471","2026-08-15 07:15:13.056016","/home/akatoki/SC-30/scripts/SC-30/2_phase/motordrive.py","set_values","186","","","","","","","","","","","","","","","","","","","","","","0.0","0.0","","","","","","","","","","","","","","","","","","","","","","",""
"3884.472677506","2026-08-15 07:15:13.087015","/home/akatoki/SC-30/scripts/SC-30/2_phase/motordrive.py","set_values","186","","","","","","","","","","","","","","","","","","","","","","0.08000000000000002","0.1","","","","","","","","","","","","","","","","","","","","","","",""
"3884.504274372","2026-08-15 07:15:13.118609","/home/akatoki/SC-30/scripts/SC-30/2_phase/motordrive.py","set_values","186","","","","","","","","","","","","","","","","","","","","","","0.16000000000000003","0.2","","","","","","","","","","","","","","","","","","","","","","",""
"3884.53701239","2026-08-15 07:15:13.151348","/home/akatoki/SC-30/scripts/SC-30/2_phase/motordrive.py","set_values","186","","","","","","","","","","","","","","","","","","","","","","0.24000000000000005","0.30000000000000004","","","","","","","","","","","","","","","","","","","","","","",""
"3884.570236631","2026-08-15 07:15:13.184574","/home/akatoki/SC-30/scripts/SC-30/2_phase/motordrive.py","set_values","186","","","","","","","","","","","","","","","","","","","","","","0.32000000000000006","0.4","","","","","","","","","","","","","","","","","","","","","","",""
"3884.602010069","2026-08-15 07:15:13.216346","/home/akatoki/SC-30/scripts/SC-30/2_phase/motordrive.py","set_values","186","","","","","","","","","","","","","","","","","","","","","","0.4","0.5","","","","","","","","","","","","","","","","","","","","","","",""
"3884.639168416","2026-08-15 07:15:13.253504","/home/akatoki/SC-30/scripts/SC-30/2_phase/motordrive.py","set_values","186","","","","","","","","","","","","","","","","","","","","","","0.4800000000000001","0.6000000000000001","","","","","","","","","","","","","","","","","","","","","","",""
"3884.671885496","2026-08-15 07:15:13.286221","/home/akatoki/SC-30/scripts/SC-30/2_phase/motordrive.py","set_values","186","","","","","","","","","","","","","","","","","","","","","","0.5599999999999999","0.7","","","","","","","","","","","","","","","","","","","","","","",""
"3886.003984924","2026-08-15 07:15:14.618363","/home/akatoki/SC-30/scripts/SC-30/2_phase/motordrive.py","stop","120","","","","stop: power_r=0.7, power_l=0.5599","","","","","","","","","","","","","","","","","","","","","","","","","","","","","","","","","","","","","","","","","",""
"3886.390970011","2026-08-15 07:15:15.005319","/home/akatoki/SC-30/scripts/SC-30/2_phase/motordrive.py","stop","134","","","","","","","","","","","","","","","","","","","","","","0.0","0.0","","","","","","","","","","","","","","","","","","","","","","",""
"3886.652211936","2026-08-15 07:15:15.266555","/home/akatoki/SC-30/scripts/SC-30/2_phase/motordrive.py","move","150","","","","move: direction=q, power=0.7, duration=0.1","","","","","","","","","","","","","","","","","","","","","","","","","","","","","","","","","","","","","","","","","",""
"3886.658901182","2026-08-15 07:15:15.273250","/home/akatoki/SC-30/scripts/SC-30/2_phase/motordrive.py","set_values","186","","","","","","","","","","","","","","","","","","","","","","-0.0","0.0","","","","","","","","","","","","","","","","","","","","","","",""
"3886.69856674","2026-08-15 07:15:15.312908","/home/akatoki/SC-30/scripts/SC-30/2_phase/motordrive.py","set_values","186","","","","","","","","","","","","","","","","","","","","","","-0.1","0.1","","","","","","","","","","","","","","","","","","","","","","",""
"3886.732276214","2026-08-15 07:15:15.346614","/home/akatoki/SC-30/scripts/SC-30/2_phase/motordrive.py","set_values","186","","","","","","","","","","","","","","","","","","","","","","-0.2","0.2","","","","","","","","","","","","","","","","","","","","","","",""
"3886.764619421","2026-08-15 07:15:15.378956","/home/akatoki/SC-30/scripts/SC-30/2_phase/motordrive.py","set_values","186","","","","","","","","","","","","","","","","","","","","","","-0.30000000000000004","0.30000000000000004","","","","","","","","","","","","","","","","","","","","","","",""
"3886.797835432","2026-08-15 07:15:15.412172","/home/akatoki/SC-30/scripts/SC-30/2_phase/motordrive.py","set_values","186","","","","","","","","","","","","","","","","","","","","","","-0.4","0.4","","","","","","","","","","","","","","","","","","","","","","",""
"3886.833149571","2026-08-15 07:15:15.447486","/home/akatoki/SC-30/scripts/SC-30/2_phase/motordrive.py","set_values","186","","","","","","","","","","","","","","","","","","","","","","-0.5","0.5","","","","","","","","","","","","","","","","","","","","","","",""
"3886.865293861","2026-08-15 07:15:15.479631","/home/akatoki/SC-30/scripts/SC-30/2_phase/motordrive.py","set_values","186","","","","","","","","","","","","","","","","","","","","","","-0.6000000000000001","0.6000000000000001","","","","","","","","","","","","","","","","","","","","","","",""
"3886.89719418","2026-08-15 07:15:15.511531","/home/akatoki/SC-30/scripts/SC-30/2_phase/motordrive.py","stop","120","","","","stop: power_r=0.6, power_l=-0.6","","","","","","","","","","","","","","","","","","","","","","","","","","","","","","","","","","","","","","","","","",""
"3887.22184037","2026-08-15 07:15:15.836184","/home/akatoki/SC-30/scripts/SC-30/2_phase/motordrive.py","stop","134","","","","","","","","","","","","","","","","","","","","","","0.0","0.0","","","","","","","","","","","","","","","","","","","","","","",""
"3887.331711216","2026-08-15 07:15:15.946048","/home/akatoki/SC-30/scripts/SC-30/2_phase/motordrive.py","move","150","","","","move: direction=w, power=0.7, duration=1.5","","","","","","","","","","","","","","","","","","","","","","","","","","","","","","","","","","","","","","","","","",""
"3887.339427181","2026-08-15 07:15:15.953773","/home/akatoki/SC-30/scripts/SC-30/2_phase/motordrive.py","set_values","186","","","","","","","","","","","","","","","","","","","","","","0.0","0.0","","","","","","","","","","","","","","","","","","","","","","",""
"3887.372213639","2026-08-15 07:15:15.986548","/home/akatoki/SC-30/scripts/SC-30/2_phase/motordrive.py","set_values","186","","","","","","","","","","","","","","","","","","","","","","0.08000000000000002","0.1","","","","","","","","","","","","","","","","","","","","","","",""
"3887.403186047","2026-08-15 07:15:16.017522","/home/akatoki/SC-30/scripts/SC-30/2_phase/motordrive.py","set_values","186","","","","","","","","","","","","","","","","","","","","","","0.16000000000000003","0.2","","","","","","","","","","","","","","","","","","","","","","",""
"3887.434570559","2026-08-15 07:15:16.048907","/home/akatoki/SC-30/scripts/SC-30/2_phase/motordrive.py","set_values","186","","","","","","","","","","","","","","","","","","","","","","0.24000000000000005","0.30000000000000004","","","","","","","","","","","","","","","","","","","","","","",""
"3887.468525201","2026-08-15 07:15:16.082861","/home/akatoki/SC-30/scripts/SC-30/2_phase/motordrive.py","set_values","186","","","","","","","","","","","","","","","","","","","","","","0.32000000000000006","0.4","","","","","","","","","","","","","","","","","","","","","","",""
"3887.504680685","2026-08-15 07:15:16.119018","/home/akatoki/SC-30/scripts/SC-30/2_phase/motordrive.py","set_values","186","","","","","","","","","","","","","","","","","","","","","","0.4","0.5","","","","","","","","","","","","","","","","","","","","","","",""
"3887.536651998","2026-08-15 07:15:16.150988","/home/akatoki/SC-30/scripts/SC-30/2_phase/motordrive.py","set_values","186","","","","","","","","","","","","","","","","","","","","","","0.4800000000000001","0.6000000000000001","","","","","","","","","","","","","","","","","","","","","","",""
"3887.56822803","2026-08-15 07:15:16.182564","/home/akatoki/SC-30/scripts/SC-30/2_phase/motordrive.py","set_values","186","","","","","","","","","","","","","","","","","","","","","","0.5599999999999999","0.7","","","","","","","","","","","","","","","","","","","","","","",""
"3888.89877749","2026-08-15 07:15:17.513115","/home/akatoki/SC-30/scripts/SC-30/2_phase/motordrive.py","stop","120","","","","stop: power_r=0.7, power_l=0.5599","","","","","","","","","","","","","","","","","","","","","","","","","","","","","","","","","","","","","","","","","",""
"3889.271879998","2026-08-15 07:15:17.886224","/home/akatoki/SC-30/scripts/SC-30/2_phase/motordrive.py","stop","134","","","","","","","","","","","","","","","","","","","","","","0.0","0.0","","","","","","","","","","","","","","","","","","","","","","",""
"3889.521946877","2026-08-15 07:15:18.136283","/home/akatoki/SC-30/scripts/SC-30/2_phase/motordrive.py","move","150","","","","move: direction=w, power=0.7, duration=1.5","","","","","","","","","","","","","","","","","","","","","","","","","","","","","","","","","","","","","","","","","",""
"3889.527799831","2026-08-15 07:15:18.142145","/home/akatoki/SC-30/scripts/SC-30/2_phase/motordrive.py","set_values","186","","","","","","","","","","","","","","","","","","","","","","0.0","0.0","","","","","","","","","","","","","","","","","","","","","","",""
"3889.559598947","2026-08-15 07:15:18.173935","/home/akatoki/SC-30/scripts/SC-30/2_phase/motordrive.py","set_values","186","","","","","","","","","","","","","","","","","","","","","","0.08000000000000002","0.1","","","","","","","","","","","","","","","","","","","","","","",""
"3889.598272372","2026-08-15 07:15:18.212607","/home/akatoki/SC-30/scripts/SC-30/2_phase/motordrive.py","set_values","186","","","","","","","","","","","","","","","","","","","","","","0.16000000000000003","0.2","","","","","","","","","","","","","","","","","","","","","","",""
"3889.631572502","2026-08-15 07:15:18.245909","/home/akatoki/SC-30/scripts/SC-30/2_phase/motordrive.py","set_values","186","","","","","","","","","","","","","","","","","","","","","","0.24000000000000005","0.30000000000000004","","","","","","","","","","","","","","","","","","","","","","",""
"3889.664301614","2026-08-15 07:15:18.278638","/home/akatoki/SC-30/scripts/SC-30/2_phase/motordrive.py","set_values","186","","","","","","","","","","","","","","","","","","","","","","0.32000000000000006","0.4","","","","","","","","","","","","","","","","","","","","","","",""
"3889.696726335","2026-08-15 07:15:18.311063","/home/akatoki/SC-30/scripts/SC-30/2_phase/motordrive.py","set_values","186","","","","","","","","","","","","","","","","","","","","","","0.4","0.5","","","","","","","","","","","","","","","","","","","","","","",""
"3889.730217881","2026-08-15 07:15:18.344554","/home/akatoki/SC-30/scripts/SC-30/2_phase/motordrive.py","set_values","186","","","","","","","","","","","","","","","","","","","","","","0.4800000000000001","0.6000000000000001","","","","","","","","","","","","","","","","","","","","","","",""
"3889.76318888","2026-08-15 07:15:18.377524","/home/akatoki/SC-30/scripts/SC-30/2_phase/motordrive.py","set_values","186","","","","","","","","","","","","","","","","","","","","","","0.5599999999999999","0.7","","","","","","","","","","","","","","","","","","","","","","",""
"3891.098957412","2026-08-15 07:15:19.713294","/home/akatoki/SC-30/scripts/SC-30/2_phase/motordrive.py","stop","120","","","","stop: power_r=0.7, power_l=0.5599","","","","","","","","","","","","","","","","","","","","","","","","","","","","","","","","","","","","","","","","","",""
"3891.474154664","2026-08-15 07:15:20.088499","/home/akatoki/SC-30/scripts/SC-30/2_phase/motordrive.py","stop","134","","","","","","","","","","","","","","","","","","","","","","0.0","0.0","","","","","","","","","","","","","","","","","","","","","","",""
"3891.722631255","2026-08-15 07:15:20.336971","/home/akatoki/SC-30/scripts/SC-30/2_phase/motordrive.py","move","150","","","","move: direction=q, power=0.7, duration=0.1","","","","","","","","","","","","","","","","","","","","","","","","","","","","","","","","","","","","","","","","","",""
"3891.731073871","2026-08-15 07:15:20.345424","/home/akatoki/SC-30/scripts/SC-30/2_phase/motordrive.py","set_values","186","","","","","","","","","","","","","","","","","","","","","","-0.0","0.0","","","","","","","","","","","","","","","","","","","","","","",""
"3891.764471663","2026-08-15 07:15:20.378812","/home/akatoki/SC-30/scripts/SC-30/2_phase/motordrive.py","set_values","186","","","","","","","","","","","","","","","","","","","","","","-0.1","0.1","","","","","","","","","","","","","","","","","","","","","","",""
"3891.798252807","2026-08-15 07:15:20.412593","/home/akatoki/SC-30/scripts/SC-30/2_phase/motordrive.py","set_values","186","","","","","","","","","","","","","","","","","","","","","","-0.2","0.2","","","","","","","","","","","","","","","","","","","","","","",""
"3891.832103956","2026-08-15 07:15:20.446442","/home/akatoki/SC-30/scripts/SC-30/2_phase/motordrive.py","set_values","186","","","","","","","","","","","","","","","","","","","","","","-0.30000000000000004","0.30000000000000004","","","","","","","","","","","","","","","","","","","","","","",""
"3891.865546177","2026-08-15 07:15:20.479885","/home/akatoki/SC-30/scripts/SC-30/2_phase/motordrive.py","set_values","186","","","","","","","","","","","","","","","","","","","","","","-0.4","0.4","","","","","","","","","","","","","","","","","","","","","","",""
"3891.906624827","2026-08-15 07:15:20.520962","/home/akatoki/SC-30/scripts/SC-30/2_phase/motordrive.py","set_values","186","","","","","","","","","","","","","","","","","","","","","","-0.5","0.5","","","","","","","","","","","","","","","","","","","","","","",""
"3891.942787603","2026-08-15 07:15:20.557127","/home/akatoki/SC-30/scripts/SC-30/2_phase/motordrive.py","set_values","186","","","","","","","","","","","","","","","","","","","","","","-0.6000000000000001","0.6000000000000001","","","","","","","","","","","","","","","","","","","","","","",""
"3891.975852149","2026-08-15 07:15:20.590195","/home/akatoki/SC-30/scripts/SC-30/2_phase/motordrive.py","stop","120","","","","stop: power_r=0.6, power_l=-0.6","","","","","","","","","","","","","","","","","","","","","","","","","","","","","","","","","","","","","","","","","",""
"3892.311258941","2026-08-15 07:15:20.925609","/home/akatoki/SC-30/scripts/SC-30/2_phase/motordrive.py","stop","134","","","","","","","","","","","","","","","","","","","","","","0.0","0.0","","","","","","","","","","","","","","","","","","","","","","",""
"3892.4172948","2026-08-15 07:15:21.031634","/home/akatoki/SC-30/scripts/SC-30/2_phase/motordrive.py","move","150","","","","move: direction=w, power=0.7, duration=1.5","","","","","","","","","","","","","","","","","","","","","","","","","","","","","","","","","","","","","","","","","",""
"3892.425522198","2026-08-15 07:15:21.039871","/home/akatoki/SC-30/scripts/SC-30/2_phase/motordrive.py","set_values","186","","","","","","","","","","","","","","","","","","","","","","0.0","0.0","","","","","","","","","","","","","","","","","","","","","","",""
"3892.462471212","2026-08-15 07:15:21.076811","/home/akatoki/SC-30/scripts/SC-30/2_phase/motordrive.py","set_values","186","","","","","","","","","","","","","","","","","","","","","","0.08000000000000002","0.1","","","","","","","","","","","","","","","","","","","","","","",""
"3892.496481222","2026-08-15 07:15:21.110819","/home/akatoki/SC-30/scripts/SC-30/2_phase/motordrive.py","set_values","186","","","","","","","","","","","","","","","","","","","","","","0.16000000000000003","0.2","","","","","","","","","","","","","","","","","","","","","","",""
"3892.530706243","2026-08-15 07:15:21.145045","/home/akatoki/SC-30/scripts/SC-30/2_phase/motordrive.py","set_values","186","","","","","","","","","","","","","","","","","","","","","","0.24000000000000005","0.30000000000000004","","","","","","","","","","","","","","","","","","","","","","",""
"3892.564514264","2026-08-15 07:15:21.178852","/home/akatoki/SC-30/scripts/SC-30/2_phase/motordrive.py","set_values","186","","","","","","","","","","","","","","","","","","","","","","0.32000000000000006","0.4","","","","","","","","","","","","","","","","","","","","","","",""
"3892.598496304","2026-08-15 07:15:21.212836","/home/akatoki/SC-30/scripts/SC-30/2_phase/motordrive.py","set_values","186","","","","","","","","","","","","","","","","","","","","","","0.4","0.5","","","","","","","","","","","","","","","","","","","","","","",""
"3892.632222342","2026-08-15 07:15:21.246563","/home/akatoki/SC-30/scripts/SC-30/2_phase/motordrive.py","set_values","186","","","","","","","","","","","","","","","","","","","","","","0.4800000000000001","0.6000000000000001","","","","","","","","","","","","","","","","","","","","","","",""
"3892.666164745","2026-08-15 07:15:21.280504","/home/akatoki/SC-30/scripts/SC-30/2_phase/motordrive.py","set_values","186","","","","","","","","","","","","","","","","","","","","","","0.5599999999999999","0.7","","","","","","","","","","","","","","","","","","","","","","",""
"3893.99982979","2026-08-15 07:15:22.614170","/home/akatoki/SC-30/scripts/SC-30/2_phase/motordrive.py","stop","120","","","","stop: power_r=0.7, power_l=0.5599","","","","","","","","","","","","","","","","","","","","","","","","","","","","","","","","","","","","","","","","","",""
"3894.388209068","2026-08-15 07:15:23.002557","/home/akatoki/SC-30/scripts/SC-30/2_phase/motordrive.py","stop","134","","","","","","","","","","","","","","","","","","","","","","0.0","0.0","","","","","","","","","","","","","","","","","","","","","","",""
"3894.646049209","2026-08-15 07:15:23.260391","/home/akatoki/SC-30/scripts/SC-30/2_phase/motordrive.py","move","150","","","","move: direction=e, power=0.7, duration=0.1","","","","","","","","","","","","","","","","","","","","","","","","","","","","","","","","","","","","","","","","","",""
"3894.65299425","2026-08-15 07:15:23.267344","/home/akatoki/SC-30/scripts/SC-30/2_phase/motordrive.py","set_values","186","","","","","","","","","","","","","","","","","","","","","","0.0","-0.0","","","","","","","","","","","","","","","","","","","","","","",""
"3894.685029264","2026-08-15 07:15:23.299369","/home/akatoki/SC-30/scripts/SC-30/2_phase/motordrive.py","set_values","186","","","","","","","","","","","","","","","","","","","","","","0.1","-0.1","","","","","","","","","","","","","","","","","","","","","","",""
"3894.720869992","2026-08-15 07:15:23.335208","/home/akatoki/SC-30/scripts/SC-30/2_phase/motordrive.py","set_values","186","","","","","","","","","","","","","","","","","","","","","","0.2","-0.2","","","","","","","","","","","","","","","","","","","","","","",""
"3894.753025273","2026-08-15 07:15:23.367364","/home/akatoki/SC-30/scripts/SC-30/2_phase/motordrive.py","set_values","186","","","","","","","","","","","","","","","","","","","","","","0.30000000000000004","-0.30000000000000004","","","","","","","","","","","","","","","","","","","","","","",""
"3894.793137729","2026-08-15 07:15:23.407477","/home/akatoki/SC-30/scripts/SC-30/2_phase/motordrive.py","set_values","186","","","","","","","","","","","","","","","","","","","","","","0.4","-0.4","","","","","","","","","","","","","","","","","","","","","","",""
"3894.825033622","2026-08-15 07:15:23.439373","/home/akatoki/SC-30/scripts/SC-30/2_phase/motordrive.py","set_values","186","","","","","","","","","","","","","","","","","","","","","","0.5","-0.5","","","","","","","","","","","","","","","","","","","","","","",""
"3894.872284826","2026-08-15 07:15:23.486622","/home/akatoki/SC-30/scripts/SC-30/2_phase/motordrive.py","set_values","186","","","","","","","","","","","","","","","","","","","","","","0.6000000000000001","-0.6000000000000001","","","","","","","","","","","","","","","","","","","","","","",""
"3894.90553209","2026-08-15 07:15:23.519871","/home/akatoki/SC-30/scripts/SC-30/2_phase/motordrive.py","stop","120","","","","stop: power_r=-0.6, power_l=0.6","","","","","","","","","","","","","","","","","","","","","","","","","","","","","","","","","","","","","","","","","",""
"3895.230769199","2026-08-15 07:15:23.845115","/home/akatoki/SC-30/scripts/SC-30/2_phase/motordrive.py","stop","134","","","","","","","","","","","","","","","","","","","","","","0.0","0.0","","","","","","","","","","","","","","","","","","","","","","",""
"3895.488480011","2026-08-15 07:15:24.102820","/home/akatoki/SC-30/scripts/SC-30/2_phase/motordrive.py","move","150","","","","move: direction=e, power=0.7, duration=0.1","","","","","","","","","","","","","","","","","","","","","","","","","","","","","","","","","","","","","","","","","",""
"3895.497601308","2026-08-15 07:15:24.112000","/home/akatoki/SC-30/scripts/SC-30/2_phase/motordrive.py","set_values","186","","","","","","","","","","","","","","","","","","","","","","0.0","-0.0","","","","","","","","","","","","","","","","","","","","","","",""
"3895.529443291","2026-08-15 07:15:24.143780","/home/akatoki/SC-30/scripts/SC-30/2_phase/motordrive.py","set_values","186","","","","","","","","","","","","","","","","","","","","","","0.1","-0.1","","","","","","","","","","","","","","","","","","","","","","",""
"3895.566598879","2026-08-15 07:15:24.180935","/home/akatoki/SC-30/scripts/SC-30/2_phase/motordrive.py","set_values","186","","","","","","","","","","","","","","","","","","","","","","0.2","-0.2","","","","","","","","","","","","","","","","","","","","","","",""
"3895.599773222","2026-08-15 07:15:24.214109","/home/akatoki/SC-30/scripts/SC-30/2_phase/motordrive.py","set_values","186","","","","","","","","","","","","","","","","","","","","","","0.30000000000000004","-0.30000000000000004","","","","","","","","","","","","","","","","","","","","","","",""
"3895.632090698","2026-08-15 07:15:24.246428","/home/akatoki/SC-30/scripts/SC-30/2_phase/motordrive.py","set_values","186","","","","","","","","","","","","","","","","","","","","","","0.4","-0.4","","","","","","","","","","","","","","","","","","","","","","",""
"3895.663970548","2026-08-15 07:15:24.278306","/home/akatoki/SC-30/scripts/SC-30/2_phase/motordrive.py","set_values","186","","","","","","","","","","","","","","","","","","","","","","0.5","-0.5","","","","","","","","","","","","","","","","","","","","","","",""
"3895.696947121","2026-08-15 07:15:24.311283","/home/akatoki/SC-30/scripts/SC-30/2_phase/motordrive.py","set_values","186","","","","","","","","","","","","","","","","","","","","","","0.6000000000000001","-0.6000000000000001","","","","","","","","","","","","","","","","","","","","","","",""
"3895.727846713","2026-08-15 07:15:24.342184","/home/akatoki/SC-30/scripts/SC-30/2_phase/motordrive.py","stop","120","","","","stop: power_r=-0.6, power_l=0.6","","","","","","","","","","","","","","","","","","","","","","","","","","","","","","","","","","","","","","","","","",""
"3896.055039443","2026-08-15 07:15:24.669384","/home/akatoki/SC-30/scripts/SC-30/2_phase/motordrive.py","stop","134","","","","","","","","","","","","","","","","","","","","","","0.0","0.0","","","","","","","","","","","","","","","","","","","","","","",""
"3896.30739467","2026-08-15 07:15:24.921737","/home/akatoki/SC-30/scripts/SC-30/2_phase/motordrive.py","move","150","","","","move: direction=e, power=0.7, duration=0.1","","","","","","","","","","","","","","","","","","","","","","","","","","","","","","","","","","","","","","","","","",""
"3896.313304241","2026-08-15 07:15:24.927649","/home/akatoki/SC-30/scripts/SC-30/2_phase/motordrive.py","set_values","186","","","","","","","","","","","","","","","","","","","","","","0.0","-0.0","","","","","","","","","","","","","","","","","","","","","","",""
"3896.343487964","2026-08-15 07:15:24.957823","/home/akatoki/SC-30/scripts/SC-30/2_phase/motordrive.py","set_values","186","","","","","","","","","","","","","","","","","","","","","","0.1","-0.1","","","","","","","","","","","","","","","","","","","","","","",""
"3896.374437506","2026-08-15 07:15:24.988773","/home/akatoki/SC-30/scripts/SC-30/2_phase/motordrive.py","set_values","186","","","","","","","","","","","","","","","","","","","","","","0.2","-0.2","","","","","","","","","","","","","","","","","","","","","","",""
"3896.405408664","2026-08-15 07:15:25.019745","/home/akatoki/SC-30/scripts/SC-30/2_phase/motordrive.py","set_values","186","","","","","","","","","","","","","","","","","","","","","","0.30000000000000004","-0.30000000000000004","","","","","","","","","","","","","","","","","","","","","","",""
"3896.437381123","2026-08-15 07:15:25.051718","/home/akatoki/SC-30/scripts/SC-30/2_phase/motordrive.py","set_values","186","","","","","","","","","","","","","","","","","","","","","","0.4","-0.4","","","","","","","","","","","","","","","","","","","","","","",""
"3896.470315506","2026-08-15 07:15:25.084652","/home/akatoki/SC-30/scripts/SC-30/2_phase/motordrive.py","set_values","186","","","","","","","","","","","","","","","","","","","","","","0.5","-0.5","","","","","","","","","","","","","","","","","","","","","","",""
"3896.50766876","2026-08-15 07:15:25.122005","/home/akatoki/SC-30/scripts/SC-30/2_phase/motordrive.py","set_values","186","","","","","","","","","","","","","","","","","","","","","","0.6000000000000001","-0.6000000000000001","","","","","","","","","","","","","","","","","","","","","","",""
"3896.538596999","2026-08-15 07:15:25.152934","/home/akatoki/SC-30/scripts/SC-30/2_phase/motordrive.py","stop","120","","","","stop: power_r=-0.6, power_l=0.6","","","","","","","","","","","","","","","","","","","","","","","","","","","","","","","","","","","","","","","","","",""
"3896.86053889","2026-08-15 07:15:25.474884","/home/akatoki/SC-30/scripts/SC-30/2_phase/motordrive.py","stop","134","","","","","","","","","","","","","","","","","","","","","","0.0","0.0","","","","","","","","","","","","","","","","","","","","","","",""
"3897.107499051","2026-08-15 07:15:25.721836","/home/akatoki/SC-30/scripts/SC-30/2_phase/motordrive.py","move","150","","","","move: direction=w, power=0.7, duration=1.5","","","","","","","","","","","","","","","","","","","","","","","","","","","","","","","","","","","","","","","","","",""
"3897.114391068","2026-08-15 07:15:25.728739","/home/akatoki/SC-30/scripts/SC-30/2_phase/motordrive.py","set_values","186","","","","","","","","","","","","","","","","","","","","","","0.0","0.0","","","","","","","","","","","","","","","","","","","","","","",""
"3897.147393111","2026-08-15 07:15:25.761730","/home/akatoki/SC-30/scripts/SC-30/2_phase/motordrive.py","set_values","186","","","","","","","","","","","","","","","","","","","","","","0.08000000000000002","0.1","","","","","","","","","","","","","","","","","","","","","","",""
"3897.185206909","2026-08-15 07:15:25.799543","/home/akatoki/SC-30/scripts/SC-30/2_phase/motordrive.py","set_values","186","","","","","","","","","","","","","","","","","","","","","","0.16000000000000003","0.2","","","","","","","","","","","","","","","","","","","","","","",""
"3897.217800337","2026-08-15 07:15:25.832136","/home/akatoki/SC-30/scripts/SC-30/2_phase/motordrive.py","set_values","186","","","","","","","","","","","","","","","","","","","","","","0.24000000000000005","0.30000000000000004","","","","","","","","","","","","","","","","","","","","","","",""
"3897.251485591","2026-08-15 07:15:25.865821","/home/akatoki/SC-30/scripts/SC-30/2_phase/motordrive.py","set_values","186","","","","","","","","","","","","","","","","","","","","","","0.32000000000000006","0.4","","","","","","","","","","","","","","","","","","","","","","",""
"3897.283768587","2026-08-15 07:15:25.898104","/home/akatoki/SC-30/scripts/SC-30/2_phase/motordrive.py","set_values","186","","","","","","","","","","","","","","","","","","","","","","0.4","0.5","","","","","","","","","","","","","","","","","","","","","","",""
"3897.316670312","2026-08-15 07:15:25.931007","/home/akatoki/SC-30/scripts/SC-30/2_phase/motordrive.py","set_values","186","","","","","","","","","","","","","","","","","","","","","","0.4800000000000001","0.6000000000000001","","","","","","","","","","","","","","","","","","","","","","",""
"3897.349732566","2026-08-15 07:15:25.964069","/home/akatoki/SC-30/scripts/SC-30/2_phase/motordrive.py","set_values","186","","","","","","","","","","","","","","","","","","","","","","0.5599999999999999","0.7","","","","","","","","","","","","","","","","","","","","","","",""
"3898.682745453","2026-08-15 07:15:27.297082","/home/akatoki/SC-30/scripts/SC-30/2_phase/motordrive.py","stop","120","","","","stop: power_r=0.7, power_l=0.5599","","","","","","","","","","","","","","","","","","","","","","","","","","","","","","","","","","","","","","","","","",""
"3899.05631497","2026-08-15 07:15:27.670660","/home/akatoki/SC-30/scripts/SC-30/2_phase/motordrive.py","stop","134","","","","","","","","","","","","","","","","","","","","","","0.0","0.0","","","","","","","","","","","","","","","","","","","","","","",""
"3899.304389773","2026-08-15 07:15:27.918729","/home/akatoki/SC-30/scripts/SC-30/2_phase/motordrive.py","move","150","","","","move: direction=w, power=0.7, duration=1.5","","","","","","","","","","","","","","","","","","","","","","","","","","","","","","","","","","","","","","","","","",""
"3899.310820568","2026-08-15 07:15:27.925166","/home/akatoki/SC-30/scripts/SC-30/2_phase/motordrive.py","set_values","186","","","","","","","","","","","","","","","","","","","","","","0.0","0.0","","","","","","","","","","","","","","","","","","","","","","",""
"3899.341134818","2026-08-15 07:15:27.955470","/home/akatoki/SC-30/scripts/SC-30/2_phase/motordrive.py","set_values","186","","","","","","","","","","","","","","","","","","","","","","0.08000000000000002","0.1","","","","","","","","","","","","","","","","","","","","","","",""
"3899.373391563","2026-08-15 07:15:27.987726","/home/akatoki/SC-30/scripts/SC-30/2_phase/motordrive.py","set_values","186","","","","","","","","","","","","","","","","","","","","","","0.16000000000000003","0.2","","","","","","","","","","","","","","","","","","","","","","",""
"3899.406209586","2026-08-15 07:15:28.020546","/home/akatoki/SC-30/scripts/SC-30/2_phase/motordrive.py","set_values","186","","","","","","","","","","","","","","","","","","","","","","0.24000000000000005","0.30000000000000004","","","","","","","","","","","","","","","","","","","","","","",""
"3899.438802441","2026-08-15 07:15:28.053140","/home/akatoki/SC-30/scripts/SC-30/2_phase/motordrive.py","set_values","186","","","","","","","","","","","","","","","","","","","","","","0.32000000000000006","0.4","","","","","","","","","","","","","","","","","","","","","","",""
"3899.477304086","2026-08-15 07:15:28.091642","/home/akatoki/SC-30/scripts/SC-30/2_phase/motordrive.py","set_values","186","","","","","","","","","","","","","","","","","","","","","","0.4","0.5","","","","","","","","","","","","","","","","","","","","","","",""
"3899.510888242","2026-08-15 07:15:28.125225","/home/akatoki/SC-30/scripts/SC-30/2_phase/motordrive.py","set_values","186","","","","","","","","","","","","","","","","","","","","","","0.4800000000000001","0.6000000000000001","","","","","","","","","","","","","","","","","","","","","","",""
"3899.543780696","2026-08-15 07:15:28.158119","/home/akatoki/SC-30/scripts/SC-30/2_phase/motordrive.py","set_values","186","","","","","","","","","","","","","","","","","","","","","","0.5599999999999999","0.7","","","","","","","","","","","","","","","","","","","","","","",""
"3900.875589881","2026-08-15 07:15:29.489931","/home/akatoki/SC-30/scripts/SC-30/2_phase/motordrive.py","stop","120","","","","stop: power_r=0.7, power_l=0.5599","","","","","","","","","","","","","","","","","","","","","","","","","","","","","","","","","","","","","","","","","",""
"3901.259967396","2026-08-15 07:15:29.874316","/home/akatoki/SC-30/scripts/SC-30/2_phase/motordrive.py","stop","134","","","","","","","","","","","","","","","","","","","","","","0.0","0.0","","","","","","","","","","","","","","","","","","","","","","",""
"3901.523017388","2026-08-15 07:15:30.137360","/home/akatoki/SC-30/scripts/SC-30/2_phase/motordrive.py","move","150","","","","move: direction=q, power=0.7, duration=0.1","","","","","","","","","","","","","","","","","","","","","","","","","","","","","","","","","","","","","","","","","",""
"3901.530075924","2026-08-15 07:15:30.144421","/home/akatoki/SC-30/scripts/SC-30/2_phase/motordrive.py","set_values","186","","","","","","","","","","","","","","","","","","","","","","-0.0","0.0","","","","","","","","","","","","","","","","","","","","","","",""
"3901.562707844","2026-08-15 07:15:30.177045","/home/akatoki/SC-30/scripts/SC-30/2_phase/motordrive.py","set_values","186","","","","","","","","","","","","","","","","","","","","","","-0.1","0.1","","","","","","","","","","","","","","","","","","","","","","",""
"3901.599715351","2026-08-15 07:15:30.214052","/home/akatoki/SC-30/scripts/SC-30/2_phase/motordrive.py","set_values","186","","","","","","","","","","","","","","","","","","","","","","-0.2","0.2","","","","","","","","","","","","","","","","","","","","","","",""
"3901.630741148","2026-08-15 07:15:30.245077","/home/akatoki/SC-30/scripts/SC-30/2_phase/motordrive.py","set_values","186","","","","","","","","","","","","","","","","","","","","","","-0.30000000000000004","0.30000000000000004","","","","","","","","","","","","","","","","","","","","","","",""
"3901.661842052","2026-08-15 07:15:30.276178","/home/akatoki/SC-30/scripts/SC-30/2_phase/motordrive.py","set_values","186","","","","","","","","","","","","","","","","","","","","","","-0.4","0.4","","","","","","","","","","","","","","","","","","","","","","",""
"3901.694106454","2026-08-15 07:15:30.308443","/home/akatoki/SC-30/scripts/SC-30/2_phase/motordrive.py","set_values","186","","","","","","","","","","","","","","","","","","","","","","-0.5","0.5","","","","","","","","","","","","","","","","","","","","","","",""
"3901.725390336","2026-08-15 07:15:30.339727","/home/akatoki/SC-30/scripts/SC-30/2_phase/motordrive.py","set_values","186","","","","","","","","","","","","","","","","","","","","","","-0.6000000000000001","0.6000000000000001","","","","","","","","","","","","","","","","","","","","","","",""
"3901.756137264","2026-08-15 07:15:30.370475","/home/akatoki/SC-30/scripts/SC-30/2_phase/motordrive.py","stop","120","","","","stop: power_r=0.6, power_l=-0.6","","","","","","","","","","","","","","","","","","","","","","","","","","","","","","","","","","","","","","","","","",""
"3902.082594544","2026-08-15 07:15:30.696940","/home/akatoki/SC-30/scripts/SC-30/2_phase/motordrive.py","stop","134","","","","","","","","","","","","","","","","","","","","","","0.0","0.0","","","","","","","","","","","","","","","","","","","","","","",""
"3902.187236219","2026-08-15 07:15:30.801574","/home/akatoki/SC-30/scripts/SC-30/2_phase/motordrive.py","move","150","","","","move: direction=w, power=0.7, duration=1.5","","","","","","","","","","","","","","","","","","","","","","","","","","","","","","","","","","","","","","","","","",""
"3902.194210741","2026-08-15 07:15:30.808557","/home/akatoki/SC-30/scripts/SC-30/2_phase/motordrive.py","set_values","186","","","","","","","","","","","","","","","","","","","","","","0.0","0.0","","","","","","","","","","","","","","","","","","","","","","",""
"3902.224633382","2026-08-15 07:15:30.838969","/home/akatoki/SC-30/scripts/SC-30/2_phase/motordrive.py","set_values","186","","","","","","","","","","","","","","","","","","","","","","0.08000000000000002","0.1","","","","","","","","","","","","","","","","","","","","","","",""
"3902.25564798","2026-08-15 07:15:30.869984","/home/akatoki/SC-30/scripts/SC-30/2_phase/motordrive.py","set_values","186","","","","","","","","","","","","","","","","","","","","","","0.16000000000000003","0.2","","","","","","","","","","","","","","","","","","","","","","",""
"3902.286994678","2026-08-15 07:15:30.901331","/home/akatoki/SC-30/scripts/SC-30/2_phase/motordrive.py","set_values","186","","","","","","","","","","","","","","","","","","","","","","0.24000000000000005","0.30000000000000004","","","","","","","","","","","","","","","","","","","","","","",""
"3902.318174545","2026-08-15 07:15:30.932511","/home/akatoki/SC-30/scripts/SC-30/2_phase/motordrive.py","set_values","186","","","","","","","","","","","","","","","","","","","","","","0.32000000000000006","0.4","","","","","","","","","","","","","","","","","","","","","","",""
"3902.352659059","2026-08-15 07:15:30.966995","/home/akatoki/SC-30/scripts/SC-30/2_phase/motordrive.py","set_values","186","","","","","","","","","","","","","","","","","","","","","","0.4","0.5","","","","","","","","","","","","","","","","","","","","","","",""
"3902.389161853","2026-08-15 07:15:31.003499","/home/akatoki/SC-30/scripts/SC-30/2_phase/motordrive.py","set_values","186","","","","","","","","","","","","","","","","","","","","","","0.4800000000000001","0.6000000000000001","","","","","","","","","","","","","","","","","","","","","","",""
"3902.420917374","2026-08-15 07:15:31.035253","/home/akatoki/SC-30/scripts/SC-30/2_phase/motordrive.py","set_values","186","","","","","","","","","","","","","","","","","","","","","","0.5599999999999999","0.7","","","","","","","","","","","","","","","","","","","","","","",""
"3903.752457541","2026-08-15 07:15:32.366794","/home/akatoki/SC-30/scripts/SC-30/2_phase/motordrive.py","stop","120","","","","stop: power_r=0.7, power_l=0.5599","","","","","","","","","","","","","","","","","","","","","","","","","","","","","","","","","","","","","","","","","",""
"3904.129411139","2026-08-15 07:15:32.743758","/home/akatoki/SC-30/scripts/SC-30/2_phase/motordrive.py","stop","134","","","","","","","","","","","","","","","","","","","","","","0.0","0.0","","","","","","","","","","","","","","","","","","","","","","",""
"3904.372994673","2026-08-15 07:15:32.987331","/home/akatoki/SC-30/scripts/SC-30/2_phase/motordrive.py","move","150","","","","move: direction=e, power=0.7, duration=0.1","","","","","","","","","","","","","","","","","","","","","","","","","","","","","","","","","","","","","","","","","",""
"3904.378902682","2026-08-15 07:15:32.993251","/home/akatoki/SC-30/scripts/SC-30/2_phase/motordrive.py","set_values","186","","","","","","","","","","","","","","","","","","","","","","0.0","-0.0","","","","","","","","","","","","","","","","","","","","","","",""
"3904.409652579","2026-08-15 07:15:33.023989","/home/akatoki/SC-30/scripts/SC-30/2_phase/motordrive.py","set_values","186","","","","","","","","","","","","","","","","","","","","","","0.1","-0.1","","","","","","","","","","","","","","","","","","","","","","",""
"3904.44852789","2026-08-15 07:15:33.062865","/home/akatoki/SC-30/scripts/SC-30/2_phase/motordrive.py","set_values","186","","","","","","","","","","","","","","","","","","","","","","0.2","-0.2","","","","","","","","","","","","","","","","","","","","","","",""
"3904.481731037","2026-08-15 07:15:33.096067","/home/akatoki/SC-30/scripts/SC-30/2_phase/motordrive.py","set_values","186","","","","","","","","","","","","","","","","","","","","","","0.30000000000000004","-0.30000000000000004","","","","","","","","","","","","","","","","","","","","","","",""
"3904.514457649","2026-08-15 07:15:33.128794","/home/akatoki/SC-30/scripts/SC-30/2_phase/motordrive.py","set_values","186","","","","","","","","","","","","","","","","","","","","","","0.4","-0.4","","","","","","","","","","","","","","","","","","","","","","",""
"3904.547567771","2026-08-15 07:15:33.161904","/home/akatoki/SC-30/scripts/SC-30/2_phase/motordrive.py","set_values","186","","","","","","","","","","","","","","","","","","","","","","0.5","-0.5","","","","","","","","","","","","","","","","","","","","","","",""
"3904.580540125","2026-08-15 07:15:33.194877","/home/akatoki/SC-30/scripts/SC-30/2_phase/motordrive.py","set_values","186","","","","","","","","","","","","","","","","","","","","","","0.6000000000000001","-0.6000000000000001","","","","","","","","","","","","","","","","","","","","","","",""
"3904.612629934","2026-08-15 07:15:33.226968","/home/akatoki/SC-30/scripts/SC-30/2_phase/motordrive.py","stop","120","","","","stop: power_r=-0.6, power_l=0.6","","","","","","","","","","","","","","","","","","","","","","","","","","","","","","","","","","","","","","","","","",""
"3904.934389215","2026-08-15 07:15:33.548734","/home/akatoki/SC-30/scripts/SC-30/2_phase/motordrive.py","stop","134","","","","","","","","","","","","","","","","","","","","","","0.0","0.0","","","","","","","","","","","","","","","","","","","","","","",""
"3905.185389325","2026-08-15 07:15:33.799725","/home/akatoki/SC-30/scripts/SC-30/2_phase/motordrive.py","move","150","","","","move: direction=w, power=0.7, duration=1.5","","","","","","","","","","","","","","","","","","","","","","","","","","","","","","","","","","","","","","","","","",""
"3905.1924813","2026-08-15 07:15:33.806825","/home/akatoki/SC-30/scripts/SC-30/2_phase/motordrive.py","set_values","186","","","","","","","","","","","","","","","","","","","","","","0.0","0.0","","","","","","","","","","","","","","","","","","","","","","",""
"3905.223855864","2026-08-15 07:15:33.838191","/home/akatoki/SC-30/scripts/SC-30/2_phase/motordrive.py","set_values","186","","","","","","","","","","","","","","","","","","","","","","0.08000000000000002","0.1","","","","","","","","","","","","","","","","","","","","","","",""
"3905.257193706","2026-08-15 07:15:33.871529","/home/akatoki/SC-30/scripts/SC-30/2_phase/motordrive.py","set_values","186","","","","","","","","","","","","","","","","","","","","","","0.16000000000000003","0.2","","","","","","","","","","","","","","","","","","","","","","",""
"3905.29000277","2026-08-15 07:15:33.904338","/home/akatoki/SC-30/scripts/SC-30/2_phase/motordrive.py","set_values","186","","","","","","","","","","","","","","","","","","","","","","0.24000000000000005","0.30000000000000004","","","","","","","","","","","","","","","","","","","","","","",""
"3905.321530988","2026-08-15 07:15:33.935866","/home/akatoki/SC-30/scripts/SC-30/2_phase/motordrive.py","set_values","186","","","","","","","","","","","","","","","","","","","","","","0.32000000000000006","0.4","","","","","","","","","","","","","","","","","","","","","","",""
"3905.352654498","2026-08-15 07:15:33.966991","/home/akatoki/SC-30/scripts/SC-30/2_phase/motordrive.py","set_values","186","","","","","","","","","","","","","","","","","","","","","","0.4","0.5","","","","","","","","","","","","","","","","","","","","","","",""
"3905.391860503","2026-08-15 07:15:34.006197","/home/akatoki/SC-30/scripts/SC-30/2_phase/motordrive.py","set_values","186","","","","","","","","","","","","","","","","","","","","","","0.4800000000000001","0.6000000000000001","","","","","","","","","","","","","","","","","","","","","","",""
"3905.425406532","2026-08-15 07:15:34.039741","/home/akatoki/SC-30/scripts/SC-30/2_phase/motordrive.py","set_values","186","","","","","","","","","","","","","","","","","","","","","","0.5599999999999999","0.7","","","","","","","","","","","","","","","","","","","","","","",""
"3906.803169889","2026-08-15 07:15:35.417510","/home/akatoki/SC-30/scripts/SC-30/2_phase/motordrive.py","stop","120","","","","stop: power_r=0.7, power_l=0.5599","","","","","","","","","","","","","","","","","","","","","","","","","","","","","","","","","","","","","","","","","",""
"3907.194156859","2026-08-15 07:15:35.808506","/home/akatoki/SC-30/scripts/SC-30/2_phase/motordrive.py","stop","134","","","","","","","","","","","","","","","","","","","","","","0.0","0.0","","","","","","","","","","","","","","","","","","","","","","",""
"3907.450084408","2026-08-15 07:15:36.064422","/home/akatoki/SC-30/scripts/SC-30/2_phase/motordrive.py","move","150","","","","move: direction=w, power=0.7, duration=1.5","","","","","","","","","","","","","","","","","","","","","","","","","","","","","","","","","","","","","","","","","",""
"3907.45762625","2026-08-15 07:15:36.071973","/home/akatoki/SC-30/scripts/SC-30/2_phase/motordrive.py","set_values","186","","","","","","","","","","","","","","","","","","","","","","0.0","0.0","","","","","","","","","","","","","","","","","","","","","","",""
"3907.489501308","2026-08-15 07:15:36.103838","/home/akatoki/SC-30/scripts/SC-30/2_phase/motordrive.py","set_values","186","","","","","","","","","","","","","","","","","","","","","","0.08000000000000002","0.1","","","","","","","","","","","","","","","","","","","","","","",""
"3907.536675322","2026-08-15 07:15:36.151013","/home/akatoki/SC-30/scripts/SC-30/2_phase/motordrive.py","set_values","186","","","","","","","","","","","","","","","","","","","","","","0.16000000000000003","0.2","","","","","","","","","","","","","","","","","","","","","","",""
"3907.569194841","2026-08-15 07:15:36.183533","/home/akatoki/SC-30/scripts/SC-30/2_phase/motordrive.py","set_values","186","","","","","","","","","","","","","","","","","","","","","","0.24000000000000005","0.30000000000000004","","","","","","","","","","","","","","","","","","","","","","",""
"3907.602060159","2026-08-15 07:15:36.216399","/home/akatoki/SC-30/scripts/SC-30/2_phase/motordrive.py","set_values","186","","","","","","","","","","","","","","","","","","","","","","0.32000000000000006","0.4","","","","","","","","","","","","","","","","","","","","","","",""
"3907.635128299","2026-08-15 07:15:36.249466","/home/akatoki/SC-30/scripts/SC-30/2_phase/motordrive.py","set_values","186","","","","","","","","","","","","","","","","","","","","","","0.4","0.5","","","","","","","","","","","","","","","","","","","","","","",""
"3907.666924604","2026-08-15 07:15:36.281261","/home/akatoki/SC-30/scripts/SC-30/2_phase/motordrive.py","set_values","186","","","","","","","","","","","","","","","","","","","","","","0.4800000000000001","0.6000000000000001","","","","","","","","","","","","","","","","","","","","","","",""
"3907.700075665","2026-08-15 07:15:36.314413","/home/akatoki/SC-30/scripts/SC-30/2_phase/motordrive.py","set_values","186","","","","","","","","","","","","","","","","","","","","","","0.5599999999999999","0.7","","","","","","","","","","","","","","","","","","","","","","",""
"3909.031154048","2026-08-15 07:15:37.645494","/home/akatoki/SC-30/scripts/SC-30/2_phase/motordrive.py","stop","120","","","","stop: power_r=0.7, power_l=0.5599","","","","","","","","","","","","","","","","","","","","","","","","","","","","","","","","","","","","","","","","","",""
"3909.425547807","2026-08-15 07:15:38.039897","/home/akatoki/SC-30/scripts/SC-30/2_phase/motordrive.py","stop","134","","","","","","","","","","","","","","","","","","","","","","0.0","0.0","","","","","","","","","","","","","","","","","","","","","","",""
"3909.686944437","2026-08-15 07:15:38.301283","/home/akatoki/SC-30/scripts/SC-30/2_phase/motordrive.py","move","150","","","","move: direction=w, power=0.7, duration=1.5","","","","","","","","","","","","","","","","","","","","","","","","","","","","","","","","","","","","","","","","","",""
"3909.700562161","2026-08-15 07:15:38.314910","/home/akatoki/SC-30/scripts/SC-30/2_phase/motordrive.py","set_values","186","","","","","","","","","","","","","","","","","","","","","","0.0","0.0","","","","","","","","","","","","","","","","","","","","","","",""
"3909.733838645","2026-08-15 07:15:38.348176","/home/akatoki/SC-30/scripts/SC-30/2_phase/motordrive.py","set_values","186","","","","","","","","","","","","","","","","","","","","","","0.08000000000000002","0.1","","","","","","","","","","","","","","","","","","","","","","",""
"3909.765471608","2026-08-15 07:15:38.379807","/home/akatoki/SC-30/scripts/SC-30/2_phase/motordrive.py","set_values","186","","","","","","","","","","","","","","","","","","","","","","0.16000000000000003","0.2","","","","","","","","","","","","","","","","","","","","","","",""
"3909.796747314","2026-08-15 07:15:38.411083","/home/akatoki/SC-30/scripts/SC-30/2_phase/motordrive.py","set_values","186","","","","","","","","","","","","","","","","","","","","","","0.24000000000000005","0.30000000000000004","","","","","","","","","","","","","","","","","","","","","","",""
"3909.828458875","2026-08-15 07:15:38.442794","/home/akatoki/SC-30/scripts/SC-30/2_phase/motordrive.py","set_values","186","","","","","","","","","","","","","","","","","","","","","","0.32000000000000006","0.4","","","","","","","","","","","","","","","","","","","","","","",""
"3909.869228709","2026-08-15 07:15:38.483564","/home/akatoki/SC-30/scripts/SC-30/2_phase/motordrive.py","set_values","186","","","","","","","","","","","","","","","","","","","","","","0.4","0.5","","","","","","","","","","","","","","","","","","","","","","",""
"3909.900851307","2026-08-15 07:15:38.515187","/home/akatoki/SC-30/scripts/SC-30/2_phase/motordrive.py","set_values","186","","","","","","","","","","","","","","","","","","","","","","0.4800000000000001","0.6000000000000001","","","","","","","","","","","","","","","","","","","","","","",""
"3909.933617922","2026-08-15 07:15:38.547954","/home/akatoki/SC-30/scripts/SC-30/2_phase/motordrive.py","set_values","186","","","","","","","","","","","","","","","","","","","","","","0.5599999999999999","0.7","","","","","","","","","","","","","","","","","","","","","","",""
"3911.267296233","2026-08-15 07:15:39.881633","/home/akatoki/SC-30/scripts/SC-30/2_phase/motordrive.py","stop","120","","","","stop: power_r=0.7, power_l=0.5599","","","","","","","","","","","","","","","","","","","","","","","","","","","","","","","","","","","","","","","","","",""
"3911.637570641","2026-08-15 07:15:40.251916","/home/akatoki/SC-30/scripts/SC-30/2_phase/motordrive.py","stop","134","","","","","","","","","","","","","","","","","","","","","","0.0","0.0","","","","","","","","","","","","","","","","","","","","","","",""
"3911.887151515","2026-08-15 07:15:40.501488","/home/akatoki/SC-30/scripts/SC-30/2_phase/motordrive.py","move","150","","","","move: direction=q, power=0.7, duration=0.1","","","","","","","","","","","","","","","","","","","","","","","","","","","","","","","","","","","","","","","","","",""
"3911.894544808","2026-08-15 07:15:40.508891","/home/akatoki/SC-30/scripts/SC-30/2_phase/motordrive.py","set_values","186","","","","","","","","","","","","","","","","","","","","","","-0.0","0.0","","","","","","","","","","","","","","","","","","","","","","",""
"3911.930893948","2026-08-15 07:15:40.545230","/home/akatoki/SC-30/scripts/SC-30/2_phase/motordrive.py","set_values","186","","","","","","","","","","","","","","","","","","","","","","-0.1","0.1","","","","","","","","","","","","","","","","","","","","","","",""
"3911.961868597","2026-08-15 07:15:40.576205","/home/akatoki/SC-30/scripts/SC-30/2_phase/motordrive.py","set_values","186","","","","","","","","","","","","","","","","","","","","","","-0.2","0.2","","","","","","","","","","","","","","","","","","","","","","",""
"3911.994139874","2026-08-15 07:15:40.608476","/home/akatoki/SC-30/scripts/SC-30/2_phase/motordrive.py","set_values","186","","","","","","","","","","","","","","","","","","","","","","-0.30000000000000004","0.30000000000000004","","","","","","","","","","","","","","","","","","","","","","",""
"3912.026958158","2026-08-15 07:15:40.641294","/home/akatoki/SC-30/scripts/SC-30/2_phase/motordrive.py","set_values","186","","","","","","","","","","","","","","","","","","","","","","-0.4","0.4","","","","","","","","","","","","","","","","","","","","","","",""
"3912.058988381","2026-08-15 07:15:40.673324","/home/akatoki/SC-30/scripts/SC-30/2_phase/motordrive.py","set_values","186","","","","","","","","","","","","","","","","","","","","","","-0.5","0.5","","","","","","","","","","","","","","","","","","","","","","",""
"3912.090521339","2026-08-15 07:15:40.704857","/home/akatoki/SC-30/scripts/SC-30/2_phase/motordrive.py","set_values","186","","","","","","","","","","","","","","","","","","","","","","-0.6000000000000001","0.6000000000000001","","","","","","","","","","","","","","","","","","","","","","",""
"3912.121277019","2026-08-15 07:15:40.735614","/home/akatoki/SC-30/scripts/SC-30/2_phase/motordrive.py","stop","120","","","","stop: power_r=0.6, power_l=-0.6","","","","","","","","","","","","","","","","","","","","","","","","","","","","","","","","","","","","","","","","","",""
"3912.443238032","2026-08-15 07:15:41.057584","/home/akatoki/SC-30/scripts/SC-30/2_phase/motordrive.py","stop","134","","","","","","","","","","","","","","","","","","","","","","0.0","0.0","","","","","","","","","","","","","","","","","","","","","","",""
"3912.548650582","2026-08-15 07:15:41.162988","/home/akatoki/SC-30/scripts/SC-30/2_phase/motordrive.py","move","150","","","","move: direction=w, power=0.7, duration=1.5","","","","","","","","","","","","","","","","","","","","","","","","","","","","","","","","","","","","","","","","","",""
"3912.556814331","2026-08-15 07:15:41.171160","/home/akatoki/SC-30/scripts/SC-30/2_phase/motordrive.py","set_values","186","","","","","","","","","","","","","","","","","","","","","","0.0","0.0","","","","","","","","","","","","","","","","","","","","","","",""
"3912.587116029","2026-08-15 07:15:41.201451","/home/akatoki/SC-30/scripts/SC-30/2_phase/motordrive.py","set_values","186","","","","","","","","","","","","","","","","","","","","","","0.08000000000000002","0.1","","","","","","","","","","","","","","","","","","","","","","",""
"3912.618090052","2026-08-15 07:15:41.232442","/home/akatoki/SC-30/scripts/SC-30/2_phase/motordrive.py","set_values","186","","","","","","","","","","","","","","","","","","","","","","0.16000000000000003","0.2","","","","","","","","","","","","","","","","","","","","","","",""
"3912.650833802","2026-08-15 07:15:41.265170","/home/akatoki/SC-30/scripts/SC-30/2_phase/motordrive.py","set_values","186","","","","","","","","","","","","","","","","","","","","","","0.24000000000000005","0.30000000000000004","","","","","","","","","","","","","","","","","","","","","","",""
"3912.683592447","2026-08-15 07:15:41.297928","/home/akatoki/SC-30/scripts/SC-30/2_phase/motordrive.py","set_values","186","","","","","","","","","","","","","","","","","","","","","","0.32000000000000006","0.4","","","","","","","","","","","","","","","","","","","","","","",""
"3912.719523233","2026-08-15 07:15:41.333859","/home/akatoki/SC-30/scripts/SC-30/2_phase/motordrive.py","set_values","186","","","","","","","","","","","","","","","","","","","","","","0.4","0.5","","","","","","","","","","","","","","","","","","","","","","",""
"3912.751833835","2026-08-15 07:15:41.366170","/home/akatoki/SC-30/scripts/SC-30/2_phase/motordrive.py","set_values","186","","","","","","","","","","","","","","","","","","","","","","0.4800000000000001","0.6000000000000001","","","","","","","","","","","","","","","","","","","","","","",""
"3912.7854956","2026-08-15 07:15:41.399831","/home/akatoki/SC-30/scripts/SC-30/2_phase/motordrive.py","set_values","186","","","","","","","","","","","","","","","","","","","","","","0.5599999999999999","0.7","","","","","","","","","","","","","","","","","","","","","","",""
"3913.573810339","2026-08-15 07:15:42.188160","/home/akatoki/SC-30/scripts/SC-30/2_phase/ijochi.py","abnormal_check","64","","","","ijochi detected: bno accel out of range","","","","","","","","","","","","","","","","","","","","","","","","","","","","","","","","","","","","","","","","","",""
"3914.1171697","2026-08-15 07:15:42.731506","/home/akatoki/SC-30/scripts/SC-30/2_phase/motordrive.py","stop","120","","","","stop: power_r=0.7, power_l=0.5599","","","","","","","","","","","","","","","","","","","","","","","","","","","","","","","","","","","","","","","","","",""
"3914.496701508","2026-08-15 07:15:43.111045","/home/akatoki/SC-30/scripts/SC-30/2_phase/motordrive.py","stop","134","","","","","","","","","","","","","","","","","","","","","","0.0","0.0","","","","","","","","","","","","","","","","","","","","","","",""
"3914.744511563","2026-08-15 07:15:43.358849","/home/akatoki/SC-30/scripts/SC-30/2_phase/motordrive.py","move","150","","","","move: direction=w, power=0.7, duration=1.5","","","","","","","","","","","","","","","","","","","","","","","","","","","","","","","","","","","","","","","","","",""
"3914.758252054","2026-08-15 07:15:43.372602","/home/akatoki/SC-30/scripts/SC-30/2_phase/motordrive.py","set_values","186","","","","","","","","","","","","","","","","","","","","","","0.0","0.0","","","","","","","","","","","","","","","","","","","","","","",""
"3914.791662869","2026-08-15 07:15:43.406002","/home/akatoki/SC-30/scripts/SC-30/2_phase/motordrive.py","set_values","186","","","","","","","","","","","","","","","","","","","","","","0.08000000000000002","0.1","","","","","","","","","","","","","","","","","","","","","","",""
"3914.826370572","2026-08-15 07:15:43.440711","/home/akatoki/SC-30/scripts/SC-30/2_phase/motordrive.py","set_values","186","","","","","","","","","","","","","","","","","","","","","","0.16000000000000003","0.2","","","","","","","","","","","","","","","","","","","","","","",""
"3914.860614501","2026-08-15 07:15:43.474954","/home/akatoki/SC-30/scripts/SC-30/2_phase/motordrive.py","set_values","186","","","","","","","","","","","","","","","","","","","","","","0.24000000000000005","0.30000000000000004","","","","","","","","","","","","","","","","","","","","","","",""
"3914.894675036","2026-08-15 07:15:43.509014","/home/akatoki/SC-30/scripts/SC-30/2_phase/motordrive.py","set_values","186","","","","","","","","","","","","","","","","","","","","","","0.32000000000000006","0.4","","","","","","","","","","","","","","","","","","","","","","",""
"3914.927909592","2026-08-15 07:15:43.542248","/home/akatoki/SC-30/scripts/SC-30/2_phase/motordrive.py","set_values","186","","","","","","","","","","","","","","","","","","","","","","0.4","0.5","","","","","","","","","","","","","","","","","","","","","","",""
"3914.959824549","2026-08-15 07:15:43.574164","/home/akatoki/SC-30/scripts/SC-30/2_phase/motordrive.py","set_values","186","","","","","","","","","","","","","","","","","","","","","","0.4800000000000001","0.6000000000000001","","","","","","","","","","","","","","","","","","","","","","",""
"3915.001562349","2026-08-15 07:15:43.615902","/home/akatoki/SC-30/scripts/SC-30/2_phase/motordrive.py","set_values","186","","","","","","","","","","","","","","","","","","","","","","0.5599999999999999","0.7","","","","","","","","","","","","","","","","","","","","","","",""
"3916.336468389","2026-08-15 07:15:44.950809","/home/akatoki/SC-30/scripts/SC-30/2_phase/motordrive.py","stop","120","","","","stop: power_r=0.7, power_l=0.5599","","","","","","","","","","","","","","","","","","","","","","","","","","","","","","","","","","","","","","","","","",""
"3916.731211024","2026-08-15 07:15:45.345559","/home/akatoki/SC-30/scripts/SC-30/2_phase/motordrive.py","stop","134","","","","","","","","","","","","","","","","","","","","","","0.0","0.0","","","","","","","","","","","","","","","","","","","","","","",""
"3916.991898715","2026-08-15 07:15:45.606238","/home/akatoki/SC-30/scripts/SC-30/2_phase/motordrive.py","move","150","","","","move: direction=e, power=0.7, duration=0.1","","","","","","","","","","","","","","","","","","","","","","","","","","","","","","","","","","","","","","","","","",""
"3916.998839641","2026-08-15 07:15:45.613186","/home/akatoki/SC-30/scripts/SC-30/2_phase/motordrive.py","set_values","186","","","","","","","","","","","","","","","","","","","","","","0.0","-0.0","","","","","","","","","","","","","","","","","","","","","","",""
"3917.031152378","2026-08-15 07:15:45.645491","/home/akatoki/SC-30/scripts/SC-30/2_phase/motordrive.py","set_values","186","","","","","","","","","","","","","","","","","","","","","","0.1","-0.1","","","","","","","","","","","","","","","","","","","","","","",""
"3917.06927937","2026-08-15 07:15:45.683617","/home/akatoki/SC-30/scripts/SC-30/2_phase/motordrive.py","set_values","186","","","","","","","","","","","","","","","","","","","","","","0.2","-0.2","","","","","","","","","","","","","","","","","","","","","","",""
"3917.100738315","2026-08-15 07:15:45.715074","/home/akatoki/SC-30/scripts/SC-30/2_phase/motordrive.py","set_values","186","","","","","","","","","","","","","","","","","","","","","","0.30000000000000004","-0.30000000000000004","","","","","","","","","","","","","","","","","","","","","","",""
"3917.131976258","2026-08-15 07:15:45.746313","/home/akatoki/SC-30/scripts/SC-30/2_phase/motordrive.py","set_values","186","","","","","","","","","","","","","","","","","","","","","","0.4","-0.4","","","","","","","","","","","","","","","","","","","","","","",""
"3917.165726621","2026-08-15 07:15:45.780063","/home/akatoki/SC-30/scripts/SC-30/2_phase/motordrive.py","set_values","186","","","","","","","","","","","","","","","","","","","","","","0.5","-0.5","","","","","","","","","","","","","","","","","","","","","","",""
"3917.197662517","2026-08-15 07:15:45.811999","/home/akatoki/SC-30/scripts/SC-30/2_phase/motordrive.py","set_values","186","","","","","","","","","","","","","","","","","","","","","","0.6000000000000001","-0.6000000000000001","","","","","","","","","","","","","","","","","","","","","","",""
"3917.230702896","2026-08-15 07:15:45.845039","/home/akatoki/SC-30/scripts/SC-30/2_phase/motordrive.py","stop","120","","","","stop: power_r=-0.6, power_l=0.6","","","","","","","","","","","","","","","","","","","","","","","","","","","","","","","","","","","","","","","","","",""
"3917.550933551","2026-08-15 07:15:46.165279","/home/akatoki/SC-30/scripts/SC-30/2_phase/motordrive.py","stop","134","","","","","","","","","","","","","","","","","","","","","","0.0","0.0","","","","","","","","","","","","","","","","","","","","","","",""
"3917.655602581","2026-08-15 07:15:46.269938","/home/akatoki/SC-30/scripts/SC-30/2_phase/motordrive.py","move","150","","","","move: direction=w, power=0.7, duration=1.5","","","","","","","","","","","","","","","","","","","","","","","","","","","","","","","","","","","","","","","","","",""
"3917.670691469","2026-08-15 07:15:46.285035","/home/akatoki/SC-30/scripts/SC-30/2_phase/motordrive.py","set_values","186","","","","","","","","","","","","","","","","","","","","","","0.0","0.0","","","","","","","","","","","","","","","","","","","","","","",""
"3917.705196305","2026-08-15 07:15:46.319532","/home/akatoki/SC-30/scripts/SC-30/2_phase/motordrive.py","set_values","186","","","","","","","","","","","","","","","","","","","","","","0.08000000000000002","0.1","","","","","","","","","","","","","","","","","","","","","","",""
"3917.736993274","2026-08-15 07:15:46.351329","/home/akatoki/SC-30/scripts/SC-30/2_phase/motordrive.py","set_values","186","","","","","","","","","","","","","","","","","","","","","","0.16000000000000003","0.2","","","","","","","","","","","","","","","","","","","","","","",""
"3917.769582947","2026-08-15 07:15:46.383920","/home/akatoki/SC-30/scripts/SC-30/2_phase/motordrive.py","set_values","186","","","","","","","","","","","","","","","","","","","","","","0.24000000000000005","0.30000000000000004","","","","","","","","","","","","","","","","","","","","","","",""
"3917.801272063","2026-08-15 07:15:46.415607","/home/akatoki/SC-30/scripts/SC-30/2_phase/motordrive.py","set_values","186","","","","","","","","","","","","","","","","","","","","","","0.32000000000000006","0.4","","","","","","","","","","","","","","","","","","","","","","",""
"3917.83416057","2026-08-15 07:15:46.448496","/home/akatoki/SC-30/scripts/SC-30/2_phase/motordrive.py","set_values","186","","","","","","","","","","","","","","","","","","","","","","0.4","0.5","","","","","","","","","","","","","","","","","","","","","","",""
"3917.870663072","2026-08-15 07:15:46.485000","/home/akatoki/SC-30/scripts/SC-30/2_phase/motordrive.py","set_values","186","","","","","","","","","","","","","","","","","","","","","","0.4800000000000001","0.6000000000000001","","","","","","","","","","","","","","","","","","","","","","",""
"3917.902449213","2026-08-15 07:15:46.516785","/home/akatoki/SC-30/scripts/SC-30/2_phase/motordrive.py","set_values","186","","","","","","","","","","","","","","","","","","","","","","0.5599999999999999","0.7","","","","","","","","","","","","","","","","","","","","","","",""
"3919.235927654","2026-08-15 07:15:47.850266","/home/akatoki/SC-30/scripts/SC-30/2_phase/motordrive.py","stop","120","","","","stop: power_r=0.7, power_l=0.5599","","","","","","","","","","","","","","","","","","","","","","","","","","","","","","","","","","","","","","","","","",""
"3919.611038468","2026-08-15 07:15:48.225382","/home/akatoki/SC-30/scripts/SC-30/2_phase/motordrive.py","stop","134","","","","","","","","","","","","","","","","","","","","","","0.0","0.0","","","","","","","","","","","","","","","","","","","","","","",""
"3919.859997163","2026-08-15 07:15:48.474405","/home/akatoki/SC-30/scripts/SC-30/2_phase/motordrive.py","move","150","","","","move: direction=e, power=0.7, duration=0.1","","","","","","","","","","","","","","","","","","","","","","","","","","","","","","","","","","","","","","","","","",""
"3919.871805764","2026-08-15 07:15:48.486150","/home/akatoki/SC-30/scripts/SC-30/2_phase/motordrive.py","set_values","186","","","","","","","","","","","","","","","","","","","","","","0.0","-0.0","","","","","","","","","","","","","","","","","","","","","","",""
"3919.902686835","2026-08-15 07:15:48.517023","/home/akatoki/SC-30/scripts/SC-30/2_phase/motordrive.py","set_values","186","","","","","","","","","","","","","","","","","","","","","","0.1","-0.1","","","","","","","","","","","","","","","","","","","","","","",""
"3919.935402976","2026-08-15 07:15:48.549738","/home/akatoki/SC-30/scripts/SC-30/2_phase/motordrive.py","set_values","186","","","","","","","","","","","","","","","","","","","","","","0.2","-0.2","","","","","","","","","","","","","","","","","","","","","","",""
"3919.979996532","2026-08-15 07:15:48.594369","/home/akatoki/SC-30/scripts/SC-30/2_phase/motordrive.py","set_values","186","","","","","","","","","","","","","","","","","","","","","","0.30000000000000004","-0.30000000000000004","","","","","","","","","","","","","","","","","","","","","","",""
"3920.014401059","2026-08-15 07:15:48.628738","/home/akatoki/SC-30/scripts/SC-30/2_phase/motordrive.py","set_values","186","","","","","","","","","","","","","","","","","","","","","","0.4","-0.4","","","","","","","","","","","","","","","","","","","","","","",""
"3920.046847879","2026-08-15 07:15:48.661184","/home/akatoki/SC-30/scripts/SC-30/2_phase/motordrive.py","set_values","186","","","","","","","","","","","","","","","","","","","","","","0.5","-0.5","","","","","","","","","","","","","","","","","","","","","","",""
"3920.083679889","2026-08-15 07:15:48.698015","/home/akatoki/SC-30/scripts/SC-30/2_phase/motordrive.py","set_values","186","","","","","","","","","","","","","","","","","","","","","","0.6000000000000001","-0.6000000000000001","","","","","","","","","","","","","","","","","","","","","","",""
"3920.121870114","2026-08-15 07:15:48.736206","/home/akatoki/SC-30/scripts/SC-30/2_phase/motordrive.py","stop","120","","","","stop: power_r=-0.6, power_l=0.6","","","","","","","","","","","","","","","","","","","","","","","","","","","","","","","","","","","","","","","","","",""
"3920.448250357","2026-08-15 07:15:49.062598","/home/akatoki/SC-30/scripts/SC-30/2_phase/motordrive.py","stop","134","","","","","","","","","","","","","","","","","","","","","","0.0","0.0","","","","","","","","","","","","","","","","","","","","","","",""
"3920.552634963","2026-08-15 07:15:49.166970","/home/akatoki/SC-30/scripts/SC-30/2_phase/motordrive.py","move","150","","","","move: direction=w, power=0.7, duration=1.5","","","","","","","","","","","","","","","","","","","","","","","","","","","","","","","","","","","","","","","","","",""
"3920.559614706","2026-08-15 07:15:49.173959","/home/akatoki/SC-30/scripts/SC-30/2_phase/motordrive.py","set_values","186","","","","","","","","","","","","","","","","","","","","","","0.0","0.0","","","","","","","","","","","","","","","","","","","","","","",""
"3920.591218201","2026-08-15 07:15:49.205553","/home/akatoki/SC-30/scripts/SC-30/2_phase/motordrive.py","set_values","186","","","","","","","","","","","","","","","","","","","","","","0.08000000000000002","0.1","","","","","","","","","","","","","","","","","","","","","","",""
"3920.624130362","2026-08-15 07:15:49.238465","/home/akatoki/SC-30/scripts/SC-30/2_phase/motordrive.py","set_values","186","","","","","","","","","","","","","","","","","","","","","","0.16000000000000003","0.2","","","","","","","","","","","","","","","","","","","","","","",""
"3920.655959195","2026-08-15 07:15:49.270296","/home/akatoki/SC-30/scripts/SC-30/2_phase/motordrive.py","set_values","186","","","","","","","","","","","","","","","","","","","","","","0.24000000000000005","0.30000000000000004","","","","","","","","","","","","","","","","","","","","","","",""
"3920.69211978","2026-08-15 07:15:49.306455","/home/akatoki/SC-30/scripts/SC-30/2_phase/motordrive.py","set_values","186","","","","","","","","","","","","","","","","","","","","","","0.32000000000000006","0.4","","","","","","","","","","","","","","","","","","","","","","",""
"3920.724048503","2026-08-15 07:15:49.338388","/home/akatoki/SC-30/scripts/SC-30/2_phase/motordrive.py","set_values","186","","","","","","","","","","","","","","","","","","","","","","0.4","0.5","","","","","","","","","","","","","","","","","","","","","","",""
"3920.756151656","2026-08-15 07:15:49.370487","/home/akatoki/SC-30/scripts/SC-30/2_phase/motordrive.py","set_values","186","","","","","","","","","","","","","","","","","","","","","","0.4800000000000001","0.6000000000000001","","","","","","","","","","","","","","","","","","","","","","",""
"3920.788886368","2026-08-15 07:15:49.403223","/home/akatoki/SC-30/scripts/SC-30/2_phase/motordrive.py","set_values","186","","","","","","","","","","","","","","","","","","","","","","0.5599999999999999","0.7","","","","","","","","","","","","","","","","","","","","","","",""
"3922.12396777","2026-08-15 07:15:50.738307","/home/akatoki/SC-30/scripts/SC-30/2_phase/motordrive.py","stop","120","","","","stop: power_r=0.7, power_l=0.5599","","","","","","","","","","","","","","","","","","","","","","","","","","","","","","","","","","","","","","","","","",""
"3922.508561972","2026-08-15 07:15:51.122910","/home/akatoki/SC-30/scripts/SC-30/2_phase/motordrive.py","stop","134","","","","","","","","","","","","","","","","","","","","","","0.0","0.0","","","","","","","","","","","","","","","","","","","","","","",""
"3922.764312032","2026-08-15 07:15:51.378655","/home/akatoki/SC-30/scripts/SC-30/2_phase/motordrive.py","move","150","","","","move: direction=q, power=0.7, duration=0.1","","","","","","","","","","","","","","","","","","","","","","","","","","","","","","","","","","","","","","","","","",""
"3922.778896699","2026-08-15 07:15:51.393243","/home/akatoki/SC-30/scripts/SC-30/2_phase/motordrive.py","set_values","186","","","","","","","","","","","","","","","","","","","","","","-0.0","0.0","","","","","","","","","","","","","","","","","","","","","","",""
"3922.810553512","2026-08-15 07:15:51.424908","/home/akatoki/SC-30/scripts/SC-30/2_phase/motordrive.py","set_values","186","","","","","","","","","","","","","","","","","","","","","","-0.1","0.1","","","","","","","","","","","","","","","","","","","","","","",""
"3922.842916224","2026-08-15 07:15:51.457254","/home/akatoki/SC-30/scripts/SC-30/2_phase/motordrive.py","set_values","186","","","","","","","","","","","","","","","","","","","","","","-0.2","0.2","","","","","","","","","","","","","","","","","","","","","","",""
"3922.876138391","2026-08-15 07:15:51.490478","/home/akatoki/SC-30/scripts/SC-30/2_phase/motordrive.py","set_values","186","","","","","","","","","","","","","","","","","","","","","","-0.30000000000000004","0.30000000000000004","","","","","","","","","","","","","","","","","","","","","","",""
"3922.910196954","2026-08-15 07:15:51.524536","/home/akatoki/SC-30/scripts/SC-30/2_phase/motordrive.py","set_values","186","","","","","","","","","","","","","","","","","","","","","","-0.4","0.4","","","","","","","","","","","","","","","","","","","","","","",""
"3922.942393927","2026-08-15 07:15:51.556736","/home/akatoki/SC-30/scripts/SC-30/2_phase/motordrive.py","set_values","186","","","","","","","","","","","","","","","","","","","","","","-0.5","0.5","","","","","","","","","","","","","","","","","","","","","","",""
"3922.976912487","2026-08-15 07:15:51.591250","/home/akatoki/SC-30/scripts/SC-30/2_phase/motordrive.py","set_values","186","","","","","","","","","","","","","","","","","","","","","","-0.6000000000000001","0.6000000000000001","","","","","","","","","","","","","","","","","","","","","","",""
"3923.013614952","2026-08-15 07:15:51.627956","/home/akatoki/SC-30/scripts/SC-30/2_phase/motordrive.py","stop","120","","","","stop: power_r=0.6, power_l=-0.6","","","","","","","","","","","","","","","","","","","","","","","","","","","","","","","","","","","","","","","","","",""
"3923.3427321","2026-08-15 07:15:51.957080","/home/akatoki/SC-30/scripts/SC-30/2_phase/motordrive.py","stop","134","","","","","","","","","","","","","","","","","","","","","","0.0","0.0","","","","","","","","","","","","","","","","","","","","","","",""
"3923.448393814","2026-08-15 07:15:52.062734","/home/akatoki/SC-30/scripts/SC-30/2_phase/motordrive.py","move","150","","","","move: direction=w, power=0.7, duration=1.5","","","","","","","","","","","","","","","","","","","","","","","","","","","","","","","","","","","","","","","","","",""
"3923.456855565","2026-08-15 07:15:52.071204","/home/akatoki/SC-30/scripts/SC-30/2_phase/motordrive.py","set_values","186","","","","","","","","","","","","","","","","","","","","","","0.0","0.0","","","","","","","","","","","","","","","","","","","","","","",""
"3923.491393326","2026-08-15 07:15:52.105732","/home/akatoki/SC-30/scripts/SC-30/2_phase/motordrive.py","set_values","186","","","","","","","","","","","","","","","","","","","","","","0.08000000000000002","0.1","","","","","","","","","","","","","","","","","","","","","","",""
"3923.527425341","2026-08-15 07:15:52.141765","/home/akatoki/SC-30/scripts/SC-30/2_phase/motordrive.py","set_values","186","","","","","","","","","","","","","","","","","","","","","","0.16000000000000003","0.2","","","","","","","","","","","","","","","","","","","","","","",""
"3923.561715118","2026-08-15 07:15:52.176053","/home/akatoki/SC-30/scripts/SC-30/2_phase/motordrive.py","set_values","186","","","","","","","","","","","","","","","","","","","","","","0.24000000000000005","0.30000000000000004","","","","","","","","","","","","","","","","","","","","","","",""
"3923.595941493","2026-08-15 07:15:52.210280","/home/akatoki/SC-30/scripts/SC-30/2_phase/motordrive.py","set_values","186","","","","","","","","","","","","","","","","","","","","","","0.32000000000000006","0.4","","","","","","","","","","","","","","","","","","","","","","",""
"3923.633175481","2026-08-15 07:15:52.247514","/home/akatoki/SC-30/scripts/SC-30/2_phase/motordrive.py","set_values","186","","","","","","","","","","","","","","","","","","","","","","0.4","0.5","","","","","","","","","","","","","","","","","","","","","","",""
"3923.665292743","2026-08-15 07:15:52.279633","/home/akatoki/SC-30/scripts/SC-30/2_phase/motordrive.py","set_values","186","","","","","","","","","","","","","","","","","","","","","","0.4800000000000001","0.6000000000000001","","","","","","","","","","","","","","","","","","","","","","",""
"3923.700372331","2026-08-15 07:15:52.314711","/home/akatoki/SC-30/scripts/SC-30/2_phase/motordrive.py","set_values","186","","","","","","","","","","","","","","","","","","","","","","0.5599999999999999","0.7","","","","","","","","","","","","","","","","","","","","","","",""
"3925.032408432","2026-08-15 07:15:53.646750","/home/akatoki/SC-30/scripts/SC-30/2_phase/motordrive.py","stop","120","","","","stop: power_r=0.7, power_l=0.5599","","","","","","","","","","","","","","","","","","","","","","","","","","","","","","","","","","","","","","","","","",""
"3925.417254175","2026-08-15 07:15:54.031603","/home/akatoki/SC-30/scripts/SC-30/2_phase/motordrive.py","stop","134","","","","","","","","","","","","","","","","","","","","","","0.0","0.0","","","","","","","","","","","","","","","","","","","","","","",""
"3925.668941099","2026-08-15 07:15:54.283281","/home/akatoki/SC-30/scripts/SC-30/2_phase/motordrive.py","move","150","","","","move: direction=e, power=0.7, duration=0.1","","","","","","","","","","","","","","","","","","","","","","","","","","","","","","","","","","","","","","","","","",""
"3925.681563666","2026-08-15 07:15:54.295913","/home/akatoki/SC-30/scripts/SC-30/2_phase/motordrive.py","set_values","186","","","","","","","","","","","","","","","","","","","","","","0.0","-0.0","","","","","","","","","","","","","","","","","","","","","","",""
"3925.715996936","2026-08-15 07:15:54.330375","/home/akatoki/SC-30/scripts/SC-30/2_phase/motordrive.py","set_values","186","","","","","","","","","","","","","","","","","","","","","","0.1","-0.1","","","","","","","","","","","","","","","","","","","","","","",""
"3925.750483718","2026-08-15 07:15:54.364822","/home/akatoki/SC-30/scripts/SC-30/2_phase/motordrive.py","set_values","186","","","","","","","","","","","","","","","","","","","","","","0.2","-0.2","","","","","","","","","","","","","","","","","","","","","","",""
"3925.783496013","2026-08-15 07:15:54.397834","/home/akatoki/SC-30/scripts/SC-30/2_phase/motordrive.py","set_values","186","","","","","","","","","","","","","","","","","","","","","","0.30000000000000004","-0.30000000000000004","","","","","","","","","","","","","","","","","","","","","","",""
"3925.816894914","2026-08-15 07:15:54.431234","/home/akatoki/SC-30/scripts/SC-30/2_phase/motordrive.py","set_values","186","","","","","","","","","","","","","","","","","","","","","","0.4","-0.4","","","","","","","","","","","","","","","","","","","","","","",""
"3925.8503593","2026-08-15 07:15:54.464697","/home/akatoki/SC-30/scripts/SC-30/2_phase/motordrive.py","set_values","186","","","","","","","","","","","","","","","","","","","","","","0.5","-0.5","","","","","","","","","","","","","","","","","","","","","","",""
"3925.883266966","2026-08-15 07:15:54.497606","/home/akatoki/SC-30/scripts/SC-30/2_phase/motordrive.py","set_values","186","","","","","","","","","","","","","","","","","","","","","","0.6000000000000001","-0.6000000000000001","","","","","","","","","","","","","","","","","","","","","","",""
"3925.916669199","2026-08-15 07:15:54.531010","/home/akatoki/SC-30/scripts/SC-30/2_phase/motordrive.py","stop","120","","","","stop: power_r=-0.6, power_l=0.6","","","","","","","","","","","","","","","","","","","","","","","","","","","","","","","","","","","","","","","","","",""
"3926.252205835","2026-08-15 07:15:54.866553","/home/akatoki/SC-30/scripts/SC-30/2_phase/motordrive.py","stop","134","","","","","","","","","","","","","","","","","","","","","","0.0","0.0","","","","","","","","","","","","","","","","","","","","","","",""
"3926.515153188","2026-08-15 07:15:55.129498","/home/akatoki/SC-30/scripts/SC-30/2_phase/motordrive.py","move","150","","","","move: direction=e, power=0.7, duration=0.1","","","","","","","","","","","","","","","","","","","","","","","","","","","","","","","","","","","","","","","","","",""
"3926.523746589","2026-08-15 07:15:55.138096","/home/akatoki/SC-30/scripts/SC-30/2_phase/motordrive.py","set_values","186","","","","","","","","","","","","","","","","","","","","","","0.0","-0.0","","","","","","","","","","","","","","","","","","","","","","",""
"3926.557051153","2026-08-15 07:15:55.171391","/home/akatoki/SC-30/scripts/SC-30/2_phase/motordrive.py","set_values","186","","","","","","","","","","","","","","","","","","","","","","0.1","-0.1","","","","","","","","","","","","","","","","","","","","","","",""
"3926.588760769","2026-08-15 07:15:55.203099","/home/akatoki/SC-30/scripts/SC-30/2_phase/motordrive.py","set_values","186","","","","","","","","","","","","","","","","","","","","","","0.2","-0.2","","","","","","","","","","","","","","","","","","","","","","",""
"3926.62044337","2026-08-15 07:15:55.234781","/home/akatoki/SC-30/scripts/SC-30/2_phase/motordrive.py","set_values","186","","","","","","","","","","","","","","","","","","","","","","0.30000000000000004","-0.30000000000000004","","","","","","","","","","","","","","","","","","","","","","",""
"3926.657766741","2026-08-15 07:15:55.272106","/home/akatoki/SC-30/scripts/SC-30/2_phase/motordrive.py","set_values","186","","","","","","","","","","","","","","","","","","","","","","0.4","-0.4","","","","","","","","","","","","","","","","","","","","","","",""
"3926.69249822","2026-08-15 07:15:55.306838","/home/akatoki/SC-30/scripts/SC-30/2_phase/motordrive.py","set_values","186","","","","","","","","","","","","","","","","","","","","","","0.5","-0.5","","","","","","","","","","","","","","","","","","","","","","",""
"3926.726100795","2026-08-15 07:15:55.340441","/home/akatoki/SC-30/scripts/SC-30/2_phase/motordrive.py","set_values","186","","","","","","","","","","","","","","","","","","","","","","0.6000000000000001","-0.6000000000000001","","","","","","","","","","","","","","","","","","","","","","",""
"3926.760881725","2026-08-15 07:15:55.375223","/home/akatoki/SC-30/scripts/SC-30/2_phase/motordrive.py","stop","120","","","","stop: power_r=-0.6, power_l=0.6","","","","","","","","","","","","","","","","","","","","","","","","","","","","","","","","","","","","","","","","","",""
"3927.098673471","2026-08-15 07:15:55.713023","/home/akatoki/SC-30/scripts/SC-30/2_phase/motordrive.py","stop","134","","","","","","","","","","","","","","","","","","","","","","0.0","0.0","","","","","","","","","","","","","","","","","","","","","","",""
"3927.363054038","2026-08-15 07:15:55.977396","/home/akatoki/SC-30/scripts/SC-30/2_phase/motordrive.py","move","150","","","","move: direction=e, power=0.7, duration=0.1","","","","","","","","","","","","","","","","","","","","","","","","","","","","","","","","","","","","","","","","","",""
"3927.379681203","2026-08-15 07:15:55.994032","/home/akatoki/SC-30/scripts/SC-30/2_phase/motordrive.py","set_values","186","","","","","","","","","","","","","","","","","","","","","","0.0","-0.0","","","","","","","","","","","","","","","","","","","","","","",""
"3927.411818217","2026-08-15 07:15:56.026157","/home/akatoki/SC-30/scripts/SC-30/2_phase/motordrive.py","set_values","186","","","","","","","","","","","","","","","","","","","","","","0.1","-0.1","","","","","","","","","","","","","","","","","","","","","","",""
"3927.452310986","2026-08-15 07:15:56.066650","/home/akatoki/SC-30/scripts/SC-30/2_phase/motordrive.py","set_values","186","","","","","","","","","","","","","","","","","","","","","","0.2","-0.2","","","","","","","","","","","","","","","","","","","","","","",""
"3927.485339747","2026-08-15 07:15:56.099678","/home/akatoki/SC-30/scripts/SC-30/2_phase/motordrive.py","set_values","186","","","","","","","","","","","","","","","","","","","","","","0.30000000000000004","-0.30000000000000004","","","","","","","","","","","","","","","","","","","","","","",""
"3927.520658912","2026-08-15 07:15:56.134998","/home/akatoki/SC-30/scripts/SC-30/2_phase/motordrive.py","set_values","186","","","","","","","","","","","","","","","","","","","","","","0.4","-0.4","","","","","","","","","","","","","","","","","","","","","","",""
"3927.555326977","2026-08-15 07:15:56.169666","/home/akatoki/SC-30/scripts/SC-30/2_phase/motordrive.py","set_values","186","","","","","","","","","","","","","","","","","","","","","","0.5","-0.5","","","","","","","","","","","","","","","","","","","","","","",""
"3927.588414456","2026-08-15 07:15:56.202754","/home/akatoki/SC-30/scripts/SC-30/2_phase/motordrive.py","set_values","186","","","","","","","","","","","","","","","","","","","","","","0.6000000000000001","-0.6000000000000001","","","","","","","","","","","","","","","","","","","","","","",""
"3927.622351882","2026-08-15 07:15:56.236694","/home/akatoki/SC-30/scripts/SC-30/2_phase/motordrive.py","stop","120","","","","stop: power_r=-0.6, power_l=0.6","","","","","","","","","","","","","","","","","","","","","","","","","","","","","","","","","","","","","","","","","",""
"3927.961557595","2026-08-15 07:15:56.575907","/home/akatoki/SC-30/scripts/SC-30/2_phase/motordrive.py","stop","134","","","","","","","","","","","","","","","","","","","","","","0.0","0.0","","","","","","","","","","","","","","","","","","","","","","",""
"3928.066283424","2026-08-15 07:15:56.680622","/home/akatoki/SC-30/scripts/SC-30/2_phase/motordrive.py","move","150","","","","move: direction=w, power=0.7, duration=1.5","","","","","","","","","","","","","","","","","","","","","","","","","","","","","","","","","","","","","","","","","",""
"3928.073229853","2026-08-15 07:15:56.687579","/home/akatoki/SC-30/scripts/SC-30/2_phase/motordrive.py","set_values","186","","","","","","","","","","","","","","","","","","","","","","0.0","0.0","","","","","","","","","","","","","","","","","","","","","","",""
"3928.10795648","2026-08-15 07:15:56.722294","/home/akatoki/SC-30/scripts/SC-30/2_phase/motordrive.py","set_values","186","","","","","","","","","","","","","","","","","","","","","","0.08000000000000002","0.1","","","","","","","","","","","","","","","","","","","","","","",""
"3928.142693882","2026-08-15 07:15:56.757033","/home/akatoki/SC-30/scripts/SC-30/2_phase/motordrive.py","set_values","186","","","","","","","","","","","","","","","","","","","","","","0.16000000000000003","0.2","","","","","","","","","","","","","","","","","","","","","","",""
"3928.176033877","2026-08-15 07:15:56.790376","/home/akatoki/SC-30/scripts/SC-30/2_phase/motordrive.py","set_values","186","","","","","","","","","","","","","","","","","","","","","","0.24000000000000005","0.30000000000000004","","","","","","","","","","","","","","","","","","","","","","",""
"3928.208104209","2026-08-15 07:15:56.822442","/home/akatoki/SC-30/scripts/SC-30/2_phase/motordrive.py","set_values","186","","","","","","","","","","","","","","","","","","","","","","0.32000000000000006","0.4","","","","","","","","","","","","","","","","","","","","","","",""
"3928.241462528","2026-08-15 07:15:56.855801","/home/akatoki/SC-30/scripts/SC-30/2_phase/motordrive.py","set_values","186","","","","","","","","","","","","","","","","","","","","","","0.4","0.5","","","","","","","","","","","","","","","","","","","","","","",""
"3928.292929556","2026-08-15 07:15:56.907271","/home/akatoki/SC-30/scripts/SC-30/2_phase/motordrive.py","set_values","186","","","","","","","","","","","","","","","","","","","","","","0.4800000000000001","0.6000000000000001","","","","","","","","","","","","","","","","","","","","","","",""
"3928.32823326","2026-08-15 07:15:56.942573","/home/akatoki/SC-30/scripts/SC-30/2_phase/motordrive.py","set_values","186","","","","","","","","","","","","","","","","","","","","","","0.5599999999999999","0.7","","","","","","","","","","","","","","","","","","","","","","",""
"3929.663445574","2026-08-15 07:15:58.277787","/home/akatoki/SC-30/scripts/SC-30/2_phase/motordrive.py","stop","120","","","","stop: power_r=0.7, power_l=0.5599","","","","","","","","","","","","","","","","","","","","","","","","","","","","","","","","","","","","","","","","","",""
"3930.062094504","2026-08-15 07:15:58.676440","/home/akatoki/SC-30/scripts/SC-30/2_phase/motordrive.py","stop","134","","","","","","","","","","","","","","","","","","","","","","0.0","0.0","","","","","","","","","","","","","","","","","","","","","","",""
"3930.317021833","2026-08-15 07:15:58.931362","/home/akatoki/SC-30/scripts/SC-30/2_phase/motordrive.py","move","150","","","","move: direction=w, power=0.7, duration=1.5","","","","","","","","","","","","","","","","","","","","","","","","","","","","","","","","","","","","","","","","","",""
"3930.326672111","2026-08-15 07:15:58.941021","/home/akatoki/SC-30/scripts/SC-30/2_phase/motordrive.py","set_values","186","","","","","","","","","","","","","","","","","","","","","","0.0","0.0","","","","","","","","","","","","","","","","","","","","","","",""
"3930.362664535","2026-08-15 07:15:58.977003","/home/akatoki/SC-30/scripts/SC-30/2_phase/motordrive.py","set_values","186","","","","","","","","","","","","","","","","","","","","","","0.08000000000000002","0.1","","","","","","","","","","","","","","","","","","","","","","",""
"3930.394926706","2026-08-15 07:15:59.009262","/home/akatoki/SC-30/scripts/SC-30/2_phase/motordrive.py","set_values","186","","","","","","","","","","","","","","","","","","","","","","0.16000000000000003","0.2","","","","","","","","","","","","","","","","","","","","","","",""
"3930.427376135","2026-08-15 07:15:59.041712","/home/akatoki/SC-30/scripts/SC-30/2_phase/motordrive.py","set_values","186","","","","","","","","","","","","","","","","","","","","","","0.24000000000000005","0.30000000000000004","","","","","","","","","","","","","","","","","","","","","","",""
"3930.461210599","2026-08-15 07:15:59.075545","/home/akatoki/SC-30/scripts/SC-30/2_phase/motordrive.py","set_values","186","","","","","","","","","","","","","","","","","","","","","","0.32000000000000006","0.4","","","","","","","","","","","","","","","","","","","","","","",""
"3930.495099617","2026-08-15 07:15:59.109435","/home/akatoki/SC-30/scripts/SC-30/2_phase/motordrive.py","set_values","186","","","","","","","","","","","","","","","","","","","","","","0.4","0.5","","","","","","","","","","","","","","","","","","","","","","",""
"3930.529484253","2026-08-15 07:15:59.143821","/home/akatoki/SC-30/scripts/SC-30/2_phase/motordrive.py","set_values","186","","","","","","","","","","","","","","","","","","","","","","0.4800000000000001","0.6000000000000001","","","","","","","","","","","","","","","","","","","","","","",""
"3930.564388401","2026-08-15 07:15:59.178724","/home/akatoki/SC-30/scripts/SC-30/2_phase/motordrive.py","set_values","186","","","","","","","","","","","","","","","","","","","","","","0.5599999999999999","0.7","","","","","","","","","","","","","","","","","","","","","","",""
"3931.896066033","2026-08-15 07:16:00.510403","/home/akatoki/SC-30/scripts/SC-30/2_phase/motordrive.py","stop","120","","","","stop: power_r=0.7, power_l=0.5599","","","","","","","","","","","","","","","","","","","","","","","","","","","","","","","","","","","","","","","","","",""
"3932.283308375","2026-08-15 07:16:00.897654","/home/akatoki/SC-30/scripts/SC-30/2_phase/motordrive.py","stop","134","","","","","","","","","","","","","","","","","","","","","","0.0","0.0","","","","","","","","","","","","","","","","","","","","","","",""
"3932.528675284","2026-08-15 07:16:01.143015","/home/akatoki/SC-30/scripts/SC-30/2_phase/motordrive.py","move","150","","","","move: direction=q, power=0.7, duration=0.1","","","","","","","","","","","","","","","","","","","","","","","","","","","","","","","","","","","","","","","","","",""
"3932.536746206","2026-08-15 07:16:01.151091","/home/akatoki/SC-30/scripts/SC-30/2_phase/motordrive.py","set_values","186","","","","","","","","","","","","","","","","","","","","","","-0.0","0.0","","","","","","","","","","","","","","","","","","","","","","",""
"3932.569344308","2026-08-15 07:16:01.183680","/home/akatoki/SC-30/scripts/SC-30/2_phase/motordrive.py","set_values","186","","","","","","","","","","","","","","","","","","","","","","-0.1","0.1","","","","","","","","","","","","","","","","","","","","","","",""
"3932.604672002","2026-08-15 07:16:01.219008","/home/akatoki/SC-30/scripts/SC-30/2_phase/motordrive.py","set_values","186","","","","","","","","","","","","","","","","","","","","","","-0.2","0.2","","","","","","","","","","","","","","","","","","","","","","",""
"3932.636460899","2026-08-15 07:16:01.250796","/home/akatoki/SC-30/scripts/SC-30/2_phase/motordrive.py","set_values","186","","","","","","","","","","","","","","","","","","","","","","-0.30000000000000004","0.30000000000000004","","","","","","","","","","","","","","","","","","","","","","",""
"3932.672801336","2026-08-15 07:16:01.287138","/home/akatoki/SC-30/scripts/SC-30/2_phase/motordrive.py","set_values","186","","","","","","","","","","","","","","","","","","","","","","-0.4","0.4","","","","","","","","","","","","","","","","","","","","","","",""
"3932.704611784","2026-08-15 07:16:01.318948","/home/akatoki/SC-30/scripts/SC-30/2_phase/motordrive.py","set_values","186","","","","","","","","","","","","","","","","","","","","","","-0.5","0.5","","","","","","","","","","","","","","","","","","","","","","",""
"3932.737440857","2026-08-15 07:16:01.351777","/home/akatoki/SC-30/scripts/SC-30/2_phase/motordrive.py","set_values","186","","","","","","","","","","","","","","","","","","","","","","-0.6000000000000001","0.6000000000000001","","","","","","","","","","","","","","","","","","","","","","",""
"3932.772519517","2026-08-15 07:16:01.386857","/home/akatoki/SC-30/scripts/SC-30/2_phase/motordrive.py","stop","120","","","","stop: power_r=0.6, power_l=-0.6","","","","","","","","","","","","","","","","","","","","","","","","","","","","","","","","","","","","","","","","","",""
"3933.090300104","2026-08-15 07:16:01.704644","/home/akatoki/SC-30/scripts/SC-30/2_phase/motordrive.py","stop","134","","","","","","","","","","","","","","","","","","","","","","0.0","0.0","","","","","","","","","","","","","","","","","","","","","","",""
"3933.194649366","2026-08-15 07:16:01.808985","/home/akatoki/SC-30/scripts/SC-30/2_phase/motordrive.py","move","150","","","","move: direction=w, power=0.7, duration=1.5","","","","","","","","","","","","","","","","","","","","","","","","","","","","","","","","","","","","","","","","","",""
"3933.201252109","2026-08-15 07:16:01.815597","/home/akatoki/SC-30/scripts/SC-30/2_phase/motordrive.py","set_values","186","","","","","","","","","","","","","","","","","","","","","","0.0","0.0","","","","","","","","","","","","","","","","","","","","","","",""
"3933.231929461","2026-08-15 07:16:01.846265","/home/akatoki/SC-30/scripts/SC-30/2_phase/motordrive.py","set_values","186","","","","","","","","","","","","","","","","","","","","","","0.08000000000000002","0.1","","","","","","","","","","","","","","","","","","","","","","",""
"3933.272983645","2026-08-15 07:16:01.887318","/home/akatoki/SC-30/scripts/SC-30/2_phase/motordrive.py","set_values","186","","","","","","","","","","","","","","","","","","","","","","0.16000000000000003","0.2","","","","","","","","","","","","","","","","","","","","","","",""
"3933.30599939","2026-08-15 07:16:01.920335","/home/akatoki/SC-30/scripts/SC-30/2_phase/motordrive.py","set_values","186","","","","","","","","","","","","","","","","","","","","","","0.24000000000000005","0.30000000000000004","","","","","","","","","","","","","","","","","","","","","","",""
"3933.33898208","2026-08-15 07:16:01.953318","/home/akatoki/SC-30/scripts/SC-30/2_phase/motordrive.py","set_values","186","","","","","","","","","","","","","","","","","","","","","","0.32000000000000006","0.4","","","","","","","","","","","","","","","","","","","","","","",""
"3933.372694434","2026-08-15 07:16:01.987030","/home/akatoki/SC-30/scripts/SC-30/2_phase/motordrive.py","set_values","186","","","","","","","","","","","","","","","","","","","","","","0.4","0.5","","","","","","","","","","","","","","","","","","","","","","",""
"3933.405565274","2026-08-15 07:16:02.019902","/home/akatoki/SC-30/scripts/SC-30/2_phase/motordrive.py","set_values","186","","","","","","","","","","","","","","","","","","","","","","0.4800000000000001","0.6000000000000001","","","","","","","","","","","","","","","","","","","","","","",""
"3933.437578502","2026-08-15 07:16:02.051916","/home/akatoki/SC-30/scripts/SC-30/2_phase/motordrive.py","set_values","186","","","","","","","","","","","","","","","","","","","","","","0.5599999999999999","0.7","","","","","","","","","","","","","","","","","","","","","","",""
"3934.773209119","2026-08-15 07:16:03.387546","/home/akatoki/SC-30/scripts/SC-30/2_phase/motordrive.py","stop","120","","","","stop: power_r=0.7, power_l=0.5599","","","","","","","","","","","","","","","","","","","","","","","","","","","","","","","","","","","","","","","","","",""
"3935.147201156","2026-08-15 07:16:03.761546","/home/akatoki/SC-30/scripts/SC-30/2_phase/motordrive.py","stop","134","","","","","","","","","","","","","","","","","","","","","","0.0","0.0","","","","","","","","","","","","","","","","","","","","","","",""
"3935.404440004","2026-08-15 07:16:04.018787","/home/akatoki/SC-30/scripts/SC-30/2_phase/motordrive.py","move","150","","","","move: direction=w, power=0.7, duration=1.5","","","","","","","","","","","","","","","","","","","","","","","","","","","","","","","","","","","","","","","","","",""
"3935.414561571","2026-08-15 07:16:04.028912","/home/akatoki/SC-30/scripts/SC-30/2_phase/motordrive.py","set_values","186","","","","","","","","","","","","","","","","","","","","","","0.0","0.0","","","","","","","","","","","","","","","","","","","","","","",""
"3935.452314727","2026-08-15 07:16:04.066653","/home/akatoki/SC-30/scripts/SC-30/2_phase/motordrive.py","set_values","186","","","","","","","","","","","","","","","","","","","","","","0.08000000000000002","0.1","","","","","","","","","","","","","","","","","","","","","","",""
"3935.485775009","2026-08-15 07:16:04.100110","/home/akatoki/SC-30/scripts/SC-30/2_phase/motordrive.py","set_values","186","","","","","","","","","","","","","","","","","","","","","","0.16000000000000003","0.2","","","","","","","","","","","","","","","","","","","","","","",""
"3935.520310721","2026-08-15 07:16:04.134647","/home/akatoki/SC-30/scripts/SC-30/2_phase/motordrive.py","set_values","186","","","","","","","","","","","","","","","","","","","","","","0.24000000000000005","0.30000000000000004","","","","","","","","","","","","","","","","","","","","","","",""
"3935.553391981","2026-08-15 07:16:04.167727","/home/akatoki/SC-30/scripts/SC-30/2_phase/motordrive.py","set_values","186","","","","","","","","","","","","","","","","","","","","","","0.32000000000000006","0.4","","","","","","","","","","","","","","","","","","","","","","",""
"3935.589708331","2026-08-15 07:16:04.204044","/home/akatoki/SC-30/scripts/SC-30/2_phase/motordrive.py","set_values","186","","","","","","","","","","","","","","","","","","","","","","0.4","0.5","","","","","","","","","","","","","","","","","","","","","","",""
"3935.621520719","2026-08-15 07:16:04.235857","/home/akatoki/SC-30/scripts/SC-30/2_phase/motordrive.py","set_values","186","","","","","","","","","","","","","","","","","","","","","","0.4800000000000001","0.6000000000000001","","","","","","","","","","","","","","","","","","","","","","",""
"3935.653983133","2026-08-15 07:16:04.268319","/home/akatoki/SC-30/scripts/SC-30/2_phase/motordrive.py","set_values","186","","","","","","","","","","","","","","","","","","","","","","0.5599999999999999","0.7","","","","","","","","","","","","","","","","","","","","","","",""
"3936.986503048","2026-08-15 07:16:05.600839","/home/akatoki/SC-30/scripts/SC-30/2_phase/motordrive.py","stop","120","","","","stop: power_r=0.7, power_l=0.5599","","","","","","","","","","","","","","","","","","","","","","","","","","","","","","","","","","","","","","","","","",""
"3937.369231323","2026-08-15 07:16:05.983576","/home/akatoki/SC-30/scripts/SC-30/2_phase/motordrive.py","stop","134","","","","","","","","","","","","","","","","","","","","","","0.0","0.0","","","","","","","","","","","","","","","","","","","","","","",""
"3937.616233695","2026-08-15 07:16:06.230572","/home/akatoki/SC-30/scripts/SC-30/2_phase/motordrive.py","move","150","","","","move: direction=w, power=0.7, duration=1.5","","","","","","","","","","","","","","","","","","","","","","","","","","","","","","","","","","","","","","","","","",""
"3937.627072474","2026-08-15 07:16:06.241418","/home/akatoki/SC-30/scripts/SC-30/2_phase/motordrive.py","set_values","186","","","","","","","","","","","","","","","","","","","","","","0.0","0.0","","","","","","","","","","","","","","","","","","","","","","",""
"3937.657697539","2026-08-15 07:16:06.272035","/home/akatoki/SC-30/scripts/SC-30/2_phase/motordrive.py","set_values","186","","","","","","","","","","","","","","","","","","","","","","0.08000000000000002","0.1","","","","","","","","","","","","","","","","","","","","","","",""
"3937.690573587","2026-08-15 07:16:06.304909","/home/akatoki/SC-30/scripts/SC-30/2_phase/motordrive.py","set_values","186","","","","","","","","","","","","","","","","","","","","","","0.16000000000000003","0.2","","","","","","","","","","","","","","","","","","","","","","",""
"3937.723106478","2026-08-15 07:16:06.337442","/home/akatoki/SC-30/scripts/SC-30/2_phase/motordrive.py","set_values","186","","","","","","","","","","","","","","","","","","","","","","0.24000000000000005","0.30000000000000004","","","","","","","","","","","","","","","","","","","","","","",""
"3937.756174772","2026-08-15 07:16:06.370516","/home/akatoki/SC-30/scripts/SC-30/2_phase/motordrive.py","set_values","186","","","","","","","","","","","","","","","","","","","","","","0.32000000000000006","0.4","","","","","","","","","","","","","","","","","","","","","","",""
"3937.788172832","2026-08-15 07:16:06.402510","/home/akatoki/SC-30/scripts/SC-30/2_phase/motordrive.py","set_values","186","","","","","","","","","","","","","","","","","","","","","","0.4","0.5","","","","","","","","","","","","","","","","","","","","","","",""
"3937.820838051","2026-08-15 07:16:06.435176","/home/akatoki/SC-30/scripts/SC-30/2_phase/motordrive.py","set_values","186","","","","","","","","","","","","","","","","","","","","","","0.4800000000000001","0.6000000000000001","","","","","","","","","","","","","","","","","","","","","","",""
"3937.854740137","2026-08-15 07:16:06.469080","/home/akatoki/SC-30/scripts/SC-30/2_phase/motordrive.py","set_values","186","","","","","","","","","","","","","","","","","","","","","","0.5599999999999999","0.7","","","","","","","","","","","","","","","","","","","","","","",""
"3939.193853325","2026-08-15 07:16:07.808191","/home/akatoki/SC-30/scripts/SC-30/2_phase/motordrive.py","stop","120","","","","stop: power_r=0.7, power_l=0.5599","","","","","","","","","","","","","","","","","","","","","","","","","","","","","","","","","","","","","","","","","",""
"3939.563692751","2026-08-15 07:16:08.178038","/home/akatoki/SC-30/scripts/SC-30/2_phase/motordrive.py","stop","134","","","","","","","","","","","","","","","","","","","","","","0.0","0.0","","","","","","","","","","","","","","","","","","","","","","",""
"3939.813273717","2026-08-15 07:16:08.427610","/home/akatoki/SC-30/scripts/SC-30/2_phase/motordrive.py","move","150","","","","move: direction=w, power=0.7, duration=1.5","","","","","","","","","","","","","","","","","","","","","","","","","","","","","","","","","","","","","","","","","",""
"3939.819112025","2026-08-15 07:16:08.433457","/home/akatoki/SC-30/scripts/SC-30/2_phase/motordrive.py","set_values","186","","","","","","","","","","","","","","","","","","","","","","0.0","0.0","","","","","","","","","","","","","","","","","","","","","","",""
"3939.850454775","2026-08-15 07:16:08.464791","/home/akatoki/SC-30/scripts/SC-30/2_phase/motordrive.py","set_values","186","","","","","","","","","","","","","","","","","","","","","","0.08000000000000002","0.1","","","","","","","","","","","","","","","","","","","","","","",""
"3939.88216234","2026-08-15 07:16:08.496498","/home/akatoki/SC-30/scripts/SC-30/2_phase/motordrive.py","set_values","186","","","","","","","","","","","","","","","","","","","","","","0.16000000000000003","0.2","","","","","","","","","","","","","","","","","","","","","","",""
"3939.918362903","2026-08-15 07:16:08.532699","/home/akatoki/SC-30/scripts/SC-30/2_phase/motordrive.py","set_values","186","","","","","","","","","","","","","","","","","","","","","","0.24000000000000005","0.30000000000000004","","","","","","","","","","","","","","","","","","","","","","",""
"3939.949559476","2026-08-15 07:16:08.563895","/home/akatoki/SC-30/scripts/SC-30/2_phase/motordrive.py","set_values","186","","","","","","","","","","","","","","","","","","","","","","0.32000000000000006","0.4","","","","","","","","","","","","","","","","","","","","","","",""
"3939.981231538","2026-08-15 07:16:08.595568","/home/akatoki/SC-30/scripts/SC-30/2_phase/motordrive.py","set_values","186","","","","","","","","","","","","","","","","","","","","","","0.4","0.5","","","","","","","","","","","","","","","","","","","","","","",""
"3940.012726243","2026-08-15 07:16:08.627062","/home/akatoki/SC-30/scripts/SC-30/2_phase/motordrive.py","set_values","186","","","","","","","","","","","","","","","","","","","","","","0.4800000000000001","0.6000000000000001","","","","","","","","","","","","","","","","","","","","","","",""
"3940.046522339","2026-08-15 07:16:08.660857","/home/akatoki/SC-30/scripts/SC-30/2_phase/motordrive.py","set_values","186","","","","","","","","","","","","","","","","","","","","","","0.5599999999999999","0.7","","","","","","","","","","","","","","","","","","","","","","",""
"3941.377475887","2026-08-15 07:16:09.991814","/home/akatoki/SC-30/scripts/SC-30/2_phase/motordrive.py","stop","120","","","","stop: power_r=0.7, power_l=0.5599","","","","","","","","","","","","","","","","","","","","","","","","","","","","","","","","","","","","","","","","","",""
"3941.765830179","2026-08-15 07:16:10.380179","/home/akatoki/SC-30/scripts/SC-30/2_phase/motordrive.py","stop","134","","","","","","","","","","","","","","","","","","","","","","0.0","0.0","","","","","","","","","","","","","","","","","","","","","","",""
"3942.027684641","2026-08-15 07:16:10.642029","/home/akatoki/SC-30/scripts/SC-30/2_phase/motordrive.py","move","150","","","","move: direction=q, power=0.7, duration=0.1","","","","","","","","","","","","","","","","","","","","","","","","","","","","","","","","","","","","","","","","","",""
"3942.041434639","2026-08-15 07:16:10.655784","/home/akatoki/SC-30/scripts/SC-30/2_phase/motordrive.py","set_values","186","","","","","","","","","","","","","","","","","","","","","","-0.0","0.0","","","","","","","","","","","","","","","","","","","","","","",""
"3942.073337919","2026-08-15 07:16:10.687674","/home/akatoki/SC-30/scripts/SC-30/2_phase/motordrive.py","set_values","186","","","","","","","","","","","","","","","","","","","","","","-0.1","0.1","","","","","","","","","","","","","","","","","","","","","","",""
"3942.105318661","2026-08-15 07:16:10.719655","/home/akatoki/SC-30/scripts/SC-30/2_phase/motordrive.py","set_values","186","","","","","","","","","","","","","","","","","","","","","","-0.2","0.2","","","","","","","","","","","","","","","","","","","","","","",""
"3942.137127196","2026-08-15 07:16:10.751463","/home/akatoki/SC-30/scripts/SC-30/2_phase/motordrive.py","set_values","186","","","","","","","","","","","","","","","","","","","","","","-0.30000000000000004","0.30000000000000004","","","","","","","","","","","","","","","","","","","","","","",""
"3942.169625389","2026-08-15 07:16:10.783961","/home/akatoki/SC-30/scripts/SC-30/2_phase/motordrive.py","set_values","186","","","","","","","","","","","","","","","","","","","","","","-0.4","0.4","","","","","","","","","","","","","","","","","","","","","","",""
"3942.202126029","2026-08-15 07:16:10.816463","/home/akatoki/SC-30/scripts/SC-30/2_phase/motordrive.py","set_values","186","","","","","","","","","","","","","","","","","","","","","","-0.5","0.5","","","","","","","","","","","","","","","","","","","","","","",""
"3942.237920399","2026-08-15 07:16:10.852256","/home/akatoki/SC-30/scripts/SC-30/2_phase/motordrive.py","set_values","186","","","","","","","","","","","","","","","","","","","","","","-0.6000000000000001","0.6000000000000001","","","","","","","","","","","","","","","","","","","","","","",""
"3942.269653191","2026-08-15 07:16:10.883991","/home/akatoki/SC-30/scripts/SC-30/2_phase/motordrive.py","stop","120","","","","stop: power_r=0.6, power_l=-0.6","","","","","","","","","","","","","","","","","","","","","","","","","","","","","","","","","","","","","","","","","",""
"3942.590733125","2026-08-15 07:16:11.205078","/home/akatoki/SC-30/scripts/SC-30/2_phase/motordrive.py","stop","134","","","","","","","","","","","","","","","","","","","","","","0.0","0.0","","","","","","","","","","","","","","","","","","","","","","",""
"3942.697071263","2026-08-15 07:16:11.311408","/home/akatoki/SC-30/scripts/SC-30/2_phase/motordrive.py","move","150","","","","move: direction=w, power=0.7, duration=1.5","","","","","","","","","","","","","","","","","","","","","","","","","","","","","","","","","","","","","","","","","",""
"3942.703167062","2026-08-15 07:16:11.317512","/home/akatoki/SC-30/scripts/SC-30/2_phase/motordrive.py","set_values","186","","","","","","","","","","","","","","","","","","","","","","0.0","0.0","","","","","","","","","","","","","","","","","","","","","","",""
"3942.734285639","2026-08-15 07:16:11.348622","/home/akatoki/SC-30/scripts/SC-30/2_phase/motordrive.py","set_values","186","","","","","","","","","","","","","","","","","","","","","","0.08000000000000002","0.1","","","","","","","","","","","","","","","","","","","","","","",""
"3942.767102442","2026-08-15 07:16:11.381437","/home/akatoki/SC-30/scripts/SC-30/2_phase/motordrive.py","set_values","186","","","","","","","","","","","","","","","","","","","","","","0.16000000000000003","0.2","","","","","","","","","","","","","","","","","","","","","","",""
"3942.799122346","2026-08-15 07:16:11.413459","/home/akatoki/SC-30/scripts/SC-30/2_phase/motordrive.py","set_values","186","","","","","","","","","","","","","","","","","","","","","","0.24000000000000005","0.30000000000000004","","","","","","","","","","","","","","","","","","","","","","",""
"3942.838725962","2026-08-15 07:16:11.453062","/home/akatoki/SC-30/scripts/SC-30/2_phase/motordrive.py","set_values","186","","","","","","","","","","","","","","","","","","","","","","0.32000000000000006","0.4","","","","","","","","","","","","","","","","","","","","","","",""
"3942.871777128","2026-08-15 07:16:11.486114","/home/akatoki/SC-30/scripts/SC-30/2_phase/motordrive.py","set_values","186","","","","","","","","","","","","","","","","","","","","","","0.4","0.5","","","","","","","","","","","","","","","","","","","","","","",""
"3942.90477176","2026-08-15 07:16:11.519109","/home/akatoki/SC-30/scripts/SC-30/2_phase/motordrive.py","set_values","186","","","","","","","","","","","","","","","","","","","","","","0.4800000000000001","0.6000000000000001","","","","","","","","","","","","","","","","","","","","","","",""
"3942.937712252","2026-08-15 07:16:11.552048","/home/akatoki/SC-30/scripts/SC-30/2_phase/motordrive.py","set_values","186","","","","","","","","","","","","","","","","","","","","","","0.5599999999999999","0.7","","","","","","","","","","","","","","","","","","","","","","",""
"3944.270045943","2026-08-15 07:16:12.884383","/home/akatoki/SC-30/scripts/SC-30/2_phase/motordrive.py","stop","120","","","","stop: power_r=0.7, power_l=0.5599","","","","","","","","","","","","","","","","","","","","","","","","","","","","","","","","","","","","","","","","","",""
"3944.653481202","2026-08-15 07:16:13.267825","/home/akatoki/SC-30/scripts/SC-30/2_phase/motordrive.py","stop","134","","","","","","","","","","","","","","","","","","","","","","0.0","0.0","","","","","","","","","","","","","","","","","","","","","","",""
"3944.900657768","2026-08-15 07:16:13.514994","/home/akatoki/SC-30/scripts/SC-30/2_phase/motordrive.py","move","150","","","","move: direction=e, power=0.7, duration=0.1","","","","","","","","","","","","","","","","","","","","","","","","","","","","","","","","","","","","","","","","","",""
"3944.906592128","2026-08-15 07:16:13.520938","/home/akatoki/SC-30/scripts/SC-30/2_phase/motordrive.py","set_values","186","","","","","","","","","","","","","","","","","","","","","","0.0","-0.0","","","","","","","","","","","","","","","","","","","","","","",""
"3944.937462617","2026-08-15 07:16:13.551799","/home/akatoki/SC-30/scripts/SC-30/2_phase/motordrive.py","set_values","186","","","","","","","","","","","","","","","","","","","","","","0.1","-0.1","","","","","","","","","","","","","","","","","","","","","","",""
"3944.96949551","2026-08-15 07:16:13.583832","/home/akatoki/SC-30/scripts/SC-30/2_phase/motordrive.py","set_values","186","","","","","","","","","","","","","","","","","","","","","","0.2","-0.2","","","","","","","","","","","","","","","","","","","","","","",""
"3945.000738578","2026-08-15 07:16:13.615073","/home/akatoki/SC-30/scripts/SC-30/2_phase/motordrive.py","set_values","186","","","","","","","","","","","","","","","","","","","","","","0.30000000000000004","-0.30000000000000004","","","","","","","","","","","","","","","","","","","","","","",""
"3945.033940175","2026-08-15 07:16:13.648275","/home/akatoki/SC-30/scripts/SC-30/2_phase/motordrive.py","set_values","186","","","","","","","","","","","","","","","","","","","","","","0.4","-0.4","","","","","","","","","","","","","","","","","","","","","","",""
"3945.067052909","2026-08-15 07:16:13.681388","/home/akatoki/SC-30/scripts/SC-30/2_phase/motordrive.py","set_values","186","","","","","","","","","","","","","","","","","","","","","","0.5","-0.5","","","","","","","","","","","","","","","","","","","","","","",""
"3945.113296823","2026-08-15 07:16:13.727633","/home/akatoki/SC-30/scripts/SC-30/2_phase/motordrive.py","set_values","186","","","","","","","","","","","","","","","","","","","","","","0.6000000000000001","-0.6000000000000001","","","","","","","","","","","","","","","","","","","","","","",""
"3945.149476975","2026-08-15 07:16:13.763816","/home/akatoki/SC-30/scripts/SC-30/2_phase/motordrive.py","stop","120","","","","stop: power_r=-0.6, power_l=0.6","","","","","","","","","","","","","","","","","","","","","","","","","","","","","","","","","","","","","","","","","",""
"3945.478187778","2026-08-15 07:16:14.092532","/home/akatoki/SC-30/scripts/SC-30/2_phase/motordrive.py","stop","134","","","","","","","","","","","","","","","","","","","","","","0.0","0.0","","","","","","","","","","","","","","","","","","","","","","",""
