time,date,file,func,line,serious_error,error,warning,msg,format_exception,phase,gnss_time,lat,lon,alt,alt_base_press,goal_lat,goal_lon,temp,press,camera_area,camera_order,camera_center_x,camera_center_y,camera_frame_size_x,camera_frame_size_y,motor_l,motor_r,goal_relative_x,goal_relative_y,goal_relative_angle_rad,goal_distance,accel_all_x,accel_all_y,accel_all_z,accel_line_x,accel_line_y,accel_line_z,mag_x,mag_y,mag_z,gyro_x,gyro_y,gyro_z,grav_x,grav_y,grav_z,euler_x,euler_y,euler_z,nmea
"1258.291339854","2026-08-14 11:22:11.270275","/home/akatoki/SC-30/scripts/SC-30/2_phase/EM.py","log_msg","90","","","","bnoセットアップ開始","","","","","","","","","","","","","","","","","","","","","","","","","","","","","","","","","","","","","","","","","",""
"1258.441378263","2026-08-14 11:22:11.419174","/home/akatoki/SC-30/scripts/SC-30/2_phase/EM.py","log_msg","90","","","","cameraセットアップ開始","","","","","","","","","","","","","","","","","","","","","","","","","","","","","","","","","","","","","","","","","",""
"1258.445556238","2026-08-14 11:22:11.423351","/home/akatoki/SC-30/scripts/SC-30/2_phase/EM.py","log_msg","90","","Camera Setup Error: Camera.__init__() got an unexpected keyword argument 'model_path'","","","""Traceback (most recent call last):   File """"/home/akatoki/SC-30/scripts/SC-30/2_phase/EM.py"""", line 209, in setup_sensors     cam = Camera(model_path=""""./my_custom_model.pt"""", debug=True)           ^^^^^^^^^^^^^^^^^^^^^^^^^^^^^^^^^^^^^^^^^^^^^^^^^^^^^ TypeError: Camera.__init__() got an unexpected keyword argument 'model_path' ""","","","","","","","","","","","","","","","","","","","","","","","","","","","","","","","","","","","","","","","","",""
"1258.45591258","2026-08-14 11:22:11.433708","/home/akatoki/SC-30/scripts/SC-30/2_phase/EM.py","log_msg","90","","","","bmeセットアップ開始","","","","","","","","","","","","","","","","","","","","","","","","","","","","","","","","","","","","","","","","","",""
"1258.989458561","2026-08-14 11:22:11.967254","/home/akatoki/SC-30/scripts/SC-30/2_phase/EM.py","log_msg","90","","","","モータセットアップ開始","","","","","","","","","","","","","","","","","","","","","","","","","","","","","","","","","","","","","","","","","",""
"1259.026683295","2026-08-14 11:22:12.004480","/home/akatoki/SC-30/scripts/SC-30/2_phase/EM.py","log_msg","90","","","","GPIOセットアップ開始","","","","","","","","","","","","","","","","","","","","","","","","","","","","","","","","","","","","","","","","","",""
"1259.031657082","2026-08-14 11:22:12.009439","/home/akatoki/SC-30/scripts/SC-30/2_phase/EM.py","log_msg","90","","","","","","","","","","-0.7076158374592256","","","","","","","","","","","","","","","","","","","","","","","","","","","","","","","","","","","",""
"1259.034766785","2026-08-14 11:22:12.012555","/home/akatoki/SC-30/scripts/SC-30/2_phase/EM.py","log_msg","90","","","","[待機] alt=-0.708 m","","","","","","","","","","","","","","","","","","","","","","","","","","","","","","","","","","","","","","","","","",""
"1260.139313949","2026-08-14 11:22:13.117097","/home/akatoki/SC-30/scripts/SC-30/2_phase/EM.py","log_msg","90","","","","","","","","","","-0.09253081061149082","","","","","","","","","","","","","","","","","","","","","","","","","","","","","","","","","","","",""
"1260.143327227","2026-08-14 11:22:13.121114","/home/akatoki/SC-30/scripts/SC-30/2_phase/EM.py","log_msg","90","","","","[待機] alt=-0.093 m","","","","","","","","","","","","","","","","","","","","","","","","","","","","","","","","","","","","","","","","","",""
"1261.248086168","2026-08-14 11:22:14.225874","/home/akatoki/SC-30/scripts/SC-30/2_phase/EM.py","log_msg","90","","","","","","","","","","-0.18505424432687878","","","","","","","","","","","","","","","","","","","","","","","","","","","","","","","","","","","",""
"1261.257448867","2026-08-14 11:22:14.235246","/home/akatoki/SC-30/scripts/SC-30/2_phase/EM.py","log_msg","90","","","","[待機] alt=-0.185 m","","","","","","","","","","","","","","","","","","","","","","","","","","","","","","","","","","","","","","","","","",""
"1262.364347736","2026-08-14 11:22:15.342136","/home/akatoki/SC-30/scripts/SC-30/2_phase/EM.py","log_msg","90","","","","","","","","","","-0.2775703015202069","","","","","","","","","","","","","","","","","","","","","","","","","","","","","","","","","","","",""
"1262.369027651","2026-08-14 11:22:15.346841","/home/akatoki/SC-30/scripts/SC-30/2_phase/EM.py","log_msg","90","","","","[待機] alt=-0.278 m","","","","","","","","","","","","","","","","","","","","","","","","","","","","","","","","","","","","","","","","","",""
"1263.474131726","2026-08-14 11:22:16.451920","/home/akatoki/SC-30/scripts/SC-30/2_phase/EM.py","log_msg","90","","","","","","","","","","-0.0417051590770634","","","","","","","","","","","","","","","","","","","","","","","","","","","","","","","","","","","",""
"1263.483646246","2026-08-14 11:22:16.461442","/home/akatoki/SC-30/scripts/SC-30/2_phase/EM.py","log_msg","90","","","","[待機] alt=-0.042 m","","","","","","","","","","","","","","","","","","","","","","","","","","","","","","","","","","","","","","","","","",""
"1264.588704194","2026-08-14 11:22:17.566492","/home/akatoki/SC-30/scripts/SC-30/2_phase/EM.py","log_msg","90","","","","","","","","","","0.009132300144026884","","","","","","","","","","","","","","","","","","","","","","","","","","","","","","","","","","","",""
"1264.593142117","2026-08-14 11:22:17.570938","/home/akatoki/SC-30/scripts/SC-30/2_phase/EM.py","log_msg","90","","","","[待機] alt=0.009 m","","","","","","","","","","","","","","","","","","","","","","","","","","","","","","","","","","","","","","","","","",""
"1265.698172073","2026-08-14 11:22:18.675960","/home/akatoki/SC-30/scripts/SC-30/2_phase/EM.py","log_msg","90","","","","","","","","","","0.08080864761508932","","","","","","","","","","","","","","","","","","","","","","","","","","","","","","","","","","","",""
"1265.702612651","2026-08-14 11:22:18.680406","/home/akatoki/SC-30/scripts/SC-30/2_phase/EM.py","log_msg","90","","","","[待機] alt=0.081 m","","","","","","","","","","","","","","","","","","","","","","","","","","","","","","","","","","","","","","","","","",""
"1266.807757282","2026-08-14 11:22:19.785545","/home/akatoki/SC-30/scripts/SC-30/2_phase/EM.py","log_msg","90","","","","","","","","","","-0.48339649888229586","","","","","","","","","","","","","","","","","","","","","","","","","","","","","","","","","","","",""
"1266.812274216","2026-08-14 11:22:19.790069","/home/akatoki/SC-30/scripts/SC-30/2_phase/EM.py","log_msg","90","","","","[待機] alt=-0.483 m","","","","","","","","","","","","","","","","","","","","","","","","","","","","","","","","","","","","","","","","","",""
"1267.917314356","2026-08-14 11:22:20.895102","/home/akatoki/SC-30/scripts/SC-30/2_phase/EM.py","log_msg","90","","","","","","","","","","-0.17587105540867398","","","","","","","","","","","","","","","","","","","","","","","","","","","","","","","","","","","",""
"1267.926646356","2026-08-14 11:22:20.904442","/home/akatoki/SC-30/scripts/SC-30/2_phase/EM.py","log_msg","90","","","","[待機] alt=-0.176 m","","","","","","","","","","","","","","","","","","","","","","","","","","","","","","","","","","","","","","","","","",""
"1269.031610605","2026-08-14 11:22:22.009399","/home/akatoki/SC-30/scripts/SC-30/2_phase/EM.py","log_msg","90","","","","","","","","","","-0.19668283651499419","","","","","","","","","","","","","","","","","","","","","","","","","","","","","","","","","","","",""
"1269.036119252","2026-08-14 11:22:22.013914","/home/akatoki/SC-30/scripts/SC-30/2_phase/EM.py","log_msg","90","","","","[待機] alt=-0.197 m","","","","","","","","","","","","","","","","","","","","","","","","","","","","","","","","","","","","","","","","","",""
"1270.141149257","2026-08-14 11:22:23.118937","/home/akatoki/SC-30/scripts/SC-30/2_phase/EM.py","log_msg","90","","","","","","","","","","-0.19668283651499419","","","","","","","","","","","","","","","","","","","","","","","","","","","","","","","","","","","",""
"1270.146598613","2026-08-14 11:22:23.124396","/home/akatoki/SC-30/scripts/SC-30/2_phase/EM.py","log_msg","90","","","","[待機] alt=-0.197 m","","","","","","","","","","","","","","","","","","","","","","","","","","","","","","","","","","","","","","","","","",""
"1271.251844212","2026-08-14 11:22:24.229637","/home/akatoki/SC-30/scripts/SC-30/2_phase/EM.py","log_msg","90","","","","","","","","","","-0.3580880052066049","","","","","","","","","","","","","","","","","","","","","","","","","","","","","","","","","","","",""
"1271.258143699","2026-08-14 11:22:24.235943","/home/akatoki/SC-30/scripts/SC-30/2_phase/EM.py","log_msg","90","","","","[待機] alt=-0.358 m","","","","","","","","","","","","","","","","","","","","","","","","","","","","","","","","","","","","","","","","","",""
"1272.368520275","2026-08-14 11:22:25.346309","/home/akatoki/SC-30/scripts/SC-30/2_phase/EM.py","log_msg","90","","","","","","","","","","-0.07136764118928163","","","","","","","","","","","","","","","","","","","","","","","","","","","","","","","","","","","",""
"1272.37303121","2026-08-14 11:22:25.350827","/home/akatoki/SC-30/scripts/SC-30/2_phase/EM.py","log_msg","90","","","","[待機] alt=-0.071 m","","","","","","","","","","","","","","","","","","","","","","","","","","","","","","","","","","","","","","","","","",""
"1273.478076641","2026-08-14 11:22:26.455865","/home/akatoki/SC-30/scripts/SC-30/2_phase/EM.py","log_msg","90","","","","","","","","","","-0.020476650078080638","","","","","","","","","","","","","","","","","","","","","","","","","","","","","","","","","","","",""
"1273.482588356","2026-08-14 11:22:26.460385","/home/akatoki/SC-30/scripts/SC-30/2_phase/EM.py","log_msg","90","","","","[待機] alt=-0.020 m","","","","","","","","","","","","","","","","","","","","","","","","","","","","","","","","","","","","","","","","","",""
"1274.587656062","2026-08-14 11:22:27.565445","/home/akatoki/SC-30/scripts/SC-30/2_phase/EM.py","log_msg","90","","","","","","","","","","-0.18462286192090227","","","","","","","","","","","","","","","","","","","","","","","","","","","","","","","","","","","",""
"1274.592180745","2026-08-14 11:22:27.569977","/home/akatoki/SC-30/scripts/SC-30/2_phase/EM.py","log_msg","90","","","","[待機] alt=-0.185 m","","","","","","","","","","","","","","","","","","","","","","","","","","","","","","","","","","","","","","","","","",""
"1275.697192344","2026-08-14 11:22:28.674980","/home/akatoki/SC-30/scripts/SC-30/2_phase/EM.py","log_msg","90","","","","","","","","","","0.05120552306378312","","","","","","","","","","","","","","","","","","","","","","","","","","","","","","","","","","","",""
"1275.706635886","2026-08-14 11:22:28.684431","/home/akatoki/SC-30/scripts/SC-30/2_phase/EM.py","log_msg","90","","","","[待機] alt=0.051 m","","","","","","","","","","","","","","","","","","","","","","","","","","","","","","","","","","","","","","","","","",""
"1276.811630188","2026-08-14 11:22:29.789418","/home/akatoki/SC-30/scripts/SC-30/2_phase/EM.py","log_msg","90","","","","","","","","","","-0.04125713749535853","","","","","","","","","","","","","","","","","","","","","","","","","","","","","","","","","","","",""
"1276.816219817","2026-08-14 11:22:29.794017","/home/akatoki/SC-30/scripts/SC-30/2_phase/EM.py","log_msg","90","","","","[待機] alt=-0.041 m","","","","","","","","","","","","","","","","","","","","","","","","","","","","","","","","","","","","","","","","","",""
"1277.921251205","2026-08-14 11:22:30.899040","/home/akatoki/SC-30/scripts/SC-30/2_phase/EM.py","log_msg","90","","","","","","","","","","-0.205396254450827","","","","","","","","","","","","","","","","","","","","","","","","","","","","","","","","","","","",""
"1277.925698329","2026-08-14 11:22:30.903494","/home/akatoki/SC-30/scripts/SC-30/2_phase/EM.py","log_msg","90","","","","[待機] alt=-0.205 m","","","","","","","","","","","","","","","","","","","","","","","","","","","","","","","","","","","","","","","","","",""
"1279.030740193","2026-08-14 11:22:32.008528","/home/akatoki/SC-30/scripts/SC-30/2_phase/EM.py","log_msg","90","","","","","","","","","","0.08134073532097053","","","","","","","","","","","","","","","","","","","","","","","","","","","","","","","","","","","",""
"1279.036126303","2026-08-14 11:22:32.013925","/home/akatoki/SC-30/scripts/SC-30/2_phase/EM.py","log_msg","90","","","","[待機] alt=0.081 m","","","","","","","","","","","","","","","","","","","","","","","","","","","","","","","","","","","","","","","","","",""
"1280.145803194","2026-08-14 11:22:33.123591","/home/akatoki/SC-30/scripts/SC-30/2_phase/EM.py","log_msg","90","","","","","","","","","","-0.5336565035958052","","","","","","","","","","","","","","","","","","","","","","","","","","","","","","","","","","","",""
"1280.150270002","2026-08-14 11:22:33.128066","/home/akatoki/SC-30/scripts/SC-30/2_phase/EM.py","log_msg","90","","","","[待機] alt=-0.534 m","","","","","","","","","","","","","","","","","","","","","","","","","","","","","","","","","","","","","","","","","",""
"1281.255315673","2026-08-14 11:22:34.233104","/home/akatoki/SC-30/scripts/SC-30/2_phase/EM.py","log_msg","90","","","","","","","","","","0.24547765327260995","","","","","","","","","","","","","","","","","","","","","","","","","","","","","","","","","","","",""
"1281.260118532","2026-08-14 11:22:34.237915","/home/akatoki/SC-30/scripts/SC-30/2_phase/EM.py","log_msg","90","","","","[待機] alt=0.245 m","","","","","","","","","","","","","","","","","","","","","","","","","","","","","","","","","","","","","","","","","",""
"1282.365188293","2026-08-14 11:22:35.342976","/home/akatoki/SC-30/scripts/SC-30/2_phase/EM.py","log_msg","90","","","","","","","","","","0.08134073532097053","","","","","","","","","","","","","","","","","","","","","","","","","","","","","","","","","","","",""
"1282.36970609","2026-08-14 11:22:35.347502","/home/akatoki/SC-30/scripts/SC-30/2_phase/EM.py","log_msg","90","","","","[待機] alt=0.081 m","","","","","","","","","","","","","","","","","","","","","","","","","","","","","","","","","","","","","","","","","",""
"1283.474775779","2026-08-14 11:22:36.452564","/home/akatoki/SC-30/scripts/SC-30/2_phase/EM.py","log_msg","90","","","","","","","","","","0.08134073532097053","","","","","","","","","","","","","","","","","","","","","","","","","","","","","","","","","","","",""
"1283.479244667","2026-08-14 11:22:36.457039","/home/akatoki/SC-30/scripts/SC-30/2_phase/EM.py","log_msg","90","","","","[待機] alt=0.081 m","","","","","","","","","","","","","","","","","","","","","","","","","","","","","","","","","","","","","","","","","",""
"1284.589036413","2026-08-14 11:22:37.566825","/home/akatoki/SC-30/scripts/SC-30/2_phase/EM.py","log_msg","90","","","","","","","","","","-0.46197157434256564","","","","","","","","","","","","","","","","","","","","","","","","","","","","","","","","","","","",""
"1284.593555562","2026-08-14 11:22:37.571354","/home/akatoki/SC-30/scripts/SC-30/2_phase/EM.py","log_msg","90","","","","[待機] alt=-0.462 m","","","","","","","","","","","","","","","","","","","","","","","","","","","","","","","","","","","","","","","","","",""
"1285.698709814","2026-08-14 11:22:38.676498","/home/akatoki/SC-30/scripts/SC-30/2_phase/EM.py","log_msg","90","","","","","","","","","","-0.5336565035958052","","","","","","","","","","","","","","","","","","","","","","","","","","","","","","","","","","","",""
"1285.703180157","2026-08-14 11:22:38.680975","/home/akatoki/SC-30/scripts/SC-30/2_phase/EM.py","log_msg","90","","","","[待機] alt=-0.534 m","","","","","","","","","","","","","","","","","","","","","","","","","","","","","","","","","","","","","","","","","",""
"1286.808328729","2026-08-14 11:22:39.786117","/home/akatoki/SC-30/scripts/SC-30/2_phase/EM.py","log_msg","90","","","","","","","","","","-0.2978449968840047","","","","","","","","","","","","","","","","","","","","","","","","","","","","","","","","","","","",""
"1286.8129684","2026-08-14 11:22:39.790764","/home/akatoki/SC-30/scripts/SC-30/2_phase/EM.py","log_msg","90","","","","[待機] alt=-0.298 m","","","","","","","","","","","","","","","","","","","","","","","","","","","","","","","","","","","","","","","","","",""
"1287.923490728","2026-08-14 11:22:40.901279","/home/akatoki/SC-30/scripts/SC-30/2_phase/EM.py","log_msg","90","","","","","","","","","","-0.5336565035958052","","","","","","","","","","","","","","","","","","","","","","","","","","","","","","","","","","","",""
"1287.927990601","2026-08-14 11:22:40.905820","/home/akatoki/SC-30/scripts/SC-30/2_phase/EM.py","log_msg","90","","","","[待機] alt=-0.534 m","","","","","","","","","","","","","","","","","","","","","","","","","","","","","","","","","","","","","","","","","",""
"1289.033029334","2026-08-14 11:22:42.010817","/home/akatoki/SC-30/scripts/SC-30/2_phase/EM.py","log_msg","90","","","","","","","","","","-0.7185204390279476","","","","","","","","","","","","","","","","","","","","","","","","","","","","","","","","","","","",""
"1289.037494308","2026-08-14 11:22:42.015290","/home/akatoki/SC-30/scripts/SC-30/2_phase/EM.py","log_msg","90","","","","[待機] alt=-0.719 m","","","","","","","","","","","","","","","","","","","","","","","","","","","","","","","","","","","","","","","","","",""
"1290.142480997","2026-08-14 11:22:43.120268","/home/akatoki/SC-30/scripts/SC-30/2_phase/EM.py","log_msg","90","","","","","","","","","","0.6548280779845139","","","","","","","","","","","","","","","","","","","","","","","","","","","","","","","","","","","",""
"1290.146924251","2026-08-14 11:22:43.124718","/home/akatoki/SC-30/scripts/SC-30/2_phase/EM.py","log_msg","90","","","","[待機] alt=0.655 m","","","","","","","","","","","","","","","","","","","","","","","","","","","","","","","","","","","","","","","","","",""
"1291.251925855","2026-08-14 11:22:44.229715","/home/akatoki/SC-30/scripts/SC-30/2_phase/EM.py","log_msg","90","","","","","","","","","","-0.5241900246337106","","","","","","","","","","","","","","","","","","","","","","","","","","","","","","","","","","","",""
"1291.256423692","2026-08-14 11:22:44.234219","/home/akatoki/SC-30/scripts/SC-30/2_phase/EM.py","log_msg","90","","","","[待機] alt=-0.524 m","","","","","","","","","","","","","","","","","","","","","","","","","","","","","","","","","","","","","","","","","",""
"1292.366240033","2026-08-14 11:22:45.344026","/home/akatoki/SC-30/scripts/SC-30/2_phase/EM.py","log_msg","90","","","","","","","","","","-0.01960717211920482","","","","","","","","","","","","","","","","","","","","","","","","","","","","","","","","","","","",""
"1292.370781774","2026-08-14 11:22:45.348574","/home/akatoki/SC-30/scripts/SC-30/2_phase/EM.py","log_msg","90","","","","[待機] alt=-0.020 m","","","","","","","","","","","","","","","","","","","","","","","","","","","","","","","","","","","","","","","","","",""
"1293.475683249","2026-08-14 11:22:46.453471","/home/akatoki/SC-30/scripts/SC-30/2_phase/EM.py","log_msg","90","","","","","","","","","","-0.3298411629201059","","","","","","","","","","","","","","","","","","","","","","","","","","","","","","","","","","","",""
"1293.48022557","2026-08-14 11:22:46.458020","/home/akatoki/SC-30/scripts/SC-30/2_phase/EM.py","log_msg","90","","","","[待機] alt=-0.330 m","","","","","","","","","","","","","","","","","","","","","","","","","","","","","","","","","","","","","","","","","",""
"1294.58522976","2026-08-14 11:22:47.563017","/home/akatoki/SC-30/scripts/SC-30/2_phase/EM.py","log_msg","90","","","","","","","","","","-0.0940546892834182","","","","","","","","","","","","","","","","","","","","","","","","","","","","","","","","","","","",""
"1294.594723104","2026-08-14 11:22:47.572519","/home/akatoki/SC-30/scripts/SC-30/2_phase/EM.py","log_msg","90","","","","[待機] alt=-0.094 m","","","","","","","","","","","","","","","","","","","","","","","","","","","","","","","","","","","","","","","","","",""
"1295.699681625","2026-08-14 11:22:48.677469","/home/akatoki/SC-30/scripts/SC-30/2_phase/EM.py","log_msg","90","","","","","","","","","","-0.5449108967104555","","","","","","","","","","","","","","","","","","","","","","","","","","","","","","","","","","","",""
"1295.705146141","2026-08-14 11:22:48.682944","/home/akatoki/SC-30/scripts/SC-30/2_phase/EM.py","log_msg","90","","","","[待機] alt=-0.545 m","","","","","","","","","","","","","","","","","","","","","","","","","","","","","","","","","","","","","","","","","",""
"1296.810272535","2026-08-14 11:22:49.788060","/home/akatoki/SC-30/scripts/SC-30/2_phase/EM.py","log_msg","90","","","","","","","","","","-0.00164205845944565","","","","","","","","","","","","","","","","","","","","","","","","","","","","","","","","","","","",""
"1296.814744804","2026-08-14 11:22:49.792539","/home/akatoki/SC-30/scripts/SC-30/2_phase/EM.py","log_msg","90","","","","[待機] alt=-0.002 m","","","","","","","","","","","","","","","","","","","","","","","","","","","","","","","","","","","","","","","","","",""
"1297.919794799","2026-08-14 11:22:50.897582","/home/akatoki/SC-30/scripts/SC-30/2_phase/EM.py","log_msg","90","","","","","","","","","","-0.30912360909709946","","","","","","","","","","","","","","","","","","","","","","","","","","","","","","","","","","","",""
"1297.92429785","2026-08-14 11:22:50.902093","/home/akatoki/SC-30/scripts/SC-30/2_phase/EM.py","log_msg","90","","","","[待機] alt=-0.309 m","","","","","","","","","","","","","","","","","","","","","","","","","","","","","","","","","","","","","","","","","",""
"1299.034021894","2026-08-14 11:22:52.011810","/home/akatoki/SC-30/scripts/SC-30/2_phase/EM.py","log_msg","90","","","","","","","","","","-0.23743424738487118","","","","","","","","","","","","","","","","","","","","","","","","","","","","","","","","","","","",""
"1299.038472653","2026-08-14 11:22:52.016268","/home/akatoki/SC-30/scripts/SC-30/2_phase/EM.py","log_msg","90","","","","[待機] alt=-0.237 m","","","","","","","","","","","","","","","","","","","","","","","","","","","","","","","","","","","","","","","","","",""
"1300.143549593","2026-08-14 11:22:53.121337","/home/akatoki/SC-30/scripts/SC-30/2_phase/EM.py","log_msg","90","","","","","","","","","","-0.3298411629201059","","","","","","","","","","","","","","","","","","","","","","","","","","","","","","","","","","","",""
"1300.148095041","2026-08-14 11:22:53.125891","/home/akatoki/SC-30/scripts/SC-30/2_phase/EM.py","log_msg","90","","","","[待機] alt=-0.330 m","","","","","","","","","","","","","","","","","","","","","","","","","","","","","","","","","","","","","","","","","",""
"1301.253142037","2026-08-14 11:22:54.230929","/home/akatoki/SC-30/scripts/SC-30/2_phase/EM.py","log_msg","90","","","","","","","","","","0.052083313124741126","","","","","","","","","","","","","","","","","","","","","","","","","","","","","","","","","","","",""
"1301.257645142","2026-08-14 11:22:54.235440","/home/akatoki/SC-30/scripts/SC-30/2_phase/EM.py","log_msg","90","","","","[待機] alt=0.052 m","","","","","","","","","","","","","","","","","","","","","","","","","","","","","","","","","","","","","","","","","",""
"1302.362699071","2026-08-14 11:22:55.340487","/home/akatoki/SC-30/scripts/SC-30/2_phase/EM.py","log_msg","90","","","","","","","","","","-0.5835673541819064","","","","","","","","","","","","","","","","","","","","","","","","","","","","","","","","","","","",""
"1302.367385614","2026-08-14 11:22:55.345181","/home/akatoki/SC-30/scripts/SC-30/2_phase/EM.py","log_msg","90","","","","[待機] alt=-0.584 m","","","","","","","","","","","","","","","","","","","","","","","","","","","","","","","","","","","","","","","","","",""
"1303.477459166","2026-08-14 11:22:56.455247","/home/akatoki/SC-30/scripts/SC-30/2_phase/EM.py","log_msg","90","","","","","","","","","","-0.36849095298615797","","","","","","","","","","","","","","","","","","","","","","","","","","","","","","","","","","","",""
"1303.481965864","2026-08-14 11:22:56.459761","/home/akatoki/SC-30/scripts/SC-30/2_phase/EM.py","log_msg","90","","","","[待機] alt=-0.368 m","","","","","","","","","","","","","","","","","","","","","","","","","","","","","","","","","","","","","","","","","",""
"1304.58791736","2026-08-14 11:22:57.565704","/home/akatoki/SC-30/scripts/SC-30/2_phase/EM.py","log_msg","90","","","","","","","","","","0.5539244975458191","","","","","","","","","","","","","","","","","","","","","","","","","","","","","","","","","","","",""
"1304.59240734","2026-08-14 11:22:57.570203","/home/akatoki/SC-30/scripts/SC-30/2_phase/EM.py","log_msg","90","","","","[待機] alt=0.554 m","","","","","","","","","","","","","","","","","","","","","","","","","","","","","","","","","","","","","","","","","",""
"1305.697461438","2026-08-14 11:22:58.675249","/home/akatoki/SC-30/scripts/SC-30/2_phase/EM.py","log_msg","90","","","","","","","","","","0.3181404765042839","","","","","","","","","","","","","","","","","","","","","","","","","","","","","","","","","","","",""
"1305.701967824","2026-08-14 11:22:58.679763","/home/akatoki/SC-30/scripts/SC-30/2_phase/EM.py","log_msg","90","","","","[待機] alt=0.318 m","","","","","","","","","","","","","","","","","","","","","","","","","","","","","","","","","","","","","","","","","",""
"1306.811638833","2026-08-14 11:22:59.789426","/home/akatoki/SC-30/scripts/SC-30/2_phase/EM.py","log_msg","90","","","","","","","","","","0.16370613917234933","","","","","","","","","","","","","","","","","","","","","","","","","","","","","","","","","","","",""
"1306.816161313","2026-08-14 11:22:59.793958","/home/akatoki/SC-30/scripts/SC-30/2_phase/EM.py","log_msg","90","","","","[待機] alt=0.164 m","","","","","","","","","","","","","","","","","","","","","","","","","","","","","","","","","","","","","","","","","",""
"1307.921189843","2026-08-14 11:23:00.898978","/home/akatoki/SC-30/scripts/SC-30/2_phase/EM.py","log_msg","90","","","","","","","","","","-0.2361013760444286","","","","","","","","","","","","","","","","","","","","","","","","","","","","","","","","","","","",""
"1307.92566498","2026-08-14 11:23:00.903459","/home/akatoki/SC-30/scripts/SC-30/2_phase/EM.py","log_msg","90","","","","[待機] alt=-0.236 m","","","","","","","","","","","","","","","","","","","","","","","","","","","","","","","","","","","","","","","","","",""
"1309.030720492","2026-08-14 11:23:02.008508","/home/akatoki/SC-30/scripts/SC-30/2_phase/EM.py","log_msg","90","","","","","","","","","","-0.32844922862192316","","","","","","","","","","","","","","","","","","","","","","","","","","","","","","","","","","","",""
"1309.035152087","2026-08-14 11:23:02.012948","/home/akatoki/SC-30/scripts/SC-30/2_phase/EM.py","log_msg","90","","","","[待機] alt=-0.328 m","","","","","","","","","","","","","","","","","","","","","","","","","","","","","","","","","","","","","","","","","",""
"1310.140221355","2026-08-14 11:23:03.118010","/home/akatoki/SC-30/scripts/SC-30/2_phase/EM.py","log_msg","90","","","","","","","","","","-0.32844922862192316","","","","","","","","","","","","","","","","","","","","","","","","","","","","","","","","","","","",""
"1310.144697377","2026-08-14 11:23:03.122492","/home/akatoki/SC-30/scripts/SC-30/2_phase/EM.py","log_msg","90","","","","[待機] alt=-0.328 m","","","","","","","","","","","","","","","","","","","","","","","","","","","","","","","","","","","","","","","","","",""
"1311.254583713","2026-08-14 11:23:04.232371","/home/akatoki/SC-30/scripts/SC-30/2_phase/EM.py","log_msg","90","","","","","","","","","","-0.4001477230570871","","","","","","","","","","","","","","","","","","","","","","","","","","","","","","","","","","","",""
"1311.259024892","2026-08-14 11:23:04.236820","/home/akatoki/SC-30/scripts/SC-30/2_phase/EM.py","log_msg","90","","","","[待機] alt=-0.400 m","","","","","","","","","","","","","","","","","","","","","","","","","","","","","","","","","","","","","","","","","",""
"1312.364120829","2026-08-14 11:23:05.341910","/home/akatoki/SC-30/scripts/SC-30/2_phase/EM.py","log_msg","90","","","","","","","","","","-0.20569008249727405","","","","","","","","","","","","","","","","","","","","","","","","","","","","","","","","","","","",""
"1312.374665283","2026-08-14 11:23:05.352463","/home/akatoki/SC-30/scripts/SC-30/2_phase/EM.py","log_msg","90","","","","[待機] alt=-0.206 m","","","","","","","","","","","","","","","","","","","","","","","","","","","","","","","","","","","","","","","","","",""
"1313.482074623","2026-08-14 11:23:06.459863","/home/akatoki/SC-30/scripts/SC-30/2_phase/EM.py","log_msg","90","","","","","","","","","","-0.17247909883606471","","","","","","","","","","","","","","","","","","","","","","","","","","","","","","","","","","","",""
"1313.486763773","2026-08-14 11:23:06.464580","/home/akatoki/SC-30/scripts/SC-30/2_phase/EM.py","log_msg","90","","","","[待機] alt=-0.172 m","","","","","","","","","","","","","","","","","","","","","","","","","","","","","","","","","","","","","","","","","",""
"1314.596646725","2026-08-14 11:23:07.574435","/home/akatoki/SC-30/scripts/SC-30/2_phase/EM.py","log_msg","90","","","","","","","","","","-0.10077616884129226","","","","","","","","","","","","","","","","","","","","","","","","","","","","","","","","","","","",""
"1314.601342646","2026-08-14 11:23:07.579138","/home/akatoki/SC-30/scripts/SC-30/2_phase/EM.py","log_msg","90","","","","[待機] alt=-0.101 m","","","","","","","","","","","","","","","","","","","","","","","","","","","","","","","","","","","","","","","","","",""
"1315.706418999","2026-08-14 11:23:08.684207","/home/akatoki/SC-30/scripts/SC-30/2_phase/EM.py","log_msg","90","","","","","","","","","","-0.264792491243655","","","","","","","","","","","","","","","","","","","","","","","","","","","","","","","","","","","",""
"1315.710869189","2026-08-14 11:23:08.688665","/home/akatoki/SC-30/scripts/SC-30/2_phase/EM.py","log_msg","90","","","","[待機] alt=-0.265 m","","","","","","","","","","","","","","","","","","","","","","","","","","","","","","","","","","","","","","","","","",""
"1316.815984969","2026-08-14 11:23:09.793803","/home/akatoki/SC-30/scripts/SC-30/2_phase/EM.py","log_msg","90","","","","","","","","","","0.022024200992637466","","","","","","","","","","","","","","","","","","","","","","","","","","","","","","","","","","","",""
"1316.820467034","2026-08-14 11:23:09.798263","/home/akatoki/SC-30/scripts/SC-30/2_phase/EM.py","log_msg","90","","","","[待機] alt=0.022 m","","","","","","","","","","","","","","","","","","","","","","","","","","","","","","","","","","","","","","","","","",""
"1317.92552802","2026-08-14 11:23:10.903315","/home/akatoki/SC-30/scripts/SC-30/2_phase/EM.py","log_msg","90","","","","","","","","","","0.022024200992637466","","","","","","","","","","","","","","","","","","","","","","","","","","","","","","","","","","","",""
"1317.930022482","2026-08-14 11:23:10.907817","/home/akatoki/SC-30/scripts/SC-30/2_phase/EM.py","log_msg","90","","","","[待機] alt=0.022 m","","","","","","","","","","","","","","","","","","","","","","","","","","","","","","","","","","","","","","","","","",""
"1319.039859909","2026-08-14 11:23:12.017648","/home/akatoki/SC-30/scripts/SC-30/2_phase/EM.py","log_msg","90","","","","","","","","","","0.09372906795441782","","","","","","","","","","","","","","","","","","","","","","","","","","","","","","","","","","","",""
"1319.044405466","2026-08-14 11:23:12.022202","/home/akatoki/SC-30/scripts/SC-30/2_phase/EM.py","log_msg","90","","","","[待機] alt=0.094 m","","","","","","","","","","","","","","","","","","","","","","","","","","","","","","","","","","","","","","","","","",""
"1320.149435305","2026-08-14 11:23:13.127223","/home/akatoki/SC-30/scripts/SC-30/2_phase/EM.py","log_msg","90","","","","","","","","","","-0.14198393538474852","","","","","","","","","","","","","","","","","","","","","","","","","","","","","","","","","","","",""
"1320.154072737","2026-08-14 11:23:13.131871","/home/akatoki/SC-30/scripts/SC-30/2_phase/EM.py","log_msg","90","","","","[待機] alt=-0.142 m","","","","","","","","","","","","","","","","","","","","","","","","","","","","","","","","","","","","","","","","","",""
"1321.259194867","2026-08-14 11:23:14.236983","/home/akatoki/SC-30/scripts/SC-30/2_phase/EM.py","log_msg","90","","","","","","","","","","0.4728572642962581","","","","","","","","","","","","","","","","","","","","","","","","","","","","","","","","","","","",""
"1321.26864692","2026-08-14 11:23:14.246445","/home/akatoki/SC-30/scripts/SC-30/2_phase/EM.py","log_msg","90","","","","[待機] alt=0.473 m","","","","","","","","","","","","","","","","","","","","","","","","","","","","","","","","","","","","","","","","","",""
"1322.387258163","2026-08-14 11:23:15.365046","/home/akatoki/SC-30/scripts/SC-30/2_phase/EM.py","log_msg","90","","","","","","","","","","-0.16257387478552543","","","","","","","","","","","","","","","","","","","","","","","","","","","","","","","","","","","",""
"1322.391713928","2026-08-14 11:23:15.369510","/home/akatoki/SC-30/scripts/SC-30/2_phase/EM.py","log_msg","90","","","","[待機] alt=-0.163 m","","","","","","","","","","","","","","","","","","","","","","","","","","","","","","","","","","","","","","","","","",""
"1323.496785425","2026-08-14 11:23:16.474574","/home/akatoki/SC-30/scripts/SC-30/2_phase/EM.py","log_msg","90","","","","","","","","","","-0.23428011721668307","","","","","","","","","","","","","","","","","","","","","","","","","","","","","","","","","","","",""
"1323.501255877","2026-08-14 11:23:16.479051","/home/akatoki/SC-30/scripts/SC-30/2_phase/EM.py","log_msg","90","","","","[待機] alt=-0.234 m","","","","","","","","","","","","","","","","","","","","","","","","","","","","","","","","","","","","","","","","","",""
"1324.606303516","2026-08-14 11:23:17.584091","/home/akatoki/SC-30/scripts/SC-30/2_phase/EM.py","log_msg","90","","","","","","","","","","0.0014271740377191922","","","","","","","","","","","","","","","","","","","","","","","","","","","","","","","","","","","",""
"1324.610790688","2026-08-14 11:23:17.588585","/home/akatoki/SC-30/scripts/SC-30/2_phase/EM.py","log_msg","90","","","","[待機] alt=0.001 m","","","","","","","","","","","","","","","","","","","","","","","","","","","","","","","","","","","","","","","","","",""
"1325.715851604","2026-08-14 11:23:18.693640","/home/akatoki/SC-30/scripts/SC-30/2_phase/EM.py","log_msg","90","","","","","","","","","","-0.23428011721668307","","","","","","","","","","","","","","","","","","","","","","","","","","","","","","","","","","","",""
"1325.725808298","2026-08-14 11:23:18.703606","/home/akatoki/SC-30/scripts/SC-30/2_phase/EM.py","log_msg","90","","","","[待機] alt=-0.234 m","","","","","","","","","","","","","","","","","","","","","","","","","","","","","","","","","","","","","","","","","",""
"1326.830813948","2026-08-14 11:23:19.808602","/home/akatoki/SC-30/scripts/SC-30/2_phase/EM.py","log_msg","90","","","","","","","","","","0.30884533395623803","","","","","","","","","","","","","","","","","","","","","","","","","","","","","","","","","","","",""
"1326.835288307","2026-08-14 11:23:19.813083","/home/akatoki/SC-30/scripts/SC-30/2_phase/EM.py","log_msg","90","","","","[待機] alt=0.309 m","","","","","","","","","","","","","","","","","","","","","","","","","","","","","","","","","","","","","","","","","",""
"1327.940344317","2026-08-14 11:23:20.918132","/home/akatoki/SC-30/scripts/SC-30/2_phase/EM.py","log_msg","90","","","","","","","","","","-0.14198393538474852","","","","","","","","","","","","","","","","","","","","","","","","","","","","","","","","","","","",""
"1327.944795395","2026-08-14 11:23:20.922590","/home/akatoki/SC-30/scripts/SC-30/2_phase/EM.py","log_msg","90","","","","[待機] alt=-0.142 m","","","","","","","","","","","","","","","","","","","","","","","","","","","","","","","","","","","","","","","","","",""
"1329.049816556","2026-08-14 11:23:22.027602","/home/akatoki/SC-30/scripts/SC-30/2_phase/EM.py","log_msg","90","","","","","","","","","","-0.7979565874429317","","","","","","","","","","","","","","","","","","","","","","","","","","","","","","","","","","","",""
"1329.054162112","2026-08-14 11:23:22.031957","/home/akatoki/SC-30/scripts/SC-30/2_phase/EM.py","log_msg","90","","","","[待機] alt=-0.798 m","","","","","","","","","","","","","","","","","","","","","","","","","","","","","","","","","","","","","","","","","",""
"1330.164802795","2026-08-14 11:23:23.142590","/home/akatoki/SC-30/scripts/SC-30/2_phase/EM.py","log_msg","90","","","","","","","","","","-0.32656893427938316","","","","","","","","","","","","","","","","","","","","","","","","","","","","","","","","","","","",""
"1330.169356843","2026-08-14 11:23:23.147156","/home/akatoki/SC-30/scripts/SC-30/2_phase/EM.py","log_msg","90","","","","[待機] alt=-0.327 m","","","","","","","","","","","","","","","","","","","","","","","","","","","","","","","","","","","","","","","","","",""
"1331.274346953","2026-08-14 11:23:24.252132","/home/akatoki/SC-30/scripts/SC-30/2_phase/EM.py","log_msg","90","","","","","","","","","","-0.18315451910901004","","","","","","","","","","","","","","","","","","","","","","","","","","","","","","","","","","","",""
"1331.27839959","2026-08-14 11:23:24.256188","/home/akatoki/SC-30/scripts/SC-30/2_phase/EM.py","log_msg","90","","","","[待機] alt=-0.183 m","","","","","","","","","","","","","","","","","","","","","","","","","","","","","","","","","","","","","","","","","",""
"1332.382879116","2026-08-14 11:23:25.360662","/home/akatoki/SC-30/scripts/SC-30/2_phase/EM.py","log_msg","90","","","","","","","","","","-0.4188503869468918","","","","","","","","","","","","","","","","","","","","","","","","","","","","","","","","","","","",""
"1332.386897847","2026-08-14 11:23:25.364687","/home/akatoki/SC-30/scripts/SC-30/2_phase/EM.py","log_msg","90","","","","[待機] alt=-0.419 m","","","","","","","","","","","","","","","","","","","","","","","","","","","","","","","","","","","","","","","","","",""
"1333.491403615","2026-08-14 11:23:26.469186","/home/akatoki/SC-30/scripts/SC-30/2_phase/EM.py","log_msg","90","","","","","","","","","","-0.5828329197006776","","","","","","","","","","","","","","","","","","","","","","","","","","","","","","","","","","","",""
"1333.500320044","2026-08-14 11:23:26.478108","/home/akatoki/SC-30/scripts/SC-30/2_phase/EM.py","log_msg","90","","","","[待機] alt=-0.583 m","","","","","","","","","","","","","","","","","","","","","","","","","","","","","","","","","","","","","","","","","",""
"1334.604774033","2026-08-14 11:23:27.582557","/home/akatoki/SC-30/scripts/SC-30/2_phase/EM.py","log_msg","90","","","","","","","","","","-0.5111244755735656","","","","","","","","","","","","","","","","","","","","","","","","","","","","","","","","","","","",""
"1334.608914692","2026-08-14 11:23:27.586704","/home/akatoki/SC-30/scripts/SC-30/2_phase/EM.py","log_msg","90","","","","[待機] alt=-0.511 m","","","","","","","","","","","","","","","","","","","","","","","","","","","","","","","","","","","","","","","","","",""
"1335.725710079","2026-08-14 11:23:28.703493","/home/akatoki/SC-30/scripts/SC-30/2_phase/EM.py","log_msg","90","","","","","","","","","","-0.5111244755735656","","","","","","","","","","","","","","","","","","","","","","","","","","","","","","","","","","","",""
"1335.729764801","2026-08-14 11:23:28.707554","/home/akatoki/SC-30/scripts/SC-30/2_phase/EM.py","log_msg","90","","","","[待機] alt=-0.511 m","","","","","","","","","","","","","","","","","","","","","","","","","","","","","","","","","","","","","","","","","",""
"1336.834343879","2026-08-14 11:23:29.812132","/home/akatoki/SC-30/scripts/SC-30/2_phase/EM.py","log_msg","90","","","","","","","","","","0.03196918437896046","","","","","","","","","","","","","","","","","","","","","","","","","","","","","","","","","","","",""
"1336.838812302","2026-08-14 11:23:29.816606","/home/akatoki/SC-30/scripts/SC-30/2_phase/EM.py","log_msg","90","","","","[待機] alt=0.032 m","","","","","","","","","","","","","","","","","","","","","","","","","","","","","","","","","","","","","","","","","",""
"1337.943832052","2026-08-14 11:23:30.921620","/home/akatoki/SC-30/scripts/SC-30/2_phase/EM.py","log_msg","90","","","","","","","","","","-0.1320171415696869","","","","","","","","","","","","","","","","","","","","","","","","","","","","","","","","","","","",""
"1337.954317037","2026-08-14 11:23:30.932114","/home/akatoki/SC-30/scripts/SC-30/2_phase/EM.py","log_msg","90","","","","[待機] alt=-0.132 m","","","","","","","","","","","","","","","","","","","","","","","","","","","","","","","","","","","","","","","","","",""
"1339.059307508","2026-08-14 11:23:32.037095","/home/akatoki/SC-30/scripts/SC-30/2_phase/EM.py","log_msg","90","","","","","","","","","","-0.039738994192373145","","","","","","","","","","","","","","","","","","","","","","","","","","","","","","","","","","","",""
"1339.063821817","2026-08-14 11:23:32.041616","/home/akatoki/SC-30/scripts/SC-30/2_phase/EM.py","log_msg","90","","","","[待機] alt=-0.040 m","","","","","","","","","","","","","","","","","","","","","","","","","","","","","","","","","","","","","","","","","",""
"1340.168918011","2026-08-14 11:23:33.146705","/home/akatoki/SC-30/scripts/SC-30/2_phase/EM.py","log_msg","90","","","","","","","","","","-0.29599747880907135","","","","","","","","","","","","","","","","","","","","","","","","","","","","","","","","","","","",""
"1340.173388779","2026-08-14 11:23:33.151184","/home/akatoki/SC-30/scripts/SC-30/2_phase/EM.py","log_msg","90","","","","[待機] alt=-0.296 m","","","","","","","","","","","","","","","","","","","","","","","","","","","","","","","","","","","","","","","","","",""
"1341.278423139","2026-08-14 11:23:34.256211","/home/akatoki/SC-30/scripts/SC-30/2_phase/EM.py","log_msg","90","","","","","","","","","","0.17538637366399046","","","","","","","","","","","","","","","","","","","","","","","","","","","","","","","","","","","",""
"1341.287519363","2026-08-14 11:23:34.265313","/home/akatoki/SC-30/scripts/SC-30/2_phase/EM.py","log_msg","90","","","","[待機] alt=0.175 m","","","","","","","","","","","","","","","","","","","","","","","","","","","","","","","","","","","","","","","","","",""
"1342.392483192","2026-08-14 11:23:35.370271","/home/akatoki/SC-30/scripts/SC-30/2_phase/EM.py","log_msg","90","","","","","","","","","","-0.43941575404433886","","","","","","","","","","","","","","","","","","","","","","","","","","","","","","","","","","","",""
"1342.396999481","2026-08-14 11:23:35.374795","/home/akatoki/SC-30/scripts/SC-30/2_phase/EM.py","log_msg","90","","","","[待機] alt=-0.439 m","","","","","","","","","","","","","","","","","","","","","","","","","","","","","","","","","","","","","","","","","",""
"1343.502069029","2026-08-14 11:23:36.479856","/home/akatoki/SC-30/scripts/SC-30/2_phase/EM.py","log_msg","90","","","","","","","","","","-0.5111244755735656","","","","","","","","","","","","","","","","","","","","","","","","","","","","","","","","","","","",""
"1343.506496672","2026-08-14 11:23:36.484290","/home/akatoki/SC-30/scripts/SC-30/2_phase/EM.py","log_msg","90","","","","[待機] alt=-0.511 m","","","","","","","","","","","","","","","","","","","","","","","","","","","","","","","","","","","","","","","","","",""
"1344.611556522","2026-08-14 11:23:37.589344","/home/akatoki/SC-30/scripts/SC-30/2_phase/EM.py","log_msg","90","","","","","","","","","","-0.039738994192373145","","","","","","","","","","","","","","","","","","","","","","","","","","","","","","","","","","","",""
"1344.616083228","2026-08-14 11:23:37.593878","/home/akatoki/SC-30/scripts/SC-30/2_phase/EM.py","log_msg","90","","","","[待機] alt=-0.040 m","","","","","","","","","","","","","","","","","","","","","","","","","","","","","","","","","","","","","","","","","",""
"1345.721134055","2026-08-14 11:23:38.698921","/home/akatoki/SC-30/scripts/SC-30/2_phase/EM.py","log_msg","90","","","","","","","","","","-0.4188503869468918","","","","","","","","","","","","","","","","","","","","","","","","","","","","","","","","","","","",""
"1345.730437522","2026-08-14 11:23:38.708232","/home/akatoki/SC-30/scripts/SC-30/2_phase/EM.py","log_msg","90","","","","[待機] alt=-0.419 m","","","","","","","","","","","","","","","","","","","","","","","","","","","","","","","","","","","","","","","","","",""
"1346.836672254","2026-08-14 11:23:39.814460","/home/akatoki/SC-30/scripts/SC-30/2_phase/EM.py","log_msg","90","","","","","","","","","","0.05254651735865923","","","","","","","","","","","","","","","","","","","","","","","","","","","","","","","","","","","",""
"1346.841140054","2026-08-14 11:23:39.818936","/home/akatoki/SC-30/scripts/SC-30/2_phase/EM.py","log_msg","90","","","","[待機] alt=0.053 m","","","","","","","","","","","","","","","","","","","","","","","","","","","","","","","","","","","","","","","","","",""
"1347.946158826","2026-08-14 11:23:40.923947","/home/akatoki/SC-30/scripts/SC-30/2_phase/EM.py","log_msg","90","","","","","","","","","","0.1242538696295914","","","","","","","","","","","","","","","","","","","","","","","","","","","","","","","","","","","",""
"1347.950592147","2026-08-14 11:23:40.928385","/home/akatoki/SC-30/scripts/SC-30/2_phase/EM.py","log_msg","90","","","","[待機] alt=0.124 m","","","","","","","","","","","","","","","","","","","","","","","","","","","","","","","","","","","","","","","","","",""
"1349.055618512","2026-08-14 11:23:42.033406","/home/akatoki/SC-30/scripts/SC-30/2_phase/EM.py","log_msg","90","","","","","","","","","","-0.5622653450603932","","","","","","","","","","","","","","","","","","","","","","","","","","","","","","","","","","","",""
"1349.060140062","2026-08-14 11:23:42.037934","/home/akatoki/SC-30/scripts/SC-30/2_phase/EM.py","log_msg","90","","","","[待機] alt=-0.562 m","","","","","","","","","","","","","","","","","","","","","","","","","","","","","","","","","","","","","","","","","",""
"1350.169673853","2026-08-14 11:23:43.147459","/home/akatoki/SC-30/scripts/SC-30/2_phase/EM.py","log_msg","90","","","","","","","","","","0.07313314500715595","","","","","","","","","","","","","","","","","","","","","","","","","","","","","","","","","","","",""
"1350.174135247","2026-08-14 11:23:43.151932","/home/akatoki/SC-30/scripts/SC-30/2_phase/EM.py","log_msg","90","","","","[待機] alt=0.073 m","","","","","","","","","","","","","","","","","","","","","","","","","","","","","","","","","","","","","","","","","",""
"1351.279194193","2026-08-14 11:23:44.256983","/home/akatoki/SC-30/scripts/SC-30/2_phase/EM.py","log_msg","90","","","","","","","","","","-0.16257387478552543","","","","","","","","","","","","","","","","","","","","","","","","","","","","","","","","","","","",""
"1351.283632045","2026-08-14 11:23:44.261426","/home/akatoki/SC-30/scripts/SC-30/2_phase/EM.py","log_msg","90","","","","[待機] alt=-0.163 m","","","","","","","","","","","","","","","","","","","","","","","","","","","","","","","","","","","","","","","","","",""
"1352.388728582","2026-08-14 11:23:45.366516","/home/akatoki/SC-30/scripts/SC-30/2_phase/EM.py","log_msg","90","","","","","","","","","","0.09372906795441782","","","","","","","","","","","","","","","","","","","","","","","","","","","","","","","","","","","",""
"1352.393179038","2026-08-14 11:23:45.370974","/home/akatoki/SC-30/scripts/SC-30/2_phase/EM.py","log_msg","90","","","","[待機] alt=0.094 m","","","","","","","","","","","","","","","","","","","","","","","","","","","","","","","","","","","","","","","","","",""
"1353.498191915","2026-08-14 11:23:46.475981","/home/akatoki/SC-30/scripts/SC-30/2_phase/EM.py","log_msg","90","","","","","","","","","","-0.5928071665197532","","","","","","","","","","","","","","","","","","","","","","","","","","","","","","","","","","","",""
"1353.507458821","2026-08-14 11:23:46.485255","/home/akatoki/SC-30/scripts/SC-30/2_phase/EM.py","log_msg","90","","","","[待機] alt=-0.593 m","","","","","","","","","","","","","","","","","","","","","","","","","","","","","","","","","","","","","","","","","",""
"1354.612468402","2026-08-14 11:23:47.590256","/home/akatoki/SC-30/scripts/SC-30/2_phase/EM.py","log_msg","90","","","","","","","","","","-0.12138470028655535","","","","","","","","","","","","","","","","","","","","","","","","","","","","","","","","","","","",""
"1354.616947401","2026-08-14 11:23:47.594744","/home/akatoki/SC-30/scripts/SC-30/2_phase/EM.py","log_msg","90","","","","[待機] alt=-0.121 m","","","","","","","","","","","","","","","","","","","","","","","","","","","","","","","","","","","","","","","","","",""
"1355.722891715","2026-08-14 11:23:48.700680","/home/akatoki/SC-30/scripts/SC-30/2_phase/EM.py","log_msg","90","","","","","","","","","","-0.35709851798627623","","","","","","","","","","","","","","","","","","","","","","","","","","","","","","","","","","","",""
"1355.727362173","2026-08-14 11:23:48.705158","/home/akatoki/SC-30/scripts/SC-30/2_phase/EM.py","log_msg","90","","","","[待機] alt=-0.357 m","","","","","","","","","","","","","","","","","","","","","","","","","","","","","","","","","","","","","","","","","",""
"1356.83237511","2026-08-14 11:23:49.810163","/home/akatoki/SC-30/scripts/SC-30/2_phase/EM.py","log_msg","90","","","","","","","","","","-0.02907296121801073","","","","","","","","","","","","","","","","","","","","","","","","","","","","","","","","","","","",""
"1356.84197978","2026-08-14 11:23:49.819774","/home/akatoki/SC-30/scripts/SC-30/2_phase/EM.py","log_msg","90","","","","[待機] alt=-0.029 m","","","","","","","","","","","","","","","","","","","","","","","","","","","","","","","","","","","","","","","","","",""
"1357.946929629","2026-08-14 11:23:50.924718","/home/akatoki/SC-30/scripts/SC-30/2_phase/EM.py","log_msg","90","","","","","","","","","","-0.47990209553931074","","","","","","","","","","","","","","","","","","","","","","","","","","","","","","","","","","","",""
"1357.951338159","2026-08-14 11:23:50.929134","/home/akatoki/SC-30/scripts/SC-30/2_phase/EM.py","log_msg","90","","","","[待機] alt=-0.480 m","","","","","","","","","","","","","","","","","","","","","","","","","","","","","","","","","","","","","","","","","",""
"1359.056376588","2026-08-14 11:23:52.034164","/home/akatoki/SC-30/scripts/SC-30/2_phase/EM.py","log_msg","90","","","","","","","","","","0.06324614377634874","","","","","","","","","","","","","","","","","","","","","","","","","","","","","","","","","","","",""
"1359.060864858","2026-08-14 11:23:52.038661","/home/akatoki/SC-30/scripts/SC-30/2_phase/EM.py","log_msg","90","","","","[待機] alt=0.063 m","","","","","","","","","","","","","","","","","","","","","","","","","","","","","","","","","","","","","","","","","",""
"1360.165977493","2026-08-14 11:23:53.143765","/home/akatoki/SC-30/scripts/SC-30/2_phase/EM.py","log_msg","90","","","","","","","","","","0.15557261504103637","","","","","","","","","","","","","","","","","","","","","","","","","","","","","","","","","","","",""
"1360.170429721","2026-08-14 11:23:53.148226","/home/akatoki/SC-30/scripts/SC-30/2_phase/EM.py","log_msg","90","","","","[待機] alt=0.156 m","","","","","","","","","","","","","","","","","","","","","","","","","","","","","","","","","","","","","","","","","",""
"1361.280095924","2026-08-14 11:23:54.257884","/home/akatoki/SC-30/scripts/SC-30/2_phase/EM.py","log_msg","90","","","","","","","","","","-0.3875862229016791","","","","","","","","","","","","","","","","","","","","","","","","","","","","","","","","","","","",""
"1361.284763779","2026-08-14 11:23:54.262559","/home/akatoki/SC-30/scripts/SC-30/2_phase/EM.py","log_msg","90","","","","[待機] alt=-0.388 m","","","","","","","","","","","","","","","","","","","","","","","","","","","","","","","","","","","","","","","","","",""
"1362.389830443","2026-08-14 11:23:55.367619","/home/akatoki/SC-30/scripts/SC-30/2_phase/EM.py","log_msg","90","","","","","","","","","","0.3196074579915309","","","","","","","","","","","","","","","","","","","","","","","","","","","","","","","","","","","",""
"1362.394366787","2026-08-14 11:23:55.372163","/home/akatoki/SC-30/scripts/SC-30/2_phase/EM.py","log_msg","90","","","","[待機] alt=0.320 m","","","","","","","","","","","","","","","","","","","","","","","","","","","","","","","","","","","","","","","","","",""
"1363.499380674","2026-08-14 11:23:56.477169","/home/akatoki/SC-30/scripts/SC-30/2_phase/EM.py","log_msg","90","","","","","","","","","","-0.20569008249727405","","","","","","","","","","","","","","","","","","","","","","","","","","","","","","","","","","","",""
"1363.504821297","2026-08-14 11:23:56.482618","/home/akatoki/SC-30/scripts/SC-30/2_phase/EM.py","log_msg","90","","","","[待機] alt=-0.206 m","","","","","","","","","","","","","","","","","","","","","","","","","","","","","","","","","","","","","","","","","",""
"1364.609917043","2026-08-14 11:23:57.587705","/home/akatoki/SC-30/scripts/SC-30/2_phase/EM.py","log_msg","90","","","","","","","","","","0.030047410742560787","","","","","","","","","","","","","","","","","","","","","","","","","","","","","","","","","","","",""
"1364.619409163","2026-08-14 11:23:57.597204","/home/akatoki/SC-30/scripts/SC-30/2_phase/EM.py","log_msg","90","","","","[待機] alt=0.030 m","","","","","","","","","","","","","","","","","","","","","","","","","","","","","","","","","","","","","","","","","",""
"1365.724466557","2026-08-14 11:23:58.702254","/home/akatoki/SC-30/scripts/SC-30/2_phase/EM.py","log_msg","90","","","","","","","","","","-0.27739023735861457","","","","","","","","","","","","","","","","","","","","","","","","","","","","","","","","","","","",""
"1365.728964359","2026-08-14 11:23:58.706760","/home/akatoki/SC-30/scripts/SC-30/2_phase/EM.py","log_msg","90","","","","[待機] alt=-0.277 m","","","","","","","","","","","","","","","","","","","","","","","","","","","","","","","","","","","","","","","","","",""
"1366.83401632","2026-08-14 11:23:59.811804","/home/akatoki/SC-30/scripts/SC-30/2_phase/EM.py","log_msg","90","","","","","","","","","","-0.041652472706275034","","","","","","","","","","","","","","","","","","","","","","","","","","","","","","","","","","","",""
"1366.838483809","2026-08-14 11:23:59.816279","/home/akatoki/SC-30/scripts/SC-30/2_phase/EM.py","log_msg","90","","","","[待機] alt=-0.042 m","","","","","","","","","","","","","","","","","","","","","","","","","","","","","","","","","","","","","","","","","",""
"1367.943536845","2026-08-14 11:24:00.921324","/home/akatoki/SC-30/scripts/SC-30/2_phase/EM.py","log_msg","90","","","","","","","","","","-0.5848229802842497","","","","","","","","","","","","","","","","","","","","","","","","","","","","","","","","","","","",""
"1367.948084909","2026-08-14 11:24:00.925881","/home/akatoki/SC-30/scripts/SC-30/2_phase/EM.py","log_msg","90","","","","[待機] alt=-0.585 m","","","","","","","","","","","","","","","","","","","","","","","","","","","","","","","","","","","","","","","","","",""
"1369.057779638","2026-08-14 11:24:02.035568","/home/akatoki/SC-30/scripts/SC-30/2_phase/EM.py","log_msg","90","","","","","","","","","","-0.021006706971529177","","","","","","","","","","","","","","","","","","","","","","","","","","","","","","","","","","","",""
"1369.062256451","2026-08-14 11:24:02.040051","/home/akatoki/SC-30/scripts/SC-30/2_phase/EM.py","log_msg","90","","","","[待機] alt=-0.021 m","","","","","","","","","","","","","","","","","","","","","","","","","","","","","","","","","","","","","","","","","",""
"1370.167273672","2026-08-14 11:24:03.145062","/home/akatoki/SC-30/scripts/SC-30/2_phase/EM.py","log_msg","90","","","","","","","","","","-0.09270520783432712","","","","","","","","","","","","","","","","","","","","","","","","","","","","","","","","","","","",""
"1370.171726266","2026-08-14 11:24:03.149522","/home/akatoki/SC-30/scripts/SC-30/2_phase/EM.py","log_msg","90","","","","[待機] alt=-0.093 m","","","","","","","","","","","","","","","","","","","","","","","","","","","","","","","","","","","","","","","","","",""
"1371.27682675","2026-08-14 11:24:04.254614","/home/akatoki/SC-30/scripts/SC-30/2_phase/EM.py","log_msg","90","","","","","","","","","","0.3787983462842559","","","","","","","","","","","","","","","","","","","","","","","","","","","","","","","","","","","",""
"1371.281293875","2026-08-14 11:24:04.259091","/home/akatoki/SC-30/scripts/SC-30/2_phase/EM.py","log_msg","90","","","","[待機] alt=0.379 m","","","","","","","","","","","","","","","","","","","","","","","","","","","","","","","","","","","","","","","","","",""
"1372.387225963","2026-08-14 11:24:05.365015","/home/akatoki/SC-30/scripts/SC-30/2_phase/EM.py","log_msg","90","","","","","","","","","","-0.32844922862192316","","","","","","","","","","","","","","","","","","","","","","","","","","","","","","","","","","","",""
"1372.396452092","2026-08-14 11:24:05.374247","/home/akatoki/SC-30/scripts/SC-30/2_phase/EM.py","log_msg","90","","","","[待機] alt=-0.328 m","","","","","","","","","","","","","","","","","","","","","","","","","","","","","","","","","","","","","","","","","",""
"1373.50145186","2026-08-14 11:24:06.479240","/home/akatoki/SC-30/scripts/SC-30/2_phase/EM.py","log_msg","90","","","","","","","","","","-0.3794964327660133","","","","","","","","","","","","","","","","","","","","","","","","","","","","","","","","","","","",""
"1373.505953934","2026-08-14 11:24:06.483750","/home/akatoki/SC-30/scripts/SC-30/2_phase/EM.py","log_msg","90","","","","[待機] alt=-0.379 m","","","","","","","","","","","","","","","","","","","","","","","","","","","","","","","","","","","","","","","","","",""
"1374.610992171","2026-08-14 11:24:07.588780","/home/akatoki/SC-30/scripts/SC-30/2_phase/EM.py","log_msg","90","","","","","","","","","","-0.2154429957679338","","","","","","","","","","","","","","","","","","","","","","","","","","","","","","","","","","","",""
"1374.615442006","2026-08-14 11:24:07.593238","/home/akatoki/SC-30/scripts/SC-30/2_phase/EM.py","log_msg","90","","","","[待機] alt=-0.215 m","","","","","","","","","","","","","","","","","","","","","","","","","","","","","","","","","","","","","","","","","",""
"1375.720526213","2026-08-14 11:24:08.698314","/home/akatoki/SC-30/scripts/SC-30/2_phase/EM.py","log_msg","90","","","","","","","","","","-0.266470771891234","","","","","","","","","","","","","","","","","","","","","","","","","","","","","","","","","","","",""
"1375.725011673","2026-08-14 11:24:08.702806","/home/akatoki/SC-30/scripts/SC-30/2_phase/EM.py","log_msg","90","","","","[待機] alt=-0.266 m","","","","","","","","","","","","","","","","","","","","","","","","","","","","","","","","","","","","","","","","","",""
"1376.830089298","2026-08-14 11:24:09.807877","/home/akatoki/SC-30/scripts/SC-30/2_phase/EM.py","log_msg","90","","","","","","","","","","0.06166935789568173","","","","","","","","","","","","","","","","","","","","","","","","","","","","","","","","","","","",""
"1376.839720068","2026-08-14 11:24:09.817516","/home/akatoki/SC-30/scripts/SC-30/2_phase/EM.py","log_msg","90","","","","[待機] alt=0.062 m","","","","","","","","","","","","","","","","","","","","","","","","","","","","","","","","","","","","","","","","","",""
"1377.944731891","2026-08-14 11:24:10.922520","/home/akatoki/SC-30/scripts/SC-30/2_phase/EM.py","log_msg","90","","","","","","","","","","-0.0817185246119001","","","","","","","","","","","","","","","","","","","","","","","","","","","","","","","","","","","",""
"1377.949203236","2026-08-14 11:24:10.926999","/home/akatoki/SC-30/scripts/SC-30/2_phase/EM.py","log_msg","90","","","","[待機] alt=-0.082 m","","","","","","","","","","","","","","","","","","","","","","","","","","","","","","","","","","","","","","","","","",""
"1379.054223216","2026-08-14 11:24:12.032010","/home/akatoki/SC-30/scripts/SC-30/2_phase/EM.py","log_msg","90","","","","","","","","","","0.10306320047113071","","","","","","","","","","","","","","","","","","","","","","","","","","","","","","","","","","","",""
"1379.058672373","2026-08-14 11:24:12.036468","/home/akatoki/SC-30/scripts/SC-30/2_phase/EM.py","log_msg","90","","","","[待機] alt=0.103 m","","","","","","","","","","","","","","","","","","","","","","","","","","","","","","","","","","","","","","","","","",""
"1380.163732907","2026-08-14 11:24:13.141520","/home/akatoki/SC-30/scripts/SC-30/2_phase/EM.py","log_msg","90","","","","","","","","","","0.2671564377922342","","","","","","","","","","","","","","","","","","","","","","","","","","","","","","","","","","","",""
"1380.17381738","2026-08-14 11:24:13.151614","/home/akatoki/SC-30/scripts/SC-30/2_phase/EM.py","log_msg","90","","","","[待機] alt=0.267 m","","","","","","","","","","","","","","","","","","","","","","","","","","","","","","","","","","","","","","","","","",""
"1381.27877258","2026-08-14 11:24:14.256560","/home/akatoki/SC-30/scripts/SC-30/2_phase/EM.py","log_msg","90","","","","","","","","","","0.1237740765385742","","","","","","","","","","","","","","","","","","","","","","","","","","","","","","","","","","","",""
"1381.283238717","2026-08-14 11:24:14.261034","/home/akatoki/SC-30/scripts/SC-30/2_phase/EM.py","log_msg","90","","","","[待機] alt=0.124 m","","","","","","","","","","","","","","","","","","","","","","","","","","","","","","","","","","","","","","","","","",""
"1382.388306812","2026-08-14 11:24:15.366094","/home/akatoki/SC-30/scripts/SC-30/2_phase/EM.py","log_msg","90","","","","","","","","","","0.3775337761193853","","","","","","","","","","","","","","","","","","","","","","","","","","","","","","","","","","","",""
"1382.392752168","2026-08-14 11:24:15.370548","/home/akatoki/SC-30/scripts/SC-30/2_phase/EM.py","log_msg","90","","","","[待機] alt=0.378 m","","","","","","","","","","","","","","","","","","","","","","","","","","","","","","","","","","","","","","","","","",""
"1383.497724199","2026-08-14 11:24:16.475512","/home/akatoki/SC-30/scripts/SC-30/2_phase/EM.py","log_msg","90","","","","","","","","","","0.0907779434974143","","","","","","","","","","","","","","","","","","","","","","","","","","","","","","","","","","","",""
"1383.502157524","2026-08-14 11:24:16.479952","/home/akatoki/SC-30/scripts/SC-30/2_phase/EM.py","log_msg","90","","","","[待機] alt=0.091 m","","","","","","","","","","","","","","","","","","","","","","","","","","","","","","","","","","","","","","","","","",""
"1384.60718495","2026-08-14 11:24:17.584972","/home/akatoki/SC-30/scripts/SC-30/2_phase/EM.py","log_msg","90","","","","","","","","","","-0.00164205845944565","","","","","","","","","","","","","","","","","","","","","","","","","","","","","","","","","","","",""
"1384.61650952","2026-08-14 11:24:17.594304","/home/akatoki/SC-30/scripts/SC-30/2_phase/EM.py","log_msg","90","","","","[待機] alt=-0.002 m","","","","","","","","","","","","","","","","","","","","","","","","","","","","","","","","","","","","","","","","","",""
"1385.721482809","2026-08-14 11:24:18.699270","/home/akatoki/SC-30/scripts/SC-30/2_phase/EM.py","log_msg","90","","","","","","","","","","0.23415530335296753","","","","","","","","","","","","","","","","","","","","","","","","","","","","","","","","","","","",""
"1385.726105823","2026-08-14 11:24:18.703902","/home/akatoki/SC-30/scripts/SC-30/2_phase/EM.py","log_msg","90","","","","[待機] alt=0.234 m","","","","","","","","","","","","","","","","","","","","","","","","","","","","","","","","","","","","","","","","","",""
"1386.831184611","2026-08-14 11:24:19.808972","/home/akatoki/SC-30/scripts/SC-30/2_phase/EM.py","log_msg","90","","","","","","","","","","0.052083313124741126","","","","","","","","","","","","","","","","","","","","","","","","","","","","","","","","","","","",""
"1386.835681218","2026-08-14 11:24:19.813477","/home/akatoki/SC-30/scripts/SC-30/2_phase/EM.py","log_msg","90","","","","[待機] alt=0.052 m","","","","","","","","","","","","","","","","","","","","","","","","","","","","","","","","","","","","","","","","","",""
"1387.940875348","2026-08-14 11:24:20.918663","/home/akatoki/SC-30/scripts/SC-30/2_phase/EM.py","log_msg","90","","","","","","","","","","0.46995783831321414","","","","","","","","","","","","","","","","","","","","","","","","","","","","","","","","","","","",""
"1387.950510183","2026-08-14 11:24:20.928306","/home/akatoki/SC-30/scripts/SC-30/2_phase/EM.py","log_msg","90","","","","[待機] alt=0.470 m","","","","","","","","","","","","","","","","","","","","","","","","","","","","","","","","","","","","","","","","","",""
"1389.055641426","2026-08-14 11:24:22.033429","/home/akatoki/SC-30/scripts/SC-30/2_phase/EM.py","log_msg","90","","","","","","","","","","0.052083313124741126","","","","","","","","","","","","","","","","","","","","","","","","","","","","","","","","","","","",""
"1389.062403213","2026-08-14 11:24:22.040202","/home/akatoki/SC-30/scripts/SC-30/2_phase/EM.py","log_msg","90","","","","[待機] alt=0.052 m","","","","","","","","","","","","","","","","","","","","","","","","","","","","","","","","","","","","","","","","","",""
"1390.167610476","2026-08-14 11:24:23.145399","/home/akatoki/SC-30/scripts/SC-30/2_phase/EM.py","log_msg","90","","","","","","","","","","0.21618419236619113","","","","","","","","","","","","","","","","","","","","","","","","","","","","","","","","","","","",""
"1390.172231043","2026-08-14 11:24:23.150027","/home/akatoki/SC-30/scripts/SC-30/2_phase/EM.py","log_msg","90","","","","[待機] alt=0.216 m","","","","","","","","","","","","","","","","","","","","","","","","","","","","","","","","","","","","","","","","","",""
"1391.277311511","2026-08-14 11:24:24.255099","/home/akatoki/SC-30/scripts/SC-30/2_phase/EM.py","log_msg","90","","","","","","","","","","-0.11201157263839745","","","","","","","","","","","","","","","","","","","","","","","","","","","","","","","","","","","",""
"1391.28190588","2026-08-14 11:24:24.259700","/home/akatoki/SC-30/scripts/SC-30/2_phase/EM.py","log_msg","90","","","","[待機] alt=-0.112 m","","","","","","","","","","","","","","","","","","","","","","","","","","","","","","","","","","","","","","","","","",""
"1392.39149012","2026-08-14 11:24:25.369277","/home/akatoki/SC-30/scripts/SC-30/2_phase/EM.py","log_msg","90","","","","","","","","","","0.052083313124741126","","","","","","","","","","","","","","","","","","","","","","","","","","","","","","","","","","","",""
"1392.395981935","2026-08-14 11:24:25.373814","/home/akatoki/SC-30/scripts/SC-30/2_phase/EM.py","log_msg","90","","","","[待機] alt=0.052 m","","","","","","","","","","","","","","","","","","","","","","","","","","","","","","","","","","","","","","","","","",""
"1393.501087356","2026-08-14 11:24:26.478875","/home/akatoki/SC-30/scripts/SC-30/2_phase/EM.py","log_msg","90","","","","","","","","","","-0.0403202597307617","","","","","","","","","","","","","","","","","","","","","","","","","","","","","","","","","","","",""
"1393.505573182","2026-08-14 11:24:26.483369","/home/akatoki/SC-30/scripts/SC-30/2_phase/EM.py","log_msg","90","","","","[待機] alt=-0.040 m","","","","","","","","","","","","","","","","","","","","","","","","","","","","","","","","","","","","","","","","","",""
"1394.610727693","2026-08-14 11:24:27.588515","/home/akatoki/SC-30/scripts/SC-30/2_phase/EM.py","log_msg","90","","","","","","","","","","0.3388480355976098","","","","","","","","","","","","","","","","","","","","","","","","","","","","","","","","","","","",""
"1394.615185342","2026-08-14 11:24:27.592980","/home/akatoki/SC-30/scripts/SC-30/2_phase/EM.py","log_msg","90","","","","[待機] alt=0.339 m","","","","","","","","","","","","","","","","","","","","","","","","","","","","","","","","","","","","","","","","","",""
"1395.720303682","2026-08-14 11:24:28.698091","/home/akatoki/SC-30/scripts/SC-30/2_phase/EM.py","log_msg","90","","","","","","","","","","-0.6042602718386592","","","","","","","","","","","","","","","","","","","","","","","","","","","","","","","","","","","",""
"1395.724796019","2026-08-14 11:24:28.702591","/home/akatoki/SC-30/scripts/SC-30/2_phase/EM.py","log_msg","90","","","","[待機] alt=-0.604 m","","","","","","","","","","","","","","","","","","","","","","","","","","","","","","","","","","","","","","","","","",""
"1396.834568705","2026-08-14 11:24:29.812357","/home/akatoki/SC-30/scripts/SC-30/2_phase/EM.py","log_msg","90","","","","","","","","","","-0.29679826300961887","","","","","","","","","","","","","","","","","","","","","","","","","","","","","","","","","","","",""
"1396.839021146","2026-08-14 11:24:29.816817","/home/akatoki/SC-30/scripts/SC-30/2_phase/EM.py","log_msg","90","","","","[待機] alt=-0.297 m","","","","","","","","","","","","","","","","","","","","","","","","","","","","","","","","","","","","","","","","","",""
"1397.945011476","2026-08-14 11:24:30.922799","/home/akatoki/SC-30/scripts/SC-30/2_phase/EM.py","log_msg","90","","","","","","","","","","0.3388480355976098","","","","","","","","","","","","","","","","","","","","","","","","","","","","","","","","","","","",""
"1397.949493657","2026-08-14 11:24:30.927288","/home/akatoki/SC-30/scripts/SC-30/2_phase/EM.py","log_msg","90","","","","[待機] alt=0.339 m","","","","","","","","","","","","","","","","","","","","","","","","","","","","","","","","","","","","","","","","","",""
"1399.054545724","2026-08-14 11:24:32.032334","/home/akatoki/SC-30/scripts/SC-30/2_phase/EM.py","log_msg","90","","","","","","","","","","0.5746380433403875","","","","","","","","","","","","","","","","","","","","","","","","","","","","","","","","","","","",""
"1399.059018738","2026-08-14 11:24:32.036815","/home/akatoki/SC-30/scripts/SC-30/2_phase/EM.py","log_msg","90","","","","[待機] alt=0.575 m","","","","","","","","","","","","","","","","","","","","","","","","","","","","","","","","","","","","","","","","","",""
"1400.168622911","2026-08-14 11:24:33.146411","/home/akatoki/SC-30/scripts/SC-30/2_phase/EM.py","log_msg","90","","","","","","","","","","0.17475534773585766","","","","","","","","","","","","","","","","","","","","","","","","","","","","","","","","","","","",""
"1400.173113374","2026-08-14 11:24:33.150908","/home/akatoki/SC-30/scripts/SC-30/2_phase/EM.py","log_msg","90","","","","[待機] alt=0.175 m","","","","","","","","","","","","","","","","","","","","","","","","","","","","","","","","","","","","","","","","","",""
"1401.278132422","2026-08-14 11:24:34.255920","/home/akatoki/SC-30/scripts/SC-30/2_phase/EM.py","log_msg","90","","","","","","","","","","0.17475534773585766","","","","","","","","","","","","","","","","","","","","","","","","","","","","","","","","","","","",""
"1401.282608301","2026-08-14 11:24:34.260403","/home/akatoki/SC-30/scripts/SC-30/2_phase/EM.py","log_msg","90","","","","[待機] alt=0.175 m","","","","","","","","","","","","","","","","","","","","","","","","","","","","","","","","","","","","","","","","","",""
"1402.387680762","2026-08-14 11:24:35.365469","/home/akatoki/SC-30/scripts/SC-30/2_phase/EM.py","log_msg","90","","","","","","","","","","0.6463296478883807","","","","","","","","","","","","","","","","","","","","","","","","","","","","","","","","","","","",""
"1402.392209089","2026-08-14 11:24:35.370003","/home/akatoki/SC-30/scripts/SC-30/2_phase/EM.py","log_msg","90","","","","[待機] alt=0.646 m","","","","","","","","","","","","","","","","","","","","","","","","","","","","","","","","","","","","","","","","","",""
"1403.497245429","2026-08-14 11:24:36.475033","/home/akatoki/SC-30/scripts/SC-30/2_phase/EM.py","log_msg","90","","","","","","","","","","-0.36849095298615797","","","","","","","","","","","","","","","","","","","","","","","","","","","","","","","","","","","",""
"1403.501742767","2026-08-14 11:24:36.479538","/home/akatoki/SC-30/scripts/SC-30/2_phase/EM.py","log_msg","90","","","","[待機] alt=-0.368 m","","","","","","","","","","","","","","","","","","","","","","","","","","","","","","","","","","","","","","","","","",""
"1404.611534702","2026-08-14 11:24:37.589322","/home/akatoki/SC-30/scripts/SC-30/2_phase/EM.py","log_msg","90","","","","","","","","","","-0.6552589316167023","","","","","","","","","","","","","","","","","","","","","","","","","","","","","","","","","","","",""
"1404.616117614","2026-08-14 11:24:37.593914","/home/akatoki/SC-30/scripts/SC-30/2_phase/EM.py","log_msg","90","","","","[待機] alt=-0.655 m","","","","","","","","","","","","","","","","","","","","","","","","","","","","","","","","","","","","","","","","","",""
"1405.721189631","2026-08-14 11:24:38.698977","/home/akatoki/SC-30/scripts/SC-30/2_phase/EM.py","log_msg","90","","","","","","","","","","-0.18370260739583255","","","","","","","","","","","","","","","","","","","","","","","","","","","","","","","","","","","",""
"1405.726596874","2026-08-14 11:24:38.704395","/home/akatoki/SC-30/scripts/SC-30/2_phase/EM.py","log_msg","90","","","","[待機] alt=-0.184 m","","","","","","","","","","","","","","","","","","","","","","","","","","","","","","","","","","","","","","","","","",""
"1406.831726572","2026-08-14 11:24:39.809515","/home/akatoki/SC-30/scripts/SC-30/2_phase/EM.py","log_msg","90","","","","","","","","","","0.052083313124741126","","","","","","","","","","","","","","","","","","","","","","","","","","","","","","","","","","","",""
"1406.836293755","2026-08-14 11:24:39.814089","/home/akatoki/SC-30/scripts/SC-30/2_phase/EM.py","log_msg","90","","","","[待機] alt=0.052 m","","","","","","","","","","","","","","","","","","","","","","","","","","","","","","","","","","","","","","","","","",""
"1407.945930035","2026-08-14 11:24:40.923718","/home/akatoki/SC-30/scripts/SC-30/2_phase/EM.py","log_msg","90","","","","","","","","","","-0.01960717211920482","","","","","","","","","","","","","","","","","","","","","","","","","","","","","","","","","","","",""
"1407.950408363","2026-08-14 11:24:40.928204","/home/akatoki/SC-30/scripts/SC-30/2_phase/EM.py","log_msg","90","","","","[待機] alt=-0.020 m","","","","","","","","","","","","","","","","","","","","","","","","","","","","","","","","","","","","","","","","","",""
"1409.055417642","2026-08-14 11:24:42.033205","/home/akatoki/SC-30/scripts/SC-30/2_phase/EM.py","log_msg","90","","","","","","","","","","-0.16574460744369635","","","","","","","","","","","","","","","","","","","","","","","","","","","","","","","","","","","",""
"1409.059927324","2026-08-14 11:24:42.037723","/home/akatoki/SC-30/scripts/SC-30/2_phase/EM.py","log_msg","90","","","","[待機] alt=-0.166 m","","","","","","","","","","","","","","","","","","","","","","","","","","","","","","","","","","","","","","","","","",""
"1410.165055849","2026-08-14 11:24:43.142844","/home/akatoki/SC-30/scripts/SC-30/2_phase/EM.py","log_msg","90","","","","","","","","","","0.3058444006315464","","","","","","","","","","","","","","","","","","","","","","","","","","","","","","","","","","","",""
"1410.169584542","2026-08-14 11:24:43.147380","/home/akatoki/SC-30/scripts/SC-30/2_phase/EM.py","log_msg","90","","","","[待機] alt=0.306 m","","","","","","","","","","","","","","","","","","","","","","","","","","","","","","","","","","","","","","","","","",""
"1411.274650486","2026-08-14 11:24:44.252438","/home/akatoki/SC-30/scripts/SC-30/2_phase/EM.py","log_msg","90","","","","","","","","","","-0.16574460744369635","","","","","","","","","","","","","","","","","","","","","","","","","","","","","","","","","","","",""
"1411.279107095","2026-08-14 11:24:44.256902","/home/akatoki/SC-30/scripts/SC-30/2_phase/EM.py","log_msg","90","","","","[待機] alt=-0.166 m","","","","","","","","","","","","","","","","","","","","","","","","","","","","","","","","","","","","","","","","","",""
"1412.388890509","2026-08-14 11:24:45.366679","/home/akatoki/SC-30/scripts/SC-30/2_phase/EM.py","log_msg","90","","","","","","","","","","0.18320531695628306","","","","","","","","","","","","","","","","","","","","","","","","","","","","","","","","","","","",""
"1412.393382639","2026-08-14 11:24:45.371179","/home/akatoki/SC-30/scripts/SC-30/2_phase/EM.py","log_msg","90","","","","[待機] alt=0.183 m","","","","","","","","","","","","","","","","","","","","","","","","","","","","","","","","","","","","","","","","","",""
"1413.498436912","2026-08-14 11:24:46.476225","/home/akatoki/SC-30/scripts/SC-30/2_phase/EM.py","log_msg","90","","","","","","","","","","-0.2167084948341902","","","","","","","","","","","","","","","","","","","","","","","","","","","","","","","","","","","",""
"1413.502962168","2026-08-14 11:24:46.480757","/home/akatoki/SC-30/scripts/SC-30/2_phase/EM.py","log_msg","90","","","","[待機] alt=-0.217 m","","","","","","","","","","","","","","","","","","","","","","","","","","","","","","","","","","","","","","","","","",""
"1414.608927829","2026-08-14 11:24:47.586716","/home/akatoki/SC-30/scripts/SC-30/2_phase/EM.py","log_msg","90","","","","","","","","","","0.32658102111533527","","","","","","","","","","","","","","","","","","","","","","","","","","","","","","","","","","","",""
"1414.613402147","2026-08-14 11:24:47.591197","/home/akatoki/SC-30/scripts/SC-30/2_phase/EM.py","log_msg","90","","","","[待機] alt=0.327 m","","","","","","","","","","","","","","","","","","","","","","","","","","","","","","","","","","","","","","","","","",""
"1415.723008963","2026-08-14 11:24:48.700797","/home/akatoki/SC-30/scripts/SC-30/2_phase/EM.py","log_msg","90","","","","","","","","","","0.18320531695628306","","","","","","","","","","","","","","","","","","","","","","","","","","","","","","","","","","","",""
"1415.72748","2026-08-14 11:24:48.705275","/home/akatoki/SC-30/scripts/SC-30/2_phase/EM.py","log_msg","90","","","","[待機] alt=0.183 m","","","","","","","","","","","","","","","","","","","","","","","","","","","","","","","","","","","","","","","","","",""
"1416.832629136","2026-08-14 11:24:49.810417","/home/akatoki/SC-30/scripts/SC-30/2_phase/EM.py","log_msg","90","","","","","","","","","","0.1115178823038443","","","","","","","","","","","","","","","","","","","","","","","","","","","","","","","","","","","",""
"1416.837102777","2026-08-14 11:24:49.814898","/home/akatoki/SC-30/scripts/SC-30/2_phase/EM.py","log_msg","90","","","","[待機] alt=0.112 m","","","","","","","","","","","","","","","","","","","","","","","","","","","","","","","","","","","","","","","","","",""
"1417.942127196","2026-08-14 11:24:50.919916","/home/akatoki/SC-30/scripts/SC-30/2_phase/EM.py","log_msg","90","","","","","","","","","","0.03983072595909798","","","","","","","","","","","","","","","","","","","","","","","","","","","","","","","","","","","",""
"1417.946593076","2026-08-14 11:24:50.924389","/home/akatoki/SC-30/scripts/SC-30/2_phase/EM.py","log_msg","90","","","","[待機] alt=0.040 m","","","","","","","","","","","","","","","","","","","","","","","","","","","","","","","","","","","","","","","","","",""
"1419.051654238","2026-08-14 11:24:52.029442","/home/akatoki/SC-30/scripts/SC-30/2_phase/EM.py","log_msg","90","","","","","","","","","","0.5114545722633046","","","","","","","","","","","","","","","","","","","","","","","","","","","","","","","","","","","",""
"1419.061568926","2026-08-14 11:24:52.039366","/home/akatoki/SC-30/scripts/SC-30/2_phase/EM.py","log_msg","90","","","","[待機] alt=0.511 m","","","","","","","","","","","","","","","","","","","","","","","","","","","","","","","","","","","","","","","","","",""
"1420.166597351","2026-08-14 11:24:53.144385","/home/akatoki/SC-30/scripts/SC-30/2_phase/EM.py","log_msg","90","","","","","","","","","","0.36808217982700286","","","","","","","","","","","","","","","","","","","","","","","","","","","","","","","","","","","",""
"1420.17112943","2026-08-14 11:24:53.148924","/home/akatoki/SC-30/scripts/SC-30/2_phase/EM.py","log_msg","90","","","","[待機] alt=0.368 m","","","","","","","","","","","","","","","","","","","","","","","","","","","","","","","","","","","","","","","","","",""
"1421.276247149","2026-08-14 11:24:54.254035","/home/akatoki/SC-30/scripts/SC-30/2_phase/EM.py","log_msg","90","","","","","","","","","","-0.10354275172857141","","","","","","","","","","","","","","","","","","","","","","","","","","","","","","","","","","","",""
"1421.280728186","2026-08-14 11:24:54.258525","/home/akatoki/SC-30/scripts/SC-30/2_phase/EM.py","log_msg","90","","","","[待機] alt=-0.104 m","","","","","","","","","","","","","","","","","","","","","","","","","","","","","","","","","","","","","","","","","",""
"1422.385834573","2026-08-14 11:24:55.363622","/home/akatoki/SC-30/scripts/SC-30/2_phase/EM.py","log_msg","90","","","","","","","","","","0.6039024063822274","","","","","","","","","","","","","","","","","","","","","","","","","","","","","","","","","","","",""
"1422.390326392","2026-08-14 11:24:55.368121","/home/akatoki/SC-30/scripts/SC-30/2_phase/EM.py","log_msg","90","","","","[待機] alt=0.604 m","","","","","","","","","","","","","","","","","","","","","","","","","","","","","","","","","","","","","","","","","",""
"1423.502059174","2026-08-14 11:24:56.479847","/home/akatoki/SC-30/scripts/SC-30/2_phase/EM.py","log_msg","90","","","","","","","","","","0.2963964011269893","","","","","","","","","","","","","","","","","","","","","","","","","","","","","","","","","","","",""
"1423.506615785","2026-08-14 11:24:56.484412","/home/akatoki/SC-30/scripts/SC-30/2_phase/EM.py","log_msg","90","","","","[待機] alt=0.296 m","","","","","","","","","","","","","","","","","","","","","","","","","","","","","","","","","","","","","","","","","",""
"1424.611717007","2026-08-14 11:24:57.589506","/home/akatoki/SC-30/scripts/SC-30/2_phase/EM.py","log_msg","90","","","","","","","","","","0.6039024063822274","","","","","","","","","","","","","","","","","","","","","","","","","","","","","","","","","","","",""
"1424.616277212","2026-08-14 11:24:57.594073","/home/akatoki/SC-30/scripts/SC-30/2_phase/EM.py","log_msg","90","","","","[待機] alt=0.604 m","","","","","","","","","","","","","","","","","","","","","","","","","","","","","","","","","","","","","","","","","",""
"1425.721365696","2026-08-14 11:24:58.699154","/home/akatoki/SC-30/scripts/SC-30/2_phase/EM.py","log_msg","90","","","","","","","","","","0.060581077202828126","","","","","","","","","","","","","","","","","","","","","","","","","","","","","","","","","","","",""
"1425.725877515","2026-08-14 11:24:58.703673","/home/akatoki/SC-30/scripts/SC-30/2_phase/EM.py","log_msg","90","","","","[待機] alt=0.061 m","","","","","","","","","","","","","","","","","","","","","","","","","","","","","","","","","","","","","","","","","",""
"1426.830977271","2026-08-14 11:24:59.808765","/home/akatoki/SC-30/scripts/SC-30/2_phase/EM.py","log_msg","90","","","","","","","","","","-0.5336565035958052","","","","","","","","","","","","","","","","","","","","","","","","","","","","","","","","","","","",""
"1426.840448778","2026-08-14 11:24:59.818244","/home/akatoki/SC-30/scripts/SC-30/2_phase/EM.py","log_msg","90","","","","[待機] alt=-0.534 m","","","","","","","","","","","","","","","","","","","","","","","","","","","","","","","","","","","","","","","","","",""
"1427.945484232","2026-08-14 11:25:00.923272","/home/akatoki/SC-30/scripts/SC-30/2_phase/EM.py","log_msg","90","","","","","","","","","","-0.062028316478071055","","","","","","","","","","","","","","","","","","","","","","","","","","","","","","","","","","","",""
"1427.950067979","2026-08-14 11:25:00.927863","/home/akatoki/SC-30/scripts/SC-30/2_phase/EM.py","log_msg","90","","","","[待機] alt=-0.062 m","","","","","","","","","","","","","","","","","","","","","","","","","","","","","","","","","","","","","","","","","",""
"1429.055187152","2026-08-14 11:25:02.032975","/home/akatoki/SC-30/scripts/SC-30/2_phase/EM.py","log_msg","90","","","","","","","","","","0.00965607020116166","","","","","","","","","","","","","","","","","","","","","","","","","","","","","","","","","","","",""
"1429.059756993","2026-08-14 11:25:02.037553","/home/akatoki/SC-30/scripts/SC-30/2_phase/EM.py","log_msg","90","","","","[待機] alt=0.010 m","","","","","","","","","","","","","","","","","","","","","","","","","","","","","","","","","","","","","","","","","",""
"1430.164920096","2026-08-14 11:25:03.142708","/home/akatoki/SC-30/scripts/SC-30/2_phase/EM.py","log_msg","90","","","","","","","","","","-0.22616033891038612","","","","","","","","","","","","","","","","","","","","","","","","","","","","","","","","","","","",""
"1430.18334019","2026-08-14 11:25:03.161136","/home/akatoki/SC-30/scripts/SC-30/2_phase/EM.py","log_msg","90","","","","[待機] alt=-0.226 m","","","","","","","","","","","","","","","","","","","","","","","","","","","","","","","","","","","","","","","","","",""
"1431.288442636","2026-08-14 11:25:04.266229","/home/akatoki/SC-30/scripts/SC-30/2_phase/EM.py","log_msg","90","","","","","","","","","","0.6454527695080647","","","","","","","","","","","","","","","","","","","","","","","","","","","","","","","","","","","",""
"1431.299029001","2026-08-14 11:25:04.276825","/home/akatoki/SC-30/scripts/SC-30/2_phase/EM.py","log_msg","90","","","","[待機] alt=0.645 m","","","","","","","","","","","","","","","","","","","","","","","","","","","","","","","","","","","","","","","","","",""
"1432.404055842","2026-08-14 11:25:05.381845","/home/akatoki/SC-30/scripts/SC-30/2_phase/EM.py","log_msg","90","","","","","","","","","","-0.062028316478071055","","","","","","","","","","","","","","","","","","","","","","","","","","","","","","","","","","","",""
"1432.408535786","2026-08-14 11:25:05.386331","/home/akatoki/SC-30/scripts/SC-30/2_phase/EM.py","log_msg","90","","","","[待機] alt=-0.062 m","","","","","","","","","","","","","","","","","","","","","","","","","","","","","","","","","","","","","","","","","",""
"1433.513538897","2026-08-14 11:25:06.491326","/home/akatoki/SC-30/scripts/SC-30/2_phase/EM.py","log_msg","90","","","","","","","","","","0.17379353788776308","","","","","","","","","","","","","","","","","","","","","","","","","","","","","","","","","","","",""
"1433.518047956","2026-08-14 11:25:06.495841","/home/akatoki/SC-30/scripts/SC-30/2_phase/EM.py","log_msg","90","","","","[待機] alt=0.174 m","","","","","","","","","","","","","","","","","","","","","","","","","","","","","","","","","","","","","","","","","",""
"1434.623048483","2026-08-14 11:25:07.600836","/home/akatoki/SC-30/scripts/SC-30/2_phase/EM.py","log_msg","90","","","","","","","","","","0.030426142489013985","","","","","","","","","","","","","","","","","","","","","","","","","","","","","","","","","","","",""
"1434.632375824","2026-08-14 11:25:07.610171","/home/akatoki/SC-30/scripts/SC-30/2_phase/EM.py","log_msg","90","","","","[待機] alt=0.030 m","","","","","","","","","","","","","","","","","","","","","","","","","","","","","","","","","","","","","","","","","",""
"1435.737291526","2026-08-14 11:25:08.715080","/home/akatoki/SC-30/scripts/SC-30/2_phase/EM.py","log_msg","90","","","","","","","","","","0.1021097009533356","","","","","","","","","","","","","","","","","","","","","","","","","","","","","","","","","","","",""
"1435.741749804","2026-08-14 11:25:08.719544","/home/akatoki/SC-30/scripts/SC-30/2_phase/EM.py","log_msg","90","","","","[待機] alt=0.102 m","","","","","","","","","","","","","","","","","","","","","","","","","","","","","","","","","","","","","","","","","",""
"1436.846745735","2026-08-14 11:25:09.824533","/home/akatoki/SC-30/scripts/SC-30/2_phase/EM.py","log_msg","90","","","","","","","","","","-0.020476650078080638","","","","","","","","","","","","","","","","","","","","","","","","","","","","","","","","","","","",""
"1436.851180367","2026-08-14 11:25:09.828974","/home/akatoki/SC-30/scripts/SC-30/2_phase/EM.py","log_msg","90","","","","[待機] alt=-0.020 m","","","","","","","","","","","","","","","","","","","","","","","","","","","","","","","","","","","","","","","","","",""
"1437.956226423","2026-08-14 11:25:10.934013","/home/akatoki/SC-30/scripts/SC-30/2_phase/EM.py","log_msg","90","","","","","","","","","","0.14367555733474036","","","","","","","","","","","","","","","","","","","","","","","","","","","","","","","","","","","",""
"1437.960695847","2026-08-14 11:25:10.938490","/home/akatoki/SC-30/scripts/SC-30/2_phase/EM.py","log_msg","90","","","","[待機] alt=0.144 m","","","","","","","","","","","","","","","","","","","","","","","","","","","","","","","","","","","","","","","","","",""
"1439.065662287","2026-08-14 11:25:12.043450","/home/akatoki/SC-30/scripts/SC-30/2_phase/EM.py","log_msg","90","","","","","","","","","","0.16447244936340089","","","","","","","","","","","","","","","","","","","","","","","","","","","","","","","","","","","",""
"1439.075410622","2026-08-14 11:25:12.053206","/home/akatoki/SC-30/scripts/SC-30/2_phase/EM.py","log_msg","90","","","","[待機] alt=0.164 m","","","","","","","","","","","","","","","","","","","","","","","","","","","","","","","","","","","","","","","","","",""
"1440.18168642","2026-08-14 11:25:13.159473","/home/akatoki/SC-30/scripts/SC-30/2_phase/EM.py","log_msg","90","","","","","","","","","","-0.2864083321830435","","","","","","","","","","","","","","","","","","","","","","","","","","","","","","","","","","","",""
"1440.186183344","2026-08-14 11:25:13.163979","/home/akatoki/SC-30/scripts/SC-30/2_phase/EM.py","log_msg","90","","","","[待機] alt=-0.286 m","","","","","","","","","","","","","","","","","","","","","","","","","","","","","","","","","","","","","","","","","",""
"1441.291288575","2026-08-14 11:25:14.269077","/home/akatoki/SC-30/scripts/SC-30/2_phase/EM.py","log_msg","90","","","","","","","","","","-0.032514766680911134","","","","","","","","","","","","","","","","","","","","","","","","","","","","","","","","","","","",""
"1441.295798937","2026-08-14 11:25:14.273593","/home/akatoki/SC-30/scripts/SC-30/2_phase/EM.py","log_msg","90","","","","[待機] alt=-0.033 m","","","","","","","","","","","","","","","","","","","","","","","","","","","","","","","","","","","","","","","","","",""
"1442.400874135","2026-08-14 11:25:15.378661","/home/akatoki/SC-30/scripts/SC-30/2_phase/EM.py","log_msg","90","","","","","","","","","","0.36751682521242834","","","","","","","","","","","","","","","","","","","","","","","","","","","","","","","","","","","",""
"1442.410367312","2026-08-14 11:25:15.388163","/home/akatoki/SC-30/scripts/SC-30/2_phase/EM.py","log_msg","90","","","","[待機] alt=0.368 m","","","","","","","","","","","","","","","","","","","","","","","","","","","","","","","","","","","","","","","","","",""
"1443.515315183","2026-08-14 11:25:16.493103","/home/akatoki/SC-30/scripts/SC-30/2_phase/EM.py","log_msg","90","","","","","","","","","","-0.41171850139428035","","","","","","","","","","","","","","","","","","","","","","","","","","","","","","","","","","","",""
"1443.519822941","2026-08-14 11:25:16.497618","/home/akatoki/SC-30/scripts/SC-30/2_phase/EM.py","log_msg","90","","","","[待機] alt=-0.412 m","","","","","","","","","","","","","","","","","","","","","","","","","","","","","","","","","","","","","","","","","",""
"1444.624866249","2026-08-14 11:25:17.602652","/home/akatoki/SC-30/scripts/SC-30/2_phase/EM.py","log_msg","90","","","","","","","","","","0.009132300144026884","","","","","","","","","","","","","","","","","","","","","","","","","","","","","","","","","","","",""
"1444.629224474","2026-08-14 11:25:17.607019","/home/akatoki/SC-30/scripts/SC-30/2_phase/EM.py","log_msg","90","","","","[待機] alt=0.009 m","","","","","","","","","","","","","","","","","","","","","","","","","","","","","","","","","","","","","","","","","",""
"1445.734139414","2026-08-14 11:25:18.711927","/home/akatoki/SC-30/scripts/SC-30/2_phase/EM.py","log_msg","90","","","","","","","","","","0.1733205602641208","","","","","","","","","","","","","","","","","","","","","","","","","","","","","","","","","","","",""
"1445.738629724","2026-08-14 11:25:18.716425","/home/akatoki/SC-30/scripts/SC-30/2_phase/EM.py","log_msg","90","","","","[待機] alt=0.173 m","","","","","","","","","","","","","","","","","","","","","","","","","","","","","","","","","","","","","","","","","",""
"1446.84372208","2026-08-14 11:25:19.821510","/home/akatoki/SC-30/scripts/SC-30/2_phase/EM.py","log_msg","90","","","","","","","","","","-0.0417051590770634","","","","","","","","","","","","","","","","","","","","","","","","","","","","","","","","","","","",""
"1446.853370363","2026-08-14 11:25:19.831169","/home/akatoki/SC-30/scripts/SC-30/2_phase/EM.py","log_msg","90","","","","[待機] alt=-0.042 m","","","","","","","","","","","","","","","","","","","","","","","","","","","","","","","","","","","","","","","","","",""
"1447.958397268","2026-08-14 11:25:20.936185","/home/akatoki/SC-30/scripts/SC-30/2_phase/EM.py","log_msg","90","","","","","","","","","","0.430040654298659","","","","","","","","","","","","","","","","","","","","","","","","","","","","","","","","","","","",""
"1447.963846026","2026-08-14 11:25:20.941643","/home/akatoki/SC-30/scripts/SC-30/2_phase/EM.py","log_msg","90","","","","[待機] alt=0.430 m","","","","","","","","","","","","","","","","","","","","","","","","","","","","","","","","","","","","","","","","","",""
"1449.069049149","2026-08-14 11:25:22.046838","/home/akatoki/SC-30/scripts/SC-30/2_phase/EM.py","log_msg","90","","","","","","","","","","0.050816616613897914","","","","","","","","","","","","","","","","","","","","","","","","","","","","","","","","","","","",""
"1449.073547741","2026-08-14 11:25:22.051343","/home/akatoki/SC-30/scripts/SC-30/2_phase/EM.py","log_msg","90","","","","[待機] alt=0.051 m","","","","","","","","","","","","","","","","","","","","","","","","","","","","","","","","","","","","","","","","","",""
"1450.178650257","2026-08-14 11:25:23.156436","/home/akatoki/SC-30/scripts/SC-30/2_phase/EM.py","log_msg","90","","","","","","","","","","-0.2567283685994348","","","","","","","","","","","","","","","","","","","","","","","","","","","","","","","","","","","",""
"1450.198254485","2026-08-14 11:25:23.176052","/home/akatoki/SC-30/scripts/SC-30/2_phase/EM.py","log_msg","90","","","","[待機] alt=-0.257 m","","","","","","","","","","","","","","","","","","","","","","","","","","","","","","","","","","","","","","","","","",""
"1451.319201153","2026-08-14 11:25:24.296984","/home/akatoki/SC-30/scripts/SC-30/2_phase/EM.py","log_msg","90","","","","","","","","","","-0.30754985938759694","","","","","","","","","","","","","","","","","","","","","","","","","","","","","","","","","","","",""
"1451.32323901","2026-08-14 11:25:24.301027","/home/akatoki/SC-30/scripts/SC-30/2_phase/EM.py","log_msg","90","","","","[待機] alt=-0.308 m","","","","","","","","","","","","","","","","","","","","","","","","","","","","","","","","","","","","","","","","","",""
"1452.427733586","2026-08-14 11:25:25.405516","/home/akatoki/SC-30/scripts/SC-30/2_phase/EM.py","log_msg","90","","","","","","","","","","-0.37922231770207704","","","","","","","","","","","","","","","","","","","","","","","","","","","","","","","","","","","",""
"1452.431801653","2026-08-14 11:25:25.409590","/home/akatoki/SC-30/scripts/SC-30/2_phase/EM.py","log_msg","90","","","","[待機] alt=-0.379 m","","","","","","","","","","","","","","","","","","","","","","","","","","","","","","","","","","","","","","","","","",""
"1453.536301298","2026-08-14 11:25:26.514084","/home/akatoki/SC-30/scripts/SC-30/2_phase/EM.py","log_msg","90","","","","","","","","","","-0.050804807002882146","","","","","","","","","","","","","","","","","","","","","","","","","","","","","","","","","","","",""
"1453.540328999","2026-08-14 11:25:26.518118","/home/akatoki/SC-30/scripts/SC-30/2_phase/EM.py","log_msg","90","","","","[待機] alt=-0.051 m","","","","","","","","","","","","","","","","","","","","","","","","","","","","","","","","","","","","","","","","","",""
"1454.658016726","2026-08-14 11:25:27.635800","/home/akatoki/SC-30/scripts/SC-30/2_phase/EM.py","log_msg","90","","","","","","","","","","-0.21501656135065828","","","","","","","","","","","","","","","","","","","","","","","","","","","","","","","","","","","",""
"1454.663722623","2026-08-14 11:25:27.641512","/home/akatoki/SC-30/scripts/SC-30/2_phase/EM.py","log_msg","90","","","","[待機] alt=-0.215 m","","","","","","","","","","","","","","","","","","","","","","","","","","","","","","","","","","","","","","","","","",""
"1455.768577516","2026-08-14 11:25:28.746365","/home/akatoki/SC-30/scripts/SC-30/2_phase/EM.py","log_msg","90","","","","","","","","","","-0.1941466857528762","","","","","","","","","","","","","","","","","","","","","","","","","","","","","","","","","","","",""
"1455.773153504","2026-08-14 11:25:28.750951","/home/akatoki/SC-30/scripts/SC-30/2_phase/EM.py","log_msg","90","","","","[待機] alt=-0.194 m","","","","","","","","","","","","","","","","","","","","","","","","","","","","","","","","","","","","","","","","","",""
"1456.87826175","2026-08-14 11:25:29.856050","/home/akatoki/SC-30/scripts/SC-30/2_phase/EM.py","log_msg","90","","","","","","","","","","0.04174241695094283","","","","","","","","","","","","","","","","","","","","","","","","","","","","","","","","","","","",""
"1456.889033433","2026-08-14 11:25:29.866831","/home/akatoki/SC-30/scripts/SC-30/2_phase/EM.py","log_msg","90","","","","[待機] alt=0.042 m","","","","","","","","","","","","","","","","","","","","","","","","","","","","","","","","","","","","","","","","","",""
"1457.994109612","2026-08-14 11:25:30.971898","/home/akatoki/SC-30/scripts/SC-30/2_phase/EM.py","log_msg","90","","","","","","","","","","-0.7167121048236136","","","","","","","","","","","","","","","","","","","","","","","","","","","","","","","","","","","",""
"1457.998589246","2026-08-14 11:25:30.976385","/home/akatoki/SC-30/scripts/SC-30/2_phase/EM.py","log_msg","90","","","","[待機] alt=-0.717 m","","","","","","","","","","","","","","","","","","","","","","","","","","","","","","","","","","","","","","","","","",""
"1459.103732058","2026-08-14 11:25:32.081520","/home/akatoki/SC-30/scripts/SC-30/2_phase/EM.py","log_msg","90","","","","","","","","","","0.2985278695203297","","","","","","","","","","","","","","","","","","","","","","","","","","","","","","","","","","","",""
"1459.108347422","2026-08-14 11:25:32.086143","/home/akatoki/SC-30/scripts/SC-30/2_phase/EM.py","log_msg","90","","","","[待機] alt=0.299 m","","","","","","","","","","","","","","","","","","","","","","","","","","","","","","","","","","","","","","","","","",""
"1460.213475824","2026-08-14 11:25:33.191263","/home/akatoki/SC-30/scripts/SC-30/2_phase/EM.py","log_msg","90","","","","","","","","","","-0.009041542429617522","","","","","","","","","","","","","","","","","","","","","","","","","","","","","","","","","","","",""
"1460.222929264","2026-08-14 11:25:33.200729","/home/akatoki/SC-30/scripts/SC-30/2_phase/EM.py","log_msg","90","","","","[待機] alt=-0.009 m","","","","","","","","","","","","","","","","","","","","","","","","","","","","","","","","","","","","","","","","","",""
"1461.328567375","2026-08-14 11:25:34.306356","/home/akatoki/SC-30/scripts/SC-30/2_phase/EM.py","log_msg","90","","","","","","","","","","-0.24493690695808423","","","","","","","","","","","","","","","","","","","","","","","","","","","","","","","","","","","",""
"1461.333091905","2026-08-14 11:25:34.310887","/home/akatoki/SC-30/scripts/SC-30/2_phase/EM.py","log_msg","90","","","","[待機] alt=-0.245 m","","","","","","","","","","","","","","","","","","","","","","","","","","","","","","","","","","","","","","","","","",""
"1462.438145651","2026-08-14 11:25:35.415934","/home/akatoki/SC-30/scripts/SC-30/2_phase/EM.py","log_msg","90","","","","","","","","","","-0.48082709433744153","","","","","","","","","","","","","","","","","","","","","","","","","","","","","","","","","","","",""
"1462.442633618","2026-08-14 11:25:35.420428","/home/akatoki/SC-30/scripts/SC-30/2_phase/EM.py","log_msg","90","","","","[待機] alt=-0.481 m","","","","","","","","","","","","","","","","","","","","","","","","","","","","","","","","","","","","","","","","","",""
"1463.547747798","2026-08-14 11:25:36.525536","/home/akatoki/SC-30/scripts/SC-30/2_phase/EM.py","log_msg","90","","","","","","","","","","-0.24493690695808423","","","","","","","","","","","","","","","","","","","","","","","","","","","","","","","","","","","",""
"1463.552271287","2026-08-14 11:25:36.530067","/home/akatoki/SC-30/scripts/SC-30/2_phase/EM.py","log_msg","90","","","","[待機] alt=-0.245 m","","","","","","","","","","","","","","","","","","","","","","","","","","","","","","","","","","","","","","","","","",""
"1464.657358659","2026-08-14 11:25:37.635147","/home/akatoki/SC-30/scripts/SC-30/2_phase/EM.py","log_msg","90","","","","","","","","","","-0.10159780319387357","","","","","","","","","","","","","","","","","","","","","","","","","","","","","","","","","","","",""
"1464.666913507","2026-08-14 11:25:37.644710","/home/akatoki/SC-30/scripts/SC-30/2_phase/EM.py","log_msg","90","","","","[待機] alt=-0.102 m","","","","","","","","","","","","","","","","","","","","","","","","","","","","","","","","","","","","","","","","","",""
"1465.773257315","2026-08-14 11:25:38.751045","/home/akatoki/SC-30/scripts/SC-30/2_phase/EM.py","log_msg","90","","","","","","","","","","0.20596671836999758","","","","","","","","","","","","","","","","","","","","","","","","","","","","","","","","","","","",""
"1465.777799346","2026-08-14 11:25:38.755594","/home/akatoki/SC-30/scripts/SC-30/2_phase/EM.py","log_msg","90","","","","[待機] alt=0.206 m","","","","","","","","","","","","","","","","","","","","","","","","","","","","","","","","","","","","","","","","","",""
"1466.882868677","2026-08-14 11:25:39.860657","/home/akatoki/SC-30/scripts/SC-30/2_phase/EM.py","log_msg","90","","","","","","","","","","0.06262759873848833","","","","","","","","","","","","","","","","","","","","","","","","","","","","","","","","","","","",""
"1466.887407478","2026-08-14 11:25:39.865204","/home/akatoki/SC-30/scripts/SC-30/2_phase/EM.py","log_msg","90","","","","[待機] alt=0.063 m","","","","","","","","","","","","","","","","","","","","","","","","","","","","","","","","","","","","","","","","","",""
"1467.992579951","2026-08-14 11:25:40.970368","/home/akatoki/SC-30/scripts/SC-30/2_phase/EM.py","log_msg","90","","","","","","","","","","0.13429701900666724","","","","","","","","","","","","","","","","","","","","","","","","","","","","","","","","","","","",""
"1467.997067918","2026-08-14 11:25:40.974863","/home/akatoki/SC-30/scripts/SC-30/2_phase/EM.py","log_msg","90","","","","[待機] alt=0.134 m","","","","","","","","","","","","","","","","","","","","","","","","","","","","","","","","","","","","","","","","","",""
"1469.106868585","2026-08-14 11:25:42.084656","/home/akatoki/SC-30/scripts/SC-30/2_phase/EM.py","log_msg","90","","","","","","","","","","-0.43003061156350997","","","","","","","","","","","","","","","","","","","","","","","","","","","","","","","","","","","",""
"1469.111342594","2026-08-14 11:25:42.089137","/home/akatoki/SC-30/scripts/SC-30/2_phase/EM.py","log_msg","90","","","","[待機] alt=-0.430 m","","","","","","","","","","","","","","","","","","","","","","","","","","","","","","","","","","","","","","","","","",""
"1470.216402962","2026-08-14 11:25:43.194191","/home/akatoki/SC-30/scripts/SC-30/2_phase/EM.py","log_msg","90","","","","","","","","","","0.13429701900666724","","","","","","","","","","","","","","","","","","","","","","","","","","","","","","","","","","","",""
"1470.220942597","2026-08-14 11:25:43.198737","/home/akatoki/SC-30/scripts/SC-30/2_phase/EM.py","log_msg","90","","","","[待機] alt=0.134 m","","","","","","","","","","","","","","","","","","","","","","","","","","","","","","","","","","","","","","","","","",""
"1471.326030533","2026-08-14 11:25:44.303818","/home/akatoki/SC-30/scripts/SC-30/2_phase/EM.py","log_msg","90","","","","","","","","","","0.22685899952356925","","","","","","","","","","","","","","","","","","","","","","","","","","","","","","","","","","","",""
"1471.330641835","2026-08-14 11:25:44.308439","/home/akatoki/SC-30/scripts/SC-30/2_phase/EM.py","log_msg","90","","","","[待機] alt=0.227 m","","","","","","","","","","","","","","","","","","","","","","","","","","","","","","","","","","","","","","","","","",""
"1472.435774526","2026-08-14 11:25:45.413563","/home/akatoki/SC-30/scripts/SC-30/2_phase/EM.py","log_msg","90","","","","","","","","","","0.20596671836999758","","","","","","","","","","","","","","","","","","","","","","","","","","","","","","","","","","","",""
"1472.445343542","2026-08-14 11:25:45.423140","/home/akatoki/SC-30/scripts/SC-30/2_phase/EM.py","log_msg","90","","","","[待機] alt=0.206 m","","","","","","","","","","","","","","","","","","","","","","","","","","","","","","","","","","","","","","","","","",""
"1473.55031661","2026-08-14 11:25:46.528104","/home/akatoki/SC-30/scripts/SC-30/2_phase/EM.py","log_msg","90","","","","","","","","","","-0.10159780319387357","","","","","","","","","","","","","","","","","","","","","","","","","","","","","","","","","","","",""
"1473.555707453","2026-08-14 11:25:46.533503","/home/akatoki/SC-30/scripts/SC-30/2_phase/EM.py","log_msg","90","","","","[待機] alt=-0.102 m","","","","","","","","","","","","","","","","","","","","","","","","","","","","","","","","","","","","","","","","","",""
"1474.660877049","2026-08-14 11:25:47.638665","/home/akatoki/SC-30/scripts/SC-30/2_phase/EM.py","log_msg","90","","","","","","","","","","-0.02992783265919785","","","","","","","","","","","","","","","","","","","","","","","","","","","","","","","","","","","",""
"1474.665340589","2026-08-14 11:25:47.643136","/home/akatoki/SC-30/scripts/SC-30/2_phase/EM.py","log_msg","90","","","","[待機] alt=-0.030 m","","","","","","","","","","","","","","","","","","","","","","","","","","","","","","","","","","","","","","","","","",""
"1475.770410095","2026-08-14 11:25:48.748197","/home/akatoki/SC-30/scripts/SC-30/2_phase/EM.py","log_msg","90","","","","","","","","","","-0.009041542429617522","","","","","","","","","","","","","","","","","","","","","","","","","","","","","","","","","","","",""
"1475.77489051","2026-08-14 11:25:48.752685","/home/akatoki/SC-30/scripts/SC-30/2_phase/EM.py","log_msg","90","","","","[待機] alt=-0.009 m","","","","","","","","","","","","","","","","","","","","","","","","","","","","","","","","","","","","","","","","","",""
"1476.88465873","2026-08-14 11:25:49.862446","/home/akatoki/SC-30/scripts/SC-30/2_phase/EM.py","log_msg","90","","","","","","","","","","-0.17326749463339786","","","","","","","","","","","","","","","","","","","","","","","","","","","","","","","","","","","",""
"1476.88923222","2026-08-14 11:25:49.867028","/home/akatoki/SC-30/scripts/SC-30/2_phase/EM.py","log_msg","90","","","","[待機] alt=-0.173 m","","","","","","","","","","","","","","","","","","","","","","","","","","","","","","","","","","","","","","","","","",""
"1477.99442811","2026-08-14 11:25:50.972216","/home/akatoki/SC-30/scripts/SC-30/2_phase/EM.py","log_msg","90","","","","","","","","","","0.1551904086465683","","","","","","","","","","","","","","","","","","","","","","","","","","","","","","","","","","","",""
"1477.998918838","2026-08-14 11:25:50.976714","/home/akatoki/SC-30/scripts/SC-30/2_phase/EM.py","log_msg","90","","","","[待機] alt=0.155 m","","","","","","","","","","","","","","","","","","","","","","","","","","","","","","","","","","","","","","","","","",""
"1479.103978648","2026-08-14 11:25:52.081766","/home/akatoki/SC-30/scripts/SC-30/2_phase/EM.py","log_msg","90","","","","","","","","","","0.22685899952356925","","","","","","","","","","","","","","","","","","","","","","","","","","","","","","","","","","","",""
"1479.108494325","2026-08-14 11:25:52.086289","/home/akatoki/SC-30/scripts/SC-30/2_phase/EM.py","log_msg","90","","","","[待機] alt=0.227 m","","","","","","","","","","","","","","","","","","","","","","","","","","","","","","","","","","","","","","","","","",""
"1480.213554253","2026-08-14 11:25:53.191342","/home/akatoki/SC-30/scripts/SC-30/2_phase/EM.py","log_msg","90","","","","","","","","","","-0.3166060401679327","","","","","","","","","","","","","","","","","","","","","","","","","","","","","","","","","","","",""
"1480.223132592","2026-08-14 11:25:53.200928","/home/akatoki/SC-30/scripts/SC-30/2_phase/EM.py","log_msg","90","","","","[待機] alt=-0.317 m","","","","","","","","","","","","","","","","","","","","","","","","","","","","","","","","","","","","","","","","","",""
"1481.328239827","2026-08-14 11:25:54.306028","/home/akatoki/SC-30/scripts/SC-30/2_phase/EM.py","log_msg","90","","","","","","","","","","0.2985278695203297","","","","","","","","","","","","","","","","","","","","","","","","","","","","","","","","","","","",""
"1481.332862901","2026-08-14 11:25:54.310677","/home/akatoki/SC-30/scripts/SC-30/2_phase/EM.py","log_msg","90","","","","[待機] alt=0.299 m","","","","","","","","","","","","","","","","","","","","","","","","","","","","","","","","","","","","","","","","","",""
"1482.443744383","2026-08-14 11:25:55.421533","/home/akatoki/SC-30/scripts/SC-30/2_phase/EM.py","log_msg","90","","","","","","","","","","0.08352209691393497","","","","","","","","","","","","","","","","","","","","","","","","","","","","","","","","","","","",""
"1482.448283706","2026-08-14 11:25:55.426080","/home/akatoki/SC-30/scripts/SC-30/2_phase/EM.py","log_msg","90","","","","[待機] alt=0.084 m","","","","","","","","","","","","","","","","","","","","","","","","","","","","","","","","","","","","","","","","","",""
"1483.55335628","2026-08-14 11:25:56.531144","/home/akatoki/SC-30/scripts/SC-30/2_phase/EM.py","log_msg","90","","","","","","","","","","-0.6241656239160887","","","","","","","","","","","","","","","","","","","","","","","","","","","","","","","","","","","",""
"1483.557819769","2026-08-14 11:25:56.535615","/home/akatoki/SC-30/scripts/SC-30/2_phase/EM.py","log_msg","90","","","","[待機] alt=-0.624 m","","","","","","","","","","","","","","","","","","","","","","","","","","","","","","","","","","","","","","","","","",""
"1484.662899285","2026-08-14 11:25:57.640687","/home/akatoki/SC-30/scripts/SC-30/2_phase/EM.py","log_msg","90","","","","","","","","","","0.08352209691393497","","","","","","","","","","","","","","","","","","","","","","","","","","","","","","","","","","","",""
"1484.667363295","2026-08-14 11:25:57.645158","/home/akatoki/SC-30/scripts/SC-30/2_phase/EM.py","log_msg","90","","","","[待機] alt=0.084 m","","","","","","","","","","","","","","","","","","","","","","","","","","","","","","","","","","","","","","","","","",""
"1485.772496105","2026-08-14 11:25:58.750283","/home/akatoki/SC-30/scripts/SC-30/2_phase/EM.py","log_msg","90","","","","","","","","","","0.08352209691393497","","","","","","","","","","","","","","","","","","","","","","","","","","","","","","","","","","","",""
"1485.776973553","2026-08-14 11:25:58.754770","/home/akatoki/SC-30/scripts/SC-30/2_phase/EM.py","log_msg","90","","","","[待機] alt=0.084 m","","","","","","","","","","","","","","","","","","","","","","","","","","","","","","","","","","","","","","","","","",""
"1486.886895599","2026-08-14 11:25:59.864683","/home/akatoki/SC-30/scripts/SC-30/2_phase/EM.py","log_msg","90","","","","","","","","","","0.011854064330590885","","","","","","","","","","","","","","","","","","","","","","","","","","","","","","","","","","","",""
"1486.891378359","2026-08-14 11:25:59.869174","/home/akatoki/SC-30/scripts/SC-30/2_phase/EM.py","log_msg","90","","","","[待機] alt=0.012 m","","","","","","","","","","","","","","","","","","","","","","","","","","","","","","","","","","","","","","","","","",""
"1487.996534843","2026-08-14 11:26:00.974323","/home/akatoki/SC-30/scripts/SC-30/2_phase/EM.py","log_msg","90","","","","","","","","","","-0.06257013555781787","","","","","","","","","","","","","","","","","","","","","","","","","","","","","","","","","","","",""
"1488.001068854","2026-08-14 11:26:00.978864","/home/akatoki/SC-30/scripts/SC-30/2_phase/EM.py","log_msg","90","","","","[待機] alt=-0.063 m","","","","","","","","","","","","","","","","","","","","","","","","","","","","","","","","","","","","","","","","","",""
"1489.106283946","2026-08-14 11:26:02.084072","/home/akatoki/SC-30/scripts/SC-30/2_phase/EM.py","log_msg","90","","","","","","","","","","0.5018328217788937","","","","","","","","","","","","","","","","","","","","","","","","","","","","","","","","","","","",""
"1489.110843478","2026-08-14 11:26:02.088640","/home/akatoki/SC-30/scripts/SC-30/2_phase/EM.py","log_msg","90","","","","[待機] alt=0.502 m","","","","","","","","","","","","","","","","","","","","","","","","","","","","","","","","","","","","","","","","","",""
"1490.216049104","2026-08-14 11:26:03.193840","/home/akatoki/SC-30/scripts/SC-30/2_phase/EM.py","log_msg","90","","","","","","","","","","0.6065573572231509","","","","","","","","","","","","","","","","","","","","","","","","","","","","","","","","","","","",""
"1490.220886504","2026-08-14 11:26:03.198684","/home/akatoki/SC-30/scripts/SC-30/2_phase/EM.py","log_msg","90","","","","[待機] alt=0.607 m","","","","","","","","","","","","","","","","","","","","","","","","","","","","","","","","","","","","","","","","","",""
"1491.332185495","2026-08-14 11:26:04.309973","/home/akatoki/SC-30/scripts/SC-30/2_phase/EM.py","log_msg","90","","","","","","","","","","0.8520697746888151","","","","","","","","","","","","","","","","","","","","","","","","","","","","","","","","","","","",""
"1491.336845601","2026-08-14 11:26:04.314641","/home/akatoki/SC-30/scripts/SC-30/2_phase/EM.py","log_msg","90","","","","[待機] alt=0.852 m","","","","","","","","","","","","","","","","","","","","","","","","","","","","","","","","","","","","","","","","","",""
"1492.442074379","2026-08-14 11:26:05.419862","/home/akatoki/SC-30/scripts/SC-30/2_phase/EM.py","log_msg","90","","","","","","","","","","0.22820723729930936","","","","","","","","","","","","","","","","","","","","","","","","","","","","","","","","","","","",""
"1492.446606827","2026-08-14 11:26:05.424404","/home/akatoki/SC-30/scripts/SC-30/2_phase/EM.py","log_msg","90","","","","[待機] alt=0.228 m","","","","","","","","","","","","","","","","","","","","","","","","","","","","","","","","","","","","","","","","","",""
"1493.551821034","2026-08-14 11:26:06.529608","/home/akatoki/SC-30/scripts/SC-30/2_phase/EM.py","log_msg","90","","","","","","","","","","0.08632913653528473","","","","","","","","","","","","","","","","","","","","","","","","","","","","","","","","","","","",""
"1493.556377025","2026-08-14 11:26:06.534174","/home/akatoki/SC-30/scripts/SC-30/2_phase/EM.py","log_msg","90","","","","[待機] alt=0.086 m","","","","","","","","","","","","","","","","","","","","","","","","","","","","","","","","","","","","","","","","","",""
"1494.666073015","2026-08-14 11:26:07.643857","/home/akatoki/SC-30/scripts/SC-30/2_phase/EM.py","log_msg","90","","","","","","","","","","0.24244964820546944","","","","","","","","","","","","","","","","","","","","","","","","","","","","","","","","","","","",""
"1494.671866259","2026-08-14 11:26:07.649659","/home/akatoki/SC-30/scripts/SC-30/2_phase/EM.py","log_msg","90","","","","[待機] alt=0.242 m","","","","","","","","","","","","","","","","","","","","","","","","","","","","","","","","","","","","","","","","","",""
"1495.782779516","2026-08-14 11:26:08.760562","/home/akatoki/SC-30/scripts/SC-30/2_phase/EM.py","log_msg","90","","","","","","","","","","0.7992443898774093","","","","","","","","","","","","","","","","","","","","","","","","","","","","","","","","","","","",""
"1495.786799875","2026-08-14 11:26:08.764589","/home/akatoki/SC-30/scripts/SC-30/2_phase/EM.py","log_msg","90","","","","[待機] alt=0.799 m","","","","","","","","","","","","","","","","","","","","","","","","","","","","","","","","","","","","","","","","","",""
"1496.89158474","2026-08-14 11:26:09.869376","/home/akatoki/SC-30/scripts/SC-30/2_phase/EM.py","log_msg","90","","","","","","","","","","0.5523578510264404","","","","","","","","","","","","","","","","","","","","","","","","","","","","","","","","","","","",""
"1496.896199377","2026-08-14 11:26:09.874002","/home/akatoki/SC-30/scripts/SC-30/2_phase/EM.py","log_msg","90","","","","[待機] alt=0.552 m","","","","","","","","","","","","","","","","","","","","","","","","","","","","","","","","","","","","","","","","","",""
