time,date,file,func,line,serious_error,error,warning,msg,format_exception,phase,gnss_time,lat,lon,alt,alt_base_press,goal_lat,goal_lon,temp,press,camera_area,camera_order,camera_center_x,camera_center_y,camera_frame_size_x,camera_frame_size_y,motor_l,motor_r,goal_relative_x,goal_relative_y,goal_relative_angle_rad,goal_distance,accel_all_x,accel_all_y,accel_all_z,accel_line_x,accel_line_y,accel_line_z,mag_x,mag_y,mag_z,gyro_x,gyro_y,gyro_z,grav_x,grav_y,grav_z,euler_x,euler_y,euler_z,nmea
"85.919477966","2026-08-15 09:26:27.338604","/home/akatoki/SC-30/scripts/SC-30/2_phase/motordrive.py","setup_motors","86","Motor Setup Error: 'GPIO not allocated'","","","","""Traceback (most recent call last):   File """"/home/akatoki/SC-30/scripts/SC-30/2_phase/motordrive.py"""", line 83, in setup_motors     setup_gpio() # LEDなども一緒に準備     ^^^^^^^^^^^^   File """"/home/akatoki/SC-30/scripts/SC-30/2_phase/motordrive.py"""", line 63, in setup_gpio     GPIO.setup(PIN_LED, GPIO.OUT)   File """"/usr/lib/python3/dist-packages/RPi/GPIO/__init__.py"""", line 704, in setup     initial = _check(lgpio.gpio_read(_chip, gpio))                      ^^^^^^^^^^^^^^^^^^^^^^^^^^^^   File """"/usr/lib/python3/dist-packages/lgpio.py"""", line 903, in gpio_read     return _u2i(_lgpio._gpio_read(handle&0xffff, gpio))            ^^^^^^^^^^^^^^^^^^^^^^^^^^^^^^^^^^^^^^^^^^^^   File """"/usr/lib/python3/dist-packages/lgpio.py"""", line 458, in _u2i     raise error(error_text(v)) lgpio.error: 'GPIO not allocated' ""","","","","","","","","","","","","","","","","","","","","","","","","","","","","","","","","","","","","","","","","",""
"86.367189781","2026-08-15 09:26:27.786277","/home/akatoki/SC-30/scripts/SC-30/2_phase/motordrive.py","move","150","","","","move: direction=e, power=0.7, duration=0.1","","","","","","","","","","","","","","","","","","","","","","","","","","","","","","","","","","","","","","","","","",""
"86.395095099","2026-08-15 09:26:27.814197","/home/akatoki/SC-30/scripts/SC-30/2_phase/motordrive.py","setup_motors","86","Motor Setup Error: 'GPIO not allocated'","","","","""Traceback (most recent call last):   File """"/home/akatoki/SC-30/scripts/SC-30/2_phase/motordrive.py"""", line 83, in setup_motors     setup_gpio() # LEDなども一緒に準備     ^^^^^^^^^^^^   File """"/home/akatoki/SC-30/scripts/SC-30/2_phase/motordrive.py"""", line 63, in setup_gpio     GPIO.setup(PIN_LED, GPIO.OUT)   File """"/usr/lib/python3/dist-packages/RPi/GPIO/__init__.py"""", line 704, in setup     initial = _check(lgpio.gpio_read(_chip, gpio))                      ^^^^^^^^^^^^^^^^^^^^^^^^^^^^   File """"/usr/lib/python3/dist-packages/lgpio.py"""", line 903, in gpio_read     return _u2i(_lgpio._gpio_read(handle&0xffff, gpio))            ^^^^^^^^^^^^^^^^^^^^^^^^^^^^^^^^^^^^^^^^^^^^   File """"/usr/lib/python3/dist-packages/lgpio.py"""", line 458, in _u2i     raise error(error_text(v)) lgpio.error: 'GPIO not allocated' ""","","","","","","","","","","","","","","","","","","","","","","","","","","","","","","","","","","","","","","","","",""
"86.412999399","2026-08-15 09:26:27.832089","/home/akatoki/SC-30/scripts/SC-30/2_phase/motordrive.py","move","150","","","","move: direction=w, power=0.7, duration=1.5","","","","","","","","","","","","","","","","","","","","","","","","","","","","","","","","","","","","","","","","","",""
"86.445105605","2026-08-15 09:26:27.864212","/home/akatoki/SC-30/scripts/SC-30/2_phase/motordrive.py","setup_motors","86","Motor Setup Error: 'GPIO not allocated'","","","","""Traceback (most recent call last):   File """"/home/akatoki/SC-30/scripts/SC-30/2_phase/motordrive.py"""", line 83, in setup_motors     setup_gpio() # LEDなども一緒に準備     ^^^^^^^^^^^^   File """"/home/akatoki/SC-30/scripts/SC-30/2_phase/motordrive.py"""", line 63, in setup_gpio     GPIO.setup(PIN_LED, GPIO.OUT)   File """"/usr/lib/python3/dist-packages/RPi/GPIO/__init__.py"""", line 704, in setup     initial = _check(lgpio.gpio_read(_chip, gpio))                      ^^^^^^^^^^^^^^^^^^^^^^^^^^^^   File """"/usr/lib/python3/dist-packages/lgpio.py"""", line 903, in gpio_read     return _u2i(_lgpio._gpio_read(handle&0xffff, gpio))            ^^^^^^^^^^^^^^^^^^^^^^^^^^^^^^^^^^^^^^^^^^^^   File """"/usr/lib/python3/dist-packages/lgpio.py"""", line 458, in _u2i     raise error(error_text(v)) lgpio.error: 'GPIO not allocated' ""","","","","","","","","","","","","","","","","","","","","","","","","","","","","","","","","","","","","","","","","",""
"86.622720582","2026-08-15 09:26:28.041811","/home/akatoki/SC-30/scripts/SC-30/2_phase/motordrive.py","move","150","","","","move: direction=e, power=0.7, duration=0.1","","","","","","","","","","","","","","","","","","","","","","","","","","","","","","","","","","","","","","","","","",""
"86.642372909","2026-08-15 09:26:28.061477","/home/akatoki/SC-30/scripts/SC-30/2_phase/motordrive.py","setup_motors","86","Motor Setup Error: 'GPIO not allocated'","","","","""Traceback (most recent call last):   File """"/home/akatoki/SC-30/scripts/SC-30/2_phase/motordrive.py"""", line 83, in setup_motors     setup_gpio() # LEDなども一緒に準備     ^^^^^^^^^^^^   File """"/home/akatoki/SC-30/scripts/SC-30/2_phase/motordrive.py"""", line 63, in setup_gpio     GPIO.setup(PIN_LED, GPIO.OUT)   File """"/usr/lib/python3/dist-packages/RPi/GPIO/__init__.py"""", line 704, in setup     initial = _check(lgpio.gpio_read(_chip, gpio))                      ^^^^^^^^^^^^^^^^^^^^^^^^^^^^   File """"/usr/lib/python3/dist-packages/lgpio.py"""", line 903, in gpio_read     return _u2i(_lgpio._gpio_read(handle&0xffff, gpio))            ^^^^^^^^^^^^^^^^^^^^^^^^^^^^^^^^^^^^^^^^^^^^   File """"/usr/lib/python3/dist-packages/lgpio.py"""", line 458, in _u2i     raise error(error_text(v)) lgpio.error: 'GPIO not allocated' ""","","","","","","","","","","","","","","","","","","","","","","","","","","","","","","","","","","","","","","","","",""
"86.658094823","2026-08-15 09:26:28.077186","/home/akatoki/SC-30/scripts/SC-30/2_phase/motordrive.py","move","150","","","","move: direction=w, power=0.7, duration=1.5","","","","","","","","","","","","","","","","","","","","","","","","","","","","","","","","","","","","","","","","","",""
"86.685831522","2026-08-15 09:26:28.104943","/home/akatoki/SC-30/scripts/SC-30/2_phase/motordrive.py","setup_motors","86","Motor Setup Error: 'GPIO not allocated'","","","","""Traceback (most recent call last):   File """"/home/akatoki/SC-30/scripts/SC-30/2_phase/motordrive.py"""", line 83, in setup_motors     setup_gpio() # LEDなども一緒に準備     ^^^^^^^^^^^^   File """"/home/akatoki/SC-30/scripts/SC-30/2_phase/motordrive.py"""", line 63, in setup_gpio     GPIO.setup(PIN_LED, GPIO.OUT)   File """"/usr/lib/python3/dist-packages/RPi/GPIO/__init__.py"""", line 704, in setup     initial = _check(lgpio.gpio_read(_chip, gpio))                      ^^^^^^^^^^^^^^^^^^^^^^^^^^^^   File """"/usr/lib/python3/dist-packages/lgpio.py"""", line 903, in gpio_read     return _u2i(_lgpio._gpio_read(handle&0xffff, gpio))            ^^^^^^^^^^^^^^^^^^^^^^^^^^^^^^^^^^^^^^^^^^^^   File """"/usr/lib/python3/dist-packages/lgpio.py"""", line 458, in _u2i     raise error(error_text(v)) lgpio.error: 'GPIO not allocated' ""","","","","","","","","","","","","","","","","","","","","","","","","","","","","","","","","","","","","","","","","",""
"86.856083115","2026-08-15 09:26:28.275171","/home/akatoki/SC-30/scripts/SC-30/2_phase/motordrive.py","move","150","","","","move: direction=e, power=0.7, duration=0.1","","","","","","","","","","","","","","","","","","","","","","","","","","","","","","","","","","","","","","","","","",""
"86.875053975","2026-08-15 09:26:28.294156","/home/akatoki/SC-30/scripts/SC-30/2_phase/motordrive.py","setup_motors","86","Motor Setup Error: 'GPIO not allocated'","","","","""Traceback (most recent call last):   File """"/home/akatoki/SC-30/scripts/SC-30/2_phase/motordrive.py"""", line 83, in setup_motors     setup_gpio() # LEDなども一緒に準備     ^^^^^^^^^^^^   File """"/home/akatoki/SC-30/scripts/SC-30/2_phase/motordrive.py"""", line 63, in setup_gpio     GPIO.setup(PIN_LED, GPIO.OUT)   File """"/usr/lib/python3/dist-packages/RPi/GPIO/__init__.py"""", line 704, in setup     initial = _check(lgpio.gpio_read(_chip, gpio))                      ^^^^^^^^^^^^^^^^^^^^^^^^^^^^   File """"/usr/lib/python3/dist-packages/lgpio.py"""", line 903, in gpio_read     return _u2i(_lgpio._gpio_read(handle&0xffff, gpio))            ^^^^^^^^^^^^^^^^^^^^^^^^^^^^^^^^^^^^^^^^^^^^   File """"/usr/lib/python3/dist-packages/lgpio.py"""", line 458, in _u2i     raise error(error_text(v)) lgpio.error: 'GPIO not allocated' ""","","","","","","","","","","","","","","","","","","","","","","","","","","","","","","","","","","","","","","","","",""
"86.88872477","2026-08-15 09:26:28.307817","/home/akatoki/SC-30/scripts/SC-30/2_phase/motordrive.py","move","150","","","","move: direction=w, power=0.7, duration=1.5","","","","","","","","","","","","","","","","","","","","","","","","","","","","","","","","","","","","","","","","","",""
"86.907366199","2026-08-15 09:26:28.326467","/home/akatoki/SC-30/scripts/SC-30/2_phase/motordrive.py","setup_motors","86","Motor Setup Error: 'GPIO not allocated'","","","","""Traceback (most recent call last):   File """"/home/akatoki/SC-30/scripts/SC-30/2_phase/motordrive.py"""", line 83, in setup_motors     setup_gpio() # LEDなども一緒に準備     ^^^^^^^^^^^^   File """"/home/akatoki/SC-30/scripts/SC-30/2_phase/motordrive.py"""", line 63, in setup_gpio     GPIO.setup(PIN_LED, GPIO.OUT)   File """"/usr/lib/python3/dist-packages/RPi/GPIO/__init__.py"""", line 704, in setup     initial = _check(lgpio.gpio_read(_chip, gpio))                      ^^^^^^^^^^^^^^^^^^^^^^^^^^^^   File """"/usr/lib/python3/dist-packages/lgpio.py"""", line 903, in gpio_read     return _u2i(_lgpio._gpio_read(handle&0xffff, gpio))            ^^^^^^^^^^^^^^^^^^^^^^^^^^^^^^^^^^^^^^^^^^^^   File """"/usr/lib/python3/dist-packages/lgpio.py"""", line 458, in _u2i     raise error(error_text(v)) lgpio.error: 'GPIO not allocated' ""","","","","","","","","","","","","","","","","","","","","","","","","","","","","","","","","","","","","","","","","",""
"87.061548322","2026-08-15 09:26:28.480635","/home/akatoki/SC-30/scripts/SC-30/2_phase/motordrive.py","move","150","","","","move: direction=e, power=0.7, duration=0.1","","","","","","","","","","","","","","","","","","","","","","","","","","","","","","","","","","","","","","","","","",""
"87.079760163","2026-08-15 09:26:28.498860","/home/akatoki/SC-30/scripts/SC-30/2_phase/motordrive.py","setup_motors","86","Motor Setup Error: 'GPIO not allocated'","","","","""Traceback (most recent call last):   File """"/home/akatoki/SC-30/scripts/SC-30/2_phase/motordrive.py"""", line 83, in setup_motors     setup_gpio() # LEDなども一緒に準備     ^^^^^^^^^^^^   File """"/home/akatoki/SC-30/scripts/SC-30/2_phase/motordrive.py"""", line 63, in setup_gpio     GPIO.setup(PIN_LED, GPIO.OUT)   File """"/usr/lib/python3/dist-packages/RPi/GPIO/__init__.py"""", line 704, in setup     initial = _check(lgpio.gpio_read(_chip, gpio))                      ^^^^^^^^^^^^^^^^^^^^^^^^^^^^   File """"/usr/lib/python3/dist-packages/lgpio.py"""", line 903, in gpio_read     return _u2i(_lgpio._gpio_read(handle&0xffff, gpio))            ^^^^^^^^^^^^^^^^^^^^^^^^^^^^^^^^^^^^^^^^^^^^   File """"/usr/lib/python3/dist-packages/lgpio.py"""", line 458, in _u2i     raise error(error_text(v)) lgpio.error: 'GPIO not allocated' ""","","","","","","","","","","","","","","","","","","","","","","","","","","","","","","","","","","","","","","","","",""
"87.098830296","2026-08-15 09:26:28.517915","/home/akatoki/SC-30/scripts/SC-30/2_phase/motordrive.py","move","150","","","","move: direction=w, power=0.7, duration=1.5","","","","","","","","","","","","","","","","","","","","","","","","","","","","","","","","","","","","","","","","","",""
"87.11732589","2026-08-15 09:26:28.536428","/home/akatoki/SC-30/scripts/SC-30/2_phase/motordrive.py","setup_motors","86","Motor Setup Error: 'GPIO not allocated'","","","","""Traceback (most recent call last):   File """"/home/akatoki/SC-30/scripts/SC-30/2_phase/motordrive.py"""", line 83, in setup_motors     setup_gpio() # LEDなども一緒に準備     ^^^^^^^^^^^^   File """"/home/akatoki/SC-30/scripts/SC-30/2_phase/motordrive.py"""", line 63, in setup_gpio     GPIO.setup(PIN_LED, GPIO.OUT)   File """"/usr/lib/python3/dist-packages/RPi/GPIO/__init__.py"""", line 704, in setup     initial = _check(lgpio.gpio_read(_chip, gpio))                      ^^^^^^^^^^^^^^^^^^^^^^^^^^^^   File """"/usr/lib/python3/dist-packages/lgpio.py"""", line 903, in gpio_read     return _u2i(_lgpio._gpio_read(handle&0xffff, gpio))            ^^^^^^^^^^^^^^^^^^^^^^^^^^^^^^^^^^^^^^^^^^^^   File """"/usr/lib/python3/dist-packages/lgpio.py"""", line 458, in _u2i     raise error(error_text(v)) lgpio.error: 'GPIO not allocated' ""","","","","","","","","","","","","","","","","","","","","","","","","","","","","","","","","","","","","","","","","",""
"87.274636697","2026-08-15 09:26:28.693723","/home/akatoki/SC-30/scripts/SC-30/2_phase/motordrive.py","move","150","","","","move: direction=e, power=0.7, duration=0.1","","","","","","","","","","","","","","","","","","","","","","","","","","","","","","","","","","","","","","","","","",""
"87.293089322","2026-08-15 09:26:28.712189","/home/akatoki/SC-30/scripts/SC-30/2_phase/motordrive.py","setup_motors","86","Motor Setup Error: 'GPIO not allocated'","","","","""Traceback (most recent call last):   File """"/home/akatoki/SC-30/scripts/SC-30/2_phase/motordrive.py"""", line 83, in setup_motors     setup_gpio() # LEDなども一緒に準備     ^^^^^^^^^^^^   File """"/home/akatoki/SC-30/scripts/SC-30/2_phase/motordrive.py"""", line 63, in setup_gpio     GPIO.setup(PIN_LED, GPIO.OUT)   File """"/usr/lib/python3/dist-packages/RPi/GPIO/__init__.py"""", line 704, in setup     initial = _check(lgpio.gpio_read(_chip, gpio))                      ^^^^^^^^^^^^^^^^^^^^^^^^^^^^   File """"/usr/lib/python3/dist-packages/lgpio.py"""", line 903, in gpio_read     return _u2i(_lgpio._gpio_read(handle&0xffff, gpio))            ^^^^^^^^^^^^^^^^^^^^^^^^^^^^^^^^^^^^^^^^^^^^   File """"/usr/lib/python3/dist-packages/lgpio.py"""", line 458, in _u2i     raise error(error_text(v)) lgpio.error: 'GPIO not allocated' ""","","","","","","","","","","","","","","","","","","","","","","","","","","","","","","","","","","","","","","","","",""
"87.305420309","2026-08-15 09:26:28.724509","/home/akatoki/SC-30/scripts/SC-30/2_phase/motordrive.py","move","150","","","","move: direction=w, power=0.7, duration=1.5","","","","","","","","","","","","","","","","","","","","","","","","","","","","","","","","","","","","","","","","","",""
"87.323998664","2026-08-15 09:26:28.743148","/home/akatoki/SC-30/scripts/SC-30/2_phase/motordrive.py","setup_motors","86","Motor Setup Error: 'GPIO not allocated'","","","","""Traceback (most recent call last):   File """"/home/akatoki/SC-30/scripts/SC-30/2_phase/motordrive.py"""", line 83, in setup_motors     setup_gpio() # LEDなども一緒に準備     ^^^^^^^^^^^^   File """"/home/akatoki/SC-30/scripts/SC-30/2_phase/motordrive.py"""", line 63, in setup_gpio     GPIO.setup(PIN_LED, GPIO.OUT)   File """"/usr/lib/python3/dist-packages/RPi/GPIO/__init__.py"""", line 704, in setup     initial = _check(lgpio.gpio_read(_chip, gpio))                      ^^^^^^^^^^^^^^^^^^^^^^^^^^^^   File """"/usr/lib/python3/dist-packages/lgpio.py"""", line 903, in gpio_read     return _u2i(_lgpio._gpio_read(handle&0xffff, gpio))            ^^^^^^^^^^^^^^^^^^^^^^^^^^^^^^^^^^^^^^^^^^^^   File """"/usr/lib/python3/dist-packages/lgpio.py"""", line 458, in _u2i     raise error(error_text(v)) lgpio.error: 'GPIO not allocated' ""","","","","","","","","","","","","","","","","","","","","","","","","","","","","","","","","","","","","","","","","",""
"87.47700921","2026-08-15 09:26:28.896098","/home/akatoki/SC-30/scripts/SC-30/2_phase/motordrive.py","move","150","","","","move: direction=e, power=0.7, duration=0.1","","","","","","","","","","","","","","","","","","","","","","","","","","","","","","","","","","","","","","","","","",""
"87.502263326","2026-08-15 09:26:28.921364","/home/akatoki/SC-30/scripts/SC-30/2_phase/motordrive.py","setup_motors","86","Motor Setup Error: 'GPIO not allocated'","","","","""Traceback (most recent call last):   File """"/home/akatoki/SC-30/scripts/SC-30/2_phase/motordrive.py"""", line 83, in setup_motors     setup_gpio() # LEDなども一緒に準備     ^^^^^^^^^^^^   File """"/home/akatoki/SC-30/scripts/SC-30/2_phase/motordrive.py"""", line 63, in setup_gpio     GPIO.setup(PIN_LED, GPIO.OUT)   File """"/usr/lib/python3/dist-packages/RPi/GPIO/__init__.py"""", line 704, in setup     initial = _check(lgpio.gpio_read(_chip, gpio))                      ^^^^^^^^^^^^^^^^^^^^^^^^^^^^   File """"/usr/lib/python3/dist-packages/lgpio.py"""", line 903, in gpio_read     return _u2i(_lgpio._gpio_read(handle&0xffff, gpio))            ^^^^^^^^^^^^^^^^^^^^^^^^^^^^^^^^^^^^^^^^^^^^   File """"/usr/lib/python3/dist-packages/lgpio.py"""", line 458, in _u2i     raise error(error_text(v)) lgpio.error: 'GPIO not allocated' ""","","","","","","","","","","","","","","","","","","","","","","","","","","","","","","","","","","","","","","","","",""
"87.515539063","2026-08-15 09:26:28.934627","/home/akatoki/SC-30/scripts/SC-30/2_phase/motordrive.py","move","150","","","","move: direction=w, power=0.7, duration=1.5","","","","","","","","","","","","","","","","","","","","","","","","","","","","","","","","","","","","","","","","","",""
"87.533217095","2026-08-15 09:26:28.952318","/home/akatoki/SC-30/scripts/SC-30/2_phase/motordrive.py","setup_motors","86","Motor Setup Error: 'GPIO not allocated'","","","","""Traceback (most recent call last):   File """"/home/akatoki/SC-30/scripts/SC-30/2_phase/motordrive.py"""", line 83, in setup_motors     setup_gpio() # LEDなども一緒に準備     ^^^^^^^^^^^^   File """"/home/akatoki/SC-30/scripts/SC-30/2_phase/motordrive.py"""", line 63, in setup_gpio     GPIO.setup(PIN_LED, GPIO.OUT)   File """"/usr/lib/python3/dist-packages/RPi/GPIO/__init__.py"""", line 704, in setup     initial = _check(lgpio.gpio_read(_chip, gpio))                      ^^^^^^^^^^^^^^^^^^^^^^^^^^^^   File """"/usr/lib/python3/dist-packages/lgpio.py"""", line 903, in gpio_read     return _u2i(_lgpio._gpio_read(handle&0xffff, gpio))            ^^^^^^^^^^^^^^^^^^^^^^^^^^^^^^^^^^^^^^^^^^^^   File """"/usr/lib/python3/dist-packages/lgpio.py"""", line 458, in _u2i     raise error(error_text(v)) lgpio.error: 'GPIO not allocated' ""","","","","","","","","","","","","","","","","","","","","","","","","","","","","","","","","","","","","","","","","",""
"87.686735589","2026-08-15 09:26:29.105827","/home/akatoki/SC-30/scripts/SC-30/2_phase/motordrive.py","move","150","","","","move: direction=e, power=0.7, duration=0.1","","","","","","","","","","","","","","","","","","","","","","","","","","","","","","","","","","","","","","","","","",""
"87.704215688","2026-08-15 09:26:29.123317","/home/akatoki/SC-30/scripts/SC-30/2_phase/motordrive.py","setup_motors","86","Motor Setup Error: 'GPIO not allocated'","","","","""Traceback (most recent call last):   File """"/home/akatoki/SC-30/scripts/SC-30/2_phase/motordrive.py"""", line 83, in setup_motors     setup_gpio() # LEDなども一緒に準備     ^^^^^^^^^^^^   File """"/home/akatoki/SC-30/scripts/SC-30/2_phase/motordrive.py"""", line 63, in setup_gpio     GPIO.setup(PIN_LED, GPIO.OUT)   File """"/usr/lib/python3/dist-packages/RPi/GPIO/__init__.py"""", line 704, in setup     initial = _check(lgpio.gpio_read(_chip, gpio))                      ^^^^^^^^^^^^^^^^^^^^^^^^^^^^   File """"/usr/lib/python3/dist-packages/lgpio.py"""", line 903, in gpio_read     return _u2i(_lgpio._gpio_read(handle&0xffff, gpio))            ^^^^^^^^^^^^^^^^^^^^^^^^^^^^^^^^^^^^^^^^^^^^   File """"/usr/lib/python3/dist-packages/lgpio.py"""", line 458, in _u2i     raise error(error_text(v)) lgpio.error: 'GPIO not allocated' ""","","","","","","","","","","","","","","","","","","","","","","","","","","","","","","","","","","","","","","","","",""
"87.716588436","2026-08-15 09:26:29.135675","/home/akatoki/SC-30/scripts/SC-30/2_phase/motordrive.py","move","150","","","","move: direction=w, power=0.7, duration=1.5","","","","","","","","","","","","","","","","","","","","","","","","","","","","","","","","","","","","","","","","","",""
"87.739803185","2026-08-15 09:26:29.158903","/home/akatoki/SC-30/scripts/SC-30/2_phase/motordrive.py","setup_motors","86","Motor Setup Error: 'GPIO not allocated'","","","","""Traceback (most recent call last):   File """"/home/akatoki/SC-30/scripts/SC-30/2_phase/motordrive.py"""", line 83, in setup_motors     setup_gpio() # LEDなども一緒に準備     ^^^^^^^^^^^^   File """"/home/akatoki/SC-30/scripts/SC-30/2_phase/motordrive.py"""", line 63, in setup_gpio     GPIO.setup(PIN_LED, GPIO.OUT)   File """"/usr/lib/python3/dist-packages/RPi/GPIO/__init__.py"""", line 704, in setup     initial = _check(lgpio.gpio_read(_chip, gpio))                      ^^^^^^^^^^^^^^^^^^^^^^^^^^^^   File """"/usr/lib/python3/dist-packages/lgpio.py"""", line 903, in gpio_read     return _u2i(_lgpio._gpio_read(handle&0xffff, gpio))            ^^^^^^^^^^^^^^^^^^^^^^^^^^^^^^^^^^^^^^^^^^^^   File """"/usr/lib/python3/dist-packages/lgpio.py"""", line 458, in _u2i     raise error(error_text(v)) lgpio.error: 'GPIO not allocated' ""","","","","","","","","","","","","","","","","","","","","","","","","","","","","","","","","","","","","","","","","",""
"87.891748496","2026-08-15 09:26:29.310835","/home/akatoki/SC-30/scripts/SC-30/2_phase/motordrive.py","move","150","","","","move: direction=w, power=0.7, duration=1.5","","","","","","","","","","","","","","","","","","","","","","","","","","","","","","","","","","","","","","","","","",""
"87.909876207","2026-08-15 09:26:29.328977","/home/akatoki/SC-30/scripts/SC-30/2_phase/motordrive.py","setup_motors","86","Motor Setup Error: 'GPIO not allocated'","","","","""Traceback (most recent call last):   File """"/home/akatoki/SC-30/scripts/SC-30/2_phase/motordrive.py"""", line 83, in setup_motors     setup_gpio() # LEDなども一緒に準備     ^^^^^^^^^^^^   File """"/home/akatoki/SC-30/scripts/SC-30/2_phase/motordrive.py"""", line 63, in setup_gpio     GPIO.setup(PIN_LED, GPIO.OUT)   File """"/usr/lib/python3/dist-packages/RPi/GPIO/__init__.py"""", line 704, in setup     initial = _check(lgpio.gpio_read(_chip, gpio))                      ^^^^^^^^^^^^^^^^^^^^^^^^^^^^   File """"/usr/lib/python3/dist-packages/lgpio.py"""", line 903, in gpio_read     return _u2i(_lgpio._gpio_read(handle&0xffff, gpio))            ^^^^^^^^^^^^^^^^^^^^^^^^^^^^^^^^^^^^^^^^^^^^   File """"/usr/lib/python3/dist-packages/lgpio.py"""", line 458, in _u2i     raise error(error_text(v)) lgpio.error: 'GPIO not allocated' ""","","","","","","","","","","","","","","","","","","","","","","","","","","","","","","","","","","","","","","","","",""
"88.062008863","2026-08-15 09:26:29.481096","/home/akatoki/SC-30/scripts/SC-30/2_phase/motordrive.py","move","150","","","","move: direction=w, power=0.7, duration=1.5","","","","","","","","","","","","","","","","","","","","","","","","","","","","","","","","","","","","","","","","","",""
"88.078987707","2026-08-15 09:26:29.498087","/home/akatoki/SC-30/scripts/SC-30/2_phase/motordrive.py","setup_motors","86","Motor Setup Error: 'GPIO not allocated'","","","","""Traceback (most recent call last):   File """"/home/akatoki/SC-30/scripts/SC-30/2_phase/motordrive.py"""", line 83, in setup_motors     setup_gpio() # LEDなども一緒に準備     ^^^^^^^^^^^^   File """"/home/akatoki/SC-30/scripts/SC-30/2_phase/motordrive.py"""", line 63, in setup_gpio     GPIO.setup(PIN_LED, GPIO.OUT)   File """"/usr/lib/python3/dist-packages/RPi/GPIO/__init__.py"""", line 704, in setup     initial = _check(lgpio.gpio_read(_chip, gpio))                      ^^^^^^^^^^^^^^^^^^^^^^^^^^^^   File """"/usr/lib/python3/dist-packages/lgpio.py"""", line 903, in gpio_read     return _u2i(_lgpio._gpio_read(handle&0xffff, gpio))            ^^^^^^^^^^^^^^^^^^^^^^^^^^^^^^^^^^^^^^^^^^^^   File """"/usr/lib/python3/dist-packages/lgpio.py"""", line 458, in _u2i     raise error(error_text(v)) lgpio.error: 'GPIO not allocated' ""","","","","","","","","","","","","","","","","","","","","","","","","","","","","","","","","","","","","","","","","",""
"88.238645503","2026-08-15 09:26:29.657732","/home/akatoki/SC-30/scripts/SC-30/2_phase/motordrive.py","move","150","","","","move: direction=w, power=0.7, duration=1.5","","","","","","","","","","","","","","","","","","","","","","","","","","","","","","","","","","","","","","","","","",""
"88.258042551","2026-08-15 09:26:29.677144","/home/akatoki/SC-30/scripts/SC-30/2_phase/motordrive.py","setup_motors","86","Motor Setup Error: 'GPIO not allocated'","","","","""Traceback (most recent call last):   File """"/home/akatoki/SC-30/scripts/SC-30/2_phase/motordrive.py"""", line 83, in setup_motors     setup_gpio() # LEDなども一緒に準備     ^^^^^^^^^^^^   File """"/home/akatoki/SC-30/scripts/SC-30/2_phase/motordrive.py"""", line 63, in setup_gpio     GPIO.setup(PIN_LED, GPIO.OUT)   File """"/usr/lib/python3/dist-packages/RPi/GPIO/__init__.py"""", line 704, in setup     initial = _check(lgpio.gpio_read(_chip, gpio))                      ^^^^^^^^^^^^^^^^^^^^^^^^^^^^   File """"/usr/lib/python3/dist-packages/lgpio.py"""", line 903, in gpio_read     return _u2i(_lgpio._gpio_read(handle&0xffff, gpio))            ^^^^^^^^^^^^^^^^^^^^^^^^^^^^^^^^^^^^^^^^^^^^   File """"/usr/lib/python3/dist-packages/lgpio.py"""", line 458, in _u2i     raise error(error_text(v)) lgpio.error: 'GPIO not allocated' ""","","","","","","","","","","","","","","","","","","","","","","","","","","","","","","","","","","","","","","","","",""
"88.411371211","2026-08-15 09:26:29.830457","/home/akatoki/SC-30/scripts/SC-30/2_phase/motordrive.py","move","150","","","","move: direction=w, power=0.7, duration=1.5","","","","","","","","","","","","","","","","","","","","","","","","","","","","","","","","","","","","","","","","","",""
"88.430502007","2026-08-15 09:26:29.849604","/home/akatoki/SC-30/scripts/SC-30/2_phase/motordrive.py","setup_motors","86","Motor Setup Error: 'GPIO not allocated'","","","","""Traceback (most recent call last):   File """"/home/akatoki/SC-30/scripts/SC-30/2_phase/motordrive.py"""", line 83, in setup_motors     setup_gpio() # LEDなども一緒に準備     ^^^^^^^^^^^^   File """"/home/akatoki/SC-30/scripts/SC-30/2_phase/motordrive.py"""", line 63, in setup_gpio     GPIO.setup(PIN_LED, GPIO.OUT)   File """"/usr/lib/python3/dist-packages/RPi/GPIO/__init__.py"""", line 704, in setup     initial = _check(lgpio.gpio_read(_chip, gpio))                      ^^^^^^^^^^^^^^^^^^^^^^^^^^^^   File """"/usr/lib/python3/dist-packages/lgpio.py"""", line 903, in gpio_read     return _u2i(_lgpio._gpio_read(handle&0xffff, gpio))            ^^^^^^^^^^^^^^^^^^^^^^^^^^^^^^^^^^^^^^^^^^^^   File """"/usr/lib/python3/dist-packages/lgpio.py"""", line 458, in _u2i     raise error(error_text(v)) lgpio.error: 'GPIO not allocated' ""","","","","","","","","","","","","","","","","","","","","","","","","","","","","","","","","","","","","","","","","",""
"88.581364232","2026-08-15 09:26:30.000449","/home/akatoki/SC-30/scripts/SC-30/2_phase/motordrive.py","move","150","","","","move: direction=w, power=0.7, duration=1.5","","","","","","","","","","","","","","","","","","","","","","","","","","","","","","","","","","","","","","","","","",""
"88.599543078","2026-08-15 09:26:30.018640","/home/akatoki/SC-30/scripts/SC-30/2_phase/motordrive.py","setup_motors","86","Motor Setup Error: 'GPIO not allocated'","","","","""Traceback (most recent call last):   File """"/home/akatoki/SC-30/scripts/SC-30/2_phase/motordrive.py"""", line 83, in setup_motors     setup_gpio() # LEDなども一緒に準備     ^^^^^^^^^^^^   File """"/home/akatoki/SC-30/scripts/SC-30/2_phase/motordrive.py"""", line 63, in setup_gpio     GPIO.setup(PIN_LED, GPIO.OUT)   File """"/usr/lib/python3/dist-packages/RPi/GPIO/__init__.py"""", line 704, in setup     initial = _check(lgpio.gpio_read(_chip, gpio))                      ^^^^^^^^^^^^^^^^^^^^^^^^^^^^   File """"/usr/lib/python3/dist-packages/lgpio.py"""", line 903, in gpio_read     return _u2i(_lgpio._gpio_read(handle&0xffff, gpio))            ^^^^^^^^^^^^^^^^^^^^^^^^^^^^^^^^^^^^^^^^^^^^   File """"/usr/lib/python3/dist-packages/lgpio.py"""", line 458, in _u2i     raise error(error_text(v)) lgpio.error: 'GPIO not allocated' ""","","","","","","","","","","","","","","","","","","","","","","","","","","","","","","","","","","","","","","","","",""
"88.758399134","2026-08-15 09:26:30.177485","/home/akatoki/SC-30/scripts/SC-30/2_phase/motordrive.py","move","150","","","","move: direction=w, power=0.7, duration=1.5","","","","","","","","","","","","","","","","","","","","","","","","","","","","","","","","","","","","","","","","","",""
"88.788251908","2026-08-15 09:26:30.207360","/home/akatoki/SC-30/scripts/SC-30/2_phase/motordrive.py","setup_motors","86","Motor Setup Error: 'GPIO not allocated'","","","","""Traceback (most recent call last):   File """"/home/akatoki/SC-30/scripts/SC-30/2_phase/motordrive.py"""", line 83, in setup_motors     setup_gpio() # LEDなども一緒に準備     ^^^^^^^^^^^^   File """"/home/akatoki/SC-30/scripts/SC-30/2_phase/motordrive.py"""", line 63, in setup_gpio     GPIO.setup(PIN_LED, GPIO.OUT)   File """"/usr/lib/python3/dist-packages/RPi/GPIO/__init__.py"""", line 704, in setup     initial = _check(lgpio.gpio_read(_chip, gpio))                      ^^^^^^^^^^^^^^^^^^^^^^^^^^^^   File """"/usr/lib/python3/dist-packages/lgpio.py"""", line 903, in gpio_read     return _u2i(_lgpio._gpio_read(handle&0xffff, gpio))            ^^^^^^^^^^^^^^^^^^^^^^^^^^^^^^^^^^^^^^^^^^^^   File """"/usr/lib/python3/dist-packages/lgpio.py"""", line 458, in _u2i     raise error(error_text(v)) lgpio.error: 'GPIO not allocated' ""","","","","","","","","","","","","","","","","","","","","","","","","","","","","","","","","","","","","","","","","",""
"88.950905506","2026-08-15 09:26:30.369992","/home/akatoki/SC-30/scripts/SC-30/2_phase/motordrive.py","move","150","","","","move: direction=w, power=0.7, duration=1.5","","","","","","","","","","","","","","","","","","","","","","","","","","","","","","","","","","","","","","","","","",""
"88.971348698","2026-08-15 09:26:30.390446","/home/akatoki/SC-30/scripts/SC-30/2_phase/motordrive.py","setup_motors","86","Motor Setup Error: 'GPIO not allocated'","","","","""Traceback (most recent call last):   File """"/home/akatoki/SC-30/scripts/SC-30/2_phase/motordrive.py"""", line 83, in setup_motors     setup_gpio() # LEDなども一緒に準備     ^^^^^^^^^^^^   File """"/home/akatoki/SC-30/scripts/SC-30/2_phase/motordrive.py"""", line 63, in setup_gpio     GPIO.setup(PIN_LED, GPIO.OUT)   File """"/usr/lib/python3/dist-packages/RPi/GPIO/__init__.py"""", line 704, in setup     initial = _check(lgpio.gpio_read(_chip, gpio))                      ^^^^^^^^^^^^^^^^^^^^^^^^^^^^   File """"/usr/lib/python3/dist-packages/lgpio.py"""", line 903, in gpio_read     return _u2i(_lgpio._gpio_read(handle&0xffff, gpio))            ^^^^^^^^^^^^^^^^^^^^^^^^^^^^^^^^^^^^^^^^^^^^   File """"/usr/lib/python3/dist-packages/lgpio.py"""", line 458, in _u2i     raise error(error_text(v)) lgpio.error: 'GPIO not allocated' ""","","","","","","","","","","","","","","","","","","","","","","","","","","","","","","","","","","","","","","","","",""
"89.127555767","2026-08-15 09:26:30.546641","/home/akatoki/SC-30/scripts/SC-30/2_phase/motordrive.py","move","150","","","","move: direction=w, power=0.7, duration=1.5","","","","","","","","","","","","","","","","","","","","","","","","","","","","","","","","","","","","","","","","","",""
"89.15270026","2026-08-15 09:26:30.571807","/home/akatoki/SC-30/scripts/SC-30/2_phase/motordrive.py","setup_motors","86","Motor Setup Error: 'GPIO not allocated'","","","","""Traceback (most recent call last):   File """"/home/akatoki/SC-30/scripts/SC-30/2_phase/motordrive.py"""", line 83, in setup_motors     setup_gpio() # LEDなども一緒に準備     ^^^^^^^^^^^^   File """"/home/akatoki/SC-30/scripts/SC-30/2_phase/motordrive.py"""", line 63, in setup_gpio     GPIO.setup(PIN_LED, GPIO.OUT)   File """"/usr/lib/python3/dist-packages/RPi/GPIO/__init__.py"""", line 704, in setup     initial = _check(lgpio.gpio_read(_chip, gpio))                      ^^^^^^^^^^^^^^^^^^^^^^^^^^^^   File """"/usr/lib/python3/dist-packages/lgpio.py"""", line 903, in gpio_read     return _u2i(_lgpio._gpio_read(handle&0xffff, gpio))            ^^^^^^^^^^^^^^^^^^^^^^^^^^^^^^^^^^^^^^^^^^^^   File """"/usr/lib/python3/dist-packages/lgpio.py"""", line 458, in _u2i     raise error(error_text(v)) lgpio.error: 'GPIO not allocated' ""","","","","","","","","","","","","","","","","","","","","","","","","","","","","","","","","","","","","","","","","",""
"89.315161773","2026-08-15 09:26:30.734247","/home/akatoki/SC-30/scripts/SC-30/2_phase/motordrive.py","move","150","","","","move: direction=w, power=0.7, duration=1.5","","","","","","","","","","","","","","","","","","","","","","","","","","","","","","","","","","","","","","","","","",""
"89.335025688","2026-08-15 09:26:30.754127","/home/akatoki/SC-30/scripts/SC-30/2_phase/motordrive.py","setup_motors","86","Motor Setup Error: 'GPIO not allocated'","","","","""Traceback (most recent call last):   File """"/home/akatoki/SC-30/scripts/SC-30/2_phase/motordrive.py"""", line 83, in setup_motors     setup_gpio() # LEDなども一緒に準備     ^^^^^^^^^^^^   File """"/home/akatoki/SC-30/scripts/SC-30/2_phase/motordrive.py"""", line 63, in setup_gpio     GPIO.setup(PIN_LED, GPIO.OUT)   File """"/usr/lib/python3/dist-packages/RPi/GPIO/__init__.py"""", line 704, in setup     initial = _check(lgpio.gpio_read(_chip, gpio))                      ^^^^^^^^^^^^^^^^^^^^^^^^^^^^   File """"/usr/lib/python3/dist-packages/lgpio.py"""", line 903, in gpio_read     return _u2i(_lgpio._gpio_read(handle&0xffff, gpio))            ^^^^^^^^^^^^^^^^^^^^^^^^^^^^^^^^^^^^^^^^^^^^   File """"/usr/lib/python3/dist-packages/lgpio.py"""", line 458, in _u2i     raise error(error_text(v)) lgpio.error: 'GPIO not allocated' ""","","","","","","","","","","","","","","","","","","","","","","","","","","","","","","","","","","","","","","","","",""
"89.495065924","2026-08-15 09:26:30.914151","/home/akatoki/SC-30/scripts/SC-30/2_phase/motordrive.py","move","150","","","","move: direction=w, power=0.7, duration=1.5","","","","","","","","","","","","","","","","","","","","","","","","","","","","","","","","","","","","","","","","","",""
"89.51716403","2026-08-15 09:26:30.936266","/home/akatoki/SC-30/scripts/SC-30/2_phase/motordrive.py","setup_motors","86","Motor Setup Error: 'GPIO not allocated'","","","","""Traceback (most recent call last):   File """"/home/akatoki/SC-30/scripts/SC-30/2_phase/motordrive.py"""", line 83, in setup_motors     setup_gpio() # LEDなども一緒に準備     ^^^^^^^^^^^^   File """"/home/akatoki/SC-30/scripts/SC-30/2_phase/motordrive.py"""", line 63, in setup_gpio     GPIO.setup(PIN_LED, GPIO.OUT)   File """"/usr/lib/python3/dist-packages/RPi/GPIO/__init__.py"""", line 704, in setup     initial = _check(lgpio.gpio_read(_chip, gpio))                      ^^^^^^^^^^^^^^^^^^^^^^^^^^^^   File """"/usr/lib/python3/dist-packages/lgpio.py"""", line 903, in gpio_read     return _u2i(_lgpio._gpio_read(handle&0xffff, gpio))            ^^^^^^^^^^^^^^^^^^^^^^^^^^^^^^^^^^^^^^^^^^^^   File """"/usr/lib/python3/dist-packages/lgpio.py"""", line 458, in _u2i     raise error(error_text(v)) lgpio.error: 'GPIO not allocated' ""","","","","","","","","","","","","","","","","","","","","","","","","","","","","","","","","","","","","","","","","",""
"89.676397736","2026-08-15 09:26:31.095482","/home/akatoki/SC-30/scripts/SC-30/2_phase/motordrive.py","move","150","","","","move: direction=w, power=0.7, duration=1.5","","","","","","","","","","","","","","","","","","","","","","","","","","","","","","","","","","","","","","","","","",""
"89.697308939","2026-08-15 09:26:31.116410","/home/akatoki/SC-30/scripts/SC-30/2_phase/motordrive.py","setup_motors","86","Motor Setup Error: 'GPIO not allocated'","","","","""Traceback (most recent call last):   File """"/home/akatoki/SC-30/scripts/SC-30/2_phase/motordrive.py"""", line 83, in setup_motors     setup_gpio() # LEDなども一緒に準備     ^^^^^^^^^^^^   File """"/home/akatoki/SC-30/scripts/SC-30/2_phase/motordrive.py"""", line 63, in setup_gpio     GPIO.setup(PIN_LED, GPIO.OUT)   File """"/usr/lib/python3/dist-packages/RPi/GPIO/__init__.py"""", line 704, in setup     initial = _check(lgpio.gpio_read(_chip, gpio))                      ^^^^^^^^^^^^^^^^^^^^^^^^^^^^   File """"/usr/lib/python3/dist-packages/lgpio.py"""", line 903, in gpio_read     return _u2i(_lgpio._gpio_read(handle&0xffff, gpio))            ^^^^^^^^^^^^^^^^^^^^^^^^^^^^^^^^^^^^^^^^^^^^   File """"/usr/lib/python3/dist-packages/lgpio.py"""", line 458, in _u2i     raise error(error_text(v)) lgpio.error: 'GPIO not allocated' ""","","","","","","","","","","","","","","","","","","","","","","","","","","","","","","","","","","","","","","","","",""
"89.854027365","2026-08-15 09:26:31.273111","/home/akatoki/SC-30/scripts/SC-30/2_phase/motordrive.py","move","150","","","","move: direction=w, power=0.7, duration=1.5","","","","","","","","","","","","","","","","","","","","","","","","","","","","","","","","","","","","","","","","","",""
"89.8726849","2026-08-15 09:26:31.291784","/home/akatoki/SC-30/scripts/SC-30/2_phase/motordrive.py","setup_motors","86","Motor Setup Error: 'GPIO not allocated'","","","","""Traceback (most recent call last):   File """"/home/akatoki/SC-30/scripts/SC-30/2_phase/motordrive.py"""", line 83, in setup_motors     setup_gpio() # LEDなども一緒に準備     ^^^^^^^^^^^^   File """"/home/akatoki/SC-30/scripts/SC-30/2_phase/motordrive.py"""", line 63, in setup_gpio     GPIO.setup(PIN_LED, GPIO.OUT)   File """"/usr/lib/python3/dist-packages/RPi/GPIO/__init__.py"""", line 704, in setup     initial = _check(lgpio.gpio_read(_chip, gpio))                      ^^^^^^^^^^^^^^^^^^^^^^^^^^^^   File """"/usr/lib/python3/dist-packages/lgpio.py"""", line 903, in gpio_read     return _u2i(_lgpio._gpio_read(handle&0xffff, gpio))            ^^^^^^^^^^^^^^^^^^^^^^^^^^^^^^^^^^^^^^^^^^^^   File """"/usr/lib/python3/dist-packages/lgpio.py"""", line 458, in _u2i     raise error(error_text(v)) lgpio.error: 'GPIO not allocated' ""","","","","","","","","","","","","","","","","","","","","","","","","","","","","","","","","","","","","","","","","",""
"90.03970963","2026-08-15 09:26:31.458795","/home/akatoki/SC-30/scripts/SC-30/2_phase/motordrive.py","move","150","","","","move: direction=w, power=0.7, duration=1.5","","","","","","","","","","","","","","","","","","","","","","","","","","","","","","","","","","","","","","","","","",""
"90.060499947","2026-08-15 09:26:31.479601","/home/akatoki/SC-30/scripts/SC-30/2_phase/motordrive.py","setup_motors","86","Motor Setup Error: 'GPIO not allocated'","","","","""Traceback (most recent call last):   File """"/home/akatoki/SC-30/scripts/SC-30/2_phase/motordrive.py"""", line 83, in setup_motors     setup_gpio() # LEDなども一緒に準備     ^^^^^^^^^^^^   File """"/home/akatoki/SC-30/scripts/SC-30/2_phase/motordrive.py"""", line 63, in setup_gpio     GPIO.setup(PIN_LED, GPIO.OUT)   File """"/usr/lib/python3/dist-packages/RPi/GPIO/__init__.py"""", line 704, in setup     initial = _check(lgpio.gpio_read(_chip, gpio))                      ^^^^^^^^^^^^^^^^^^^^^^^^^^^^   File """"/usr/lib/python3/dist-packages/lgpio.py"""", line 903, in gpio_read     return _u2i(_lgpio._gpio_read(handle&0xffff, gpio))            ^^^^^^^^^^^^^^^^^^^^^^^^^^^^^^^^^^^^^^^^^^^^   File """"/usr/lib/python3/dist-packages/lgpio.py"""", line 458, in _u2i     raise error(error_text(v)) lgpio.error: 'GPIO not allocated' ""","","","","","","","","","","","","","","","","","","","","","","","","","","","","","","","","","","","","","","","","",""
"90.222233737","2026-08-15 09:26:31.641321","/home/akatoki/SC-30/scripts/SC-30/2_phase/motordrive.py","move","150","","","","move: direction=w, power=0.7, duration=1.5","","","","","","","","","","","","","","","","","","","","","","","","","","","","","","","","","","","","","","","","","",""
"90.239480371","2026-08-15 09:26:31.658580","/home/akatoki/SC-30/scripts/SC-30/2_phase/motordrive.py","setup_motors","86","Motor Setup Error: 'GPIO not allocated'","","","","""Traceback (most recent call last):   File """"/home/akatoki/SC-30/scripts/SC-30/2_phase/motordrive.py"""", line 83, in setup_motors     setup_gpio() # LEDなども一緒に準備     ^^^^^^^^^^^^   File """"/home/akatoki/SC-30/scripts/SC-30/2_phase/motordrive.py"""", line 63, in setup_gpio     GPIO.setup(PIN_LED, GPIO.OUT)   File """"/usr/lib/python3/dist-packages/RPi/GPIO/__init__.py"""", line 704, in setup     initial = _check(lgpio.gpio_read(_chip, gpio))                      ^^^^^^^^^^^^^^^^^^^^^^^^^^^^   File """"/usr/lib/python3/dist-packages/lgpio.py"""", line 903, in gpio_read     return _u2i(_lgpio._gpio_read(handle&0xffff, gpio))            ^^^^^^^^^^^^^^^^^^^^^^^^^^^^^^^^^^^^^^^^^^^^   File """"/usr/lib/python3/dist-packages/lgpio.py"""", line 458, in _u2i     raise error(error_text(v)) lgpio.error: 'GPIO not allocated' ""","","","","","","","","","","","","","","","","","","","","","","","","","","","","","","","","","","","","","","","","",""
"90.395569573","2026-08-15 09:26:31.814654","/home/akatoki/SC-30/scripts/SC-30/2_phase/motordrive.py","move","150","","","","move: direction=w, power=0.7, duration=1.5","","","","","","","","","","","","","","","","","","","","","","","","","","","","","","","","","","","","","","","","","",""
"90.415520975","2026-08-15 09:26:31.834621","/home/akatoki/SC-30/scripts/SC-30/2_phase/motordrive.py","setup_motors","86","Motor Setup Error: 'GPIO not allocated'","","","","""Traceback (most recent call last):   File """"/home/akatoki/SC-30/scripts/SC-30/2_phase/motordrive.py"""", line 83, in setup_motors     setup_gpio() # LEDなども一緒に準備     ^^^^^^^^^^^^   File """"/home/akatoki/SC-30/scripts/SC-30/2_phase/motordrive.py"""", line 63, in setup_gpio     GPIO.setup(PIN_LED, GPIO.OUT)   File """"/usr/lib/python3/dist-packages/RPi/GPIO/__init__.py"""", line 704, in setup     initial = _check(lgpio.gpio_read(_chip, gpio))                      ^^^^^^^^^^^^^^^^^^^^^^^^^^^^   File """"/usr/lib/python3/dist-packages/lgpio.py"""", line 903, in gpio_read     return _u2i(_lgpio._gpio_read(handle&0xffff, gpio))            ^^^^^^^^^^^^^^^^^^^^^^^^^^^^^^^^^^^^^^^^^^^^   File """"/usr/lib/python3/dist-packages/lgpio.py"""", line 458, in _u2i     raise error(error_text(v)) lgpio.error: 'GPIO not allocated' ""","","","","","","","","","","","","","","","","","","","","","","","","","","","","","","","","","","","","","","","","",""
"90.574371194","2026-08-15 09:26:31.993459","/home/akatoki/SC-30/scripts/SC-30/2_phase/motordrive.py","move","150","","","","move: direction=w, power=0.7, duration=1.5","","","","","","","","","","","","","","","","","","","","","","","","","","","","","","","","","","","","","","","","","",""
"90.594505559","2026-08-15 09:26:32.013607","/home/akatoki/SC-30/scripts/SC-30/2_phase/motordrive.py","setup_motors","86","Motor Setup Error: 'GPIO not allocated'","","","","""Traceback (most recent call last):   File """"/home/akatoki/SC-30/scripts/SC-30/2_phase/motordrive.py"""", line 83, in setup_motors     setup_gpio() # LEDなども一緒に準備     ^^^^^^^^^^^^   File """"/home/akatoki/SC-30/scripts/SC-30/2_phase/motordrive.py"""", line 63, in setup_gpio     GPIO.setup(PIN_LED, GPIO.OUT)   File """"/usr/lib/python3/dist-packages/RPi/GPIO/__init__.py"""", line 704, in setup     initial = _check(lgpio.gpio_read(_chip, gpio))                      ^^^^^^^^^^^^^^^^^^^^^^^^^^^^   File """"/usr/lib/python3/dist-packages/lgpio.py"""", line 903, in gpio_read     return _u2i(_lgpio._gpio_read(handle&0xffff, gpio))            ^^^^^^^^^^^^^^^^^^^^^^^^^^^^^^^^^^^^^^^^^^^^   File """"/usr/lib/python3/dist-packages/lgpio.py"""", line 458, in _u2i     raise error(error_text(v)) lgpio.error: 'GPIO not allocated' ""","","","","","","","","","","","","","","","","","","","","","","","","","","","","","","","","","","","","","","","","",""
"90.760230587","2026-08-15 09:26:32.179315","/home/akatoki/SC-30/scripts/SC-30/2_phase/motordrive.py","move","150","","","","move: direction=w, power=0.7, duration=1.5","","","","","","","","","","","","","","","","","","","","","","","","","","","","","","","","","","","","","","","","","",""
"90.779058215","2026-08-15 09:26:32.198161","/home/akatoki/SC-30/scripts/SC-30/2_phase/motordrive.py","setup_motors","86","Motor Setup Error: 'GPIO not allocated'","","","","""Traceback (most recent call last):   File """"/home/akatoki/SC-30/scripts/SC-30/2_phase/motordrive.py"""", line 83, in setup_motors     setup_gpio() # LEDなども一緒に準備     ^^^^^^^^^^^^   File """"/home/akatoki/SC-30/scripts/SC-30/2_phase/motordrive.py"""", line 63, in setup_gpio     GPIO.setup(PIN_LED, GPIO.OUT)   File """"/usr/lib/python3/dist-packages/RPi/GPIO/__init__.py"""", line 704, in setup     initial = _check(lgpio.gpio_read(_chip, gpio))                      ^^^^^^^^^^^^^^^^^^^^^^^^^^^^   File """"/usr/lib/python3/dist-packages/lgpio.py"""", line 903, in gpio_read     return _u2i(_lgpio._gpio_read(handle&0xffff, gpio))            ^^^^^^^^^^^^^^^^^^^^^^^^^^^^^^^^^^^^^^^^^^^^   File """"/usr/lib/python3/dist-packages/lgpio.py"""", line 458, in _u2i     raise error(error_text(v)) lgpio.error: 'GPIO not allocated' ""","","","","","","","","","","","","","","","","","","","","","","","","","","","","","","","","","","","","","","","","",""
"90.930537168","2026-08-15 09:26:32.349621","/home/akatoki/SC-30/scripts/SC-30/2_phase/motordrive.py","move","150","","","","move: direction=w, power=0.7, duration=1.5","","","","","","","","","","","","","","","","","","","","","","","","","","","","","","","","","","","","","","","","","",""
"90.948863073","2026-08-15 09:26:32.367964","/home/akatoki/SC-30/scripts/SC-30/2_phase/motordrive.py","setup_motors","86","Motor Setup Error: 'GPIO not allocated'","","","","""Traceback (most recent call last):   File """"/home/akatoki/SC-30/scripts/SC-30/2_phase/motordrive.py"""", line 83, in setup_motors     setup_gpio() # LEDなども一緒に準備     ^^^^^^^^^^^^   File """"/home/akatoki/SC-30/scripts/SC-30/2_phase/motordrive.py"""", line 63, in setup_gpio     GPIO.setup(PIN_LED, GPIO.OUT)   File """"/usr/lib/python3/dist-packages/RPi/GPIO/__init__.py"""", line 704, in setup     initial = _check(lgpio.gpio_read(_chip, gpio))                      ^^^^^^^^^^^^^^^^^^^^^^^^^^^^   File """"/usr/lib/python3/dist-packages/lgpio.py"""", line 903, in gpio_read     return _u2i(_lgpio._gpio_read(handle&0xffff, gpio))            ^^^^^^^^^^^^^^^^^^^^^^^^^^^^^^^^^^^^^^^^^^^^   File """"/usr/lib/python3/dist-packages/lgpio.py"""", line 458, in _u2i     raise error(error_text(v)) lgpio.error: 'GPIO not allocated' ""","","","","","","","","","","","","","","","","","","","","","","","","","","","","","","","","","","","","","","","","",""
"91.100868177","2026-08-15 09:26:32.519953","/home/akatoki/SC-30/scripts/SC-30/2_phase/motordrive.py","move","150","","","","move: direction=w, power=0.7, duration=1.5","","","","","","","","","","","","","","","","","","","","","","","","","","","","","","","","","","","","","","","","","",""
"91.117727974","2026-08-15 09:26:32.536827","/home/akatoki/SC-30/scripts/SC-30/2_phase/motordrive.py","setup_motors","86","Motor Setup Error: 'GPIO not allocated'","","","","""Traceback (most recent call last):   File """"/home/akatoki/SC-30/scripts/SC-30/2_phase/motordrive.py"""", line 83, in setup_motors     setup_gpio() # LEDなども一緒に準備     ^^^^^^^^^^^^   File """"/home/akatoki/SC-30/scripts/SC-30/2_phase/motordrive.py"""", line 63, in setup_gpio     GPIO.setup(PIN_LED, GPIO.OUT)   File """"/usr/lib/python3/dist-packages/RPi/GPIO/__init__.py"""", line 704, in setup     initial = _check(lgpio.gpio_read(_chip, gpio))                      ^^^^^^^^^^^^^^^^^^^^^^^^^^^^   File """"/usr/lib/python3/dist-packages/lgpio.py"""", line 903, in gpio_read     return _u2i(_lgpio._gpio_read(handle&0xffff, gpio))            ^^^^^^^^^^^^^^^^^^^^^^^^^^^^^^^^^^^^^^^^^^^^   File """"/usr/lib/python3/dist-packages/lgpio.py"""", line 458, in _u2i     raise error(error_text(v)) lgpio.error: 'GPIO not allocated' ""","","","","","","","","","","","","","","","","","","","","","","","","","","","","","","","","","","","","","","","","",""
"91.272256644","2026-08-15 09:26:32.691342","/home/akatoki/SC-30/scripts/SC-30/2_phase/motordrive.py","move","150","","","","move: direction=w, power=0.7, duration=1.5","","","","","","","","","","","","","","","","","","","","","","","","","","","","","","","","","","","","","","","","","",""
"91.291264951","2026-08-15 09:26:32.710363","/home/akatoki/SC-30/scripts/SC-30/2_phase/motordrive.py","setup_motors","86","Motor Setup Error: 'GPIO not allocated'","","","","""Traceback (most recent call last):   File """"/home/akatoki/SC-30/scripts/SC-30/2_phase/motordrive.py"""", line 83, in setup_motors     setup_gpio() # LEDなども一緒に準備     ^^^^^^^^^^^^   File """"/home/akatoki/SC-30/scripts/SC-30/2_phase/motordrive.py"""", line 63, in setup_gpio     GPIO.setup(PIN_LED, GPIO.OUT)   File """"/usr/lib/python3/dist-packages/RPi/GPIO/__init__.py"""", line 704, in setup     initial = _check(lgpio.gpio_read(_chip, gpio))                      ^^^^^^^^^^^^^^^^^^^^^^^^^^^^   File """"/usr/lib/python3/dist-packages/lgpio.py"""", line 903, in gpio_read     return _u2i(_lgpio._gpio_read(handle&0xffff, gpio))            ^^^^^^^^^^^^^^^^^^^^^^^^^^^^^^^^^^^^^^^^^^^^   File """"/usr/lib/python3/dist-packages/lgpio.py"""", line 458, in _u2i     raise error(error_text(v)) lgpio.error: 'GPIO not allocated' ""","","","","","","","","","","","","","","","","","","","","","","","","","","","","","","","","","","","","","","","","",""
"91.44613102","2026-08-15 09:26:32.865215","/home/akatoki/SC-30/scripts/SC-30/2_phase/motordrive.py","move","150","","","","move: direction=w, power=0.7, duration=1.5","","","","","","","","","","","","","","","","","","","","","","","","","","","","","","","","","","","","","","","","","",""
"91.465780843","2026-08-15 09:26:32.884879","/home/akatoki/SC-30/scripts/SC-30/2_phase/motordrive.py","setup_motors","86","Motor Setup Error: 'GPIO not allocated'","","","","""Traceback (most recent call last):   File """"/home/akatoki/SC-30/scripts/SC-30/2_phase/motordrive.py"""", line 83, in setup_motors     setup_gpio() # LEDなども一緒に準備     ^^^^^^^^^^^^   File """"/home/akatoki/SC-30/scripts/SC-30/2_phase/motordrive.py"""", line 63, in setup_gpio     GPIO.setup(PIN_LED, GPIO.OUT)   File """"/usr/lib/python3/dist-packages/RPi/GPIO/__init__.py"""", line 704, in setup     initial = _check(lgpio.gpio_read(_chip, gpio))                      ^^^^^^^^^^^^^^^^^^^^^^^^^^^^   File """"/usr/lib/python3/dist-packages/lgpio.py"""", line 903, in gpio_read     return _u2i(_lgpio._gpio_read(handle&0xffff, gpio))            ^^^^^^^^^^^^^^^^^^^^^^^^^^^^^^^^^^^^^^^^^^^^   File """"/usr/lib/python3/dist-packages/lgpio.py"""", line 458, in _u2i     raise error(error_text(v)) lgpio.error: 'GPIO not allocated' ""","","","","","","","","","","","","","","","","","","","","","","","","","","","","","","","","","","","","","","","","",""
"91.626521943","2026-08-15 09:26:33.045607","/home/akatoki/SC-30/scripts/SC-30/2_phase/motordrive.py","move","150","","","","move: direction=e, power=0.7, duration=0.1","","","","","","","","","","","","","","","","","","","","","","","","","","","","","","","","","","","","","","","","","",""
"91.648965582","2026-08-15 09:26:33.068077","/home/akatoki/SC-30/scripts/SC-30/2_phase/motordrive.py","setup_motors","86","Motor Setup Error: 'GPIO not allocated'","","","","""Traceback (most recent call last):   File """"/home/akatoki/SC-30/scripts/SC-30/2_phase/motordrive.py"""", line 83, in setup_motors     setup_gpio() # LEDなども一緒に準備     ^^^^^^^^^^^^   File """"/home/akatoki/SC-30/scripts/SC-30/2_phase/motordrive.py"""", line 63, in setup_gpio     GPIO.setup(PIN_LED, GPIO.OUT)   File """"/usr/lib/python3/dist-packages/RPi/GPIO/__init__.py"""", line 704, in setup     initial = _check(lgpio.gpio_read(_chip, gpio))                      ^^^^^^^^^^^^^^^^^^^^^^^^^^^^   File """"/usr/lib/python3/dist-packages/lgpio.py"""", line 903, in gpio_read     return _u2i(_lgpio._gpio_read(handle&0xffff, gpio))            ^^^^^^^^^^^^^^^^^^^^^^^^^^^^^^^^^^^^^^^^^^^^   File """"/usr/lib/python3/dist-packages/lgpio.py"""", line 458, in _u2i     raise error(error_text(v)) lgpio.error: 'GPIO not allocated' ""","","","","","","","","","","","","","","","","","","","","","","","","","","","","","","","","","","","","","","","","",""
"91.67234772","2026-08-15 09:26:33.091431","/home/akatoki/SC-30/scripts/SC-30/2_phase/motordrive.py","move","150","","","","move: direction=w, power=0.7, duration=1.5","","","","","","","","","","","","","","","","","","","","","","","","","","","","","","","","","","","","","","","","","",""
"91.690920126","2026-08-15 09:26:33.110019","/home/akatoki/SC-30/scripts/SC-30/2_phase/motordrive.py","setup_motors","86","Motor Setup Error: 'GPIO not allocated'","","","","""Traceback (most recent call last):   File """"/home/akatoki/SC-30/scripts/SC-30/2_phase/motordrive.py"""", line 83, in setup_motors     setup_gpio() # LEDなども一緒に準備     ^^^^^^^^^^^^   File """"/home/akatoki/SC-30/scripts/SC-30/2_phase/motordrive.py"""", line 63, in setup_gpio     GPIO.setup(PIN_LED, GPIO.OUT)   File """"/usr/lib/python3/dist-packages/RPi/GPIO/__init__.py"""", line 704, in setup     initial = _check(lgpio.gpio_read(_chip, gpio))                      ^^^^^^^^^^^^^^^^^^^^^^^^^^^^   File """"/usr/lib/python3/dist-packages/lgpio.py"""", line 903, in gpio_read     return _u2i(_lgpio._gpio_read(handle&0xffff, gpio))            ^^^^^^^^^^^^^^^^^^^^^^^^^^^^^^^^^^^^^^^^^^^^   File """"/usr/lib/python3/dist-packages/lgpio.py"""", line 458, in _u2i     raise error(error_text(v)) lgpio.error: 'GPIO not allocated' ""","","","","","","","","","","","","","","","","","","","","","","","","","","","","","","","","","","","","","","","","",""
"91.854698474","2026-08-15 09:26:33.273786","/home/akatoki/SC-30/scripts/SC-30/2_phase/motordrive.py","move","150","","","","move: direction=w, power=0.7, duration=1.5","","","","","","","","","","","","","","","","","","","","","","","","","","","","","","","","","","","","","","","","","",""
"91.878903796","2026-08-15 09:26:33.298007","/home/akatoki/SC-30/scripts/SC-30/2_phase/motordrive.py","setup_motors","86","Motor Setup Error: 'GPIO not allocated'","","","","""Traceback (most recent call last):   File """"/home/akatoki/SC-30/scripts/SC-30/2_phase/motordrive.py"""", line 83, in setup_motors     setup_gpio() # LEDなども一緒に準備     ^^^^^^^^^^^^   File """"/home/akatoki/SC-30/scripts/SC-30/2_phase/motordrive.py"""", line 63, in setup_gpio     GPIO.setup(PIN_LED, GPIO.OUT)   File """"/usr/lib/python3/dist-packages/RPi/GPIO/__init__.py"""", line 704, in setup     initial = _check(lgpio.gpio_read(_chip, gpio))                      ^^^^^^^^^^^^^^^^^^^^^^^^^^^^   File """"/usr/lib/python3/dist-packages/lgpio.py"""", line 903, in gpio_read     return _u2i(_lgpio._gpio_read(handle&0xffff, gpio))            ^^^^^^^^^^^^^^^^^^^^^^^^^^^^^^^^^^^^^^^^^^^^   File """"/usr/lib/python3/dist-packages/lgpio.py"""", line 458, in _u2i     raise error(error_text(v)) lgpio.error: 'GPIO not allocated' ""","","","","","","","","","","","","","","","","","","","","","","","","","","","","","","","","","","","","","","","","",""
"92.0376334","2026-08-15 09:26:33.456720","/home/akatoki/SC-30/scripts/SC-30/2_phase/motordrive.py","move","150","","","","move: direction=e, power=0.7, duration=0.1","","","","","","","","","","","","","","","","","","","","","","","","","","","","","","","","","","","","","","","","","",""
"92.056521903","2026-08-15 09:26:33.475626","/home/akatoki/SC-30/scripts/SC-30/2_phase/motordrive.py","setup_motors","86","Motor Setup Error: 'GPIO not allocated'","","","","""Traceback (most recent call last):   File """"/home/akatoki/SC-30/scripts/SC-30/2_phase/motordrive.py"""", line 83, in setup_motors     setup_gpio() # LEDなども一緒に準備     ^^^^^^^^^^^^   File """"/home/akatoki/SC-30/scripts/SC-30/2_phase/motordrive.py"""", line 63, in setup_gpio     GPIO.setup(PIN_LED, GPIO.OUT)   File """"/usr/lib/python3/dist-packages/RPi/GPIO/__init__.py"""", line 704, in setup     initial = _check(lgpio.gpio_read(_chip, gpio))                      ^^^^^^^^^^^^^^^^^^^^^^^^^^^^   File """"/usr/lib/python3/dist-packages/lgpio.py"""", line 903, in gpio_read     return _u2i(_lgpio._gpio_read(handle&0xffff, gpio))            ^^^^^^^^^^^^^^^^^^^^^^^^^^^^^^^^^^^^^^^^^^^^   File """"/usr/lib/python3/dist-packages/lgpio.py"""", line 458, in _u2i     raise error(error_text(v)) lgpio.error: 'GPIO not allocated' ""","","","","","","","","","","","","","","","","","","","","","","","","","","","","","","","","","","","","","","","","",""
"92.069596396","2026-08-15 09:26:33.488681","/home/akatoki/SC-30/scripts/SC-30/2_phase/motordrive.py","move","150","","","","move: direction=w, power=0.7, duration=1.5","","","","","","","","","","","","","","","","","","","","","","","","","","","","","","","","","","","","","","","","","",""
"92.087196658","2026-08-15 09:26:33.506302","/home/akatoki/SC-30/scripts/SC-30/2_phase/motordrive.py","setup_motors","86","Motor Setup Error: 'GPIO not allocated'","","","","""Traceback (most recent call last):   File """"/home/akatoki/SC-30/scripts/SC-30/2_phase/motordrive.py"""", line 83, in setup_motors     setup_gpio() # LEDなども一緒に準備     ^^^^^^^^^^^^   File """"/home/akatoki/SC-30/scripts/SC-30/2_phase/motordrive.py"""", line 63, in setup_gpio     GPIO.setup(PIN_LED, GPIO.OUT)   File """"/usr/lib/python3/dist-packages/RPi/GPIO/__init__.py"""", line 704, in setup     initial = _check(lgpio.gpio_read(_chip, gpio))                      ^^^^^^^^^^^^^^^^^^^^^^^^^^^^   File """"/usr/lib/python3/dist-packages/lgpio.py"""", line 903, in gpio_read     return _u2i(_lgpio._gpio_read(handle&0xffff, gpio))            ^^^^^^^^^^^^^^^^^^^^^^^^^^^^^^^^^^^^^^^^^^^^   File """"/usr/lib/python3/dist-packages/lgpio.py"""", line 458, in _u2i     raise error(error_text(v)) lgpio.error: 'GPIO not allocated' ""","","","","","","","","","","","","","","","","","","","","","","","","","","","","","","","","","","","","","","","","",""
"92.241146793","2026-08-15 09:26:33.660232","/home/akatoki/SC-30/scripts/SC-30/2_phase/motordrive.py","move","150","","","","move: direction=e, power=0.7, duration=0.1","","","","","","","","","","","","","","","","","","","","","","","","","","","","","","","","","","","","","","","","","",""
"92.258541012","2026-08-15 09:26:33.677642","/home/akatoki/SC-30/scripts/SC-30/2_phase/motordrive.py","setup_motors","86","Motor Setup Error: 'GPIO not allocated'","","","","""Traceback (most recent call last):   File """"/home/akatoki/SC-30/scripts/SC-30/2_phase/motordrive.py"""", line 83, in setup_motors     setup_gpio() # LEDなども一緒に準備     ^^^^^^^^^^^^   File """"/home/akatoki/SC-30/scripts/SC-30/2_phase/motordrive.py"""", line 63, in setup_gpio     GPIO.setup(PIN_LED, GPIO.OUT)   File """"/usr/lib/python3/dist-packages/RPi/GPIO/__init__.py"""", line 704, in setup     initial = _check(lgpio.gpio_read(_chip, gpio))                      ^^^^^^^^^^^^^^^^^^^^^^^^^^^^   File """"/usr/lib/python3/dist-packages/lgpio.py"""", line 903, in gpio_read     return _u2i(_lgpio._gpio_read(handle&0xffff, gpio))            ^^^^^^^^^^^^^^^^^^^^^^^^^^^^^^^^^^^^^^^^^^^^   File """"/usr/lib/python3/dist-packages/lgpio.py"""", line 458, in _u2i     raise error(error_text(v)) lgpio.error: 'GPIO not allocated' ""","","","","","","","","","","","","","","","","","","","","","","","","","","","","","","","","","","","","","","","","",""
"92.271693057","2026-08-15 09:26:33.690781","/home/akatoki/SC-30/scripts/SC-30/2_phase/motordrive.py","move","150","","","","move: direction=w, power=0.7, duration=1.5","","","","","","","","","","","","","","","","","","","","","","","","","","","","","","","","","","","","","","","","","",""
"92.289555197","2026-08-15 09:26:33.708654","/home/akatoki/SC-30/scripts/SC-30/2_phase/motordrive.py","setup_motors","86","Motor Setup Error: 'GPIO not allocated'","","","","""Traceback (most recent call last):   File """"/home/akatoki/SC-30/scripts/SC-30/2_phase/motordrive.py"""", line 83, in setup_motors     setup_gpio() # LEDなども一緒に準備     ^^^^^^^^^^^^   File """"/home/akatoki/SC-30/scripts/SC-30/2_phase/motordrive.py"""", line 63, in setup_gpio     GPIO.setup(PIN_LED, GPIO.OUT)   File """"/usr/lib/python3/dist-packages/RPi/GPIO/__init__.py"""", line 704, in setup     initial = _check(lgpio.gpio_read(_chip, gpio))                      ^^^^^^^^^^^^^^^^^^^^^^^^^^^^   File """"/usr/lib/python3/dist-packages/lgpio.py"""", line 903, in gpio_read     return _u2i(_lgpio._gpio_read(handle&0xffff, gpio))            ^^^^^^^^^^^^^^^^^^^^^^^^^^^^^^^^^^^^^^^^^^^^   File """"/usr/lib/python3/dist-packages/lgpio.py"""", line 458, in _u2i     raise error(error_text(v)) lgpio.error: 'GPIO not allocated' ""","","","","","","","","","","","","","","","","","","","","","","","","","","","","","","","","","","","","","","","","",""
"92.448689649","2026-08-15 09:26:33.867775","/home/akatoki/SC-30/scripts/SC-30/2_phase/motordrive.py","move","150","","","","move: direction=e, power=0.7, duration=0.1","","","","","","","","","","","","","","","","","","","","","","","","","","","","","","","","","","","","","","","","","",""
"92.466546632","2026-08-15 09:26:33.885649","/home/akatoki/SC-30/scripts/SC-30/2_phase/motordrive.py","setup_motors","86","Motor Setup Error: 'GPIO not allocated'","","","","""Traceback (most recent call last):   File """"/home/akatoki/SC-30/scripts/SC-30/2_phase/motordrive.py"""", line 83, in setup_motors     setup_gpio() # LEDなども一緒に準備     ^^^^^^^^^^^^   File """"/home/akatoki/SC-30/scripts/SC-30/2_phase/motordrive.py"""", line 63, in setup_gpio     GPIO.setup(PIN_LED, GPIO.OUT)   File """"/usr/lib/python3/dist-packages/RPi/GPIO/__init__.py"""", line 704, in setup     initial = _check(lgpio.gpio_read(_chip, gpio))                      ^^^^^^^^^^^^^^^^^^^^^^^^^^^^   File """"/usr/lib/python3/dist-packages/lgpio.py"""", line 903, in gpio_read     return _u2i(_lgpio._gpio_read(handle&0xffff, gpio))            ^^^^^^^^^^^^^^^^^^^^^^^^^^^^^^^^^^^^^^^^^^^^   File """"/usr/lib/python3/dist-packages/lgpio.py"""", line 458, in _u2i     raise error(error_text(v)) lgpio.error: 'GPIO not allocated' ""","","","","","","","","","","","","","","","","","","","","","","","","","","","","","","","","","","","","","","","","",""
"92.484239968","2026-08-15 09:26:33.903328","/home/akatoki/SC-30/scripts/SC-30/2_phase/motordrive.py","move","150","","","","move: direction=w, power=0.7, duration=1.5","","","","","","","","","","","","","","","","","","","","","","","","","","","","","","","","","","","","","","","","","",""
"92.506002143","2026-08-15 09:26:33.925104","/home/akatoki/SC-30/scripts/SC-30/2_phase/motordrive.py","setup_motors","86","Motor Setup Error: 'GPIO not allocated'","","","","""Traceback (most recent call last):   File """"/home/akatoki/SC-30/scripts/SC-30/2_phase/motordrive.py"""", line 83, in setup_motors     setup_gpio() # LEDなども一緒に準備     ^^^^^^^^^^^^   File """"/home/akatoki/SC-30/scripts/SC-30/2_phase/motordrive.py"""", line 63, in setup_gpio     GPIO.setup(PIN_LED, GPIO.OUT)   File """"/usr/lib/python3/dist-packages/RPi/GPIO/__init__.py"""", line 704, in setup     initial = _check(lgpio.gpio_read(_chip, gpio))                      ^^^^^^^^^^^^^^^^^^^^^^^^^^^^   File """"/usr/lib/python3/dist-packages/lgpio.py"""", line 903, in gpio_read     return _u2i(_lgpio._gpio_read(handle&0xffff, gpio))            ^^^^^^^^^^^^^^^^^^^^^^^^^^^^^^^^^^^^^^^^^^^^   File """"/usr/lib/python3/dist-packages/lgpio.py"""", line 458, in _u2i     raise error(error_text(v)) lgpio.error: 'GPIO not allocated' ""","","","","","","","","","","","","","","","","","","","","","","","","","","","","","","","","","","","","","","","","",""
"92.663968675","2026-08-15 09:26:34.083053","/home/akatoki/SC-30/scripts/SC-30/2_phase/motordrive.py","move","150","","","","move: direction=e, power=0.7, duration=0.1","","","","","","","","","","","","","","","","","","","","","","","","","","","","","","","","","","","","","","","","","",""
"92.684258898","2026-08-15 09:26:34.103361","/home/akatoki/SC-30/scripts/SC-30/2_phase/motordrive.py","setup_motors","86","Motor Setup Error: 'GPIO not allocated'","","","","""Traceback (most recent call last):   File """"/home/akatoki/SC-30/scripts/SC-30/2_phase/motordrive.py"""", line 83, in setup_motors     setup_gpio() # LEDなども一緒に準備     ^^^^^^^^^^^^   File """"/home/akatoki/SC-30/scripts/SC-30/2_phase/motordrive.py"""", line 63, in setup_gpio     GPIO.setup(PIN_LED, GPIO.OUT)   File """"/usr/lib/python3/dist-packages/RPi/GPIO/__init__.py"""", line 704, in setup     initial = _check(lgpio.gpio_read(_chip, gpio))                      ^^^^^^^^^^^^^^^^^^^^^^^^^^^^   File """"/usr/lib/python3/dist-packages/lgpio.py"""", line 903, in gpio_read     return _u2i(_lgpio._gpio_read(handle&0xffff, gpio))            ^^^^^^^^^^^^^^^^^^^^^^^^^^^^^^^^^^^^^^^^^^^^   File """"/usr/lib/python3/dist-packages/lgpio.py"""", line 458, in _u2i     raise error(error_text(v)) lgpio.error: 'GPIO not allocated' ""","","","","","","","","","","","","","","","","","","","","","","","","","","","","","","","","","","","","","","","","",""
"92.700927163","2026-08-15 09:26:34.120015","/home/akatoki/SC-30/scripts/SC-30/2_phase/motordrive.py","move","150","","","","move: direction=w, power=0.7, duration=1.5","","","","","","","","","","","","","","","","","","","","","","","","","","","","","","","","","","","","","","","","","",""
"92.718737782","2026-08-15 09:26:34.137838","/home/akatoki/SC-30/scripts/SC-30/2_phase/motordrive.py","setup_motors","86","Motor Setup Error: 'GPIO not allocated'","","","","""Traceback (most recent call last):   File """"/home/akatoki/SC-30/scripts/SC-30/2_phase/motordrive.py"""", line 83, in setup_motors     setup_gpio() # LEDなども一緒に準備     ^^^^^^^^^^^^   File """"/home/akatoki/SC-30/scripts/SC-30/2_phase/motordrive.py"""", line 63, in setup_gpio     GPIO.setup(PIN_LED, GPIO.OUT)   File """"/usr/lib/python3/dist-packages/RPi/GPIO/__init__.py"""", line 704, in setup     initial = _check(lgpio.gpio_read(_chip, gpio))                      ^^^^^^^^^^^^^^^^^^^^^^^^^^^^   File """"/usr/lib/python3/dist-packages/lgpio.py"""", line 903, in gpio_read     return _u2i(_lgpio._gpio_read(handle&0xffff, gpio))            ^^^^^^^^^^^^^^^^^^^^^^^^^^^^^^^^^^^^^^^^^^^^   File """"/usr/lib/python3/dist-packages/lgpio.py"""", line 458, in _u2i     raise error(error_text(v)) lgpio.error: 'GPIO not allocated' ""","","","","","","","","","","","","","","","","","","","","","","","","","","","","","","","","","","","","","","","","",""
"92.876782708","2026-08-15 09:26:34.295869","/home/akatoki/SC-30/scripts/SC-30/2_phase/motordrive.py","move","150","","","","move: direction=e, power=0.7, duration=0.1","","","","","","","","","","","","","","","","","","","","","","","","","","","","","","","","","","","","","","","","","",""
"92.899122011","2026-08-15 09:26:34.318225","/home/akatoki/SC-30/scripts/SC-30/2_phase/motordrive.py","setup_motors","86","Motor Setup Error: 'GPIO not allocated'","","","","""Traceback (most recent call last):   File """"/home/akatoki/SC-30/scripts/SC-30/2_phase/motordrive.py"""", line 83, in setup_motors     setup_gpio() # LEDなども一緒に準備     ^^^^^^^^^^^^   File """"/home/akatoki/SC-30/scripts/SC-30/2_phase/motordrive.py"""", line 63, in setup_gpio     GPIO.setup(PIN_LED, GPIO.OUT)   File """"/usr/lib/python3/dist-packages/RPi/GPIO/__init__.py"""", line 704, in setup     initial = _check(lgpio.gpio_read(_chip, gpio))                      ^^^^^^^^^^^^^^^^^^^^^^^^^^^^   File """"/usr/lib/python3/dist-packages/lgpio.py"""", line 903, in gpio_read     return _u2i(_lgpio._gpio_read(handle&0xffff, gpio))            ^^^^^^^^^^^^^^^^^^^^^^^^^^^^^^^^^^^^^^^^^^^^   File """"/usr/lib/python3/dist-packages/lgpio.py"""", line 458, in _u2i     raise error(error_text(v)) lgpio.error: 'GPIO not allocated' ""","","","","","","","","","","","","","","","","","","","","","","","","","","","","","","","","","","","","","","","","",""
"92.913869792","2026-08-15 09:26:34.332956","/home/akatoki/SC-30/scripts/SC-30/2_phase/motordrive.py","move","150","","","","move: direction=w, power=0.7, duration=1.5","","","","","","","","","","","","","","","","","","","","","","","","","","","","","","","","","","","","","","","","","",""
"92.934093504","2026-08-15 09:26:34.353190","/home/akatoki/SC-30/scripts/SC-30/2_phase/motordrive.py","setup_motors","86","Motor Setup Error: 'GPIO not allocated'","","","","""Traceback (most recent call last):   File """"/home/akatoki/SC-30/scripts/SC-30/2_phase/motordrive.py"""", line 83, in setup_motors     setup_gpio() # LEDなども一緒に準備     ^^^^^^^^^^^^   File """"/home/akatoki/SC-30/scripts/SC-30/2_phase/motordrive.py"""", line 63, in setup_gpio     GPIO.setup(PIN_LED, GPIO.OUT)   File """"/usr/lib/python3/dist-packages/RPi/GPIO/__init__.py"""", line 704, in setup     initial = _check(lgpio.gpio_read(_chip, gpio))                      ^^^^^^^^^^^^^^^^^^^^^^^^^^^^   File """"/usr/lib/python3/dist-packages/lgpio.py"""", line 903, in gpio_read     return _u2i(_lgpio._gpio_read(handle&0xffff, gpio))            ^^^^^^^^^^^^^^^^^^^^^^^^^^^^^^^^^^^^^^^^^^^^   File """"/usr/lib/python3/dist-packages/lgpio.py"""", line 458, in _u2i     raise error(error_text(v)) lgpio.error: 'GPIO not allocated' ""","","","","","","","","","","","","","","","","","","","","","","","","","","","","","","","","","","","","","","","","",""
"93.08836819","2026-08-15 09:26:34.507454","/home/akatoki/SC-30/scripts/SC-30/2_phase/motordrive.py","move","150","","","","move: direction=e, power=0.7, duration=0.1","","","","","","","","","","","","","","","","","","","","","","","","","","","","","","","","","","","","","","","","","",""
"93.106968659","2026-08-15 09:26:34.526069","/home/akatoki/SC-30/scripts/SC-30/2_phase/motordrive.py","setup_motors","86","Motor Setup Error: 'GPIO not allocated'","","","","""Traceback (most recent call last):   File """"/home/akatoki/SC-30/scripts/SC-30/2_phase/motordrive.py"""", line 83, in setup_motors     setup_gpio() # LEDなども一緒に準備     ^^^^^^^^^^^^   File """"/home/akatoki/SC-30/scripts/SC-30/2_phase/motordrive.py"""", line 63, in setup_gpio     GPIO.setup(PIN_LED, GPIO.OUT)   File """"/usr/lib/python3/dist-packages/RPi/GPIO/__init__.py"""", line 704, in setup     initial = _check(lgpio.gpio_read(_chip, gpio))                      ^^^^^^^^^^^^^^^^^^^^^^^^^^^^   File """"/usr/lib/python3/dist-packages/lgpio.py"""", line 903, in gpio_read     return _u2i(_lgpio._gpio_read(handle&0xffff, gpio))            ^^^^^^^^^^^^^^^^^^^^^^^^^^^^^^^^^^^^^^^^^^^^   File """"/usr/lib/python3/dist-packages/lgpio.py"""", line 458, in _u2i     raise error(error_text(v)) lgpio.error: 'GPIO not allocated' ""","","","","","","","","","","","","","","","","","","","","","","","","","","","","","","","","","","","","","","","","",""
"93.11877954","2026-08-15 09:26:34.537865","/home/akatoki/SC-30/scripts/SC-30/2_phase/motordrive.py","move","150","","","","move: direction=w, power=0.7, duration=1.5","","","","","","","","","","","","","","","","","","","","","","","","","","","","","","","","","","","","","","","","","",""
"93.141836922","2026-08-15 09:26:34.560940","/home/akatoki/SC-30/scripts/SC-30/2_phase/motordrive.py","setup_motors","86","Motor Setup Error: 'GPIO not allocated'","","","","""Traceback (most recent call last):   File """"/home/akatoki/SC-30/scripts/SC-30/2_phase/motordrive.py"""", line 83, in setup_motors     setup_gpio() # LEDなども一緒に準備     ^^^^^^^^^^^^   File """"/home/akatoki/SC-30/scripts/SC-30/2_phase/motordrive.py"""", line 63, in setup_gpio     GPIO.setup(PIN_LED, GPIO.OUT)   File """"/usr/lib/python3/dist-packages/RPi/GPIO/__init__.py"""", line 704, in setup     initial = _check(lgpio.gpio_read(_chip, gpio))                      ^^^^^^^^^^^^^^^^^^^^^^^^^^^^   File """"/usr/lib/python3/dist-packages/lgpio.py"""", line 903, in gpio_read     return _u2i(_lgpio._gpio_read(handle&0xffff, gpio))            ^^^^^^^^^^^^^^^^^^^^^^^^^^^^^^^^^^^^^^^^^^^^   File """"/usr/lib/python3/dist-packages/lgpio.py"""", line 458, in _u2i     raise error(error_text(v)) lgpio.error: 'GPIO not allocated' ""","","","","","","","","","","","","","","","","","","","","","","","","","","","","","","","","","","","","","","","","",""
"93.294498574","2026-08-15 09:26:34.713586","/home/akatoki/SC-30/scripts/SC-30/2_phase/motordrive.py","move","150","","","","move: direction=q, power=0.7, duration=0.1","","","","","","","","","","","","","","","","","","","","","","","","","","","","","","","","","","","","","","","","","",""
"93.313619308","2026-08-15 09:26:34.732721","/home/akatoki/SC-30/scripts/SC-30/2_phase/motordrive.py","setup_motors","86","Motor Setup Error: 'GPIO not allocated'","","","","""Traceback (most recent call last):   File """"/home/akatoki/SC-30/scripts/SC-30/2_phase/motordrive.py"""", line 83, in setup_motors     setup_gpio() # LEDなども一緒に準備     ^^^^^^^^^^^^   File """"/home/akatoki/SC-30/scripts/SC-30/2_phase/motordrive.py"""", line 63, in setup_gpio     GPIO.setup(PIN_LED, GPIO.OUT)   File """"/usr/lib/python3/dist-packages/RPi/GPIO/__init__.py"""", line 704, in setup     initial = _check(lgpio.gpio_read(_chip, gpio))                      ^^^^^^^^^^^^^^^^^^^^^^^^^^^^   File """"/usr/lib/python3/dist-packages/lgpio.py"""", line 903, in gpio_read     return _u2i(_lgpio._gpio_read(handle&0xffff, gpio))            ^^^^^^^^^^^^^^^^^^^^^^^^^^^^^^^^^^^^^^^^^^^^   File """"/usr/lib/python3/dist-packages/lgpio.py"""", line 458, in _u2i     raise error(error_text(v)) lgpio.error: 'GPIO not allocated' ""","","","","","","","","","","","","","","","","","","","","","","","","","","","","","","","","","","","","","","","","",""
"93.331905451","2026-08-15 09:26:34.750989","/home/akatoki/SC-30/scripts/SC-30/2_phase/motordrive.py","move","150","","","","move: direction=w, power=0.7, duration=1.5","","","","","","","","","","","","","","","","","","","","","","","","","","","","","","","","","","","","","","","","","",""
"93.354945073","2026-08-15 09:26:34.774044","/home/akatoki/SC-30/scripts/SC-30/2_phase/motordrive.py","setup_motors","86","Motor Setup Error: 'GPIO not allocated'","","","","""Traceback (most recent call last):   File """"/home/akatoki/SC-30/scripts/SC-30/2_phase/motordrive.py"""", line 83, in setup_motors     setup_gpio() # LEDなども一緒に準備     ^^^^^^^^^^^^   File """"/home/akatoki/SC-30/scripts/SC-30/2_phase/motordrive.py"""", line 63, in setup_gpio     GPIO.setup(PIN_LED, GPIO.OUT)   File """"/usr/lib/python3/dist-packages/RPi/GPIO/__init__.py"""", line 704, in setup     initial = _check(lgpio.gpio_read(_chip, gpio))                      ^^^^^^^^^^^^^^^^^^^^^^^^^^^^   File """"/usr/lib/python3/dist-packages/lgpio.py"""", line 903, in gpio_read     return _u2i(_lgpio._gpio_read(handle&0xffff, gpio))            ^^^^^^^^^^^^^^^^^^^^^^^^^^^^^^^^^^^^^^^^^^^^   File """"/usr/lib/python3/dist-packages/lgpio.py"""", line 458, in _u2i     raise error(error_text(v)) lgpio.error: 'GPIO not allocated' ""","","","","","","","","","","","","","","","","","","","","","","","","","","","","","","","","","","","","","","","","",""
"93.513281616","2026-08-15 09:26:34.932367","/home/akatoki/SC-30/scripts/SC-30/2_phase/motordrive.py","move","150","","","","move: direction=q, power=0.7, duration=0.1","","","","","","","","","","","","","","","","","","","","","","","","","","","","","","","","","","","","","","","","","",""
"93.531693646","2026-08-15 09:26:34.950794","/home/akatoki/SC-30/scripts/SC-30/2_phase/motordrive.py","setup_motors","86","Motor Setup Error: 'GPIO not allocated'","","","","""Traceback (most recent call last):   File """"/home/akatoki/SC-30/scripts/SC-30/2_phase/motordrive.py"""", line 83, in setup_motors     setup_gpio() # LEDなども一緒に準備     ^^^^^^^^^^^^   File """"/home/akatoki/SC-30/scripts/SC-30/2_phase/motordrive.py"""", line 63, in setup_gpio     GPIO.setup(PIN_LED, GPIO.OUT)   File """"/usr/lib/python3/dist-packages/RPi/GPIO/__init__.py"""", line 704, in setup     initial = _check(lgpio.gpio_read(_chip, gpio))                      ^^^^^^^^^^^^^^^^^^^^^^^^^^^^   File """"/usr/lib/python3/dist-packages/lgpio.py"""", line 903, in gpio_read     return _u2i(_lgpio._gpio_read(handle&0xffff, gpio))            ^^^^^^^^^^^^^^^^^^^^^^^^^^^^^^^^^^^^^^^^^^^^   File """"/usr/lib/python3/dist-packages/lgpio.py"""", line 458, in _u2i     raise error(error_text(v)) lgpio.error: 'GPIO not allocated' ""","","","","","","","","","","","","","","","","","","","","","","","","","","","","","","","","","","","","","","","","",""
"93.546453666","2026-08-15 09:26:34.965538","/home/akatoki/SC-30/scripts/SC-30/2_phase/motordrive.py","move","150","","","","move: direction=w, power=0.7, duration=1.5","","","","","","","","","","","","","","","","","","","","","","","","","","","","","","","","","","","","","","","","","",""
"93.564194024","2026-08-15 09:26:34.983296","/home/akatoki/SC-30/scripts/SC-30/2_phase/motordrive.py","setup_motors","86","Motor Setup Error: 'GPIO not allocated'","","","","""Traceback (most recent call last):   File """"/home/akatoki/SC-30/scripts/SC-30/2_phase/motordrive.py"""", line 83, in setup_motors     setup_gpio() # LEDなども一緒に準備     ^^^^^^^^^^^^   File """"/home/akatoki/SC-30/scripts/SC-30/2_phase/motordrive.py"""", line 63, in setup_gpio     GPIO.setup(PIN_LED, GPIO.OUT)   File """"/usr/lib/python3/dist-packages/RPi/GPIO/__init__.py"""", line 704, in setup     initial = _check(lgpio.gpio_read(_chip, gpio))                      ^^^^^^^^^^^^^^^^^^^^^^^^^^^^   File """"/usr/lib/python3/dist-packages/lgpio.py"""", line 903, in gpio_read     return _u2i(_lgpio._gpio_read(handle&0xffff, gpio))            ^^^^^^^^^^^^^^^^^^^^^^^^^^^^^^^^^^^^^^^^^^^^   File """"/usr/lib/python3/dist-packages/lgpio.py"""", line 458, in _u2i     raise error(error_text(v)) lgpio.error: 'GPIO not allocated' ""","","","","","","","","","","","","","","","","","","","","","","","","","","","","","","","","","","","","","","","","",""
"93.726369275","2026-08-15 09:26:35.145456","/home/akatoki/SC-30/scripts/SC-30/2_phase/motordrive.py","move","150","","","","move: direction=q, power=0.7, duration=0.1","","","","","","","","","","","","","","","","","","","","","","","","","","","","","","","","","","","","","","","","","",""
"93.749645917","2026-08-15 09:26:35.168747","/home/akatoki/SC-30/scripts/SC-30/2_phase/motordrive.py","setup_motors","86","Motor Setup Error: 'GPIO not allocated'","","","","""Traceback (most recent call last):   File """"/home/akatoki/SC-30/scripts/SC-30/2_phase/motordrive.py"""", line 83, in setup_motors     setup_gpio() # LEDなども一緒に準備     ^^^^^^^^^^^^   File """"/home/akatoki/SC-30/scripts/SC-30/2_phase/motordrive.py"""", line 63, in setup_gpio     GPIO.setup(PIN_LED, GPIO.OUT)   File """"/usr/lib/python3/dist-packages/RPi/GPIO/__init__.py"""", line 704, in setup     initial = _check(lgpio.gpio_read(_chip, gpio))                      ^^^^^^^^^^^^^^^^^^^^^^^^^^^^   File """"/usr/lib/python3/dist-packages/lgpio.py"""", line 903, in gpio_read     return _u2i(_lgpio._gpio_read(handle&0xffff, gpio))            ^^^^^^^^^^^^^^^^^^^^^^^^^^^^^^^^^^^^^^^^^^^^   File """"/usr/lib/python3/dist-packages/lgpio.py"""", line 458, in _u2i     raise error(error_text(v)) lgpio.error: 'GPIO not allocated' ""","","","","","","","","","","","","","","","","","","","","","","","","","","","","","","","","","","","","","","","","",""
"93.763206128","2026-08-15 09:26:35.182292","/home/akatoki/SC-30/scripts/SC-30/2_phase/motordrive.py","move","150","","","","move: direction=w, power=0.7, duration=1.5","","","","","","","","","","","","","","","","","","","","","","","","","","","","","","","","","","","","","","","","","",""
"93.779835426","2026-08-15 09:26:35.198937","/home/akatoki/SC-30/scripts/SC-30/2_phase/motordrive.py","setup_motors","86","Motor Setup Error: 'GPIO not allocated'","","","","""Traceback (most recent call last):   File """"/home/akatoki/SC-30/scripts/SC-30/2_phase/motordrive.py"""", line 83, in setup_motors     setup_gpio() # LEDなども一緒に準備     ^^^^^^^^^^^^   File """"/home/akatoki/SC-30/scripts/SC-30/2_phase/motordrive.py"""", line 63, in setup_gpio     GPIO.setup(PIN_LED, GPIO.OUT)   File """"/usr/lib/python3/dist-packages/RPi/GPIO/__init__.py"""", line 704, in setup     initial = _check(lgpio.gpio_read(_chip, gpio))                      ^^^^^^^^^^^^^^^^^^^^^^^^^^^^   File """"/usr/lib/python3/dist-packages/lgpio.py"""", line 903, in gpio_read     return _u2i(_lgpio._gpio_read(handle&0xffff, gpio))            ^^^^^^^^^^^^^^^^^^^^^^^^^^^^^^^^^^^^^^^^^^^^   File """"/usr/lib/python3/dist-packages/lgpio.py"""", line 458, in _u2i     raise error(error_text(v)) lgpio.error: 'GPIO not allocated' ""","","","","","","","","","","","","","","","","","","","","","","","","","","","","","","","","","","","","","","","","",""
"93.935278061","2026-08-15 09:26:35.354362","/home/akatoki/SC-30/scripts/SC-30/2_phase/motordrive.py","move","150","","","","move: direction=e, power=0.7, duration=0.1","","","","","","","","","","","","","","","","","","","","","","","","","","","","","","","","","","","","","","","","","",""
"93.954373837","2026-08-15 09:26:35.373475","/home/akatoki/SC-30/scripts/SC-30/2_phase/motordrive.py","setup_motors","86","Motor Setup Error: 'GPIO not allocated'","","","","""Traceback (most recent call last):   File """"/home/akatoki/SC-30/scripts/SC-30/2_phase/motordrive.py"""", line 83, in setup_motors     setup_gpio() # LEDなども一緒に準備     ^^^^^^^^^^^^   File """"/home/akatoki/SC-30/scripts/SC-30/2_phase/motordrive.py"""", line 63, in setup_gpio     GPIO.setup(PIN_LED, GPIO.OUT)   File """"/usr/lib/python3/dist-packages/RPi/GPIO/__init__.py"""", line 704, in setup     initial = _check(lgpio.gpio_read(_chip, gpio))                      ^^^^^^^^^^^^^^^^^^^^^^^^^^^^   File """"/usr/lib/python3/dist-packages/lgpio.py"""", line 903, in gpio_read     return _u2i(_lgpio._gpio_read(handle&0xffff, gpio))            ^^^^^^^^^^^^^^^^^^^^^^^^^^^^^^^^^^^^^^^^^^^^   File """"/usr/lib/python3/dist-packages/lgpio.py"""", line 458, in _u2i     raise error(error_text(v)) lgpio.error: 'GPIO not allocated' ""","","","","","","","","","","","","","","","","","","","","","","","","","","","","","","","","","","","","","","","","",""
"93.970143753","2026-08-15 09:26:35.389229","/home/akatoki/SC-30/scripts/SC-30/2_phase/motordrive.py","move","150","","","","move: direction=w, power=0.7, duration=1.5","","","","","","","","","","","","","","","","","","","","","","","","","","","","","","","","","","","","","","","","","",""
"93.989355676","2026-08-15 09:26:35.408456","/home/akatoki/SC-30/scripts/SC-30/2_phase/motordrive.py","setup_motors","86","Motor Setup Error: 'GPIO not allocated'","","","","""Traceback (most recent call last):   File """"/home/akatoki/SC-30/scripts/SC-30/2_phase/motordrive.py"""", line 83, in setup_motors     setup_gpio() # LEDなども一緒に準備     ^^^^^^^^^^^^   File """"/home/akatoki/SC-30/scripts/SC-30/2_phase/motordrive.py"""", line 63, in setup_gpio     GPIO.setup(PIN_LED, GPIO.OUT)   File """"/usr/lib/python3/dist-packages/RPi/GPIO/__init__.py"""", line 704, in setup     initial = _check(lgpio.gpio_read(_chip, gpio))                      ^^^^^^^^^^^^^^^^^^^^^^^^^^^^   File """"/usr/lib/python3/dist-packages/lgpio.py"""", line 903, in gpio_read     return _u2i(_lgpio._gpio_read(handle&0xffff, gpio))            ^^^^^^^^^^^^^^^^^^^^^^^^^^^^^^^^^^^^^^^^^^^^   File """"/usr/lib/python3/dist-packages/lgpio.py"""", line 458, in _u2i     raise error(error_text(v)) lgpio.error: 'GPIO not allocated' ""","","","","","","","","","","","","","","","","","","","","","","","","","","","","","","","","","","","","","","","","",""
"94.144976177","2026-08-15 09:26:35.564062","/home/akatoki/SC-30/scripts/SC-30/2_phase/motordrive.py","move","150","","","","move: direction=e, power=0.7, duration=0.1","","","","","","","","","","","","","","","","","","","","","","","","","","","","","","","","","","","","","","","","","",""
"94.165313369","2026-08-15 09:26:35.584411","/home/akatoki/SC-30/scripts/SC-30/2_phase/motordrive.py","setup_motors","86","Motor Setup Error: 'GPIO not allocated'","","","","""Traceback (most recent call last):   File """"/home/akatoki/SC-30/scripts/SC-30/2_phase/motordrive.py"""", line 83, in setup_motors     setup_gpio() # LEDなども一緒に準備     ^^^^^^^^^^^^   File """"/home/akatoki/SC-30/scripts/SC-30/2_phase/motordrive.py"""", line 63, in setup_gpio     GPIO.setup(PIN_LED, GPIO.OUT)   File """"/usr/lib/python3/dist-packages/RPi/GPIO/__init__.py"""", line 704, in setup     initial = _check(lgpio.gpio_read(_chip, gpio))                      ^^^^^^^^^^^^^^^^^^^^^^^^^^^^   File """"/usr/lib/python3/dist-packages/lgpio.py"""", line 903, in gpio_read     return _u2i(_lgpio._gpio_read(handle&0xffff, gpio))            ^^^^^^^^^^^^^^^^^^^^^^^^^^^^^^^^^^^^^^^^^^^^   File """"/usr/lib/python3/dist-packages/lgpio.py"""", line 458, in _u2i     raise error(error_text(v)) lgpio.error: 'GPIO not allocated' ""","","","","","","","","","","","","","","","","","","","","","","","","","","","","","","","","","","","","","","","","",""
"94.180539427","2026-08-15 09:26:35.599626","/home/akatoki/SC-30/scripts/SC-30/2_phase/motordrive.py","move","150","","","","move: direction=w, power=0.7, duration=1.5","","","","","","","","","","","","","","","","","","","","","","","","","","","","","","","","","","","","","","","","","",""
"94.197872897","2026-08-15 09:26:35.616974","/home/akatoki/SC-30/scripts/SC-30/2_phase/motordrive.py","setup_motors","86","Motor Setup Error: 'GPIO not allocated'","","","","""Traceback (most recent call last):   File """"/home/akatoki/SC-30/scripts/SC-30/2_phase/motordrive.py"""", line 83, in setup_motors     setup_gpio() # LEDなども一緒に準備     ^^^^^^^^^^^^   File """"/home/akatoki/SC-30/scripts/SC-30/2_phase/motordrive.py"""", line 63, in setup_gpio     GPIO.setup(PIN_LED, GPIO.OUT)   File """"/usr/lib/python3/dist-packages/RPi/GPIO/__init__.py"""", line 704, in setup     initial = _check(lgpio.gpio_read(_chip, gpio))                      ^^^^^^^^^^^^^^^^^^^^^^^^^^^^   File """"/usr/lib/python3/dist-packages/lgpio.py"""", line 903, in gpio_read     return _u2i(_lgpio._gpio_read(handle&0xffff, gpio))            ^^^^^^^^^^^^^^^^^^^^^^^^^^^^^^^^^^^^^^^^^^^^   File """"/usr/lib/python3/dist-packages/lgpio.py"""", line 458, in _u2i     raise error(error_text(v)) lgpio.error: 'GPIO not allocated' ""","","","","","","","","","","","","","","","","","","","","","","","","","","","","","","","","","","","","","","","","",""
"94.346769386","2026-08-15 09:26:35.765866","/home/akatoki/SC-30/scripts/SC-30/2_phase/motordrive.py","move","150","","","","move: direction=e, power=0.7, duration=0.1","","","","","","","","","","","","","","","","","","","","","","","","","","","","","","","","","","","","","","","","","",""
"94.368736122","2026-08-15 09:26:35.787842","/home/akatoki/SC-30/scripts/SC-30/2_phase/motordrive.py","setup_motors","86","Motor Setup Error: 'GPIO not allocated'","","","","""Traceback (most recent call last):   File """"/home/akatoki/SC-30/scripts/SC-30/2_phase/motordrive.py"""", line 83, in setup_motors     setup_gpio() # LEDなども一緒に準備     ^^^^^^^^^^^^   File """"/home/akatoki/SC-30/scripts/SC-30/2_phase/motordrive.py"""", line 63, in setup_gpio     GPIO.setup(PIN_LED, GPIO.OUT)   File """"/usr/lib/python3/dist-packages/RPi/GPIO/__init__.py"""", line 704, in setup     initial = _check(lgpio.gpio_read(_chip, gpio))                      ^^^^^^^^^^^^^^^^^^^^^^^^^^^^   File """"/usr/lib/python3/dist-packages/lgpio.py"""", line 903, in gpio_read     return _u2i(_lgpio._gpio_read(handle&0xffff, gpio))            ^^^^^^^^^^^^^^^^^^^^^^^^^^^^^^^^^^^^^^^^^^^^   File """"/usr/lib/python3/dist-packages/lgpio.py"""", line 458, in _u2i     raise error(error_text(v)) lgpio.error: 'GPIO not allocated' ""","","","","","","","","","","","","","","","","","","","","","","","","","","","","","","","","","","","","","","","","",""
"94.387758356","2026-08-15 09:26:35.806845","/home/akatoki/SC-30/scripts/SC-30/2_phase/motordrive.py","move","150","","","","move: direction=w, power=0.7, duration=1.5","","","","","","","","","","","","","","","","","","","","","","","","","","","","","","","","","","","","","","","","","",""
"94.407292312","2026-08-15 09:26:35.826392","/home/akatoki/SC-30/scripts/SC-30/2_phase/motordrive.py","setup_motors","86","Motor Setup Error: 'GPIO not allocated'","","","","""Traceback (most recent call last):   File """"/home/akatoki/SC-30/scripts/SC-30/2_phase/motordrive.py"""", line 83, in setup_motors     setup_gpio() # LEDなども一緒に準備     ^^^^^^^^^^^^   File """"/home/akatoki/SC-30/scripts/SC-30/2_phase/motordrive.py"""", line 63, in setup_gpio     GPIO.setup(PIN_LED, GPIO.OUT)   File """"/usr/lib/python3/dist-packages/RPi/GPIO/__init__.py"""", line 704, in setup     initial = _check(lgpio.gpio_read(_chip, gpio))                      ^^^^^^^^^^^^^^^^^^^^^^^^^^^^   File """"/usr/lib/python3/dist-packages/lgpio.py"""", line 903, in gpio_read     return _u2i(_lgpio._gpio_read(handle&0xffff, gpio))            ^^^^^^^^^^^^^^^^^^^^^^^^^^^^^^^^^^^^^^^^^^^^   File """"/usr/lib/python3/dist-packages/lgpio.py"""", line 458, in _u2i     raise error(error_text(v)) lgpio.error: 'GPIO not allocated' ""","","","","","","","","","","","","","","","","","","","","","","","","","","","","","","","","","","","","","","","","",""
"94.566798781","2026-08-15 09:26:35.985886","/home/akatoki/SC-30/scripts/SC-30/2_phase/motordrive.py","move","150","","","","move: direction=e, power=0.7, duration=0.1","","","","","","","","","","","","","","","","","","","","","","","","","","","","","","","","","","","","","","","","","",""
"94.584870486","2026-08-15 09:26:36.003970","/home/akatoki/SC-30/scripts/SC-30/2_phase/motordrive.py","setup_motors","86","Motor Setup Error: 'GPIO not allocated'","","","","""Traceback (most recent call last):   File """"/home/akatoki/SC-30/scripts/SC-30/2_phase/motordrive.py"""", line 83, in setup_motors     setup_gpio() # LEDなども一緒に準備     ^^^^^^^^^^^^   File """"/home/akatoki/SC-30/scripts/SC-30/2_phase/motordrive.py"""", line 63, in setup_gpio     GPIO.setup(PIN_LED, GPIO.OUT)   File """"/usr/lib/python3/dist-packages/RPi/GPIO/__init__.py"""", line 704, in setup     initial = _check(lgpio.gpio_read(_chip, gpio))                      ^^^^^^^^^^^^^^^^^^^^^^^^^^^^   File """"/usr/lib/python3/dist-packages/lgpio.py"""", line 903, in gpio_read     return _u2i(_lgpio._gpio_read(handle&0xffff, gpio))            ^^^^^^^^^^^^^^^^^^^^^^^^^^^^^^^^^^^^^^^^^^^^   File """"/usr/lib/python3/dist-packages/lgpio.py"""", line 458, in _u2i     raise error(error_text(v)) lgpio.error: 'GPIO not allocated' ""","","","","","","","","","","","","","","","","","","","","","","","","","","","","","","","","","","","","","","","","",""
"94.602507648","2026-08-15 09:26:36.021595","/home/akatoki/SC-30/scripts/SC-30/2_phase/motordrive.py","move","150","","","","move: direction=w, power=0.7, duration=1.5","","","","","","","","","","","","","","","","","","","","","","","","","","","","","","","","","","","","","","","","","",""
"94.620905649","2026-08-15 09:26:36.040005","/home/akatoki/SC-30/scripts/SC-30/2_phase/motordrive.py","setup_motors","86","Motor Setup Error: 'GPIO not allocated'","","","","""Traceback (most recent call last):   File """"/home/akatoki/SC-30/scripts/SC-30/2_phase/motordrive.py"""", line 83, in setup_motors     setup_gpio() # LEDなども一緒に準備     ^^^^^^^^^^^^   File """"/home/akatoki/SC-30/scripts/SC-30/2_phase/motordrive.py"""", line 63, in setup_gpio     GPIO.setup(PIN_LED, GPIO.OUT)   File """"/usr/lib/python3/dist-packages/RPi/GPIO/__init__.py"""", line 704, in setup     initial = _check(lgpio.gpio_read(_chip, gpio))                      ^^^^^^^^^^^^^^^^^^^^^^^^^^^^   File """"/usr/lib/python3/dist-packages/lgpio.py"""", line 903, in gpio_read     return _u2i(_lgpio._gpio_read(handle&0xffff, gpio))            ^^^^^^^^^^^^^^^^^^^^^^^^^^^^^^^^^^^^^^^^^^^^   File """"/usr/lib/python3/dist-packages/lgpio.py"""", line 458, in _u2i     raise error(error_text(v)) lgpio.error: 'GPIO not allocated' ""","","","","","","","","","","","","","","","","","","","","","","","","","","","","","","","","","","","","","","","","",""
"94.777719988","2026-08-15 09:26:36.196804","/home/akatoki/SC-30/scripts/SC-30/2_phase/motordrive.py","move","150","","","","move: direction=e, power=0.7, duration=0.1","","","","","","","","","","","","","","","","","","","","","","","","","","","","","","","","","","","","","","","","","",""
"94.796302574","2026-08-15 09:26:36.215404","/home/akatoki/SC-30/scripts/SC-30/2_phase/motordrive.py","setup_motors","86","Motor Setup Error: 'GPIO not allocated'","","","","""Traceback (most recent call last):   File """"/home/akatoki/SC-30/scripts/SC-30/2_phase/motordrive.py"""", line 83, in setup_motors     setup_gpio() # LEDなども一緒に準備     ^^^^^^^^^^^^   File """"/home/akatoki/SC-30/scripts/SC-30/2_phase/motordrive.py"""", line 63, in setup_gpio     GPIO.setup(PIN_LED, GPIO.OUT)   File """"/usr/lib/python3/dist-packages/RPi/GPIO/__init__.py"""", line 704, in setup     initial = _check(lgpio.gpio_read(_chip, gpio))                      ^^^^^^^^^^^^^^^^^^^^^^^^^^^^   File """"/usr/lib/python3/dist-packages/lgpio.py"""", line 903, in gpio_read     return _u2i(_lgpio._gpio_read(handle&0xffff, gpio))            ^^^^^^^^^^^^^^^^^^^^^^^^^^^^^^^^^^^^^^^^^^^^   File """"/usr/lib/python3/dist-packages/lgpio.py"""", line 458, in _u2i     raise error(error_text(v)) lgpio.error: 'GPIO not allocated' ""","","","","","","","","","","","","","","","","","","","","","","","","","","","","","","","","","","","","","","","","",""
"94.809854914","2026-08-15 09:26:36.228942","/home/akatoki/SC-30/scripts/SC-30/2_phase/motordrive.py","move","150","","","","move: direction=w, power=0.7, duration=1.5","","","","","","","","","","","","","","","","","","","","","","","","","","","","","","","","","","","","","","","","","",""
"94.828351144","2026-08-15 09:26:36.247472","/home/akatoki/SC-30/scripts/SC-30/2_phase/motordrive.py","setup_motors","86","Motor Setup Error: 'GPIO not allocated'","","","","""Traceback (most recent call last):   File """"/home/akatoki/SC-30/scripts/SC-30/2_phase/motordrive.py"""", line 83, in setup_motors     setup_gpio() # LEDなども一緒に準備     ^^^^^^^^^^^^   File """"/home/akatoki/SC-30/scripts/SC-30/2_phase/motordrive.py"""", line 63, in setup_gpio     GPIO.setup(PIN_LED, GPIO.OUT)   File """"/usr/lib/python3/dist-packages/RPi/GPIO/__init__.py"""", line 704, in setup     initial = _check(lgpio.gpio_read(_chip, gpio))                      ^^^^^^^^^^^^^^^^^^^^^^^^^^^^   File """"/usr/lib/python3/dist-packages/lgpio.py"""", line 903, in gpio_read     return _u2i(_lgpio._gpio_read(handle&0xffff, gpio))            ^^^^^^^^^^^^^^^^^^^^^^^^^^^^^^^^^^^^^^^^^^^^   File """"/usr/lib/python3/dist-packages/lgpio.py"""", line 458, in _u2i     raise error(error_text(v)) lgpio.error: 'GPIO not allocated' ""","","","","","","","","","","","","","","","","","","","","","","","","","","","","","","","","","","","","","","","","",""
"94.987583157","2026-08-15 09:26:36.406674","/home/akatoki/SC-30/scripts/SC-30/2_phase/motordrive.py","move","150","","","","move: direction=e, power=0.7, duration=0.1","","","","","","","","","","","","","","","","","","","","","","","","","","","","","","","","","","","","","","","","","",""
"95.005607093","2026-08-15 09:26:36.424710","/home/akatoki/SC-30/scripts/SC-30/2_phase/motordrive.py","setup_motors","86","Motor Setup Error: 'GPIO not allocated'","","","","""Traceback (most recent call last):   File """"/home/akatoki/SC-30/scripts/SC-30/2_phase/motordrive.py"""", line 83, in setup_motors     setup_gpio() # LEDなども一緒に準備     ^^^^^^^^^^^^   File """"/home/akatoki/SC-30/scripts/SC-30/2_phase/motordrive.py"""", line 63, in setup_gpio     GPIO.setup(PIN_LED, GPIO.OUT)   File """"/usr/lib/python3/dist-packages/RPi/GPIO/__init__.py"""", line 704, in setup     initial = _check(lgpio.gpio_read(_chip, gpio))                      ^^^^^^^^^^^^^^^^^^^^^^^^^^^^   File """"/usr/lib/python3/dist-packages/lgpio.py"""", line 903, in gpio_read     return _u2i(_lgpio._gpio_read(handle&0xffff, gpio))            ^^^^^^^^^^^^^^^^^^^^^^^^^^^^^^^^^^^^^^^^^^^^   File """"/usr/lib/python3/dist-packages/lgpio.py"""", line 458, in _u2i     raise error(error_text(v)) lgpio.error: 'GPIO not allocated' ""","","","","","","","","","","","","","","","","","","","","","","","","","","","","","","","","","","","","","","","","",""
"95.017099262","2026-08-15 09:26:36.436186","/home/akatoki/SC-30/scripts/SC-30/2_phase/motordrive.py","move","150","","","","move: direction=w, power=0.7, duration=1.5","","","","","","","","","","","","","","","","","","","","","","","","","","","","","","","","","","","","","","","","","",""
"95.036538312","2026-08-15 09:26:36.455640","/home/akatoki/SC-30/scripts/SC-30/2_phase/motordrive.py","setup_motors","86","Motor Setup Error: 'GPIO not allocated'","","","","""Traceback (most recent call last):   File """"/home/akatoki/SC-30/scripts/SC-30/2_phase/motordrive.py"""", line 83, in setup_motors     setup_gpio() # LEDなども一緒に準備     ^^^^^^^^^^^^   File """"/home/akatoki/SC-30/scripts/SC-30/2_phase/motordrive.py"""", line 63, in setup_gpio     GPIO.setup(PIN_LED, GPIO.OUT)   File """"/usr/lib/python3/dist-packages/RPi/GPIO/__init__.py"""", line 704, in setup     initial = _check(lgpio.gpio_read(_chip, gpio))                      ^^^^^^^^^^^^^^^^^^^^^^^^^^^^   File """"/usr/lib/python3/dist-packages/lgpio.py"""", line 903, in gpio_read     return _u2i(_lgpio._gpio_read(handle&0xffff, gpio))            ^^^^^^^^^^^^^^^^^^^^^^^^^^^^^^^^^^^^^^^^^^^^   File """"/usr/lib/python3/dist-packages/lgpio.py"""", line 458, in _u2i     raise error(error_text(v)) lgpio.error: 'GPIO not allocated' ""","","","","","","","","","","","","","","","","","","","","","","","","","","","","","","","","","","","","","","","","",""
"95.19116951","2026-08-15 09:26:36.610255","/home/akatoki/SC-30/scripts/SC-30/2_phase/motordrive.py","move","150","","","","move: direction=w, power=0.7, duration=1.5","","","","","","","","","","","","","","","","","","","","","","","","","","","","","","","","","","","","","","","","","",""
"95.209159851","2026-08-15 09:26:36.628264","/home/akatoki/SC-30/scripts/SC-30/2_phase/motordrive.py","setup_motors","86","Motor Setup Error: 'GPIO not allocated'","","","","""Traceback (most recent call last):   File """"/home/akatoki/SC-30/scripts/SC-30/2_phase/motordrive.py"""", line 83, in setup_motors     setup_gpio() # LEDなども一緒に準備     ^^^^^^^^^^^^   File """"/home/akatoki/SC-30/scripts/SC-30/2_phase/motordrive.py"""", line 63, in setup_gpio     GPIO.setup(PIN_LED, GPIO.OUT)   File """"/usr/lib/python3/dist-packages/RPi/GPIO/__init__.py"""", line 704, in setup     initial = _check(lgpio.gpio_read(_chip, gpio))                      ^^^^^^^^^^^^^^^^^^^^^^^^^^^^   File """"/usr/lib/python3/dist-packages/lgpio.py"""", line 903, in gpio_read     return _u2i(_lgpio._gpio_read(handle&0xffff, gpio))            ^^^^^^^^^^^^^^^^^^^^^^^^^^^^^^^^^^^^^^^^^^^^   File """"/usr/lib/python3/dist-packages/lgpio.py"""", line 458, in _u2i     raise error(error_text(v)) lgpio.error: 'GPIO not allocated' ""","","","","","","","","","","","","","","","","","","","","","","","","","","","","","","","","","","","","","","","","",""
"95.358559969","2026-08-15 09:26:36.777649","/home/akatoki/SC-30/scripts/SC-30/2_phase/motordrive.py","move","150","","","","move: direction=e, power=0.7, duration=0.1","","","","","","","","","","","","","","","","","","","","","","","","","","","","","","","","","","","","","","","","","",""
"95.382713637","2026-08-15 09:26:36.801816","/home/akatoki/SC-30/scripts/SC-30/2_phase/motordrive.py","setup_motors","86","Motor Setup Error: 'GPIO not allocated'","","","","""Traceback (most recent call last):   File """"/home/akatoki/SC-30/scripts/SC-30/2_phase/motordrive.py"""", line 83, in setup_motors     setup_gpio() # LEDなども一緒に準備     ^^^^^^^^^^^^   File """"/home/akatoki/SC-30/scripts/SC-30/2_phase/motordrive.py"""", line 63, in setup_gpio     GPIO.setup(PIN_LED, GPIO.OUT)   File """"/usr/lib/python3/dist-packages/RPi/GPIO/__init__.py"""", line 704, in setup     initial = _check(lgpio.gpio_read(_chip, gpio))                      ^^^^^^^^^^^^^^^^^^^^^^^^^^^^   File """"/usr/lib/python3/dist-packages/lgpio.py"""", line 903, in gpio_read     return _u2i(_lgpio._gpio_read(handle&0xffff, gpio))            ^^^^^^^^^^^^^^^^^^^^^^^^^^^^^^^^^^^^^^^^^^^^   File """"/usr/lib/python3/dist-packages/lgpio.py"""", line 458, in _u2i     raise error(error_text(v)) lgpio.error: 'GPIO not allocated' ""","","","","","","","","","","","","","","","","","","","","","","","","","","","","","","","","","","","","","","","","",""
"95.532712769","2026-08-15 09:26:36.951801","/home/akatoki/SC-30/scripts/SC-30/2_phase/motordrive.py","move","150","","","","move: direction=e, power=0.7, duration=0.1","","","","","","","","","","","","","","","","","","","","","","","","","","","","","","","","","","","","","","","","","",""
"95.551819109","2026-08-15 09:26:36.970924","/home/akatoki/SC-30/scripts/SC-30/2_phase/motordrive.py","setup_motors","86","Motor Setup Error: 'GPIO not allocated'","","","","""Traceback (most recent call last):   File """"/home/akatoki/SC-30/scripts/SC-30/2_phase/motordrive.py"""", line 83, in setup_motors     setup_gpio() # LEDなども一緒に準備     ^^^^^^^^^^^^   File """"/home/akatoki/SC-30/scripts/SC-30/2_phase/motordrive.py"""", line 63, in setup_gpio     GPIO.setup(PIN_LED, GPIO.OUT)   File """"/usr/lib/python3/dist-packages/RPi/GPIO/__init__.py"""", line 704, in setup     initial = _check(lgpio.gpio_read(_chip, gpio))                      ^^^^^^^^^^^^^^^^^^^^^^^^^^^^   File """"/usr/lib/python3/dist-packages/lgpio.py"""", line 903, in gpio_read     return _u2i(_lgpio._gpio_read(handle&0xffff, gpio))            ^^^^^^^^^^^^^^^^^^^^^^^^^^^^^^^^^^^^^^^^^^^^   File """"/usr/lib/python3/dist-packages/lgpio.py"""", line 458, in _u2i     raise error(error_text(v)) lgpio.error: 'GPIO not allocated' ""","","","","","","","","","","","","","","","","","","","","","","","","","","","","","","","","","","","","","","","","",""
"95.712405968","2026-08-15 09:26:37.131493","/home/akatoki/SC-30/scripts/SC-30/2_phase/motordrive.py","move","150","","","","move: direction=e, power=0.7, duration=0.1","","","","","","","","","","","","","","","","","","","","","","","","","","","","","","","","","","","","","","","","","",""
"95.738852715","2026-08-15 09:26:37.157951","/home/akatoki/SC-30/scripts/SC-30/2_phase/motordrive.py","setup_motors","86","Motor Setup Error: 'GPIO not allocated'","","","","""Traceback (most recent call last):   File """"/home/akatoki/SC-30/scripts/SC-30/2_phase/motordrive.py"""", line 83, in setup_motors     setup_gpio() # LEDなども一緒に準備     ^^^^^^^^^^^^   File """"/home/akatoki/SC-30/scripts/SC-30/2_phase/motordrive.py"""", line 63, in setup_gpio     GPIO.setup(PIN_LED, GPIO.OUT)   File """"/usr/lib/python3/dist-packages/RPi/GPIO/__init__.py"""", line 704, in setup     initial = _check(lgpio.gpio_read(_chip, gpio))                      ^^^^^^^^^^^^^^^^^^^^^^^^^^^^   File """"/usr/lib/python3/dist-packages/lgpio.py"""", line 903, in gpio_read     return _u2i(_lgpio._gpio_read(handle&0xffff, gpio))            ^^^^^^^^^^^^^^^^^^^^^^^^^^^^^^^^^^^^^^^^^^^^   File """"/usr/lib/python3/dist-packages/lgpio.py"""", line 458, in _u2i     raise error(error_text(v)) lgpio.error: 'GPIO not allocated' ""","","","","","","","","","","","","","","","","","","","","","","","","","","","","","","","","","","","","","","","","",""
"95.895934535","2026-08-15 09:26:37.315019","/home/akatoki/SC-30/scripts/SC-30/2_phase/motordrive.py","move","150","","","","move: direction=e, power=0.7, duration=0.1","","","","","","","","","","","","","","","","","","","","","","","","","","","","","","","","","","","","","","","","","",""
"95.914094453","2026-08-15 09:26:37.333196","/home/akatoki/SC-30/scripts/SC-30/2_phase/motordrive.py","setup_motors","86","Motor Setup Error: 'GPIO not allocated'","","","","""Traceback (most recent call last):   File """"/home/akatoki/SC-30/scripts/SC-30/2_phase/motordrive.py"""", line 83, in setup_motors     setup_gpio() # LEDなども一緒に準備     ^^^^^^^^^^^^   File """"/home/akatoki/SC-30/scripts/SC-30/2_phase/motordrive.py"""", line 63, in setup_gpio     GPIO.setup(PIN_LED, GPIO.OUT)   File """"/usr/lib/python3/dist-packages/RPi/GPIO/__init__.py"""", line 704, in setup     initial = _check(lgpio.gpio_read(_chip, gpio))                      ^^^^^^^^^^^^^^^^^^^^^^^^^^^^   File """"/usr/lib/python3/dist-packages/lgpio.py"""", line 903, in gpio_read     return _u2i(_lgpio._gpio_read(handle&0xffff, gpio))            ^^^^^^^^^^^^^^^^^^^^^^^^^^^^^^^^^^^^^^^^^^^^   File """"/usr/lib/python3/dist-packages/lgpio.py"""", line 458, in _u2i     raise error(error_text(v)) lgpio.error: 'GPIO not allocated' ""","","","","","","","","","","","","","","","","","","","","","","","","","","","","","","","","","","","","","","","","",""
"96.072533314","2026-08-15 09:26:37.491622","/home/akatoki/SC-30/scripts/SC-30/2_phase/motordrive.py","move","150","","","","move: direction=e, power=0.7, duration=0.1","","","","","","","","","","","","","","","","","","","","","","","","","","","","","","","","","","","","","","","","","",""
"96.091518133","2026-08-15 09:26:37.510618","/home/akatoki/SC-30/scripts/SC-30/2_phase/motordrive.py","setup_motors","86","Motor Setup Error: 'GPIO not allocated'","","","","""Traceback (most recent call last):   File """"/home/akatoki/SC-30/scripts/SC-30/2_phase/motordrive.py"""", line 83, in setup_motors     setup_gpio() # LEDなども一緒に準備     ^^^^^^^^^^^^   File """"/home/akatoki/SC-30/scripts/SC-30/2_phase/motordrive.py"""", line 63, in setup_gpio     GPIO.setup(PIN_LED, GPIO.OUT)   File """"/usr/lib/python3/dist-packages/RPi/GPIO/__init__.py"""", line 704, in setup     initial = _check(lgpio.gpio_read(_chip, gpio))                      ^^^^^^^^^^^^^^^^^^^^^^^^^^^^   File """"/usr/lib/python3/dist-packages/lgpio.py"""", line 903, in gpio_read     return _u2i(_lgpio._gpio_read(handle&0xffff, gpio))            ^^^^^^^^^^^^^^^^^^^^^^^^^^^^^^^^^^^^^^^^^^^^   File """"/usr/lib/python3/dist-packages/lgpio.py"""", line 458, in _u2i     raise error(error_text(v)) lgpio.error: 'GPIO not allocated' ""","","","","","","","","","","","","","","","","","","","","","","","","","","","","","","","","","","","","","","","","",""
"96.253730406","2026-08-15 09:26:37.672815","/home/akatoki/SC-30/scripts/SC-30/2_phase/motordrive.py","move","150","","","","move: direction=e, power=0.7, duration=0.1","","","","","","","","","","","","","","","","","","","","","","","","","","","","","","","","","","","","","","","","","",""
"96.272530901","2026-08-15 09:26:37.691638","/home/akatoki/SC-30/scripts/SC-30/2_phase/motordrive.py","setup_motors","86","Motor Setup Error: 'GPIO not allocated'","","","","""Traceback (most recent call last):   File """"/home/akatoki/SC-30/scripts/SC-30/2_phase/motordrive.py"""", line 83, in setup_motors     setup_gpio() # LEDなども一緒に準備     ^^^^^^^^^^^^   File """"/home/akatoki/SC-30/scripts/SC-30/2_phase/motordrive.py"""", line 63, in setup_gpio     GPIO.setup(PIN_LED, GPIO.OUT)   File """"/usr/lib/python3/dist-packages/RPi/GPIO/__init__.py"""", line 704, in setup     initial = _check(lgpio.gpio_read(_chip, gpio))                      ^^^^^^^^^^^^^^^^^^^^^^^^^^^^   File """"/usr/lib/python3/dist-packages/lgpio.py"""", line 903, in gpio_read     return _u2i(_lgpio._gpio_read(handle&0xffff, gpio))            ^^^^^^^^^^^^^^^^^^^^^^^^^^^^^^^^^^^^^^^^^^^^   File """"/usr/lib/python3/dist-packages/lgpio.py"""", line 458, in _u2i     raise error(error_text(v)) lgpio.error: 'GPIO not allocated' ""","","","","","","","","","","","","","","","","","","","","","","","","","","","","","","","","","","","","","","","","",""
"96.284390983","2026-08-15 09:26:37.703484","/home/akatoki/SC-30/scripts/SC-30/2_phase/motordrive.py","move","150","","","","move: direction=w, power=0.7, duration=1.5","","","","","","","","","","","","","","","","","","","","","","","","","","","","","","","","","","","","","","","","","",""
"96.303146947","2026-08-15 09:26:37.722253","/home/akatoki/SC-30/scripts/SC-30/2_phase/motordrive.py","setup_motors","86","Motor Setup Error: 'GPIO not allocated'","","","","""Traceback (most recent call last):   File """"/home/akatoki/SC-30/scripts/SC-30/2_phase/motordrive.py"""", line 83, in setup_motors     setup_gpio() # LEDなども一緒に準備     ^^^^^^^^^^^^   File """"/home/akatoki/SC-30/scripts/SC-30/2_phase/motordrive.py"""", line 63, in setup_gpio     GPIO.setup(PIN_LED, GPIO.OUT)   File """"/usr/lib/python3/dist-packages/RPi/GPIO/__init__.py"""", line 704, in setup     initial = _check(lgpio.gpio_read(_chip, gpio))                      ^^^^^^^^^^^^^^^^^^^^^^^^^^^^   File """"/usr/lib/python3/dist-packages/lgpio.py"""", line 903, in gpio_read     return _u2i(_lgpio._gpio_read(handle&0xffff, gpio))            ^^^^^^^^^^^^^^^^^^^^^^^^^^^^^^^^^^^^^^^^^^^^   File """"/usr/lib/python3/dist-packages/lgpio.py"""", line 458, in _u2i     raise error(error_text(v)) lgpio.error: 'GPIO not allocated' ""","","","","","","","","","","","","","","","","","","","","","","","","","","","","","","","","","","","","","","","","",""
"96.456119207","2026-08-15 09:26:37.875206","/home/akatoki/SC-30/scripts/SC-30/2_phase/motordrive.py","move","150","","","","move: direction=e, power=0.7, duration=0.1","","","","","","","","","","","","","","","","","","","","","","","","","","","","","","","","","","","","","","","","","",""
"96.474668398","2026-08-15 09:26:37.893768","/home/akatoki/SC-30/scripts/SC-30/2_phase/motordrive.py","setup_motors","86","Motor Setup Error: 'GPIO not allocated'","","","","""Traceback (most recent call last):   File """"/home/akatoki/SC-30/scripts/SC-30/2_phase/motordrive.py"""", line 83, in setup_motors     setup_gpio() # LEDなども一緒に準備     ^^^^^^^^^^^^   File """"/home/akatoki/SC-30/scripts/SC-30/2_phase/motordrive.py"""", line 63, in setup_gpio     GPIO.setup(PIN_LED, GPIO.OUT)   File """"/usr/lib/python3/dist-packages/RPi/GPIO/__init__.py"""", line 704, in setup     initial = _check(lgpio.gpio_read(_chip, gpio))                      ^^^^^^^^^^^^^^^^^^^^^^^^^^^^   File """"/usr/lib/python3/dist-packages/lgpio.py"""", line 903, in gpio_read     return _u2i(_lgpio._gpio_read(handle&0xffff, gpio))            ^^^^^^^^^^^^^^^^^^^^^^^^^^^^^^^^^^^^^^^^^^^^   File """"/usr/lib/python3/dist-packages/lgpio.py"""", line 458, in _u2i     raise error(error_text(v)) lgpio.error: 'GPIO not allocated' ""","","","","","","","","","","","","","","","","","","","","","","","","","","","","","","","","","","","","","","","","",""
"96.493614624","2026-08-15 09:26:37.912699","/home/akatoki/SC-30/scripts/SC-30/2_phase/motordrive.py","move","150","","","","move: direction=w, power=0.7, duration=1.5","","","","","","","","","","","","","","","","","","","","","","","","","","","","","","","","","","","","","","","","","",""
"96.511868605","2026-08-15 09:26:37.930968","/home/akatoki/SC-30/scripts/SC-30/2_phase/motordrive.py","setup_motors","86","Motor Setup Error: 'GPIO not allocated'","","","","""Traceback (most recent call last):   File """"/home/akatoki/SC-30/scripts/SC-30/2_phase/motordrive.py"""", line 83, in setup_motors     setup_gpio() # LEDなども一緒に準備     ^^^^^^^^^^^^   File """"/home/akatoki/SC-30/scripts/SC-30/2_phase/motordrive.py"""", line 63, in setup_gpio     GPIO.setup(PIN_LED, GPIO.OUT)   File """"/usr/lib/python3/dist-packages/RPi/GPIO/__init__.py"""", line 704, in setup     initial = _check(lgpio.gpio_read(_chip, gpio))                      ^^^^^^^^^^^^^^^^^^^^^^^^^^^^   File """"/usr/lib/python3/dist-packages/lgpio.py"""", line 903, in gpio_read     return _u2i(_lgpio._gpio_read(handle&0xffff, gpio))            ^^^^^^^^^^^^^^^^^^^^^^^^^^^^^^^^^^^^^^^^^^^^   File """"/usr/lib/python3/dist-packages/lgpio.py"""", line 458, in _u2i     raise error(error_text(v)) lgpio.error: 'GPIO not allocated' ""","","","","","","","","","","","","","","","","","","","","","","","","","","","","","","","","","","","","","","","","",""
"96.665265937","2026-08-15 09:26:38.084354","/home/akatoki/SC-30/scripts/SC-30/2_phase/motordrive.py","move","150","","","","move: direction=e, power=0.7, duration=0.1","","","","","","","","","","","","","","","","","","","","","","","","","","","","","","","","","","","","","","","","","",""
"96.685134608","2026-08-15 09:26:38.104234","/home/akatoki/SC-30/scripts/SC-30/2_phase/motordrive.py","setup_motors","86","Motor Setup Error: 'GPIO not allocated'","","","","""Traceback (most recent call last):   File """"/home/akatoki/SC-30/scripts/SC-30/2_phase/motordrive.py"""", line 83, in setup_motors     setup_gpio() # LEDなども一緒に準備     ^^^^^^^^^^^^   File """"/home/akatoki/SC-30/scripts/SC-30/2_phase/motordrive.py"""", line 63, in setup_gpio     GPIO.setup(PIN_LED, GPIO.OUT)   File """"/usr/lib/python3/dist-packages/RPi/GPIO/__init__.py"""", line 704, in setup     initial = _check(lgpio.gpio_read(_chip, gpio))                      ^^^^^^^^^^^^^^^^^^^^^^^^^^^^   File """"/usr/lib/python3/dist-packages/lgpio.py"""", line 903, in gpio_read     return _u2i(_lgpio._gpio_read(handle&0xffff, gpio))            ^^^^^^^^^^^^^^^^^^^^^^^^^^^^^^^^^^^^^^^^^^^^   File """"/usr/lib/python3/dist-packages/lgpio.py"""", line 458, in _u2i     raise error(error_text(v)) lgpio.error: 'GPIO not allocated' ""","","","","","","","","","","","","","","","","","","","","","","","","","","","","","","","","","","","","","","","","",""
"96.703760094","2026-08-15 09:26:38.122856","/home/akatoki/SC-30/scripts/SC-30/2_phase/motordrive.py","move","150","","","","move: direction=w, power=0.7, duration=1.5","","","","","","","","","","","","","","","","","","","","","","","","","","","","","","","","","","","","","","","","","",""
"96.725527944","2026-08-15 09:26:38.144628","/home/akatoki/SC-30/scripts/SC-30/2_phase/motordrive.py","setup_motors","86","Motor Setup Error: 'GPIO not allocated'","","","","""Traceback (most recent call last):   File """"/home/akatoki/SC-30/scripts/SC-30/2_phase/motordrive.py"""", line 83, in setup_motors     setup_gpio() # LEDなども一緒に準備     ^^^^^^^^^^^^   File """"/home/akatoki/SC-30/scripts/SC-30/2_phase/motordrive.py"""", line 63, in setup_gpio     GPIO.setup(PIN_LED, GPIO.OUT)   File """"/usr/lib/python3/dist-packages/RPi/GPIO/__init__.py"""", line 704, in setup     initial = _check(lgpio.gpio_read(_chip, gpio))                      ^^^^^^^^^^^^^^^^^^^^^^^^^^^^   File """"/usr/lib/python3/dist-packages/lgpio.py"""", line 903, in gpio_read     return _u2i(_lgpio._gpio_read(handle&0xffff, gpio))            ^^^^^^^^^^^^^^^^^^^^^^^^^^^^^^^^^^^^^^^^^^^^   File """"/usr/lib/python3/dist-packages/lgpio.py"""", line 458, in _u2i     raise error(error_text(v)) lgpio.error: 'GPIO not allocated' ""","","","","","","","","","","","","","","","","","","","","","","","","","","","","","","","","","","","","","","","","",""
"96.883446525","2026-08-15 09:26:38.302534","/home/akatoki/SC-30/scripts/SC-30/2_phase/motordrive.py","move","150","","","","move: direction=e, power=0.7, duration=0.1","","","","","","","","","","","","","","","","","","","","","","","","","","","","","","","","","","","","","","","","","",""
"96.904888904","2026-08-15 09:26:38.323995","/home/akatoki/SC-30/scripts/SC-30/2_phase/motordrive.py","setup_motors","86","Motor Setup Error: 'GPIO not allocated'","","","","""Traceback (most recent call last):   File """"/home/akatoki/SC-30/scripts/SC-30/2_phase/motordrive.py"""", line 83, in setup_motors     setup_gpio() # LEDなども一緒に準備     ^^^^^^^^^^^^   File """"/home/akatoki/SC-30/scripts/SC-30/2_phase/motordrive.py"""", line 63, in setup_gpio     GPIO.setup(PIN_LED, GPIO.OUT)   File """"/usr/lib/python3/dist-packages/RPi/GPIO/__init__.py"""", line 704, in setup     initial = _check(lgpio.gpio_read(_chip, gpio))                      ^^^^^^^^^^^^^^^^^^^^^^^^^^^^   File """"/usr/lib/python3/dist-packages/lgpio.py"""", line 903, in gpio_read     return _u2i(_lgpio._gpio_read(handle&0xffff, gpio))            ^^^^^^^^^^^^^^^^^^^^^^^^^^^^^^^^^^^^^^^^^^^^   File """"/usr/lib/python3/dist-packages/lgpio.py"""", line 458, in _u2i     raise error(error_text(v)) lgpio.error: 'GPIO not allocated' ""","","","","","","","","","","","","","","","","","","","","","","","","","","","","","","","","","","","","","","","","",""
"96.926879151","2026-08-15 09:26:38.345967","/home/akatoki/SC-30/scripts/SC-30/2_phase/motordrive.py","move","150","","","","move: direction=w, power=0.7, duration=1.5","","","","","","","","","","","","","","","","","","","","","","","","","","","","","","","","","","","","","","","","","",""
"96.950722379","2026-08-15 09:26:38.369828","/home/akatoki/SC-30/scripts/SC-30/2_phase/motordrive.py","setup_motors","86","Motor Setup Error: 'GPIO not allocated'","","","","""Traceback (most recent call last):   File """"/home/akatoki/SC-30/scripts/SC-30/2_phase/motordrive.py"""", line 83, in setup_motors     setup_gpio() # LEDなども一緒に準備     ^^^^^^^^^^^^   File """"/home/akatoki/SC-30/scripts/SC-30/2_phase/motordrive.py"""", line 63, in setup_gpio     GPIO.setup(PIN_LED, GPIO.OUT)   File """"/usr/lib/python3/dist-packages/RPi/GPIO/__init__.py"""", line 704, in setup     initial = _check(lgpio.gpio_read(_chip, gpio))                      ^^^^^^^^^^^^^^^^^^^^^^^^^^^^   File """"/usr/lib/python3/dist-packages/lgpio.py"""", line 903, in gpio_read     return _u2i(_lgpio._gpio_read(handle&0xffff, gpio))            ^^^^^^^^^^^^^^^^^^^^^^^^^^^^^^^^^^^^^^^^^^^^   File """"/usr/lib/python3/dist-packages/lgpio.py"""", line 458, in _u2i     raise error(error_text(v)) lgpio.error: 'GPIO not allocated' ""","","","","","","","","","","","","","","","","","","","","","","","","","","","","","","","","","","","","","","","","",""
"97.11269682","2026-08-15 09:26:38.531781","/home/akatoki/SC-30/scripts/SC-30/2_phase/motordrive.py","move","150","","","","move: direction=e, power=0.7, duration=0.1","","","","","","","","","","","","","","","","","","","","","","","","","","","","","","","","","","","","","","","","","",""
"97.137508387","2026-08-15 09:26:38.556614","/home/akatoki/SC-30/scripts/SC-30/2_phase/motordrive.py","setup_motors","86","Motor Setup Error: 'GPIO not allocated'","","","","""Traceback (most recent call last):   File """"/home/akatoki/SC-30/scripts/SC-30/2_phase/motordrive.py"""", line 83, in setup_motors     setup_gpio() # LEDなども一緒に準備     ^^^^^^^^^^^^   File """"/home/akatoki/SC-30/scripts/SC-30/2_phase/motordrive.py"""", line 63, in setup_gpio     GPIO.setup(PIN_LED, GPIO.OUT)   File """"/usr/lib/python3/dist-packages/RPi/GPIO/__init__.py"""", line 704, in setup     initial = _check(lgpio.gpio_read(_chip, gpio))                      ^^^^^^^^^^^^^^^^^^^^^^^^^^^^   File """"/usr/lib/python3/dist-packages/lgpio.py"""", line 903, in gpio_read     return _u2i(_lgpio._gpio_read(handle&0xffff, gpio))            ^^^^^^^^^^^^^^^^^^^^^^^^^^^^^^^^^^^^^^^^^^^^   File """"/usr/lib/python3/dist-packages/lgpio.py"""", line 458, in _u2i     raise error(error_text(v)) lgpio.error: 'GPIO not allocated' ""","","","","","","","","","","","","","","","","","","","","","","","","","","","","","","","","","","","","","","","","",""
"97.151190612","2026-08-15 09:26:38.570277","/home/akatoki/SC-30/scripts/SC-30/2_phase/motordrive.py","move","150","","","","move: direction=w, power=0.7, duration=1.5","","","","","","","","","","","","","","","","","","","","","","","","","","","","","","","","","","","","","","","","","",""
"97.168441974","2026-08-15 09:26:38.587553","/home/akatoki/SC-30/scripts/SC-30/2_phase/motordrive.py","setup_motors","86","Motor Setup Error: 'GPIO not allocated'","","","","""Traceback (most recent call last):   File """"/home/akatoki/SC-30/scripts/SC-30/2_phase/motordrive.py"""", line 83, in setup_motors     setup_gpio() # LEDなども一緒に準備     ^^^^^^^^^^^^   File """"/home/akatoki/SC-30/scripts/SC-30/2_phase/motordrive.py"""", line 63, in setup_gpio     GPIO.setup(PIN_LED, GPIO.OUT)   File """"/usr/lib/python3/dist-packages/RPi/GPIO/__init__.py"""", line 704, in setup     initial = _check(lgpio.gpio_read(_chip, gpio))                      ^^^^^^^^^^^^^^^^^^^^^^^^^^^^   File """"/usr/lib/python3/dist-packages/lgpio.py"""", line 903, in gpio_read     return _u2i(_lgpio._gpio_read(handle&0xffff, gpio))            ^^^^^^^^^^^^^^^^^^^^^^^^^^^^^^^^^^^^^^^^^^^^   File """"/usr/lib/python3/dist-packages/lgpio.py"""", line 458, in _u2i     raise error(error_text(v)) lgpio.error: 'GPIO not allocated' ""","","","","","","","","","","","","","","","","","","","","","","","","","","","","","","","","","","","","","","","","",""
"97.32309496","2026-08-15 09:26:38.742181","/home/akatoki/SC-30/scripts/SC-30/2_phase/motordrive.py","move","150","","","","move: direction=e, power=0.7, duration=0.1","","","","","","","","","","","","","","","","","","","","","","","","","","","","","","","","","","","","","","","","","",""
"97.344550881","2026-08-15 09:26:38.763650","/home/akatoki/SC-30/scripts/SC-30/2_phase/motordrive.py","setup_motors","86","Motor Setup Error: 'GPIO not allocated'","","","","""Traceback (most recent call last):   File """"/home/akatoki/SC-30/scripts/SC-30/2_phase/motordrive.py"""", line 83, in setup_motors     setup_gpio() # LEDなども一緒に準備     ^^^^^^^^^^^^   File """"/home/akatoki/SC-30/scripts/SC-30/2_phase/motordrive.py"""", line 63, in setup_gpio     GPIO.setup(PIN_LED, GPIO.OUT)   File """"/usr/lib/python3/dist-packages/RPi/GPIO/__init__.py"""", line 704, in setup     initial = _check(lgpio.gpio_read(_chip, gpio))                      ^^^^^^^^^^^^^^^^^^^^^^^^^^^^   File """"/usr/lib/python3/dist-packages/lgpio.py"""", line 903, in gpio_read     return _u2i(_lgpio._gpio_read(handle&0xffff, gpio))            ^^^^^^^^^^^^^^^^^^^^^^^^^^^^^^^^^^^^^^^^^^^^   File """"/usr/lib/python3/dist-packages/lgpio.py"""", line 458, in _u2i     raise error(error_text(v)) lgpio.error: 'GPIO not allocated' ""","","","","","","","","","","","","","","","","","","","","","","","","","","","","","","","","","","","","","","","","",""
"97.358119459","2026-08-15 09:26:38.777207","/home/akatoki/SC-30/scripts/SC-30/2_phase/motordrive.py","move","150","","","","move: direction=w, power=0.7, duration=1.5","","","","","","","","","","","","","","","","","","","","","","","","","","","","","","","","","","","","","","","","","",""
"97.384645049","2026-08-15 09:26:38.803740","/home/akatoki/SC-30/scripts/SC-30/2_phase/motordrive.py","setup_motors","86","Motor Setup Error: 'GPIO not allocated'","","","","""Traceback (most recent call last):   File """"/home/akatoki/SC-30/scripts/SC-30/2_phase/motordrive.py"""", line 83, in setup_motors     setup_gpio() # LEDなども一緒に準備     ^^^^^^^^^^^^   File """"/home/akatoki/SC-30/scripts/SC-30/2_phase/motordrive.py"""", line 63, in setup_gpio     GPIO.setup(PIN_LED, GPIO.OUT)   File """"/usr/lib/python3/dist-packages/RPi/GPIO/__init__.py"""", line 704, in setup     initial = _check(lgpio.gpio_read(_chip, gpio))                      ^^^^^^^^^^^^^^^^^^^^^^^^^^^^   File """"/usr/lib/python3/dist-packages/lgpio.py"""", line 903, in gpio_read     return _u2i(_lgpio._gpio_read(handle&0xffff, gpio))            ^^^^^^^^^^^^^^^^^^^^^^^^^^^^^^^^^^^^^^^^^^^^   File """"/usr/lib/python3/dist-packages/lgpio.py"""", line 458, in _u2i     raise error(error_text(v)) lgpio.error: 'GPIO not allocated' ""","","","","","","","","","","","","","","","","","","","","","","","","","","","","","","","","","","","","","","","","",""
"97.542825818","2026-08-15 09:26:38.961911","/home/akatoki/SC-30/scripts/SC-30/2_phase/motordrive.py","move","150","","","","move: direction=w, power=0.7, duration=1.5","","","","","","","","","","","","","","","","","","","","","","","","","","","","","","","","","","","","","","","","","",""
"97.562236414","2026-08-15 09:26:38.981339","/home/akatoki/SC-30/scripts/SC-30/2_phase/motordrive.py","setup_motors","86","Motor Setup Error: 'GPIO not allocated'","","","","""Traceback (most recent call last):   File """"/home/akatoki/SC-30/scripts/SC-30/2_phase/motordrive.py"""", line 83, in setup_motors     setup_gpio() # LEDなども一緒に準備     ^^^^^^^^^^^^   File """"/home/akatoki/SC-30/scripts/SC-30/2_phase/motordrive.py"""", line 63, in setup_gpio     GPIO.setup(PIN_LED, GPIO.OUT)   File """"/usr/lib/python3/dist-packages/RPi/GPIO/__init__.py"""", line 704, in setup     initial = _check(lgpio.gpio_read(_chip, gpio))                      ^^^^^^^^^^^^^^^^^^^^^^^^^^^^   File """"/usr/lib/python3/dist-packages/lgpio.py"""", line 903, in gpio_read     return _u2i(_lgpio._gpio_read(handle&0xffff, gpio))            ^^^^^^^^^^^^^^^^^^^^^^^^^^^^^^^^^^^^^^^^^^^^   File """"/usr/lib/python3/dist-packages/lgpio.py"""", line 458, in _u2i     raise error(error_text(v)) lgpio.error: 'GPIO not allocated' ""","","","","","","","","","","","","","","","","","","","","","","","","","","","","","","","","","","","","","","","","",""
"97.723547876","2026-08-15 09:26:39.142633","/home/akatoki/SC-30/scripts/SC-30/2_phase/motordrive.py","move","150","","","","move: direction=w, power=0.7, duration=1.5","","","","","","","","","","","","","","","","","","","","","","","","","","","","","","","","","","","","","","","","","",""
"97.743556175","2026-08-15 09:26:39.162654","/home/akatoki/SC-30/scripts/SC-30/2_phase/motordrive.py","setup_motors","86","Motor Setup Error: 'GPIO not allocated'","","","","""Traceback (most recent call last):   File """"/home/akatoki/SC-30/scripts/SC-30/2_phase/motordrive.py"""", line 83, in setup_motors     setup_gpio() # LEDなども一緒に準備     ^^^^^^^^^^^^   File """"/home/akatoki/SC-30/scripts/SC-30/2_phase/motordrive.py"""", line 63, in setup_gpio     GPIO.setup(PIN_LED, GPIO.OUT)   File """"/usr/lib/python3/dist-packages/RPi/GPIO/__init__.py"""", line 704, in setup     initial = _check(lgpio.gpio_read(_chip, gpio))                      ^^^^^^^^^^^^^^^^^^^^^^^^^^^^   File """"/usr/lib/python3/dist-packages/lgpio.py"""", line 903, in gpio_read     return _u2i(_lgpio._gpio_read(handle&0xffff, gpio))            ^^^^^^^^^^^^^^^^^^^^^^^^^^^^^^^^^^^^^^^^^^^^   File """"/usr/lib/python3/dist-packages/lgpio.py"""", line 458, in _u2i     raise error(error_text(v)) lgpio.error: 'GPIO not allocated' ""","","","","","","","","","","","","","","","","","","","","","","","","","","","","","","","","","","","","","","","","",""
"97.90218256","2026-08-15 09:26:39.321266","/home/akatoki/SC-30/scripts/SC-30/2_phase/motordrive.py","move","150","","","","move: direction=w, power=0.7, duration=1.5","","","","","","","","","","","","","","","","","","","","","","","","","","","","","","","","","","","","","","","","","",""
"97.921655492","2026-08-15 09:26:39.340755","/home/akatoki/SC-30/scripts/SC-30/2_phase/motordrive.py","setup_motors","86","Motor Setup Error: 'GPIO not allocated'","","","","""Traceback (most recent call last):   File """"/home/akatoki/SC-30/scripts/SC-30/2_phase/motordrive.py"""", line 83, in setup_motors     setup_gpio() # LEDなども一緒に準備     ^^^^^^^^^^^^   File """"/home/akatoki/SC-30/scripts/SC-30/2_phase/motordrive.py"""", line 63, in setup_gpio     GPIO.setup(PIN_LED, GPIO.OUT)   File """"/usr/lib/python3/dist-packages/RPi/GPIO/__init__.py"""", line 704, in setup     initial = _check(lgpio.gpio_read(_chip, gpio))                      ^^^^^^^^^^^^^^^^^^^^^^^^^^^^   File """"/usr/lib/python3/dist-packages/lgpio.py"""", line 903, in gpio_read     return _u2i(_lgpio._gpio_read(handle&0xffff, gpio))            ^^^^^^^^^^^^^^^^^^^^^^^^^^^^^^^^^^^^^^^^^^^^   File """"/usr/lib/python3/dist-packages/lgpio.py"""", line 458, in _u2i     raise error(error_text(v)) lgpio.error: 'GPIO not allocated' ""","","","","","","","","","","","","","","","","","","","","","","","","","","","","","","","","","","","","","","","","",""
"98.07439408","2026-08-15 09:26:39.493479","/home/akatoki/SC-30/scripts/SC-30/2_phase/motordrive.py","move","150","","","","move: direction=w, power=0.7, duration=1.5","","","","","","","","","","","","","","","","","","","","","","","","","","","","","","","","","","","","","","","","","",""
"98.095670564","2026-08-15 09:26:39.514772","/home/akatoki/SC-30/scripts/SC-30/2_phase/motordrive.py","setup_motors","86","Motor Setup Error: 'GPIO not allocated'","","","","""Traceback (most recent call last):   File """"/home/akatoki/SC-30/scripts/SC-30/2_phase/motordrive.py"""", line 83, in setup_motors     setup_gpio() # LEDなども一緒に準備     ^^^^^^^^^^^^   File """"/home/akatoki/SC-30/scripts/SC-30/2_phase/motordrive.py"""", line 63, in setup_gpio     GPIO.setup(PIN_LED, GPIO.OUT)   File """"/usr/lib/python3/dist-packages/RPi/GPIO/__init__.py"""", line 704, in setup     initial = _check(lgpio.gpio_read(_chip, gpio))                      ^^^^^^^^^^^^^^^^^^^^^^^^^^^^   File """"/usr/lib/python3/dist-packages/lgpio.py"""", line 903, in gpio_read     return _u2i(_lgpio._gpio_read(handle&0xffff, gpio))            ^^^^^^^^^^^^^^^^^^^^^^^^^^^^^^^^^^^^^^^^^^^^   File """"/usr/lib/python3/dist-packages/lgpio.py"""", line 458, in _u2i     raise error(error_text(v)) lgpio.error: 'GPIO not allocated' ""","","","","","","","","","","","","","","","","","","","","","","","","","","","","","","","","","","","","","","","","",""
"98.248518373","2026-08-15 09:26:39.667615","/home/akatoki/SC-30/scripts/SC-30/2_phase/motordrive.py","move","150","","","","move: direction=w, power=0.7, duration=1.5","","","","","","","","","","","","","","","","","","","","","","","","","","","","","","","","","","","","","","","","","",""
"98.27194987","2026-08-15 09:26:39.691049","/home/akatoki/SC-30/scripts/SC-30/2_phase/motordrive.py","setup_motors","86","Motor Setup Error: 'GPIO not allocated'","","","","""Traceback (most recent call last):   File """"/home/akatoki/SC-30/scripts/SC-30/2_phase/motordrive.py"""", line 83, in setup_motors     setup_gpio() # LEDなども一緒に準備     ^^^^^^^^^^^^   File """"/home/akatoki/SC-30/scripts/SC-30/2_phase/motordrive.py"""", line 63, in setup_gpio     GPIO.setup(PIN_LED, GPIO.OUT)   File """"/usr/lib/python3/dist-packages/RPi/GPIO/__init__.py"""", line 704, in setup     initial = _check(lgpio.gpio_read(_chip, gpio))                      ^^^^^^^^^^^^^^^^^^^^^^^^^^^^   File """"/usr/lib/python3/dist-packages/lgpio.py"""", line 903, in gpio_read     return _u2i(_lgpio._gpio_read(handle&0xffff, gpio))            ^^^^^^^^^^^^^^^^^^^^^^^^^^^^^^^^^^^^^^^^^^^^   File """"/usr/lib/python3/dist-packages/lgpio.py"""", line 458, in _u2i     raise error(error_text(v)) lgpio.error: 'GPIO not allocated' ""","","","","","","","","","","","","","","","","","","","","","","","","","","","","","","","","","","","","","","","","",""
"98.428911453","2026-08-15 09:26:39.847997","/home/akatoki/SC-30/scripts/SC-30/2_phase/motordrive.py","move","150","","","","move: direction=w, power=0.7, duration=1.5","","","","","","","","","","","","","","","","","","","","","","","","","","","","","","","","","","","","","","","","","",""
"98.447110679","2026-08-15 09:26:39.866211","/home/akatoki/SC-30/scripts/SC-30/2_phase/motordrive.py","setup_motors","86","Motor Setup Error: 'GPIO not allocated'","","","","""Traceback (most recent call last):   File """"/home/akatoki/SC-30/scripts/SC-30/2_phase/motordrive.py"""", line 83, in setup_motors     setup_gpio() # LEDなども一緒に準備     ^^^^^^^^^^^^   File """"/home/akatoki/SC-30/scripts/SC-30/2_phase/motordrive.py"""", line 63, in setup_gpio     GPIO.setup(PIN_LED, GPIO.OUT)   File """"/usr/lib/python3/dist-packages/RPi/GPIO/__init__.py"""", line 704, in setup     initial = _check(lgpio.gpio_read(_chip, gpio))                      ^^^^^^^^^^^^^^^^^^^^^^^^^^^^   File """"/usr/lib/python3/dist-packages/lgpio.py"""", line 903, in gpio_read     return _u2i(_lgpio._gpio_read(handle&0xffff, gpio))            ^^^^^^^^^^^^^^^^^^^^^^^^^^^^^^^^^^^^^^^^^^^^   File """"/usr/lib/python3/dist-packages/lgpio.py"""", line 458, in _u2i     raise error(error_text(v)) lgpio.error: 'GPIO not allocated' ""","","","","","","","","","","","","","","","","","","","","","","","","","","","","","","","","","","","","","","","","",""
"98.620896517","2026-08-15 09:26:40.039982","/home/akatoki/SC-30/scripts/SC-30/2_phase/motordrive.py","move","150","","","","move: direction=w, power=0.7, duration=1.5","","","","","","","","","","","","","","","","","","","","","","","","","","","","","","","","","","","","","","","","","",""
"98.640229492","2026-08-15 09:26:40.059334","/home/akatoki/SC-30/scripts/SC-30/2_phase/motordrive.py","setup_motors","86","Motor Setup Error: 'GPIO not allocated'","","","","""Traceback (most recent call last):   File """"/home/akatoki/SC-30/scripts/SC-30/2_phase/motordrive.py"""", line 83, in setup_motors     setup_gpio() # LEDなども一緒に準備     ^^^^^^^^^^^^   File """"/home/akatoki/SC-30/scripts/SC-30/2_phase/motordrive.py"""", line 63, in setup_gpio     GPIO.setup(PIN_LED, GPIO.OUT)   File """"/usr/lib/python3/dist-packages/RPi/GPIO/__init__.py"""", line 704, in setup     initial = _check(lgpio.gpio_read(_chip, gpio))                      ^^^^^^^^^^^^^^^^^^^^^^^^^^^^   File """"/usr/lib/python3/dist-packages/lgpio.py"""", line 903, in gpio_read     return _u2i(_lgpio._gpio_read(handle&0xffff, gpio))            ^^^^^^^^^^^^^^^^^^^^^^^^^^^^^^^^^^^^^^^^^^^^   File """"/usr/lib/python3/dist-packages/lgpio.py"""", line 458, in _u2i     raise error(error_text(v)) lgpio.error: 'GPIO not allocated' ""","","","","","","","","","","","","","","","","","","","","","","","","","","","","","","","","","","","","","","","","",""
"98.805447053","2026-08-15 09:26:40.224533","/home/akatoki/SC-30/scripts/SC-30/2_phase/motordrive.py","move","150","","","","move: direction=w, power=0.7, duration=1.5","","","","","","","","","","","","","","","","","","","","","","","","","","","","","","","","","","","","","","","","","",""
"98.826709987","2026-08-15 09:26:40.245810","/home/akatoki/SC-30/scripts/SC-30/2_phase/motordrive.py","setup_motors","86","Motor Setup Error: 'GPIO not allocated'","","","","""Traceback (most recent call last):   File """"/home/akatoki/SC-30/scripts/SC-30/2_phase/motordrive.py"""", line 83, in setup_motors     setup_gpio() # LEDなども一緒に準備     ^^^^^^^^^^^^   File """"/home/akatoki/SC-30/scripts/SC-30/2_phase/motordrive.py"""", line 63, in setup_gpio     GPIO.setup(PIN_LED, GPIO.OUT)   File """"/usr/lib/python3/dist-packages/RPi/GPIO/__init__.py"""", line 704, in setup     initial = _check(lgpio.gpio_read(_chip, gpio))                      ^^^^^^^^^^^^^^^^^^^^^^^^^^^^   File """"/usr/lib/python3/dist-packages/lgpio.py"""", line 903, in gpio_read     return _u2i(_lgpio._gpio_read(handle&0xffff, gpio))            ^^^^^^^^^^^^^^^^^^^^^^^^^^^^^^^^^^^^^^^^^^^^   File """"/usr/lib/python3/dist-packages/lgpio.py"""", line 458, in _u2i     raise error(error_text(v)) lgpio.error: 'GPIO not allocated' ""","","","","","","","","","","","","","","","","","","","","","","","","","","","","","","","","","","","","","","","","",""
"98.982928693","2026-08-15 09:26:40.402013","/home/akatoki/SC-30/scripts/SC-30/2_phase/motordrive.py","move","150","","","","move: direction=w, power=0.7, duration=1.5","","","","","","","","","","","","","","","","","","","","","","","","","","","","","","","","","","","","","","","","","",""
"99.001513956","2026-08-15 09:26:40.420619","/home/akatoki/SC-30/scripts/SC-30/2_phase/motordrive.py","setup_motors","86","Motor Setup Error: 'GPIO not allocated'","","","","""Traceback (most recent call last):   File """"/home/akatoki/SC-30/scripts/SC-30/2_phase/motordrive.py"""", line 83, in setup_motors     setup_gpio() # LEDなども一緒に準備     ^^^^^^^^^^^^   File """"/home/akatoki/SC-30/scripts/SC-30/2_phase/motordrive.py"""", line 63, in setup_gpio     GPIO.setup(PIN_LED, GPIO.OUT)   File """"/usr/lib/python3/dist-packages/RPi/GPIO/__init__.py"""", line 704, in setup     initial = _check(lgpio.gpio_read(_chip, gpio))                      ^^^^^^^^^^^^^^^^^^^^^^^^^^^^   File """"/usr/lib/python3/dist-packages/lgpio.py"""", line 903, in gpio_read     return _u2i(_lgpio._gpio_read(handle&0xffff, gpio))            ^^^^^^^^^^^^^^^^^^^^^^^^^^^^^^^^^^^^^^^^^^^^   File """"/usr/lib/python3/dist-packages/lgpio.py"""", line 458, in _u2i     raise error(error_text(v)) lgpio.error: 'GPIO not allocated' ""","","","","","","","","","","","","","","","","","","","","","","","","","","","","","","","","","","","","","","","","",""
"99.162135136","2026-08-15 09:26:40.581223","/home/akatoki/SC-30/scripts/SC-30/2_phase/motordrive.py","move","150","","","","move: direction=w, power=0.7, duration=1.5","","","","","","","","","","","","","","","","","","","","","","","","","","","","","","","","","","","","","","","","","",""
"99.179375495","2026-08-15 09:26:40.598475","/home/akatoki/SC-30/scripts/SC-30/2_phase/motordrive.py","setup_motors","86","Motor Setup Error: 'GPIO not allocated'","","","","""Traceback (most recent call last):   File """"/home/akatoki/SC-30/scripts/SC-30/2_phase/motordrive.py"""", line 83, in setup_motors     setup_gpio() # LEDなども一緒に準備     ^^^^^^^^^^^^   File """"/home/akatoki/SC-30/scripts/SC-30/2_phase/motordrive.py"""", line 63, in setup_gpio     GPIO.setup(PIN_LED, GPIO.OUT)   File """"/usr/lib/python3/dist-packages/RPi/GPIO/__init__.py"""", line 704, in setup     initial = _check(lgpio.gpio_read(_chip, gpio))                      ^^^^^^^^^^^^^^^^^^^^^^^^^^^^   File """"/usr/lib/python3/dist-packages/lgpio.py"""", line 903, in gpio_read     return _u2i(_lgpio._gpio_read(handle&0xffff, gpio))            ^^^^^^^^^^^^^^^^^^^^^^^^^^^^^^^^^^^^^^^^^^^^   File """"/usr/lib/python3/dist-packages/lgpio.py"""", line 458, in _u2i     raise error(error_text(v)) lgpio.error: 'GPIO not allocated' ""","","","","","","","","","","","","","","","","","","","","","","","","","","","","","","","","","","","","","","","","",""
"99.340290791","2026-08-15 09:26:40.759376","/home/akatoki/SC-30/scripts/SC-30/2_phase/motordrive.py","move","150","","","","move: direction=w, power=0.7, duration=1.5","","","","","","","","","","","","","","","","","","","","","","","","","","","","","","","","","","","","","","","","","",""
"99.365547862","2026-08-15 09:26:40.784647","/home/akatoki/SC-30/scripts/SC-30/2_phase/motordrive.py","setup_motors","86","Motor Setup Error: 'GPIO not allocated'","","","","""Traceback (most recent call last):   File """"/home/akatoki/SC-30/scripts/SC-30/2_phase/motordrive.py"""", line 83, in setup_motors     setup_gpio() # LEDなども一緒に準備     ^^^^^^^^^^^^   File """"/home/akatoki/SC-30/scripts/SC-30/2_phase/motordrive.py"""", line 63, in setup_gpio     GPIO.setup(PIN_LED, GPIO.OUT)   File """"/usr/lib/python3/dist-packages/RPi/GPIO/__init__.py"""", line 704, in setup     initial = _check(lgpio.gpio_read(_chip, gpio))                      ^^^^^^^^^^^^^^^^^^^^^^^^^^^^   File """"/usr/lib/python3/dist-packages/lgpio.py"""", line 903, in gpio_read     return _u2i(_lgpio._gpio_read(handle&0xffff, gpio))            ^^^^^^^^^^^^^^^^^^^^^^^^^^^^^^^^^^^^^^^^^^^^   File """"/usr/lib/python3/dist-packages/lgpio.py"""", line 458, in _u2i     raise error(error_text(v)) lgpio.error: 'GPIO not allocated' ""","","","","","","","","","","","","","","","","","","","","","","","","","","","","","","","","","","","","","","","","",""
"99.52616274","2026-08-15 09:26:40.945248","/home/akatoki/SC-30/scripts/SC-30/2_phase/motordrive.py","move","150","","","","move: direction=w, power=0.7, duration=1.5","","","","","","","","","","","","","","","","","","","","","","","","","","","","","","","","","","","","","","","","","",""
"99.545846967","2026-08-15 09:26:40.964945","/home/akatoki/SC-30/scripts/SC-30/2_phase/motordrive.py","setup_motors","86","Motor Setup Error: 'GPIO not allocated'","","","","""Traceback (most recent call last):   File """"/home/akatoki/SC-30/scripts/SC-30/2_phase/motordrive.py"""", line 83, in setup_motors     setup_gpio() # LEDなども一緒に準備     ^^^^^^^^^^^^   File """"/home/akatoki/SC-30/scripts/SC-30/2_phase/motordrive.py"""", line 63, in setup_gpio     GPIO.setup(PIN_LED, GPIO.OUT)   File """"/usr/lib/python3/dist-packages/RPi/GPIO/__init__.py"""", line 704, in setup     initial = _check(lgpio.gpio_read(_chip, gpio))                      ^^^^^^^^^^^^^^^^^^^^^^^^^^^^   File """"/usr/lib/python3/dist-packages/lgpio.py"""", line 903, in gpio_read     return _u2i(_lgpio._gpio_read(handle&0xffff, gpio))            ^^^^^^^^^^^^^^^^^^^^^^^^^^^^^^^^^^^^^^^^^^^^   File """"/usr/lib/python3/dist-packages/lgpio.py"""", line 458, in _u2i     raise error(error_text(v)) lgpio.error: 'GPIO not allocated' ""","","","","","","","","","","","","","","","","","","","","","","","","","","","","","","","","","","","","","","","","",""
"99.698326028","2026-08-15 09:26:41.117410","/home/akatoki/SC-30/scripts/SC-30/2_phase/motordrive.py","move","150","","","","move: direction=w, power=0.7, duration=1.5","","","","","","","","","","","","","","","","","","","","","","","","","","","","","","","","","","","","","","","","","",""
"99.715704455","2026-08-15 09:26:41.134807","/home/akatoki/SC-30/scripts/SC-30/2_phase/motordrive.py","setup_motors","86","Motor Setup Error: 'GPIO not allocated'","","","","""Traceback (most recent call last):   File """"/home/akatoki/SC-30/scripts/SC-30/2_phase/motordrive.py"""", line 83, in setup_motors     setup_gpio() # LEDなども一緒に準備     ^^^^^^^^^^^^   File """"/home/akatoki/SC-30/scripts/SC-30/2_phase/motordrive.py"""", line 63, in setup_gpio     GPIO.setup(PIN_LED, GPIO.OUT)   File """"/usr/lib/python3/dist-packages/RPi/GPIO/__init__.py"""", line 704, in setup     initial = _check(lgpio.gpio_read(_chip, gpio))                      ^^^^^^^^^^^^^^^^^^^^^^^^^^^^   File """"/usr/lib/python3/dist-packages/lgpio.py"""", line 903, in gpio_read     return _u2i(_lgpio._gpio_read(handle&0xffff, gpio))            ^^^^^^^^^^^^^^^^^^^^^^^^^^^^^^^^^^^^^^^^^^^^   File """"/usr/lib/python3/dist-packages/lgpio.py"""", line 458, in _u2i     raise error(error_text(v)) lgpio.error: 'GPIO not allocated' ""","","","","","","","","","","","","","","","","","","","","","","","","","","","","","","","","","","","","","","","","",""
"99.873121237","2026-08-15 09:26:41.292206","/home/akatoki/SC-30/scripts/SC-30/2_phase/motordrive.py","move","150","","","","move: direction=w, power=0.7, duration=1.5","","","","","","","","","","","","","","","","","","","","","","","","","","","","","","","","","","","","","","","","","",""
"99.891143157","2026-08-15 09:26:41.310249","/home/akatoki/SC-30/scripts/SC-30/2_phase/motordrive.py","setup_motors","86","Motor Setup Error: 'GPIO not allocated'","","","","""Traceback (most recent call last):   File """"/home/akatoki/SC-30/scripts/SC-30/2_phase/motordrive.py"""", line 83, in setup_motors     setup_gpio() # LEDなども一緒に準備     ^^^^^^^^^^^^   File """"/home/akatoki/SC-30/scripts/SC-30/2_phase/motordrive.py"""", line 63, in setup_gpio     GPIO.setup(PIN_LED, GPIO.OUT)   File """"/usr/lib/python3/dist-packages/RPi/GPIO/__init__.py"""", line 704, in setup     initial = _check(lgpio.gpio_read(_chip, gpio))                      ^^^^^^^^^^^^^^^^^^^^^^^^^^^^   File """"/usr/lib/python3/dist-packages/lgpio.py"""", line 903, in gpio_read     return _u2i(_lgpio._gpio_read(handle&0xffff, gpio))            ^^^^^^^^^^^^^^^^^^^^^^^^^^^^^^^^^^^^^^^^^^^^   File """"/usr/lib/python3/dist-packages/lgpio.py"""", line 458, in _u2i     raise error(error_text(v)) lgpio.error: 'GPIO not allocated' ""","","","","","","","","","","","","","","","","","","","","","","","","","","","","","","","","","","","","","","","","",""
"100.051409329","2026-08-15 09:26:41.470493","/home/akatoki/SC-30/scripts/SC-30/2_phase/motordrive.py","move","150","","","","move: direction=w, power=0.7, duration=1.5","","","","","","","","","","","","","","","","","","","","","","","","","","","","","","","","","","","","","","","","","",""
"100.068829995","2026-08-15 09:26:41.487936","/home/akatoki/SC-30/scripts/SC-30/2_phase/motordrive.py","setup_motors","86","Motor Setup Error: 'GPIO not allocated'","","","","""Traceback (most recent call last):   File """"/home/akatoki/SC-30/scripts/SC-30/2_phase/motordrive.py"""", line 83, in setup_motors     setup_gpio() # LEDなども一緒に準備     ^^^^^^^^^^^^   File """"/home/akatoki/SC-30/scripts/SC-30/2_phase/motordrive.py"""", line 63, in setup_gpio     GPIO.setup(PIN_LED, GPIO.OUT)   File """"/usr/lib/python3/dist-packages/RPi/GPIO/__init__.py"""", line 704, in setup     initial = _check(lgpio.gpio_read(_chip, gpio))                      ^^^^^^^^^^^^^^^^^^^^^^^^^^^^   File """"/usr/lib/python3/dist-packages/lgpio.py"""", line 903, in gpio_read     return _u2i(_lgpio._gpio_read(handle&0xffff, gpio))            ^^^^^^^^^^^^^^^^^^^^^^^^^^^^^^^^^^^^^^^^^^^^   File """"/usr/lib/python3/dist-packages/lgpio.py"""", line 458, in _u2i     raise error(error_text(v)) lgpio.error: 'GPIO not allocated' ""","","","","","","","","","","","","","","","","","","","","","","","","","","","","","","","","","","","","","","","","",""
"100.228463456","2026-08-15 09:26:41.647548","/home/akatoki/SC-30/scripts/SC-30/2_phase/motordrive.py","move","150","","","","move: direction=w, power=0.7, duration=1.5","","","","","","","","","","","","","","","","","","","","","","","","","","","","","","","","","","","","","","","","","",""
"100.25239848","2026-08-15 09:26:41.671503","/home/akatoki/SC-30/scripts/SC-30/2_phase/motordrive.py","setup_motors","86","Motor Setup Error: 'GPIO not allocated'","","","","""Traceback (most recent call last):   File """"/home/akatoki/SC-30/scripts/SC-30/2_phase/motordrive.py"""", line 83, in setup_motors     setup_gpio() # LEDなども一緒に準備     ^^^^^^^^^^^^   File """"/home/akatoki/SC-30/scripts/SC-30/2_phase/motordrive.py"""", line 63, in setup_gpio     GPIO.setup(PIN_LED, GPIO.OUT)   File """"/usr/lib/python3/dist-packages/RPi/GPIO/__init__.py"""", line 704, in setup     initial = _check(lgpio.gpio_read(_chip, gpio))                      ^^^^^^^^^^^^^^^^^^^^^^^^^^^^   File """"/usr/lib/python3/dist-packages/lgpio.py"""", line 903, in gpio_read     return _u2i(_lgpio._gpio_read(handle&0xffff, gpio))            ^^^^^^^^^^^^^^^^^^^^^^^^^^^^^^^^^^^^^^^^^^^^   File """"/usr/lib/python3/dist-packages/lgpio.py"""", line 458, in _u2i     raise error(error_text(v)) lgpio.error: 'GPIO not allocated' ""","","","","","","","","","","","","","","","","","","","","","","","","","","","","","","","","","","","","","","","","",""
"100.407277228","2026-08-15 09:26:41.826363","/home/akatoki/SC-30/scripts/SC-30/2_phase/motordrive.py","move","150","","","","move: direction=w, power=0.7, duration=1.5","","","","","","","","","","","","","","","","","","","","","","","","","","","","","","","","","","","","","","","","","",""
"100.424820812","2026-08-15 09:26:41.843920","/home/akatoki/SC-30/scripts/SC-30/2_phase/motordrive.py","setup_motors","86","Motor Setup Error: 'GPIO not allocated'","","","","""Traceback (most recent call last):   File """"/home/akatoki/SC-30/scripts/SC-30/2_phase/motordrive.py"""", line 83, in setup_motors     setup_gpio() # LEDなども一緒に準備     ^^^^^^^^^^^^   File """"/home/akatoki/SC-30/scripts/SC-30/2_phase/motordrive.py"""", line 63, in setup_gpio     GPIO.setup(PIN_LED, GPIO.OUT)   File """"/usr/lib/python3/dist-packages/RPi/GPIO/__init__.py"""", line 704, in setup     initial = _check(lgpio.gpio_read(_chip, gpio))                      ^^^^^^^^^^^^^^^^^^^^^^^^^^^^   File """"/usr/lib/python3/dist-packages/lgpio.py"""", line 903, in gpio_read     return _u2i(_lgpio._gpio_read(handle&0xffff, gpio))            ^^^^^^^^^^^^^^^^^^^^^^^^^^^^^^^^^^^^^^^^^^^^   File """"/usr/lib/python3/dist-packages/lgpio.py"""", line 458, in _u2i     raise error(error_text(v)) lgpio.error: 'GPIO not allocated' ""","","","","","","","","","","","","","","","","","","","","","","","","","","","","","","","","","","","","","","","","",""
"100.584372345","2026-08-15 09:26:42.003457","/home/akatoki/SC-30/scripts/SC-30/2_phase/motordrive.py","move","150","","","","move: direction=w, power=0.7, duration=1.5","","","","","","","","","","","","","","","","","","","","","","","","","","","","","","","","","","","","","","","","","",""
"100.602026496","2026-08-15 09:26:42.021127","/home/akatoki/SC-30/scripts/SC-30/2_phase/motordrive.py","setup_motors","86","Motor Setup Error: 'GPIO not allocated'","","","","""Traceback (most recent call last):   File """"/home/akatoki/SC-30/scripts/SC-30/2_phase/motordrive.py"""", line 83, in setup_motors     setup_gpio() # LEDなども一緒に準備     ^^^^^^^^^^^^   File """"/home/akatoki/SC-30/scripts/SC-30/2_phase/motordrive.py"""", line 63, in setup_gpio     GPIO.setup(PIN_LED, GPIO.OUT)   File """"/usr/lib/python3/dist-packages/RPi/GPIO/__init__.py"""", line 704, in setup     initial = _check(lgpio.gpio_read(_chip, gpio))                      ^^^^^^^^^^^^^^^^^^^^^^^^^^^^   File """"/usr/lib/python3/dist-packages/lgpio.py"""", line 903, in gpio_read     return _u2i(_lgpio._gpio_read(handle&0xffff, gpio))            ^^^^^^^^^^^^^^^^^^^^^^^^^^^^^^^^^^^^^^^^^^^^   File """"/usr/lib/python3/dist-packages/lgpio.py"""", line 458, in _u2i     raise error(error_text(v)) lgpio.error: 'GPIO not allocated' ""","","","","","","","","","","","","","","","","","","","","","","","","","","","","","","","","","","","","","","","","",""
"100.758566398","2026-08-15 09:26:42.177653","/home/akatoki/SC-30/scripts/SC-30/2_phase/motordrive.py","move","150","","","","move: direction=w, power=0.7, duration=1.5","","","","","","","","","","","","","","","","","","","","","","","","","","","","","","","","","","","","","","","","","",""
"100.783137511","2026-08-15 09:26:42.202236","/home/akatoki/SC-30/scripts/SC-30/2_phase/motordrive.py","setup_motors","86","Motor Setup Error: 'GPIO not allocated'","","","","""Traceback (most recent call last):   File """"/home/akatoki/SC-30/scripts/SC-30/2_phase/motordrive.py"""", line 83, in setup_motors     setup_gpio() # LEDなども一緒に準備     ^^^^^^^^^^^^   File """"/home/akatoki/SC-30/scripts/SC-30/2_phase/motordrive.py"""", line 63, in setup_gpio     GPIO.setup(PIN_LED, GPIO.OUT)   File """"/usr/lib/python3/dist-packages/RPi/GPIO/__init__.py"""", line 704, in setup     initial = _check(lgpio.gpio_read(_chip, gpio))                      ^^^^^^^^^^^^^^^^^^^^^^^^^^^^   File """"/usr/lib/python3/dist-packages/lgpio.py"""", line 903, in gpio_read     return _u2i(_lgpio._gpio_read(handle&0xffff, gpio))            ^^^^^^^^^^^^^^^^^^^^^^^^^^^^^^^^^^^^^^^^^^^^   File """"/usr/lib/python3/dist-packages/lgpio.py"""", line 458, in _u2i     raise error(error_text(v)) lgpio.error: 'GPIO not allocated' ""","","","","","","","","","","","","","","","","","","","","","","","","","","","","","","","","","","","","","","","","",""
"100.936197917","2026-08-15 09:26:42.355282","/home/akatoki/SC-30/scripts/SC-30/2_phase/motordrive.py","move","150","","","","move: direction=w, power=0.7, duration=1.5","","","","","","","","","","","","","","","","","","","","","","","","","","","","","","","","","","","","","","","","","",""
"100.959097042","2026-08-15 09:26:42.378198","/home/akatoki/SC-30/scripts/SC-30/2_phase/motordrive.py","setup_motors","86","Motor Setup Error: 'GPIO not allocated'","","","","""Traceback (most recent call last):   File """"/home/akatoki/SC-30/scripts/SC-30/2_phase/motordrive.py"""", line 83, in setup_motors     setup_gpio() # LEDなども一緒に準備     ^^^^^^^^^^^^   File """"/home/akatoki/SC-30/scripts/SC-30/2_phase/motordrive.py"""", line 63, in setup_gpio     GPIO.setup(PIN_LED, GPIO.OUT)   File """"/usr/lib/python3/dist-packages/RPi/GPIO/__init__.py"""", line 704, in setup     initial = _check(lgpio.gpio_read(_chip, gpio))                      ^^^^^^^^^^^^^^^^^^^^^^^^^^^^   File """"/usr/lib/python3/dist-packages/lgpio.py"""", line 903, in gpio_read     return _u2i(_lgpio._gpio_read(handle&0xffff, gpio))            ^^^^^^^^^^^^^^^^^^^^^^^^^^^^^^^^^^^^^^^^^^^^   File """"/usr/lib/python3/dist-packages/lgpio.py"""", line 458, in _u2i     raise error(error_text(v)) lgpio.error: 'GPIO not allocated' ""","","","","","","","","","","","","","","","","","","","","","","","","","","","","","","","","","","","","","","","","",""
"101.119868788","2026-08-15 09:26:42.538953","/home/akatoki/SC-30/scripts/SC-30/2_phase/motordrive.py","move","150","","","","move: direction=w, power=0.7, duration=1.5","","","","","","","","","","","","","","","","","","","","","","","","","","","","","","","","","","","","","","","","","",""
"101.144711101","2026-08-15 09:26:42.563811","/home/akatoki/SC-30/scripts/SC-30/2_phase/motordrive.py","setup_motors","86","Motor Setup Error: 'GPIO not allocated'","","","","""Traceback (most recent call last):   File """"/home/akatoki/SC-30/scripts/SC-30/2_phase/motordrive.py"""", line 83, in setup_motors     setup_gpio() # LEDなども一緒に準備     ^^^^^^^^^^^^   File """"/home/akatoki/SC-30/scripts/SC-30/2_phase/motordrive.py"""", line 63, in setup_gpio     GPIO.setup(PIN_LED, GPIO.OUT)   File """"/usr/lib/python3/dist-packages/RPi/GPIO/__init__.py"""", line 704, in setup     initial = _check(lgpio.gpio_read(_chip, gpio))                      ^^^^^^^^^^^^^^^^^^^^^^^^^^^^   File """"/usr/lib/python3/dist-packages/lgpio.py"""", line 903, in gpio_read     return _u2i(_lgpio._gpio_read(handle&0xffff, gpio))            ^^^^^^^^^^^^^^^^^^^^^^^^^^^^^^^^^^^^^^^^^^^^   File """"/usr/lib/python3/dist-packages/lgpio.py"""", line 458, in _u2i     raise error(error_text(v)) lgpio.error: 'GPIO not allocated' ""","","","","","","","","","","","","","","","","","","","","","","","","","","","","","","","","","","","","","","","","",""
"101.300757928","2026-08-15 09:26:42.719842","/home/akatoki/SC-30/scripts/SC-30/2_phase/motordrive.py","move","150","","","","move: direction=w, power=0.7, duration=1.5","","","","","","","","","","","","","","","","","","","","","","","","","","","","","","","","","","","","","","","","","",""
"101.320608027","2026-08-15 09:26:42.739709","/home/akatoki/SC-30/scripts/SC-30/2_phase/motordrive.py","setup_motors","86","Motor Setup Error: 'GPIO not allocated'","","","","""Traceback (most recent call last):   File """"/home/akatoki/SC-30/scripts/SC-30/2_phase/motordrive.py"""", line 83, in setup_motors     setup_gpio() # LEDなども一緒に準備     ^^^^^^^^^^^^   File """"/home/akatoki/SC-30/scripts/SC-30/2_phase/motordrive.py"""", line 63, in setup_gpio     GPIO.setup(PIN_LED, GPIO.OUT)   File """"/usr/lib/python3/dist-packages/RPi/GPIO/__init__.py"""", line 704, in setup     initial = _check(lgpio.gpio_read(_chip, gpio))                      ^^^^^^^^^^^^^^^^^^^^^^^^^^^^   File """"/usr/lib/python3/dist-packages/lgpio.py"""", line 903, in gpio_read     return _u2i(_lgpio._gpio_read(handle&0xffff, gpio))            ^^^^^^^^^^^^^^^^^^^^^^^^^^^^^^^^^^^^^^^^^^^^   File """"/usr/lib/python3/dist-packages/lgpio.py"""", line 458, in _u2i     raise error(error_text(v)) lgpio.error: 'GPIO not allocated' ""","","","","","","","","","","","","","","","","","","","","","","","","","","","","","","","","","","","","","","","","",""
"101.480426383","2026-08-15 09:26:42.899513","/home/akatoki/SC-30/scripts/SC-30/2_phase/motordrive.py","move","150","","","","move: direction=w, power=0.7, duration=1.5","","","","","","","","","","","","","","","","","","","","","","","","","","","","","","","","","","","","","","","","","",""
"101.499073404","2026-08-15 09:26:42.918176","/home/akatoki/SC-30/scripts/SC-30/2_phase/motordrive.py","setup_motors","86","Motor Setup Error: 'GPIO not allocated'","","","","""Traceback (most recent call last):   File """"/home/akatoki/SC-30/scripts/SC-30/2_phase/motordrive.py"""", line 83, in setup_motors     setup_gpio() # LEDなども一緒に準備     ^^^^^^^^^^^^   File """"/home/akatoki/SC-30/scripts/SC-30/2_phase/motordrive.py"""", line 63, in setup_gpio     GPIO.setup(PIN_LED, GPIO.OUT)   File """"/usr/lib/python3/dist-packages/RPi/GPIO/__init__.py"""", line 704, in setup     initial = _check(lgpio.gpio_read(_chip, gpio))                      ^^^^^^^^^^^^^^^^^^^^^^^^^^^^   File """"/usr/lib/python3/dist-packages/lgpio.py"""", line 903, in gpio_read     return _u2i(_lgpio._gpio_read(handle&0xffff, gpio))            ^^^^^^^^^^^^^^^^^^^^^^^^^^^^^^^^^^^^^^^^^^^^   File """"/usr/lib/python3/dist-packages/lgpio.py"""", line 458, in _u2i     raise error(error_text(v)) lgpio.error: 'GPIO not allocated' ""","","","","","","","","","","","","","","","","","","","","","","","","","","","","","","","","","","","","","","","","",""
"101.652428425","2026-08-15 09:26:43.071513","/home/akatoki/SC-30/scripts/SC-30/2_phase/motordrive.py","move","150","","","","move: direction=w, power=0.7, duration=1.5","","","","","","","","","","","","","","","","","","","","","","","","","","","","","","","","","","","","","","","","","",""
"101.671751277","2026-08-15 09:26:43.090851","/home/akatoki/SC-30/scripts/SC-30/2_phase/motordrive.py","setup_motors","86","Motor Setup Error: 'GPIO not allocated'","","","","""Traceback (most recent call last):   File """"/home/akatoki/SC-30/scripts/SC-30/2_phase/motordrive.py"""", line 83, in setup_motors     setup_gpio() # LEDなども一緒に準備     ^^^^^^^^^^^^   File """"/home/akatoki/SC-30/scripts/SC-30/2_phase/motordrive.py"""", line 63, in setup_gpio     GPIO.setup(PIN_LED, GPIO.OUT)   File """"/usr/lib/python3/dist-packages/RPi/GPIO/__init__.py"""", line 704, in setup     initial = _check(lgpio.gpio_read(_chip, gpio))                      ^^^^^^^^^^^^^^^^^^^^^^^^^^^^   File """"/usr/lib/python3/dist-packages/lgpio.py"""", line 903, in gpio_read     return _u2i(_lgpio._gpio_read(handle&0xffff, gpio))            ^^^^^^^^^^^^^^^^^^^^^^^^^^^^^^^^^^^^^^^^^^^^   File """"/usr/lib/python3/dist-packages/lgpio.py"""", line 458, in _u2i     raise error(error_text(v)) lgpio.error: 'GPIO not allocated' ""","","","","","","","","","","","","","","","","","","","","","","","","","","","","","","","","","","","","","","","","",""
"101.833412351","2026-08-15 09:26:43.252497","/home/akatoki/SC-30/scripts/SC-30/2_phase/motordrive.py","move","150","","","","move: direction=w, power=0.7, duration=1.5","","","","","","","","","","","","","","","","","","","","","","","","","","","","","","","","","","","","","","","","","",""
"101.853836614","2026-08-15 09:26:43.272935","/home/akatoki/SC-30/scripts/SC-30/2_phase/motordrive.py","setup_motors","86","Motor Setup Error: 'GPIO not allocated'","","","","""Traceback (most recent call last):   File """"/home/akatoki/SC-30/scripts/SC-30/2_phase/motordrive.py"""", line 83, in setup_motors     setup_gpio() # LEDなども一緒に準備     ^^^^^^^^^^^^   File """"/home/akatoki/SC-30/scripts/SC-30/2_phase/motordrive.py"""", line 63, in setup_gpio     GPIO.setup(PIN_LED, GPIO.OUT)   File """"/usr/lib/python3/dist-packages/RPi/GPIO/__init__.py"""", line 704, in setup     initial = _check(lgpio.gpio_read(_chip, gpio))                      ^^^^^^^^^^^^^^^^^^^^^^^^^^^^   File """"/usr/lib/python3/dist-packages/lgpio.py"""", line 903, in gpio_read     return _u2i(_lgpio._gpio_read(handle&0xffff, gpio))            ^^^^^^^^^^^^^^^^^^^^^^^^^^^^^^^^^^^^^^^^^^^^   File """"/usr/lib/python3/dist-packages/lgpio.py"""", line 458, in _u2i     raise error(error_text(v)) lgpio.error: 'GPIO not allocated' ""","","","","","","","","","","","","","","","","","","","","","","","","","","","","","","","","","","","","","","","","",""
"102.010977355","2026-08-15 09:26:43.430066","/home/akatoki/SC-30/scripts/SC-30/2_phase/motordrive.py","move","150","","","","move: direction=w, power=0.7, duration=1.5","","","","","","","","","","","","","","","","","","","","","","","","","","","","","","","","","","","","","","","","","",""
"102.037805867","2026-08-15 09:26:43.456910","/home/akatoki/SC-30/scripts/SC-30/2_phase/motordrive.py","setup_motors","86","Motor Setup Error: 'GPIO not allocated'","","","","""Traceback (most recent call last):   File """"/home/akatoki/SC-30/scripts/SC-30/2_phase/motordrive.py"""", line 83, in setup_motors     setup_gpio() # LEDなども一緒に準備     ^^^^^^^^^^^^   File """"/home/akatoki/SC-30/scripts/SC-30/2_phase/motordrive.py"""", line 63, in setup_gpio     GPIO.setup(PIN_LED, GPIO.OUT)   File """"/usr/lib/python3/dist-packages/RPi/GPIO/__init__.py"""", line 704, in setup     initial = _check(lgpio.gpio_read(_chip, gpio))                      ^^^^^^^^^^^^^^^^^^^^^^^^^^^^   File """"/usr/lib/python3/dist-packages/lgpio.py"""", line 903, in gpio_read     return _u2i(_lgpio._gpio_read(handle&0xffff, gpio))            ^^^^^^^^^^^^^^^^^^^^^^^^^^^^^^^^^^^^^^^^^^^^   File """"/usr/lib/python3/dist-packages/lgpio.py"""", line 458, in _u2i     raise error(error_text(v)) lgpio.error: 'GPIO not allocated' ""","","","","","","","","","","","","","","","","","","","","","","","","","","","","","","","","","","","","","","","","",""
"102.204973999","2026-08-15 09:26:43.624058","/home/akatoki/SC-30/scripts/SC-30/2_phase/motordrive.py","move","150","","","","move: direction=w, power=0.7, duration=1.5","","","","","","","","","","","","","","","","","","","","","","","","","","","","","","","","","","","","","","","","","",""
"102.222441634","2026-08-15 09:26:43.641551","/home/akatoki/SC-30/scripts/SC-30/2_phase/motordrive.py","setup_motors","86","Motor Setup Error: 'GPIO not allocated'","","","","""Traceback (most recent call last):   File """"/home/akatoki/SC-30/scripts/SC-30/2_phase/motordrive.py"""", line 83, in setup_motors     setup_gpio() # LEDなども一緒に準備     ^^^^^^^^^^^^   File """"/home/akatoki/SC-30/scripts/SC-30/2_phase/motordrive.py"""", line 63, in setup_gpio     GPIO.setup(PIN_LED, GPIO.OUT)   File """"/usr/lib/python3/dist-packages/RPi/GPIO/__init__.py"""", line 704, in setup     initial = _check(lgpio.gpio_read(_chip, gpio))                      ^^^^^^^^^^^^^^^^^^^^^^^^^^^^   File """"/usr/lib/python3/dist-packages/lgpio.py"""", line 903, in gpio_read     return _u2i(_lgpio._gpio_read(handle&0xffff, gpio))            ^^^^^^^^^^^^^^^^^^^^^^^^^^^^^^^^^^^^^^^^^^^^   File """"/usr/lib/python3/dist-packages/lgpio.py"""", line 458, in _u2i     raise error(error_text(v)) lgpio.error: 'GPIO not allocated' ""","","","","","","","","","","","","","","","","","","","","","","","","","","","","","","","","","","","","","","","","",""
"102.379739355","2026-08-15 09:26:43.798827","/home/akatoki/SC-30/scripts/SC-30/2_phase/motordrive.py","move","150","","","","move: direction=w, power=0.7, duration=1.5","","","","","","","","","","","","","","","","","","","","","","","","","","","","","","","","","","","","","","","","","",""
"102.397860013","2026-08-15 09:26:43.816964","/home/akatoki/SC-30/scripts/SC-30/2_phase/motordrive.py","setup_motors","86","Motor Setup Error: 'GPIO not allocated'","","","","""Traceback (most recent call last):   File """"/home/akatoki/SC-30/scripts/SC-30/2_phase/motordrive.py"""", line 83, in setup_motors     setup_gpio() # LEDなども一緒に準備     ^^^^^^^^^^^^   File """"/home/akatoki/SC-30/scripts/SC-30/2_phase/motordrive.py"""", line 63, in setup_gpio     GPIO.setup(PIN_LED, GPIO.OUT)   File """"/usr/lib/python3/dist-packages/RPi/GPIO/__init__.py"""", line 704, in setup     initial = _check(lgpio.gpio_read(_chip, gpio))                      ^^^^^^^^^^^^^^^^^^^^^^^^^^^^   File """"/usr/lib/python3/dist-packages/lgpio.py"""", line 903, in gpio_read     return _u2i(_lgpio._gpio_read(handle&0xffff, gpio))            ^^^^^^^^^^^^^^^^^^^^^^^^^^^^^^^^^^^^^^^^^^^^   File """"/usr/lib/python3/dist-packages/lgpio.py"""", line 458, in _u2i     raise error(error_text(v)) lgpio.error: 'GPIO not allocated' ""","","","","","","","","","","","","","","","","","","","","","","","","","","","","","","","","","","","","","","","","",""
"102.548961351","2026-08-15 09:26:43.968047","/home/akatoki/SC-30/scripts/SC-30/2_phase/motordrive.py","move","150","","","","move: direction=w, power=0.7, duration=1.5","","","","","","","","","","","","","","","","","","","","","","","","","","","","","","","","","","","","","","","","","",""
"102.571941615","2026-08-15 09:26:43.991047","/home/akatoki/SC-30/scripts/SC-30/2_phase/motordrive.py","setup_motors","86","Motor Setup Error: 'GPIO not allocated'","","","","""Traceback (most recent call last):   File """"/home/akatoki/SC-30/scripts/SC-30/2_phase/motordrive.py"""", line 83, in setup_motors     setup_gpio() # LEDなども一緒に準備     ^^^^^^^^^^^^   File """"/home/akatoki/SC-30/scripts/SC-30/2_phase/motordrive.py"""", line 63, in setup_gpio     GPIO.setup(PIN_LED, GPIO.OUT)   File """"/usr/lib/python3/dist-packages/RPi/GPIO/__init__.py"""", line 704, in setup     initial = _check(lgpio.gpio_read(_chip, gpio))                      ^^^^^^^^^^^^^^^^^^^^^^^^^^^^   File """"/usr/lib/python3/dist-packages/lgpio.py"""", line 903, in gpio_read     return _u2i(_lgpio._gpio_read(handle&0xffff, gpio))            ^^^^^^^^^^^^^^^^^^^^^^^^^^^^^^^^^^^^^^^^^^^^   File """"/usr/lib/python3/dist-packages/lgpio.py"""", line 458, in _u2i     raise error(error_text(v)) lgpio.error: 'GPIO not allocated' ""","","","","","","","","","","","","","","","","","","","","","","","","","","","","","","","","","","","","","","","","",""
"102.723991354","2026-08-15 09:26:44.143155","/home/akatoki/SC-30/scripts/SC-30/2_phase/motordrive.py","move","150","","","","move: direction=w, power=0.7, duration=1.5","","","","","","","","","","","","","","","","","","","","","","","","","","","","","","","","","","","","","","","","","",""
"102.746722288","2026-08-15 09:26:44.165833","/home/akatoki/SC-30/scripts/SC-30/2_phase/motordrive.py","setup_motors","86","Motor Setup Error: 'GPIO not allocated'","","","","""Traceback (most recent call last):   File """"/home/akatoki/SC-30/scripts/SC-30/2_phase/motordrive.py"""", line 83, in setup_motors     setup_gpio() # LEDなども一緒に準備     ^^^^^^^^^^^^   File """"/home/akatoki/SC-30/scripts/SC-30/2_phase/motordrive.py"""", line 63, in setup_gpio     GPIO.setup(PIN_LED, GPIO.OUT)   File """"/usr/lib/python3/dist-packages/RPi/GPIO/__init__.py"""", line 704, in setup     initial = _check(lgpio.gpio_read(_chip, gpio))                      ^^^^^^^^^^^^^^^^^^^^^^^^^^^^   File """"/usr/lib/python3/dist-packages/lgpio.py"""", line 903, in gpio_read     return _u2i(_lgpio._gpio_read(handle&0xffff, gpio))            ^^^^^^^^^^^^^^^^^^^^^^^^^^^^^^^^^^^^^^^^^^^^   File """"/usr/lib/python3/dist-packages/lgpio.py"""", line 458, in _u2i     raise error(error_text(v)) lgpio.error: 'GPIO not allocated' ""","","","","","","","","","","","","","","","","","","","","","","","","","","","","","","","","","","","","","","","","",""
"102.902313496","2026-08-15 09:26:44.321400","/home/akatoki/SC-30/scripts/SC-30/2_phase/motordrive.py","move","150","","","","move: direction=w, power=0.7, duration=1.5","","","","","","","","","","","","","","","","","","","","","","","","","","","","","","","","","","","","","","","","","",""
"102.925946778","2026-08-15 09:26:44.345048","/home/akatoki/SC-30/scripts/SC-30/2_phase/motordrive.py","setup_motors","86","Motor Setup Error: 'GPIO not allocated'","","","","""Traceback (most recent call last):   File """"/home/akatoki/SC-30/scripts/SC-30/2_phase/motordrive.py"""", line 83, in setup_motors     setup_gpio() # LEDなども一緒に準備     ^^^^^^^^^^^^   File """"/home/akatoki/SC-30/scripts/SC-30/2_phase/motordrive.py"""", line 63, in setup_gpio     GPIO.setup(PIN_LED, GPIO.OUT)   File """"/usr/lib/python3/dist-packages/RPi/GPIO/__init__.py"""", line 704, in setup     initial = _check(lgpio.gpio_read(_chip, gpio))                      ^^^^^^^^^^^^^^^^^^^^^^^^^^^^   File """"/usr/lib/python3/dist-packages/lgpio.py"""", line 903, in gpio_read     return _u2i(_lgpio._gpio_read(handle&0xffff, gpio))            ^^^^^^^^^^^^^^^^^^^^^^^^^^^^^^^^^^^^^^^^^^^^   File """"/usr/lib/python3/dist-packages/lgpio.py"""", line 458, in _u2i     raise error(error_text(v)) lgpio.error: 'GPIO not allocated' ""","","","","","","","","","","","","","","","","","","","","","","","","","","","","","","","","","","","","","","","","",""
"103.0807684","2026-08-15 09:26:44.499853","/home/akatoki/SC-30/scripts/SC-30/2_phase/motordrive.py","move","150","","","","move: direction=w, power=0.7, duration=1.5","","","","","","","","","","","","","","","","","","","","","","","","","","","","","","","","","","","","","","","","","",""
"103.100543227","2026-08-15 09:26:44.519643","/home/akatoki/SC-30/scripts/SC-30/2_phase/motordrive.py","setup_motors","86","Motor Setup Error: 'GPIO not allocated'","","","","""Traceback (most recent call last):   File """"/home/akatoki/SC-30/scripts/SC-30/2_phase/motordrive.py"""", line 83, in setup_motors     setup_gpio() # LEDなども一緒に準備     ^^^^^^^^^^^^   File """"/home/akatoki/SC-30/scripts/SC-30/2_phase/motordrive.py"""", line 63, in setup_gpio     GPIO.setup(PIN_LED, GPIO.OUT)   File """"/usr/lib/python3/dist-packages/RPi/GPIO/__init__.py"""", line 704, in setup     initial = _check(lgpio.gpio_read(_chip, gpio))                      ^^^^^^^^^^^^^^^^^^^^^^^^^^^^   File """"/usr/lib/python3/dist-packages/lgpio.py"""", line 903, in gpio_read     return _u2i(_lgpio._gpio_read(handle&0xffff, gpio))            ^^^^^^^^^^^^^^^^^^^^^^^^^^^^^^^^^^^^^^^^^^^^   File """"/usr/lib/python3/dist-packages/lgpio.py"""", line 458, in _u2i     raise error(error_text(v)) lgpio.error: 'GPIO not allocated' ""","","","","","","","","","","","","","","","","","","","","","","","","","","","","","","","","","","","","","","","","",""
"103.25825783","2026-08-15 09:26:44.677343","/home/akatoki/SC-30/scripts/SC-30/2_phase/motordrive.py","move","150","","","","move: direction=w, power=0.7, duration=1.5","","","","","","","","","","","","","","","","","","","","","","","","","","","","","","","","","","","","","","","","","",""
"103.277952553","2026-08-15 09:26:44.697050","/home/akatoki/SC-30/scripts/SC-30/2_phase/motordrive.py","setup_motors","86","Motor Setup Error: 'GPIO not allocated'","","","","""Traceback (most recent call last):   File """"/home/akatoki/SC-30/scripts/SC-30/2_phase/motordrive.py"""", line 83, in setup_motors     setup_gpio() # LEDなども一緒に準備     ^^^^^^^^^^^^   File """"/home/akatoki/SC-30/scripts/SC-30/2_phase/motordrive.py"""", line 63, in setup_gpio     GPIO.setup(PIN_LED, GPIO.OUT)   File """"/usr/lib/python3/dist-packages/RPi/GPIO/__init__.py"""", line 704, in setup     initial = _check(lgpio.gpio_read(_chip, gpio))                      ^^^^^^^^^^^^^^^^^^^^^^^^^^^^   File """"/usr/lib/python3/dist-packages/lgpio.py"""", line 903, in gpio_read     return _u2i(_lgpio._gpio_read(handle&0xffff, gpio))            ^^^^^^^^^^^^^^^^^^^^^^^^^^^^^^^^^^^^^^^^^^^^   File """"/usr/lib/python3/dist-packages/lgpio.py"""", line 458, in _u2i     raise error(error_text(v)) lgpio.error: 'GPIO not allocated' ""","","","","","","","","","","","","","","","","","","","","","","","","","","","","","","","","","","","","","","","","",""
"103.434396161","2026-08-15 09:26:44.853481","/home/akatoki/SC-30/scripts/SC-30/2_phase/motordrive.py","move","150","","","","move: direction=w, power=0.7, duration=1.5","","","","","","","","","","","","","","","","","","","","","","","","","","","","","","","","","","","","","","","","","",""
"103.456256518","2026-08-15 09:26:44.875357","/home/akatoki/SC-30/scripts/SC-30/2_phase/motordrive.py","setup_motors","86","Motor Setup Error: 'GPIO not allocated'","","","","""Traceback (most recent call last):   File """"/home/akatoki/SC-30/scripts/SC-30/2_phase/motordrive.py"""", line 83, in setup_motors     setup_gpio() # LEDなども一緒に準備     ^^^^^^^^^^^^   File """"/home/akatoki/SC-30/scripts/SC-30/2_phase/motordrive.py"""", line 63, in setup_gpio     GPIO.setup(PIN_LED, GPIO.OUT)   File """"/usr/lib/python3/dist-packages/RPi/GPIO/__init__.py"""", line 704, in setup     initial = _check(lgpio.gpio_read(_chip, gpio))                      ^^^^^^^^^^^^^^^^^^^^^^^^^^^^   File """"/usr/lib/python3/dist-packages/lgpio.py"""", line 903, in gpio_read     return _u2i(_lgpio._gpio_read(handle&0xffff, gpio))            ^^^^^^^^^^^^^^^^^^^^^^^^^^^^^^^^^^^^^^^^^^^^   File """"/usr/lib/python3/dist-packages/lgpio.py"""", line 458, in _u2i     raise error(error_text(v)) lgpio.error: 'GPIO not allocated' ""","","","","","","","","","","","","","","","","","","","","","","","","","","","","","","","","","","","","","","","","",""
"103.614620283","2026-08-15 09:26:45.033705","/home/akatoki/SC-30/scripts/SC-30/2_phase/motordrive.py","move","150","","","","move: direction=w, power=0.7, duration=1.5","","","","","","","","","","","","","","","","","","","","","","","","","","","","","","","","","","","","","","","","","",""
"103.633933384","2026-08-15 09:26:45.053032","/home/akatoki/SC-30/scripts/SC-30/2_phase/motordrive.py","setup_motors","86","Motor Setup Error: 'GPIO not allocated'","","","","""Traceback (most recent call last):   File """"/home/akatoki/SC-30/scripts/SC-30/2_phase/motordrive.py"""", line 83, in setup_motors     setup_gpio() # LEDなども一緒に準備     ^^^^^^^^^^^^   File """"/home/akatoki/SC-30/scripts/SC-30/2_phase/motordrive.py"""", line 63, in setup_gpio     GPIO.setup(PIN_LED, GPIO.OUT)   File """"/usr/lib/python3/dist-packages/RPi/GPIO/__init__.py"""", line 704, in setup     initial = _check(lgpio.gpio_read(_chip, gpio))                      ^^^^^^^^^^^^^^^^^^^^^^^^^^^^   File """"/usr/lib/python3/dist-packages/lgpio.py"""", line 903, in gpio_read     return _u2i(_lgpio._gpio_read(handle&0xffff, gpio))            ^^^^^^^^^^^^^^^^^^^^^^^^^^^^^^^^^^^^^^^^^^^^   File """"/usr/lib/python3/dist-packages/lgpio.py"""", line 458, in _u2i     raise error(error_text(v)) lgpio.error: 'GPIO not allocated' ""","","","","","","","","","","","","","","","","","","","","","","","","","","","","","","","","","","","","","","","","",""
"103.789754654","2026-08-15 09:26:45.208839","/home/akatoki/SC-30/scripts/SC-30/2_phase/motordrive.py","move","150","","","","move: direction=w, power=0.7, duration=1.5","","","","","","","","","","","","","","","","","","","","","","","","","","","","","","","","","","","","","","","","","",""
"103.809859946","2026-08-15 09:26:45.228963","/home/akatoki/SC-30/scripts/SC-30/2_phase/motordrive.py","setup_motors","86","Motor Setup Error: 'GPIO not allocated'","","","","""Traceback (most recent call last):   File """"/home/akatoki/SC-30/scripts/SC-30/2_phase/motordrive.py"""", line 83, in setup_motors     setup_gpio() # LEDなども一緒に準備     ^^^^^^^^^^^^   File """"/home/akatoki/SC-30/scripts/SC-30/2_phase/motordrive.py"""", line 63, in setup_gpio     GPIO.setup(PIN_LED, GPIO.OUT)   File """"/usr/lib/python3/dist-packages/RPi/GPIO/__init__.py"""", line 704, in setup     initial = _check(lgpio.gpio_read(_chip, gpio))                      ^^^^^^^^^^^^^^^^^^^^^^^^^^^^   File """"/usr/lib/python3/dist-packages/lgpio.py"""", line 903, in gpio_read     return _u2i(_lgpio._gpio_read(handle&0xffff, gpio))            ^^^^^^^^^^^^^^^^^^^^^^^^^^^^^^^^^^^^^^^^^^^^   File """"/usr/lib/python3/dist-packages/lgpio.py"""", line 458, in _u2i     raise error(error_text(v)) lgpio.error: 'GPIO not allocated' ""","","","","","","","","","","","","","","","","","","","","","","","","","","","","","","","","","","","","","","","","",""
"103.967122629","2026-08-15 09:26:45.386208","/home/akatoki/SC-30/scripts/SC-30/2_phase/motordrive.py","move","150","","","","move: direction=w, power=0.7, duration=1.5","","","","","","","","","","","","","","","","","","","","","","","","","","","","","","","","","","","","","","","","","",""
"103.985168694","2026-08-15 09:26:45.404268","/home/akatoki/SC-30/scripts/SC-30/2_phase/motordrive.py","setup_motors","86","Motor Setup Error: 'GPIO not allocated'","","","","""Traceback (most recent call last):   File """"/home/akatoki/SC-30/scripts/SC-30/2_phase/motordrive.py"""", line 83, in setup_motors     setup_gpio() # LEDなども一緒に準備     ^^^^^^^^^^^^   File """"/home/akatoki/SC-30/scripts/SC-30/2_phase/motordrive.py"""", line 63, in setup_gpio     GPIO.setup(PIN_LED, GPIO.OUT)   File """"/usr/lib/python3/dist-packages/RPi/GPIO/__init__.py"""", line 704, in setup     initial = _check(lgpio.gpio_read(_chip, gpio))                      ^^^^^^^^^^^^^^^^^^^^^^^^^^^^   File """"/usr/lib/python3/dist-packages/lgpio.py"""", line 903, in gpio_read     return _u2i(_lgpio._gpio_read(handle&0xffff, gpio))            ^^^^^^^^^^^^^^^^^^^^^^^^^^^^^^^^^^^^^^^^^^^^   File """"/usr/lib/python3/dist-packages/lgpio.py"""", line 458, in _u2i     raise error(error_text(v)) lgpio.error: 'GPIO not allocated' ""","","","","","","","","","","","","","","","","","","","","","","","","","","","","","","","","","","","","","","","","",""
"104.143562371","2026-08-15 09:26:45.562647","/home/akatoki/SC-30/scripts/SC-30/2_phase/motordrive.py","move","150","","","","move: direction=w, power=0.7, duration=1.5","","","","","","","","","","","","","","","","","","","","","","","","","","","","","","","","","","","","","","","","","",""
"104.165149075","2026-08-15 09:26:45.584269","/home/akatoki/SC-30/scripts/SC-30/2_phase/motordrive.py","setup_motors","86","Motor Setup Error: 'GPIO not allocated'","","","","""Traceback (most recent call last):   File """"/home/akatoki/SC-30/scripts/SC-30/2_phase/motordrive.py"""", line 83, in setup_motors     setup_gpio() # LEDなども一緒に準備     ^^^^^^^^^^^^   File """"/home/akatoki/SC-30/scripts/SC-30/2_phase/motordrive.py"""", line 63, in setup_gpio     GPIO.setup(PIN_LED, GPIO.OUT)   File """"/usr/lib/python3/dist-packages/RPi/GPIO/__init__.py"""", line 704, in setup     initial = _check(lgpio.gpio_read(_chip, gpio))                      ^^^^^^^^^^^^^^^^^^^^^^^^^^^^   File """"/usr/lib/python3/dist-packages/lgpio.py"""", line 903, in gpio_read     return _u2i(_lgpio._gpio_read(handle&0xffff, gpio))            ^^^^^^^^^^^^^^^^^^^^^^^^^^^^^^^^^^^^^^^^^^^^   File """"/usr/lib/python3/dist-packages/lgpio.py"""", line 458, in _u2i     raise error(error_text(v)) lgpio.error: 'GPIO not allocated' ""","","","","","","","","","","","","","","","","","","","","","","","","","","","","","","","","","","","","","","","","",""
"104.322544207","2026-08-15 09:26:45.741631","/home/akatoki/SC-30/scripts/SC-30/2_phase/motordrive.py","move","150","","","","move: direction=w, power=0.7, duration=1.5","","","","","","","","","","","","","","","","","","","","","","","","","","","","","","","","","","","","","","","","","",""
"104.340506312","2026-08-15 09:26:45.759609","/home/akatoki/SC-30/scripts/SC-30/2_phase/motordrive.py","setup_motors","86","Motor Setup Error: 'GPIO not allocated'","","","","""Traceback (most recent call last):   File """"/home/akatoki/SC-30/scripts/SC-30/2_phase/motordrive.py"""", line 83, in setup_motors     setup_gpio() # LEDなども一緒に準備     ^^^^^^^^^^^^   File """"/home/akatoki/SC-30/scripts/SC-30/2_phase/motordrive.py"""", line 63, in setup_gpio     GPIO.setup(PIN_LED, GPIO.OUT)   File """"/usr/lib/python3/dist-packages/RPi/GPIO/__init__.py"""", line 704, in setup     initial = _check(lgpio.gpio_read(_chip, gpio))                      ^^^^^^^^^^^^^^^^^^^^^^^^^^^^   File """"/usr/lib/python3/dist-packages/lgpio.py"""", line 903, in gpio_read     return _u2i(_lgpio._gpio_read(handle&0xffff, gpio))            ^^^^^^^^^^^^^^^^^^^^^^^^^^^^^^^^^^^^^^^^^^^^   File """"/usr/lib/python3/dist-packages/lgpio.py"""", line 458, in _u2i     raise error(error_text(v)) lgpio.error: 'GPIO not allocated' ""","","","","","","","","","","","","","","","","","","","","","","","","","","","","","","","","","","","","","","","","",""
"104.49499539","2026-08-15 09:26:45.914083","/home/akatoki/SC-30/scripts/SC-30/2_phase/motordrive.py","move","150","","","","move: direction=w, power=0.7, duration=1.5","","","","","","","","","","","","","","","","","","","","","","","","","","","","","","","","","","","","","","","","","",""
"104.513241872","2026-08-15 09:26:45.932344","/home/akatoki/SC-30/scripts/SC-30/2_phase/motordrive.py","setup_motors","86","Motor Setup Error: 'GPIO not allocated'","","","","""Traceback (most recent call last):   File """"/home/akatoki/SC-30/scripts/SC-30/2_phase/motordrive.py"""", line 83, in setup_motors     setup_gpio() # LEDなども一緒に準備     ^^^^^^^^^^^^   File """"/home/akatoki/SC-30/scripts/SC-30/2_phase/motordrive.py"""", line 63, in setup_gpio     GPIO.setup(PIN_LED, GPIO.OUT)   File """"/usr/lib/python3/dist-packages/RPi/GPIO/__init__.py"""", line 704, in setup     initial = _check(lgpio.gpio_read(_chip, gpio))                      ^^^^^^^^^^^^^^^^^^^^^^^^^^^^   File """"/usr/lib/python3/dist-packages/lgpio.py"""", line 903, in gpio_read     return _u2i(_lgpio._gpio_read(handle&0xffff, gpio))            ^^^^^^^^^^^^^^^^^^^^^^^^^^^^^^^^^^^^^^^^^^^^   File """"/usr/lib/python3/dist-packages/lgpio.py"""", line 458, in _u2i     raise error(error_text(v)) lgpio.error: 'GPIO not allocated' ""","","","","","","","","","","","","","","","","","","","","","","","","","","","","","","","","","","","","","","","","",""
"104.664662843","2026-08-15 09:26:46.083747","/home/akatoki/SC-30/scripts/SC-30/2_phase/motordrive.py","move","150","","","","move: direction=w, power=0.7, duration=1.5","","","","","","","","","","","","","","","","","","","","","","","","","","","","","","","","","","","","","","","","","",""
"104.685712873","2026-08-15 09:26:46.104817","/home/akatoki/SC-30/scripts/SC-30/2_phase/motordrive.py","setup_motors","86","Motor Setup Error: 'GPIO not allocated'","","","","""Traceback (most recent call last):   File """"/home/akatoki/SC-30/scripts/SC-30/2_phase/motordrive.py"""", line 83, in setup_motors     setup_gpio() # LEDなども一緒に準備     ^^^^^^^^^^^^   File """"/home/akatoki/SC-30/scripts/SC-30/2_phase/motordrive.py"""", line 63, in setup_gpio     GPIO.setup(PIN_LED, GPIO.OUT)   File """"/usr/lib/python3/dist-packages/RPi/GPIO/__init__.py"""", line 704, in setup     initial = _check(lgpio.gpio_read(_chip, gpio))                      ^^^^^^^^^^^^^^^^^^^^^^^^^^^^   File """"/usr/lib/python3/dist-packages/lgpio.py"""", line 903, in gpio_read     return _u2i(_lgpio._gpio_read(handle&0xffff, gpio))            ^^^^^^^^^^^^^^^^^^^^^^^^^^^^^^^^^^^^^^^^^^^^   File """"/usr/lib/python3/dist-packages/lgpio.py"""", line 458, in _u2i     raise error(error_text(v)) lgpio.error: 'GPIO not allocated' ""","","","","","","","","","","","","","","","","","","","","","","","","","","","","","","","","","","","","","","","","",""
"104.844118072","2026-08-15 09:26:46.263207","/home/akatoki/SC-30/scripts/SC-30/2_phase/motordrive.py","move","150","","","","move: direction=w, power=0.7, duration=1.5","","","","","","","","","","","","","","","","","","","","","","","","","","","","","","","","","","","","","","","","","",""
"104.865790552","2026-08-15 09:26:46.284897","/home/akatoki/SC-30/scripts/SC-30/2_phase/motordrive.py","setup_motors","86","Motor Setup Error: 'GPIO not allocated'","","","","""Traceback (most recent call last):   File """"/home/akatoki/SC-30/scripts/SC-30/2_phase/motordrive.py"""", line 83, in setup_motors     setup_gpio() # LEDなども一緒に準備     ^^^^^^^^^^^^   File """"/home/akatoki/SC-30/scripts/SC-30/2_phase/motordrive.py"""", line 63, in setup_gpio     GPIO.setup(PIN_LED, GPIO.OUT)   File """"/usr/lib/python3/dist-packages/RPi/GPIO/__init__.py"""", line 704, in setup     initial = _check(lgpio.gpio_read(_chip, gpio))                      ^^^^^^^^^^^^^^^^^^^^^^^^^^^^   File """"/usr/lib/python3/dist-packages/lgpio.py"""", line 903, in gpio_read     return _u2i(_lgpio._gpio_read(handle&0xffff, gpio))            ^^^^^^^^^^^^^^^^^^^^^^^^^^^^^^^^^^^^^^^^^^^^   File """"/usr/lib/python3/dist-packages/lgpio.py"""", line 458, in _u2i     raise error(error_text(v)) lgpio.error: 'GPIO not allocated' ""","","","","","","","","","","","","","","","","","","","","","","","","","","","","","","","","","","","","","","","","",""
"105.018494791","2026-08-15 09:26:46.437579","/home/akatoki/SC-30/scripts/SC-30/2_phase/motordrive.py","move","150","","","","move: direction=w, power=0.7, duration=1.5","","","","","","","","","","","","","","","","","","","","","","","","","","","","","","","","","","","","","","","","","",""
"105.03618486","2026-08-15 09:26:46.455291","/home/akatoki/SC-30/scripts/SC-30/2_phase/motordrive.py","setup_motors","86","Motor Setup Error: 'GPIO not allocated'","","","","""Traceback (most recent call last):   File """"/home/akatoki/SC-30/scripts/SC-30/2_phase/motordrive.py"""", line 83, in setup_motors     setup_gpio() # LEDなども一緒に準備     ^^^^^^^^^^^^   File """"/home/akatoki/SC-30/scripts/SC-30/2_phase/motordrive.py"""", line 63, in setup_gpio     GPIO.setup(PIN_LED, GPIO.OUT)   File """"/usr/lib/python3/dist-packages/RPi/GPIO/__init__.py"""", line 704, in setup     initial = _check(lgpio.gpio_read(_chip, gpio))                      ^^^^^^^^^^^^^^^^^^^^^^^^^^^^   File """"/usr/lib/python3/dist-packages/lgpio.py"""", line 903, in gpio_read     return _u2i(_lgpio._gpio_read(handle&0xffff, gpio))            ^^^^^^^^^^^^^^^^^^^^^^^^^^^^^^^^^^^^^^^^^^^^   File """"/usr/lib/python3/dist-packages/lgpio.py"""", line 458, in _u2i     raise error(error_text(v)) lgpio.error: 'GPIO not allocated' ""","","","","","","","","","","","","","","","","","","","","","","","","","","","","","","","","","","","","","","","","",""
"105.189175298","2026-08-15 09:26:46.608260","/home/akatoki/SC-30/scripts/SC-30/2_phase/motordrive.py","move","150","","","","move: direction=w, power=0.7, duration=1.5","","","","","","","","","","","","","","","","","","","","","","","","","","","","","","","","","","","","","","","","","",""
"105.205173641","2026-08-15 09:26:46.624273","/home/akatoki/SC-30/scripts/SC-30/2_phase/motordrive.py","setup_motors","86","Motor Setup Error: 'GPIO not allocated'","","","","""Traceback (most recent call last):   File """"/home/akatoki/SC-30/scripts/SC-30/2_phase/motordrive.py"""", line 83, in setup_motors     setup_gpio() # LEDなども一緒に準備     ^^^^^^^^^^^^   File """"/home/akatoki/SC-30/scripts/SC-30/2_phase/motordrive.py"""", line 63, in setup_gpio     GPIO.setup(PIN_LED, GPIO.OUT)   File """"/usr/lib/python3/dist-packages/RPi/GPIO/__init__.py"""", line 704, in setup     initial = _check(lgpio.gpio_read(_chip, gpio))                      ^^^^^^^^^^^^^^^^^^^^^^^^^^^^   File """"/usr/lib/python3/dist-packages/lgpio.py"""", line 903, in gpio_read     return _u2i(_lgpio._gpio_read(handle&0xffff, gpio))            ^^^^^^^^^^^^^^^^^^^^^^^^^^^^^^^^^^^^^^^^^^^^   File """"/usr/lib/python3/dist-packages/lgpio.py"""", line 458, in _u2i     raise error(error_text(v)) lgpio.error: 'GPIO not allocated' ""","","","","","","","","","","","","","","","","","","","","","","","","","","","","","","","","","","","","","","","","",""
"105.358113923","2026-08-15 09:26:46.777200","/home/akatoki/SC-30/scripts/SC-30/2_phase/motordrive.py","move","150","","","","move: direction=w, power=0.7, duration=1.5","","","","","","","","","","","","","","","","","","","","","","","","","","","","","","","","","","","","","","","","","",""
"105.384765693","2026-08-15 09:26:46.803865","/home/akatoki/SC-30/scripts/SC-30/2_phase/motordrive.py","setup_motors","86","Motor Setup Error: 'GPIO not allocated'","","","","""Traceback (most recent call last):   File """"/home/akatoki/SC-30/scripts/SC-30/2_phase/motordrive.py"""", line 83, in setup_motors     setup_gpio() # LEDなども一緒に準備     ^^^^^^^^^^^^   File """"/home/akatoki/SC-30/scripts/SC-30/2_phase/motordrive.py"""", line 63, in setup_gpio     GPIO.setup(PIN_LED, GPIO.OUT)   File """"/usr/lib/python3/dist-packages/RPi/GPIO/__init__.py"""", line 704, in setup     initial = _check(lgpio.gpio_read(_chip, gpio))                      ^^^^^^^^^^^^^^^^^^^^^^^^^^^^   File """"/usr/lib/python3/dist-packages/lgpio.py"""", line 903, in gpio_read     return _u2i(_lgpio._gpio_read(handle&0xffff, gpio))            ^^^^^^^^^^^^^^^^^^^^^^^^^^^^^^^^^^^^^^^^^^^^   File """"/usr/lib/python3/dist-packages/lgpio.py"""", line 458, in _u2i     raise error(error_text(v)) lgpio.error: 'GPIO not allocated' ""","","","","","","","","","","","","","","","","","","","","","","","","","","","","","","","","","","","","","","","","",""
"105.544659335","2026-08-15 09:26:46.963747","/home/akatoki/SC-30/scripts/SC-30/2_phase/motordrive.py","move","150","","","","move: direction=w, power=0.7, duration=1.5","","","","","","","","","","","","","","","","","","","","","","","","","","","","","","","","","","","","","","","","","",""
"105.561839194","2026-08-15 09:26:46.980938","/home/akatoki/SC-30/scripts/SC-30/2_phase/motordrive.py","setup_motors","86","Motor Setup Error: 'GPIO not allocated'","","","","""Traceback (most recent call last):   File """"/home/akatoki/SC-30/scripts/SC-30/2_phase/motordrive.py"""", line 83, in setup_motors     setup_gpio() # LEDなども一緒に準備     ^^^^^^^^^^^^   File """"/home/akatoki/SC-30/scripts/SC-30/2_phase/motordrive.py"""", line 63, in setup_gpio     GPIO.setup(PIN_LED, GPIO.OUT)   File """"/usr/lib/python3/dist-packages/RPi/GPIO/__init__.py"""", line 704, in setup     initial = _check(lgpio.gpio_read(_chip, gpio))                      ^^^^^^^^^^^^^^^^^^^^^^^^^^^^   File """"/usr/lib/python3/dist-packages/lgpio.py"""", line 903, in gpio_read     return _u2i(_lgpio._gpio_read(handle&0xffff, gpio))            ^^^^^^^^^^^^^^^^^^^^^^^^^^^^^^^^^^^^^^^^^^^^   File """"/usr/lib/python3/dist-packages/lgpio.py"""", line 458, in _u2i     raise error(error_text(v)) lgpio.error: 'GPIO not allocated' ""","","","","","","","","","","","","","","","","","","","","","","","","","","","","","","","","","","","","","","","","",""
"105.71785383","2026-08-15 09:26:47.136949","/home/akatoki/SC-30/scripts/SC-30/2_phase/motordrive.py","move","150","","","","move: direction=e, power=0.7, duration=0.1","","","","","","","","","","","","","","","","","","","","","","","","","","","","","","","","","","","","","","","","","",""
"105.738297238","2026-08-15 09:26:47.157393","/home/akatoki/SC-30/scripts/SC-30/2_phase/motordrive.py","setup_motors","86","Motor Setup Error: 'GPIO not allocated'","","","","""Traceback (most recent call last):   File """"/home/akatoki/SC-30/scripts/SC-30/2_phase/motordrive.py"""", line 83, in setup_motors     setup_gpio() # LEDなども一緒に準備     ^^^^^^^^^^^^   File """"/home/akatoki/SC-30/scripts/SC-30/2_phase/motordrive.py"""", line 63, in setup_gpio     GPIO.setup(PIN_LED, GPIO.OUT)   File """"/usr/lib/python3/dist-packages/RPi/GPIO/__init__.py"""", line 704, in setup     initial = _check(lgpio.gpio_read(_chip, gpio))                      ^^^^^^^^^^^^^^^^^^^^^^^^^^^^   File """"/usr/lib/python3/dist-packages/lgpio.py"""", line 903, in gpio_read     return _u2i(_lgpio._gpio_read(handle&0xffff, gpio))            ^^^^^^^^^^^^^^^^^^^^^^^^^^^^^^^^^^^^^^^^^^^^   File """"/usr/lib/python3/dist-packages/lgpio.py"""", line 458, in _u2i     raise error(error_text(v)) lgpio.error: 'GPIO not allocated' ""","","","","","","","","","","","","","","","","","","","","","","","","","","","","","","","","","","","","","","","","",""
"105.905349565","2026-08-15 09:26:47.324438","/home/akatoki/SC-30/scripts/SC-30/2_phase/motordrive.py","move","150","","","","move: direction=e, power=0.7, duration=0.1","","","","","","","","","","","","","","","","","","","","","","","","","","","","","","","","","","","","","","","","","",""
"105.938442446","2026-08-15 09:26:47.357546","/home/akatoki/SC-30/scripts/SC-30/2_phase/motordrive.py","setup_motors","86","Motor Setup Error: 'GPIO not allocated'","","","","""Traceback (most recent call last):   File """"/home/akatoki/SC-30/scripts/SC-30/2_phase/motordrive.py"""", line 83, in setup_motors     setup_gpio() # LEDなども一緒に準備     ^^^^^^^^^^^^   File """"/home/akatoki/SC-30/scripts/SC-30/2_phase/motordrive.py"""", line 63, in setup_gpio     GPIO.setup(PIN_LED, GPIO.OUT)   File """"/usr/lib/python3/dist-packages/RPi/GPIO/__init__.py"""", line 704, in setup     initial = _check(lgpio.gpio_read(_chip, gpio))                      ^^^^^^^^^^^^^^^^^^^^^^^^^^^^   File """"/usr/lib/python3/dist-packages/lgpio.py"""", line 903, in gpio_read     return _u2i(_lgpio._gpio_read(handle&0xffff, gpio))            ^^^^^^^^^^^^^^^^^^^^^^^^^^^^^^^^^^^^^^^^^^^^   File """"/usr/lib/python3/dist-packages/lgpio.py"""", line 458, in _u2i     raise error(error_text(v)) lgpio.error: 'GPIO not allocated' ""","","","","","","","","","","","","","","","","","","","","","","","","","","","","","","","","","","","","","","","","",""
"106.119954514","2026-08-15 09:26:47.539047","/home/akatoki/SC-30/scripts/SC-30/2_phase/motordrive.py","move","150","","","","move: direction=e, power=0.7, duration=0.1","","","","","","","","","","","","","","","","","","","","","","","","","","","","","","","","","","","","","","","","","",""
"106.138579217","2026-08-15 09:26:47.557679","/home/akatoki/SC-30/scripts/SC-30/2_phase/motordrive.py","setup_motors","86","Motor Setup Error: 'GPIO not allocated'","","","","""Traceback (most recent call last):   File """"/home/akatoki/SC-30/scripts/SC-30/2_phase/motordrive.py"""", line 83, in setup_motors     setup_gpio() # LEDなども一緒に準備     ^^^^^^^^^^^^   File """"/home/akatoki/SC-30/scripts/SC-30/2_phase/motordrive.py"""", line 63, in setup_gpio     GPIO.setup(PIN_LED, GPIO.OUT)   File """"/usr/lib/python3/dist-packages/RPi/GPIO/__init__.py"""", line 704, in setup     initial = _check(lgpio.gpio_read(_chip, gpio))                      ^^^^^^^^^^^^^^^^^^^^^^^^^^^^   File """"/usr/lib/python3/dist-packages/lgpio.py"""", line 903, in gpio_read     return _u2i(_lgpio._gpio_read(handle&0xffff, gpio))            ^^^^^^^^^^^^^^^^^^^^^^^^^^^^^^^^^^^^^^^^^^^^   File """"/usr/lib/python3/dist-packages/lgpio.py"""", line 458, in _u2i     raise error(error_text(v)) lgpio.error: 'GPIO not allocated' ""","","","","","","","","","","","","","","","","","","","","","","","","","","","","","","","","","","","","","","","","",""
"106.295204215","2026-08-15 09:26:47.714289","/home/akatoki/SC-30/scripts/SC-30/2_phase/motordrive.py","move","150","","","","move: direction=e, power=0.7, duration=0.1","","","","","","","","","","","","","","","","","","","","","","","","","","","","","","","","","","","","","","","","","",""
"106.31307855","2026-08-15 09:26:47.732185","/home/akatoki/SC-30/scripts/SC-30/2_phase/motordrive.py","setup_motors","86","Motor Setup Error: 'GPIO not allocated'","","","","""Traceback (most recent call last):   File """"/home/akatoki/SC-30/scripts/SC-30/2_phase/motordrive.py"""", line 83, in setup_motors     setup_gpio() # LEDなども一緒に準備     ^^^^^^^^^^^^   File """"/home/akatoki/SC-30/scripts/SC-30/2_phase/motordrive.py"""", line 63, in setup_gpio     GPIO.setup(PIN_LED, GPIO.OUT)   File """"/usr/lib/python3/dist-packages/RPi/GPIO/__init__.py"""", line 704, in setup     initial = _check(lgpio.gpio_read(_chip, gpio))                      ^^^^^^^^^^^^^^^^^^^^^^^^^^^^   File """"/usr/lib/python3/dist-packages/lgpio.py"""", line 903, in gpio_read     return _u2i(_lgpio._gpio_read(handle&0xffff, gpio))            ^^^^^^^^^^^^^^^^^^^^^^^^^^^^^^^^^^^^^^^^^^^^   File """"/usr/lib/python3/dist-packages/lgpio.py"""", line 458, in _u2i     raise error(error_text(v)) lgpio.error: 'GPIO not allocated' ""","","","","","","","","","","","","","","","","","","","","","","","","","","","","","","","","","","","","","","","","",""
"106.326035004","2026-08-15 09:26:47.745127","/home/akatoki/SC-30/scripts/SC-30/2_phase/motordrive.py","move","150","","","","move: direction=w, power=0.7, duration=1.5","","","","","","","","","","","","","","","","","","","","","","","","","","","","","","","","","","","","","","","","","",""
"106.348109928","2026-08-15 09:26:47.767212","/home/akatoki/SC-30/scripts/SC-30/2_phase/motordrive.py","setup_motors","86","Motor Setup Error: 'GPIO not allocated'","","","","""Traceback (most recent call last):   File """"/home/akatoki/SC-30/scripts/SC-30/2_phase/motordrive.py"""", line 83, in setup_motors     setup_gpio() # LEDなども一緒に準備     ^^^^^^^^^^^^   File """"/home/akatoki/SC-30/scripts/SC-30/2_phase/motordrive.py"""", line 63, in setup_gpio     GPIO.setup(PIN_LED, GPIO.OUT)   File """"/usr/lib/python3/dist-packages/RPi/GPIO/__init__.py"""", line 704, in setup     initial = _check(lgpio.gpio_read(_chip, gpio))                      ^^^^^^^^^^^^^^^^^^^^^^^^^^^^   File """"/usr/lib/python3/dist-packages/lgpio.py"""", line 903, in gpio_read     return _u2i(_lgpio._gpio_read(handle&0xffff, gpio))            ^^^^^^^^^^^^^^^^^^^^^^^^^^^^^^^^^^^^^^^^^^^^   File """"/usr/lib/python3/dist-packages/lgpio.py"""", line 458, in _u2i     raise error(error_text(v)) lgpio.error: 'GPIO not allocated' ""","","","","","","","","","","","","","","","","","","","","","","","","","","","","","","","","","","","","","","","","",""
"106.503360389","2026-08-15 09:26:47.922446","/home/akatoki/SC-30/scripts/SC-30/2_phase/motordrive.py","move","150","","","","move: direction=e, power=0.7, duration=0.1","","","","","","","","","","","","","","","","","","","","","","","","","","","","","","","","","","","","","","","","","",""
"106.522689887","2026-08-15 09:26:47.941789","/home/akatoki/SC-30/scripts/SC-30/2_phase/motordrive.py","setup_motors","86","Motor Setup Error: 'GPIO not allocated'","","","","""Traceback (most recent call last):   File """"/home/akatoki/SC-30/scripts/SC-30/2_phase/motordrive.py"""", line 83, in setup_motors     setup_gpio() # LEDなども一緒に準備     ^^^^^^^^^^^^   File """"/home/akatoki/SC-30/scripts/SC-30/2_phase/motordrive.py"""", line 63, in setup_gpio     GPIO.setup(PIN_LED, GPIO.OUT)   File """"/usr/lib/python3/dist-packages/RPi/GPIO/__init__.py"""", line 704, in setup     initial = _check(lgpio.gpio_read(_chip, gpio))                      ^^^^^^^^^^^^^^^^^^^^^^^^^^^^   File """"/usr/lib/python3/dist-packages/lgpio.py"""", line 903, in gpio_read     return _u2i(_lgpio._gpio_read(handle&0xffff, gpio))            ^^^^^^^^^^^^^^^^^^^^^^^^^^^^^^^^^^^^^^^^^^^^   File """"/usr/lib/python3/dist-packages/lgpio.py"""", line 458, in _u2i     raise error(error_text(v)) lgpio.error: 'GPIO not allocated' ""","","","","","","","","","","","","","","","","","","","","","","","","","","","","","","","","","","","","","","","","",""
"106.539118072","2026-08-15 09:26:47.958203","/home/akatoki/SC-30/scripts/SC-30/2_phase/motordrive.py","move","150","","","","move: direction=w, power=0.7, duration=1.5","","","","","","","","","","","","","","","","","","","","","","","","","","","","","","","","","","","","","","","","","",""
"106.558672518","2026-08-15 09:26:47.977774","/home/akatoki/SC-30/scripts/SC-30/2_phase/motordrive.py","setup_motors","86","Motor Setup Error: 'GPIO not allocated'","","","","""Traceback (most recent call last):   File """"/home/akatoki/SC-30/scripts/SC-30/2_phase/motordrive.py"""", line 83, in setup_motors     setup_gpio() # LEDなども一緒に準備     ^^^^^^^^^^^^   File """"/home/akatoki/SC-30/scripts/SC-30/2_phase/motordrive.py"""", line 63, in setup_gpio     GPIO.setup(PIN_LED, GPIO.OUT)   File """"/usr/lib/python3/dist-packages/RPi/GPIO/__init__.py"""", line 704, in setup     initial = _check(lgpio.gpio_read(_chip, gpio))                      ^^^^^^^^^^^^^^^^^^^^^^^^^^^^   File """"/usr/lib/python3/dist-packages/lgpio.py"""", line 903, in gpio_read     return _u2i(_lgpio._gpio_read(handle&0xffff, gpio))            ^^^^^^^^^^^^^^^^^^^^^^^^^^^^^^^^^^^^^^^^^^^^   File """"/usr/lib/python3/dist-packages/lgpio.py"""", line 458, in _u2i     raise error(error_text(v)) lgpio.error: 'GPIO not allocated' ""","","","","","","","","","","","","","","","","","","","","","","","","","","","","","","","","","","","","","","","","",""
"106.718989373","2026-08-15 09:26:48.138075","/home/akatoki/SC-30/scripts/SC-30/2_phase/motordrive.py","move","150","","","","move: direction=e, power=0.7, duration=0.1","","","","","","","","","","","","","","","","","","","","","","","","","","","","","","","","","","","","","","","","","",""
"106.737653708","2026-08-15 09:26:48.156757","/home/akatoki/SC-30/scripts/SC-30/2_phase/motordrive.py","setup_motors","86","Motor Setup Error: 'GPIO not allocated'","","","","""Traceback (most recent call last):   File """"/home/akatoki/SC-30/scripts/SC-30/2_phase/motordrive.py"""", line 83, in setup_motors     setup_gpio() # LEDなども一緒に準備     ^^^^^^^^^^^^   File """"/home/akatoki/SC-30/scripts/SC-30/2_phase/motordrive.py"""", line 63, in setup_gpio     GPIO.setup(PIN_LED, GPIO.OUT)   File """"/usr/lib/python3/dist-packages/RPi/GPIO/__init__.py"""", line 704, in setup     initial = _check(lgpio.gpio_read(_chip, gpio))                      ^^^^^^^^^^^^^^^^^^^^^^^^^^^^   File """"/usr/lib/python3/dist-packages/lgpio.py"""", line 903, in gpio_read     return _u2i(_lgpio._gpio_read(handle&0xffff, gpio))            ^^^^^^^^^^^^^^^^^^^^^^^^^^^^^^^^^^^^^^^^^^^^   File """"/usr/lib/python3/dist-packages/lgpio.py"""", line 458, in _u2i     raise error(error_text(v)) lgpio.error: 'GPIO not allocated' ""","","","","","","","","","","","","","","","","","","","","","","","","","","","","","","","","","","","","","","","","",""
"106.754166681","2026-08-15 09:26:48.173252","/home/akatoki/SC-30/scripts/SC-30/2_phase/motordrive.py","move","150","","","","move: direction=w, power=0.7, duration=1.5","","","","","","","","","","","","","","","","","","","","","","","","","","","","","","","","","","","","","","","","","",""
"106.782798602","2026-08-15 09:26:48.201902","/home/akatoki/SC-30/scripts/SC-30/2_phase/motordrive.py","setup_motors","86","Motor Setup Error: 'GPIO not allocated'","","","","""Traceback (most recent call last):   File """"/home/akatoki/SC-30/scripts/SC-30/2_phase/motordrive.py"""", line 83, in setup_motors     setup_gpio() # LEDなども一緒に準備     ^^^^^^^^^^^^   File """"/home/akatoki/SC-30/scripts/SC-30/2_phase/motordrive.py"""", line 63, in setup_gpio     GPIO.setup(PIN_LED, GPIO.OUT)   File """"/usr/lib/python3/dist-packages/RPi/GPIO/__init__.py"""", line 704, in setup     initial = _check(lgpio.gpio_read(_chip, gpio))                      ^^^^^^^^^^^^^^^^^^^^^^^^^^^^   File """"/usr/lib/python3/dist-packages/lgpio.py"""", line 903, in gpio_read     return _u2i(_lgpio._gpio_read(handle&0xffff, gpio))            ^^^^^^^^^^^^^^^^^^^^^^^^^^^^^^^^^^^^^^^^^^^^   File """"/usr/lib/python3/dist-packages/lgpio.py"""", line 458, in _u2i     raise error(error_text(v)) lgpio.error: 'GPIO not allocated' ""","","","","","","","","","","","","","","","","","","","","","","","","","","","","","","","","","","","","","","","","",""
"106.955002836","2026-08-15 09:26:48.374088","/home/akatoki/SC-30/scripts/SC-30/2_phase/motordrive.py","move","150","","","","move: direction=w, power=0.7, duration=1.5","","","","","","","","","","","","","","","","","","","","","","","","","","","","","","","","","","","","","","","","","",""
"106.974384308","2026-08-15 09:26:48.393483","/home/akatoki/SC-30/scripts/SC-30/2_phase/motordrive.py","setup_motors","86","Motor Setup Error: 'GPIO not allocated'","","","","""Traceback (most recent call last):   File """"/home/akatoki/SC-30/scripts/SC-30/2_phase/motordrive.py"""", line 83, in setup_motors     setup_gpio() # LEDなども一緒に準備     ^^^^^^^^^^^^   File """"/home/akatoki/SC-30/scripts/SC-30/2_phase/motordrive.py"""", line 63, in setup_gpio     GPIO.setup(PIN_LED, GPIO.OUT)   File """"/usr/lib/python3/dist-packages/RPi/GPIO/__init__.py"""", line 704, in setup     initial = _check(lgpio.gpio_read(_chip, gpio))                      ^^^^^^^^^^^^^^^^^^^^^^^^^^^^   File """"/usr/lib/python3/dist-packages/lgpio.py"""", line 903, in gpio_read     return _u2i(_lgpio._gpio_read(handle&0xffff, gpio))            ^^^^^^^^^^^^^^^^^^^^^^^^^^^^^^^^^^^^^^^^^^^^   File """"/usr/lib/python3/dist-packages/lgpio.py"""", line 458, in _u2i     raise error(error_text(v)) lgpio.error: 'GPIO not allocated' ""","","","","","","","","","","","","","","","","","","","","","","","","","","","","","","","","","","","","","","","","",""
"107.13928435","2026-08-15 09:26:48.558371","/home/akatoki/SC-30/scripts/SC-30/2_phase/motordrive.py","move","150","","","","move: direction=w, power=0.7, duration=1.5","","","","","","","","","","","","","","","","","","","","","","","","","","","","","","","","","","","","","","","","","",""
"107.165127199","2026-08-15 09:26:48.584232","/home/akatoki/SC-30/scripts/SC-30/2_phase/motordrive.py","setup_motors","86","Motor Setup Error: 'GPIO not allocated'","","","","""Traceback (most recent call last):   File """"/home/akatoki/SC-30/scripts/SC-30/2_phase/motordrive.py"""", line 83, in setup_motors     setup_gpio() # LEDなども一緒に準備     ^^^^^^^^^^^^   File """"/home/akatoki/SC-30/scripts/SC-30/2_phase/motordrive.py"""", line 63, in setup_gpio     GPIO.setup(PIN_LED, GPIO.OUT)   File """"/usr/lib/python3/dist-packages/RPi/GPIO/__init__.py"""", line 704, in setup     initial = _check(lgpio.gpio_read(_chip, gpio))                      ^^^^^^^^^^^^^^^^^^^^^^^^^^^^   File """"/usr/lib/python3/dist-packages/lgpio.py"""", line 903, in gpio_read     return _u2i(_lgpio._gpio_read(handle&0xffff, gpio))            ^^^^^^^^^^^^^^^^^^^^^^^^^^^^^^^^^^^^^^^^^^^^   File """"/usr/lib/python3/dist-packages/lgpio.py"""", line 458, in _u2i     raise error(error_text(v)) lgpio.error: 'GPIO not allocated' ""","","","","","","","","","","","","","","","","","","","","","","","","","","","","","","","","","","","","","","","","",""
"107.324477274","2026-08-15 09:26:48.743561","/home/akatoki/SC-30/scripts/SC-30/2_phase/motordrive.py","move","150","","","","move: direction=w, power=0.7, duration=1.5","","","","","","","","","","","","","","","","","","","","","","","","","","","","","","","","","","","","","","","","","",""
"107.342162804","2026-08-15 09:26:48.761262","/home/akatoki/SC-30/scripts/SC-30/2_phase/motordrive.py","setup_motors","86","Motor Setup Error: 'GPIO not allocated'","","","","""Traceback (most recent call last):   File """"/home/akatoki/SC-30/scripts/SC-30/2_phase/motordrive.py"""", line 83, in setup_motors     setup_gpio() # LEDなども一緒に準備     ^^^^^^^^^^^^   File """"/home/akatoki/SC-30/scripts/SC-30/2_phase/motordrive.py"""", line 63, in setup_gpio     GPIO.setup(PIN_LED, GPIO.OUT)   File """"/usr/lib/python3/dist-packages/RPi/GPIO/__init__.py"""", line 704, in setup     initial = _check(lgpio.gpio_read(_chip, gpio))                      ^^^^^^^^^^^^^^^^^^^^^^^^^^^^   File """"/usr/lib/python3/dist-packages/lgpio.py"""", line 903, in gpio_read     return _u2i(_lgpio._gpio_read(handle&0xffff, gpio))            ^^^^^^^^^^^^^^^^^^^^^^^^^^^^^^^^^^^^^^^^^^^^   File """"/usr/lib/python3/dist-packages/lgpio.py"""", line 458, in _u2i     raise error(error_text(v)) lgpio.error: 'GPIO not allocated' ""","","","","","","","","","","","","","","","","","","","","","","","","","","","","","","","","","","","","","","","","",""
"107.49942782","2026-08-15 09:26:48.918512","/home/akatoki/SC-30/scripts/SC-30/2_phase/motordrive.py","move","150","","","","move: direction=e, power=0.7, duration=0.1","","","","","","","","","","","","","","","","","","","","","","","","","","","","","","","","","","","","","","","","","",""
"107.523676496","2026-08-15 09:26:48.942780","/home/akatoki/SC-30/scripts/SC-30/2_phase/motordrive.py","setup_motors","86","Motor Setup Error: 'GPIO not allocated'","","","","""Traceback (most recent call last):   File """"/home/akatoki/SC-30/scripts/SC-30/2_phase/motordrive.py"""", line 83, in setup_motors     setup_gpio() # LEDなども一緒に準備     ^^^^^^^^^^^^   File """"/home/akatoki/SC-30/scripts/SC-30/2_phase/motordrive.py"""", line 63, in setup_gpio     GPIO.setup(PIN_LED, GPIO.OUT)   File """"/usr/lib/python3/dist-packages/RPi/GPIO/__init__.py"""", line 704, in setup     initial = _check(lgpio.gpio_read(_chip, gpio))                      ^^^^^^^^^^^^^^^^^^^^^^^^^^^^   File """"/usr/lib/python3/dist-packages/lgpio.py"""", line 903, in gpio_read     return _u2i(_lgpio._gpio_read(handle&0xffff, gpio))            ^^^^^^^^^^^^^^^^^^^^^^^^^^^^^^^^^^^^^^^^^^^^   File """"/usr/lib/python3/dist-packages/lgpio.py"""", line 458, in _u2i     raise error(error_text(v)) lgpio.error: 'GPIO not allocated' ""","","","","","","","","","","","","","","","","","","","","","","","","","","","","","","","","","","","","","","","","",""
"107.537101334","2026-08-15 09:26:48.956187","/home/akatoki/SC-30/scripts/SC-30/2_phase/motordrive.py","move","150","","","","move: direction=w, power=0.7, duration=1.5","","","","","","","","","","","","","","","","","","","","","","","","","","","","","","","","","","","","","","","","","",""
"107.555127593","2026-08-15 09:26:48.974228","/home/akatoki/SC-30/scripts/SC-30/2_phase/motordrive.py","setup_motors","86","Motor Setup Error: 'GPIO not allocated'","","","","""Traceback (most recent call last):   File """"/home/akatoki/SC-30/scripts/SC-30/2_phase/motordrive.py"""", line 83, in setup_motors     setup_gpio() # LEDなども一緒に準備     ^^^^^^^^^^^^   File """"/home/akatoki/SC-30/scripts/SC-30/2_phase/motordrive.py"""", line 63, in setup_gpio     GPIO.setup(PIN_LED, GPIO.OUT)   File """"/usr/lib/python3/dist-packages/RPi/GPIO/__init__.py"""", line 704, in setup     initial = _check(lgpio.gpio_read(_chip, gpio))                      ^^^^^^^^^^^^^^^^^^^^^^^^^^^^   File """"/usr/lib/python3/dist-packages/lgpio.py"""", line 903, in gpio_read     return _u2i(_lgpio._gpio_read(handle&0xffff, gpio))            ^^^^^^^^^^^^^^^^^^^^^^^^^^^^^^^^^^^^^^^^^^^^   File """"/usr/lib/python3/dist-packages/lgpio.py"""", line 458, in _u2i     raise error(error_text(v)) lgpio.error: 'GPIO not allocated' ""","","","","","","","","","","","","","","","","","","","","","","","","","","","","","","","","","","","","","","","","",""
"107.707782099","2026-08-15 09:26:49.126870","/home/akatoki/SC-30/scripts/SC-30/2_phase/motordrive.py","move","150","","","","move: direction=e, power=0.7, duration=0.1","","","","","","","","","","","","","","","","","","","","","","","","","","","","","","","","","","","","","","","","","",""
"107.725170019","2026-08-15 09:26:49.144280","/home/akatoki/SC-30/scripts/SC-30/2_phase/motordrive.py","setup_motors","86","Motor Setup Error: 'GPIO not allocated'","","","","""Traceback (most recent call last):   File """"/home/akatoki/SC-30/scripts/SC-30/2_phase/motordrive.py"""", line 83, in setup_motors     setup_gpio() # LEDなども一緒に準備     ^^^^^^^^^^^^   File """"/home/akatoki/SC-30/scripts/SC-30/2_phase/motordrive.py"""", line 63, in setup_gpio     GPIO.setup(PIN_LED, GPIO.OUT)   File """"/usr/lib/python3/dist-packages/RPi/GPIO/__init__.py"""", line 704, in setup     initial = _check(lgpio.gpio_read(_chip, gpio))                      ^^^^^^^^^^^^^^^^^^^^^^^^^^^^   File """"/usr/lib/python3/dist-packages/lgpio.py"""", line 903, in gpio_read     return _u2i(_lgpio._gpio_read(handle&0xffff, gpio))            ^^^^^^^^^^^^^^^^^^^^^^^^^^^^^^^^^^^^^^^^^^^^   File """"/usr/lib/python3/dist-packages/lgpio.py"""", line 458, in _u2i     raise error(error_text(v)) lgpio.error: 'GPIO not allocated' ""","","","","","","","","","","","","","","","","","","","","","","","","","","","","","","","","","","","","","","","","",""
"107.742303147","2026-08-15 09:26:49.161389","/home/akatoki/SC-30/scripts/SC-30/2_phase/motordrive.py","move","150","","","","move: direction=w, power=0.7, duration=1.5","","","","","","","","","","","","","","","","","","","","","","","","","","","","","","","","","","","","","","","","","",""
"107.766047442","2026-08-15 09:26:49.185148","/home/akatoki/SC-30/scripts/SC-30/2_phase/motordrive.py","setup_motors","86","Motor Setup Error: 'GPIO not allocated'","","","","""Traceback (most recent call last):   File """"/home/akatoki/SC-30/scripts/SC-30/2_phase/motordrive.py"""", line 83, in setup_motors     setup_gpio() # LEDなども一緒に準備     ^^^^^^^^^^^^   File """"/home/akatoki/SC-30/scripts/SC-30/2_phase/motordrive.py"""", line 63, in setup_gpio     GPIO.setup(PIN_LED, GPIO.OUT)   File """"/usr/lib/python3/dist-packages/RPi/GPIO/__init__.py"""", line 704, in setup     initial = _check(lgpio.gpio_read(_chip, gpio))                      ^^^^^^^^^^^^^^^^^^^^^^^^^^^^   File """"/usr/lib/python3/dist-packages/lgpio.py"""", line 903, in gpio_read     return _u2i(_lgpio._gpio_read(handle&0xffff, gpio))            ^^^^^^^^^^^^^^^^^^^^^^^^^^^^^^^^^^^^^^^^^^^^   File """"/usr/lib/python3/dist-packages/lgpio.py"""", line 458, in _u2i     raise error(error_text(v)) lgpio.error: 'GPIO not allocated' ""","","","","","","","","","","","","","","","","","","","","","","","","","","","","","","","","","","","","","","","","",""
"107.916943862","2026-08-15 09:26:49.336030","/home/akatoki/SC-30/scripts/SC-30/2_phase/motordrive.py","move","150","","","","move: direction=e, power=0.7, duration=0.1","","","","","","","","","","","","","","","","","","","","","","","","","","","","","","","","","","","","","","","","","",""
"107.934751107","2026-08-15 09:26:49.353852","/home/akatoki/SC-30/scripts/SC-30/2_phase/motordrive.py","setup_motors","86","Motor Setup Error: 'GPIO not allocated'","","","","""Traceback (most recent call last):   File """"/home/akatoki/SC-30/scripts/SC-30/2_phase/motordrive.py"""", line 83, in setup_motors     setup_gpio() # LEDなども一緒に準備     ^^^^^^^^^^^^   File """"/home/akatoki/SC-30/scripts/SC-30/2_phase/motordrive.py"""", line 63, in setup_gpio     GPIO.setup(PIN_LED, GPIO.OUT)   File """"/usr/lib/python3/dist-packages/RPi/GPIO/__init__.py"""", line 704, in setup     initial = _check(lgpio.gpio_read(_chip, gpio))                      ^^^^^^^^^^^^^^^^^^^^^^^^^^^^   File """"/usr/lib/python3/dist-packages/lgpio.py"""", line 903, in gpio_read     return _u2i(_lgpio._gpio_read(handle&0xffff, gpio))            ^^^^^^^^^^^^^^^^^^^^^^^^^^^^^^^^^^^^^^^^^^^^   File """"/usr/lib/python3/dist-packages/lgpio.py"""", line 458, in _u2i     raise error(error_text(v)) lgpio.error: 'GPIO not allocated' ""","","","","","","","","","","","","","","","","","","","","","","","","","","","","","","","","","","","","","","","","",""
"108.092571768","2026-08-15 09:26:49.511659","/home/akatoki/SC-30/scripts/SC-30/2_phase/motordrive.py","move","150","","","","move: direction=e, power=0.7, duration=0.1","","","","","","","","","","","","","","","","","","","","","","","","","","","","","","","","","","","","","","","","","",""
"108.110118387","2026-08-15 09:26:49.529222","/home/akatoki/SC-30/scripts/SC-30/2_phase/motordrive.py","setup_motors","86","Motor Setup Error: 'GPIO not allocated'","","","","""Traceback (most recent call last):   File """"/home/akatoki/SC-30/scripts/SC-30/2_phase/motordrive.py"""", line 83, in setup_motors     setup_gpio() # LEDなども一緒に準備     ^^^^^^^^^^^^   File """"/home/akatoki/SC-30/scripts/SC-30/2_phase/motordrive.py"""", line 63, in setup_gpio     GPIO.setup(PIN_LED, GPIO.OUT)   File """"/usr/lib/python3/dist-packages/RPi/GPIO/__init__.py"""", line 704, in setup     initial = _check(lgpio.gpio_read(_chip, gpio))                      ^^^^^^^^^^^^^^^^^^^^^^^^^^^^   File """"/usr/lib/python3/dist-packages/lgpio.py"""", line 903, in gpio_read     return _u2i(_lgpio._gpio_read(handle&0xffff, gpio))            ^^^^^^^^^^^^^^^^^^^^^^^^^^^^^^^^^^^^^^^^^^^^   File """"/usr/lib/python3/dist-packages/lgpio.py"""", line 458, in _u2i     raise error(error_text(v)) lgpio.error: 'GPIO not allocated' ""","","","","","","","","","","","","","","","","","","","","","","","","","","","","","","","","","","","","","","","","",""
"108.276390586","2026-08-15 09:26:49.695476","/home/akatoki/SC-30/scripts/SC-30/2_phase/motordrive.py","move","150","","","","move: direction=e, power=0.7, duration=0.1","","","","","","","","","","","","","","","","","","","","","","","","","","","","","","","","","","","","","","","","","",""
"108.29536023","2026-08-15 09:26:49.714461","/home/akatoki/SC-30/scripts/SC-30/2_phase/motordrive.py","setup_motors","86","Motor Setup Error: 'GPIO not allocated'","","","","""Traceback (most recent call last):   File """"/home/akatoki/SC-30/scripts/SC-30/2_phase/motordrive.py"""", line 83, in setup_motors     setup_gpio() # LEDなども一緒に準備     ^^^^^^^^^^^^   File """"/home/akatoki/SC-30/scripts/SC-30/2_phase/motordrive.py"""", line 63, in setup_gpio     GPIO.setup(PIN_LED, GPIO.OUT)   File """"/usr/lib/python3/dist-packages/RPi/GPIO/__init__.py"""", line 704, in setup     initial = _check(lgpio.gpio_read(_chip, gpio))                      ^^^^^^^^^^^^^^^^^^^^^^^^^^^^   File """"/usr/lib/python3/dist-packages/lgpio.py"""", line 903, in gpio_read     return _u2i(_lgpio._gpio_read(handle&0xffff, gpio))            ^^^^^^^^^^^^^^^^^^^^^^^^^^^^^^^^^^^^^^^^^^^^   File """"/usr/lib/python3/dist-packages/lgpio.py"""", line 458, in _u2i     raise error(error_text(v)) lgpio.error: 'GPIO not allocated' ""","","","","","","","","","","","","","","","","","","","","","","","","","","","","","","","","","","","","","","","","",""
"108.451162291","2026-08-15 09:26:49.870249","/home/akatoki/SC-30/scripts/SC-30/2_phase/motordrive.py","move","150","","","","move: direction=q, power=0.7, duration=0.1","","","","","","","","","","","","","","","","","","","","","","","","","","","","","","","","","","","","","","","","","",""
"108.469816257","2026-08-15 09:26:49.888916","/home/akatoki/SC-30/scripts/SC-30/2_phase/motordrive.py","setup_motors","86","Motor Setup Error: 'GPIO not allocated'","","","","""Traceback (most recent call last):   File """"/home/akatoki/SC-30/scripts/SC-30/2_phase/motordrive.py"""", line 83, in setup_motors     setup_gpio() # LEDなども一緒に準備     ^^^^^^^^^^^^   File """"/home/akatoki/SC-30/scripts/SC-30/2_phase/motordrive.py"""", line 63, in setup_gpio     GPIO.setup(PIN_LED, GPIO.OUT)   File """"/usr/lib/python3/dist-packages/RPi/GPIO/__init__.py"""", line 704, in setup     initial = _check(lgpio.gpio_read(_chip, gpio))                      ^^^^^^^^^^^^^^^^^^^^^^^^^^^^   File """"/usr/lib/python3/dist-packages/lgpio.py"""", line 903, in gpio_read     return _u2i(_lgpio._gpio_read(handle&0xffff, gpio))            ^^^^^^^^^^^^^^^^^^^^^^^^^^^^^^^^^^^^^^^^^^^^   File """"/usr/lib/python3/dist-packages/lgpio.py"""", line 458, in _u2i     raise error(error_text(v)) lgpio.error: 'GPIO not allocated' ""","","","","","","","","","","","","","","","","","","","","","","","","","","","","","","","","","","","","","","","","",""
"108.483352238","2026-08-15 09:26:49.902439","/home/akatoki/SC-30/scripts/SC-30/2_phase/motordrive.py","move","150","","","","move: direction=w, power=0.7, duration=1.5","","","","","","","","","","","","","","","","","","","","","","","","","","","","","","","","","","","","","","","","","",""
"108.503069801","2026-08-15 09:26:49.922168","/home/akatoki/SC-30/scripts/SC-30/2_phase/motordrive.py","setup_motors","86","Motor Setup Error: 'GPIO not allocated'","","","","""Traceback (most recent call last):   File """"/home/akatoki/SC-30/scripts/SC-30/2_phase/motordrive.py"""", line 83, in setup_motors     setup_gpio() # LEDなども一緒に準備     ^^^^^^^^^^^^   File """"/home/akatoki/SC-30/scripts/SC-30/2_phase/motordrive.py"""", line 63, in setup_gpio     GPIO.setup(PIN_LED, GPIO.OUT)   File """"/usr/lib/python3/dist-packages/RPi/GPIO/__init__.py"""", line 704, in setup     initial = _check(lgpio.gpio_read(_chip, gpio))                      ^^^^^^^^^^^^^^^^^^^^^^^^^^^^   File """"/usr/lib/python3/dist-packages/lgpio.py"""", line 903, in gpio_read     return _u2i(_lgpio._gpio_read(handle&0xffff, gpio))            ^^^^^^^^^^^^^^^^^^^^^^^^^^^^^^^^^^^^^^^^^^^^   File """"/usr/lib/python3/dist-packages/lgpio.py"""", line 458, in _u2i     raise error(error_text(v)) lgpio.error: 'GPIO not allocated' ""","","","","","","","","","","","","","","","","","","","","","","","","","","","","","","","","","","","","","","","","",""
"108.658641482","2026-08-15 09:26:50.077733","/home/akatoki/SC-30/scripts/SC-30/2_phase/motordrive.py","move","150","","","","move: direction=e, power=0.7, duration=0.1","","","","","","","","","","","","","","","","","","","","","","","","","","","","","","","","","","","","","","","","","",""
"108.676332681","2026-08-15 09:26:50.095432","/home/akatoki/SC-30/scripts/SC-30/2_phase/motordrive.py","setup_motors","86","Motor Setup Error: 'GPIO not allocated'","","","","""Traceback (most recent call last):   File """"/home/akatoki/SC-30/scripts/SC-30/2_phase/motordrive.py"""", line 83, in setup_motors     setup_gpio() # LEDなども一緒に準備     ^^^^^^^^^^^^   File """"/home/akatoki/SC-30/scripts/SC-30/2_phase/motordrive.py"""", line 63, in setup_gpio     GPIO.setup(PIN_LED, GPIO.OUT)   File """"/usr/lib/python3/dist-packages/RPi/GPIO/__init__.py"""", line 704, in setup     initial = _check(lgpio.gpio_read(_chip, gpio))                      ^^^^^^^^^^^^^^^^^^^^^^^^^^^^   File """"/usr/lib/python3/dist-packages/lgpio.py"""", line 903, in gpio_read     return _u2i(_lgpio._gpio_read(handle&0xffff, gpio))            ^^^^^^^^^^^^^^^^^^^^^^^^^^^^^^^^^^^^^^^^^^^^   File """"/usr/lib/python3/dist-packages/lgpio.py"""", line 458, in _u2i     raise error(error_text(v)) lgpio.error: 'GPIO not allocated' ""","","","","","","","","","","","","","","","","","","","","","","","","","","","","","","","","","","","","","","","","",""
"108.827744959","2026-08-15 09:26:50.246837","/home/akatoki/SC-30/scripts/SC-30/2_phase/motordrive.py","move","150","","","","move: direction=e, power=0.7, duration=0.1","","","","","","","","","","","","","","","","","","","","","","","","","","","","","","","","","","","","","","","","","",""
"108.847410382","2026-08-15 09:26:50.266510","/home/akatoki/SC-30/scripts/SC-30/2_phase/motordrive.py","setup_motors","86","Motor Setup Error: 'GPIO not allocated'","","","","""Traceback (most recent call last):   File """"/home/akatoki/SC-30/scripts/SC-30/2_phase/motordrive.py"""", line 83, in setup_motors     setup_gpio() # LEDなども一緒に準備     ^^^^^^^^^^^^   File """"/home/akatoki/SC-30/scripts/SC-30/2_phase/motordrive.py"""", line 63, in setup_gpio     GPIO.setup(PIN_LED, GPIO.OUT)   File """"/usr/lib/python3/dist-packages/RPi/GPIO/__init__.py"""", line 704, in setup     initial = _check(lgpio.gpio_read(_chip, gpio))                      ^^^^^^^^^^^^^^^^^^^^^^^^^^^^   File """"/usr/lib/python3/dist-packages/lgpio.py"""", line 903, in gpio_read     return _u2i(_lgpio._gpio_read(handle&0xffff, gpio))            ^^^^^^^^^^^^^^^^^^^^^^^^^^^^^^^^^^^^^^^^^^^^   File """"/usr/lib/python3/dist-packages/lgpio.py"""", line 458, in _u2i     raise error(error_text(v)) lgpio.error: 'GPIO not allocated' ""","","","","","","","","","","","","","","","","","","","","","","","","","","","","","","","","","","","","","","","","",""
"108.998353648","2026-08-15 09:26:50.417441","/home/akatoki/SC-30/scripts/SC-30/2_phase/motordrive.py","move","150","","","","move: direction=e, power=0.7, duration=0.1","","","","","","","","","","","","","","","","","","","","","","","","","","","","","","","","","","","","","","","","","",""
"109.02417284","2026-08-15 09:26:50.443284","/home/akatoki/SC-30/scripts/SC-30/2_phase/motordrive.py","setup_motors","86","Motor Setup Error: 'GPIO not allocated'","","","","""Traceback (most recent call last):   File """"/home/akatoki/SC-30/scripts/SC-30/2_phase/motordrive.py"""", line 83, in setup_motors     setup_gpio() # LEDなども一緒に準備     ^^^^^^^^^^^^   File """"/home/akatoki/SC-30/scripts/SC-30/2_phase/motordrive.py"""", line 63, in setup_gpio     GPIO.setup(PIN_LED, GPIO.OUT)   File """"/usr/lib/python3/dist-packages/RPi/GPIO/__init__.py"""", line 704, in setup     initial = _check(lgpio.gpio_read(_chip, gpio))                      ^^^^^^^^^^^^^^^^^^^^^^^^^^^^   File """"/usr/lib/python3/dist-packages/lgpio.py"""", line 903, in gpio_read     return _u2i(_lgpio._gpio_read(handle&0xffff, gpio))            ^^^^^^^^^^^^^^^^^^^^^^^^^^^^^^^^^^^^^^^^^^^^   File """"/usr/lib/python3/dist-packages/lgpio.py"""", line 458, in _u2i     raise error(error_text(v)) lgpio.error: 'GPIO not allocated' ""","","","","","","","","","","","","","","","","","","","","","","","","","","","","","","","","","","","","","","","","",""
"109.18186024","2026-08-15 09:26:50.600950","/home/akatoki/SC-30/scripts/SC-30/2_phase/motordrive.py","move","150","","","","move: direction=e, power=0.7, duration=0.1","","","","","","","","","","","","","","","","","","","","","","","","","","","","","","","","","","","","","","","","","",""
"109.199767742","2026-08-15 09:26:50.618867","/home/akatoki/SC-30/scripts/SC-30/2_phase/motordrive.py","setup_motors","86","Motor Setup Error: 'GPIO not allocated'","","","","""Traceback (most recent call last):   File """"/home/akatoki/SC-30/scripts/SC-30/2_phase/motordrive.py"""", line 83, in setup_motors     setup_gpio() # LEDなども一緒に準備     ^^^^^^^^^^^^   File """"/home/akatoki/SC-30/scripts/SC-30/2_phase/motordrive.py"""", line 63, in setup_gpio     GPIO.setup(PIN_LED, GPIO.OUT)   File """"/usr/lib/python3/dist-packages/RPi/GPIO/__init__.py"""", line 704, in setup     initial = _check(lgpio.gpio_read(_chip, gpio))                      ^^^^^^^^^^^^^^^^^^^^^^^^^^^^   File """"/usr/lib/python3/dist-packages/lgpio.py"""", line 903, in gpio_read     return _u2i(_lgpio._gpio_read(handle&0xffff, gpio))            ^^^^^^^^^^^^^^^^^^^^^^^^^^^^^^^^^^^^^^^^^^^^   File """"/usr/lib/python3/dist-packages/lgpio.py"""", line 458, in _u2i     raise error(error_text(v)) lgpio.error: 'GPIO not allocated' ""","","","","","","","","","","","","","","","","","","","","","","","","","","","","","","","","","","","","","","","","",""
"109.356429827","2026-08-15 09:26:50.775514","/home/akatoki/SC-30/scripts/SC-30/2_phase/motordrive.py","move","150","","","","move: direction=e, power=0.7, duration=0.1","","","","","","","","","","","","","","","","","","","","","","","","","","","","","","","","","","","","","","","","","",""
"109.373853889","2026-08-15 09:26:50.792953","/home/akatoki/SC-30/scripts/SC-30/2_phase/motordrive.py","setup_motors","86","Motor Setup Error: 'GPIO not allocated'","","","","""Traceback (most recent call last):   File """"/home/akatoki/SC-30/scripts/SC-30/2_phase/motordrive.py"""", line 83, in setup_motors     setup_gpio() # LEDなども一緒に準備     ^^^^^^^^^^^^   File """"/home/akatoki/SC-30/scripts/SC-30/2_phase/motordrive.py"""", line 63, in setup_gpio     GPIO.setup(PIN_LED, GPIO.OUT)   File """"/usr/lib/python3/dist-packages/RPi/GPIO/__init__.py"""", line 704, in setup     initial = _check(lgpio.gpio_read(_chip, gpio))                      ^^^^^^^^^^^^^^^^^^^^^^^^^^^^   File """"/usr/lib/python3/dist-packages/lgpio.py"""", line 903, in gpio_read     return _u2i(_lgpio._gpio_read(handle&0xffff, gpio))            ^^^^^^^^^^^^^^^^^^^^^^^^^^^^^^^^^^^^^^^^^^^^   File """"/usr/lib/python3/dist-packages/lgpio.py"""", line 458, in _u2i     raise error(error_text(v)) lgpio.error: 'GPIO not allocated' ""","","","","","","","","","","","","","","","","","","","","","","","","","","","","","","","","","","","","","","","","",""
"109.530064879","2026-08-15 09:26:50.949150","/home/akatoki/SC-30/scripts/SC-30/2_phase/motordrive.py","move","150","","","","move: direction=e, power=0.7, duration=0.1","","","","","","","","","","","","","","","","","","","","","","","","","","","","","","","","","","","","","","","","","",""
"109.547956443","2026-08-15 09:26:50.967058","/home/akatoki/SC-30/scripts/SC-30/2_phase/motordrive.py","setup_motors","86","Motor Setup Error: 'GPIO not allocated'","","","","""Traceback (most recent call last):   File """"/home/akatoki/SC-30/scripts/SC-30/2_phase/motordrive.py"""", line 83, in setup_motors     setup_gpio() # LEDなども一緒に準備     ^^^^^^^^^^^^   File """"/home/akatoki/SC-30/scripts/SC-30/2_phase/motordrive.py"""", line 63, in setup_gpio     GPIO.setup(PIN_LED, GPIO.OUT)   File """"/usr/lib/python3/dist-packages/RPi/GPIO/__init__.py"""", line 704, in setup     initial = _check(lgpio.gpio_read(_chip, gpio))                      ^^^^^^^^^^^^^^^^^^^^^^^^^^^^   File """"/usr/lib/python3/dist-packages/lgpio.py"""", line 903, in gpio_read     return _u2i(_lgpio._gpio_read(handle&0xffff, gpio))            ^^^^^^^^^^^^^^^^^^^^^^^^^^^^^^^^^^^^^^^^^^^^   File """"/usr/lib/python3/dist-packages/lgpio.py"""", line 458, in _u2i     raise error(error_text(v)) lgpio.error: 'GPIO not allocated' ""","","","","","","","","","","","","","","","","","","","","","","","","","","","","","","","","","","","","","","","","",""
"109.701729122","2026-08-15 09:26:51.120815","/home/akatoki/SC-30/scripts/SC-30/2_phase/motordrive.py","move","150","","","","move: direction=e, power=0.7, duration=0.1","","","","","","","","","","","","","","","","","","","","","","","","","","","","","","","","","","","","","","","","","",""
"109.722831942","2026-08-15 09:26:51.141940","/home/akatoki/SC-30/scripts/SC-30/2_phase/motordrive.py","setup_motors","86","Motor Setup Error: 'GPIO not allocated'","","","","""Traceback (most recent call last):   File """"/home/akatoki/SC-30/scripts/SC-30/2_phase/motordrive.py"""", line 83, in setup_motors     setup_gpio() # LEDなども一緒に準備     ^^^^^^^^^^^^   File """"/home/akatoki/SC-30/scripts/SC-30/2_phase/motordrive.py"""", line 63, in setup_gpio     GPIO.setup(PIN_LED, GPIO.OUT)   File """"/usr/lib/python3/dist-packages/RPi/GPIO/__init__.py"""", line 704, in setup     initial = _check(lgpio.gpio_read(_chip, gpio))                      ^^^^^^^^^^^^^^^^^^^^^^^^^^^^   File """"/usr/lib/python3/dist-packages/lgpio.py"""", line 903, in gpio_read     return _u2i(_lgpio._gpio_read(handle&0xffff, gpio))            ^^^^^^^^^^^^^^^^^^^^^^^^^^^^^^^^^^^^^^^^^^^^   File """"/usr/lib/python3/dist-packages/lgpio.py"""", line 458, in _u2i     raise error(error_text(v)) lgpio.error: 'GPIO not allocated' ""","","","","","","","","","","","","","","","","","","","","","","","","","","","","","","","","","","","","","","","","",""
"109.878649516","2026-08-15 09:26:51.297738","/home/akatoki/SC-30/scripts/SC-30/2_phase/motordrive.py","move","150","","","","move: direction=q, power=0.7, duration=0.1","","","","","","","","","","","","","","","","","","","","","","","","","","","","","","","","","","","","","","","","","",""
"109.897214047","2026-08-15 09:26:51.316317","/home/akatoki/SC-30/scripts/SC-30/2_phase/motordrive.py","setup_motors","86","Motor Setup Error: 'GPIO not allocated'","","","","""Traceback (most recent call last):   File """"/home/akatoki/SC-30/scripts/SC-30/2_phase/motordrive.py"""", line 83, in setup_motors     setup_gpio() # LEDなども一緒に準備     ^^^^^^^^^^^^   File """"/home/akatoki/SC-30/scripts/SC-30/2_phase/motordrive.py"""", line 63, in setup_gpio     GPIO.setup(PIN_LED, GPIO.OUT)   File """"/usr/lib/python3/dist-packages/RPi/GPIO/__init__.py"""", line 704, in setup     initial = _check(lgpio.gpio_read(_chip, gpio))                      ^^^^^^^^^^^^^^^^^^^^^^^^^^^^   File """"/usr/lib/python3/dist-packages/lgpio.py"""", line 903, in gpio_read     return _u2i(_lgpio._gpio_read(handle&0xffff, gpio))            ^^^^^^^^^^^^^^^^^^^^^^^^^^^^^^^^^^^^^^^^^^^^   File """"/usr/lib/python3/dist-packages/lgpio.py"""", line 458, in _u2i     raise error(error_text(v)) lgpio.error: 'GPIO not allocated' ""","","","","","","","","","","","","","","","","","","","","","","","","","","","","","","","","","","","","","","","","",""
"109.914550242","2026-08-15 09:26:51.333636","/home/akatoki/SC-30/scripts/SC-30/2_phase/motordrive.py","move","150","","","","move: direction=w, power=0.7, duration=1.5","","","","","","","","","","","","","","","","","","","","","","","","","","","","","","","","","","","","","","","","","",""
"109.934678996","2026-08-15 09:26:51.353781","/home/akatoki/SC-30/scripts/SC-30/2_phase/motordrive.py","setup_motors","86","Motor Setup Error: 'GPIO not allocated'","","","","""Traceback (most recent call last):   File """"/home/akatoki/SC-30/scripts/SC-30/2_phase/motordrive.py"""", line 83, in setup_motors     setup_gpio() # LEDなども一緒に準備     ^^^^^^^^^^^^   File """"/home/akatoki/SC-30/scripts/SC-30/2_phase/motordrive.py"""", line 63, in setup_gpio     GPIO.setup(PIN_LED, GPIO.OUT)   File """"/usr/lib/python3/dist-packages/RPi/GPIO/__init__.py"""", line 704, in setup     initial = _check(lgpio.gpio_read(_chip, gpio))                      ^^^^^^^^^^^^^^^^^^^^^^^^^^^^   File """"/usr/lib/python3/dist-packages/lgpio.py"""", line 903, in gpio_read     return _u2i(_lgpio._gpio_read(handle&0xffff, gpio))            ^^^^^^^^^^^^^^^^^^^^^^^^^^^^^^^^^^^^^^^^^^^^   File """"/usr/lib/python3/dist-packages/lgpio.py"""", line 458, in _u2i     raise error(error_text(v)) lgpio.error: 'GPIO not allocated' ""","","","","","","","","","","","","","","","","","","","","","","","","","","","","","","","","","","","","","","","","",""
"110.095063302","2026-08-15 09:26:51.514161","/home/akatoki/SC-30/scripts/SC-30/2_phase/motordrive.py","move","150","","","","move: direction=w, power=0.7, duration=1.5","","","","","","","","","","","","","","","","","","","","","","","","","","","","","","","","","","","","","","","","","",""
"110.114425544","2026-08-15 09:26:51.533524","/home/akatoki/SC-30/scripts/SC-30/2_phase/motordrive.py","setup_motors","86","Motor Setup Error: 'GPIO not allocated'","","","","""Traceback (most recent call last):   File """"/home/akatoki/SC-30/scripts/SC-30/2_phase/motordrive.py"""", line 83, in setup_motors     setup_gpio() # LEDなども一緒に準備     ^^^^^^^^^^^^   File """"/home/akatoki/SC-30/scripts/SC-30/2_phase/motordrive.py"""", line 63, in setup_gpio     GPIO.setup(PIN_LED, GPIO.OUT)   File """"/usr/lib/python3/dist-packages/RPi/GPIO/__init__.py"""", line 704, in setup     initial = _check(lgpio.gpio_read(_chip, gpio))                      ^^^^^^^^^^^^^^^^^^^^^^^^^^^^   File """"/usr/lib/python3/dist-packages/lgpio.py"""", line 903, in gpio_read     return _u2i(_lgpio._gpio_read(handle&0xffff, gpio))            ^^^^^^^^^^^^^^^^^^^^^^^^^^^^^^^^^^^^^^^^^^^^   File """"/usr/lib/python3/dist-packages/lgpio.py"""", line 458, in _u2i     raise error(error_text(v)) lgpio.error: 'GPIO not allocated' ""","","","","","","","","","","","","","","","","","","","","","","","","","","","","","","","","","","","","","","","","",""
"110.271035568","2026-08-15 09:26:51.690120","/home/akatoki/SC-30/scripts/SC-30/2_phase/motordrive.py","move","150","","","","move: direction=w, power=0.7, duration=1.5","","","","","","","","","","","","","","","","","","","","","","","","","","","","","","","","","","","","","","","","","",""
"110.294378134","2026-08-15 09:26:51.713476","/home/akatoki/SC-30/scripts/SC-30/2_phase/motordrive.py","setup_motors","86","Motor Setup Error: 'GPIO not allocated'","","","","""Traceback (most recent call last):   File """"/home/akatoki/SC-30/scripts/SC-30/2_phase/motordrive.py"""", line 83, in setup_motors     setup_gpio() # LEDなども一緒に準備     ^^^^^^^^^^^^   File """"/home/akatoki/SC-30/scripts/SC-30/2_phase/motordrive.py"""", line 63, in setup_gpio     GPIO.setup(PIN_LED, GPIO.OUT)   File """"/usr/lib/python3/dist-packages/RPi/GPIO/__init__.py"""", line 704, in setup     initial = _check(lgpio.gpio_read(_chip, gpio))                      ^^^^^^^^^^^^^^^^^^^^^^^^^^^^   File """"/usr/lib/python3/dist-packages/lgpio.py"""", line 903, in gpio_read     return _u2i(_lgpio._gpio_read(handle&0xffff, gpio))            ^^^^^^^^^^^^^^^^^^^^^^^^^^^^^^^^^^^^^^^^^^^^   File """"/usr/lib/python3/dist-packages/lgpio.py"""", line 458, in _u2i     raise error(error_text(v)) lgpio.error: 'GPIO not allocated' ""","","","","","","","","","","","","","","","","","","","","","","","","","","","","","","","","","","","","","","","","",""
"110.451309513","2026-08-15 09:26:51.870394","/home/akatoki/SC-30/scripts/SC-30/2_phase/motordrive.py","move","150","","","","move: direction=w, power=0.7, duration=1.5","","","","","","","","","","","","","","","","","","","","","","","","","","","","","","","","","","","","","","","","","",""
"110.482106474","2026-08-15 09:26:51.901205","/home/akatoki/SC-30/scripts/SC-30/2_phase/motordrive.py","setup_motors","86","Motor Setup Error: 'GPIO not allocated'","","","","""Traceback (most recent call last):   File """"/home/akatoki/SC-30/scripts/SC-30/2_phase/motordrive.py"""", line 83, in setup_motors     setup_gpio() # LEDなども一緒に準備     ^^^^^^^^^^^^   File """"/home/akatoki/SC-30/scripts/SC-30/2_phase/motordrive.py"""", line 63, in setup_gpio     GPIO.setup(PIN_LED, GPIO.OUT)   File """"/usr/lib/python3/dist-packages/RPi/GPIO/__init__.py"""", line 704, in setup     initial = _check(lgpio.gpio_read(_chip, gpio))                      ^^^^^^^^^^^^^^^^^^^^^^^^^^^^   File """"/usr/lib/python3/dist-packages/lgpio.py"""", line 903, in gpio_read     return _u2i(_lgpio._gpio_read(handle&0xffff, gpio))            ^^^^^^^^^^^^^^^^^^^^^^^^^^^^^^^^^^^^^^^^^^^^   File """"/usr/lib/python3/dist-packages/lgpio.py"""", line 458, in _u2i     raise error(error_text(v)) lgpio.error: 'GPIO not allocated' ""","","","","","","","","","","","","","","","","","","","","","","","","","","","","","","","","","","","","","","","","",""
"110.635903461","2026-08-15 09:26:52.054988","/home/akatoki/SC-30/scripts/SC-30/2_phase/motordrive.py","move","150","","","","move: direction=w, power=0.7, duration=1.5","","","","","","","","","","","","","","","","","","","","","","","","","","","","","","","","","","","","","","","","","",""
"110.652944235","2026-08-15 09:26:52.072045","/home/akatoki/SC-30/scripts/SC-30/2_phase/motordrive.py","setup_motors","86","Motor Setup Error: 'GPIO not allocated'","","","","""Traceback (most recent call last):   File """"/home/akatoki/SC-30/scripts/SC-30/2_phase/motordrive.py"""", line 83, in setup_motors     setup_gpio() # LEDなども一緒に準備     ^^^^^^^^^^^^   File """"/home/akatoki/SC-30/scripts/SC-30/2_phase/motordrive.py"""", line 63, in setup_gpio     GPIO.setup(PIN_LED, GPIO.OUT)   File """"/usr/lib/python3/dist-packages/RPi/GPIO/__init__.py"""", line 704, in setup     initial = _check(lgpio.gpio_read(_chip, gpio))                      ^^^^^^^^^^^^^^^^^^^^^^^^^^^^   File """"/usr/lib/python3/dist-packages/lgpio.py"""", line 903, in gpio_read     return _u2i(_lgpio._gpio_read(handle&0xffff, gpio))            ^^^^^^^^^^^^^^^^^^^^^^^^^^^^^^^^^^^^^^^^^^^^   File """"/usr/lib/python3/dist-packages/lgpio.py"""", line 458, in _u2i     raise error(error_text(v)) lgpio.error: 'GPIO not allocated' ""","","","","","","","","","","","","","","","","","","","","","","","","","","","","","","","","","","","","","","","","",""
"110.806866151","2026-08-15 09:26:52.225950","/home/akatoki/SC-30/scripts/SC-30/2_phase/motordrive.py","move","150","","","","move: direction=w, power=0.7, duration=1.5","","","","","","","","","","","","","","","","","","","","","","","","","","","","","","","","","","","","","","","","","",""
"110.824840157","2026-08-15 09:26:52.243941","/home/akatoki/SC-30/scripts/SC-30/2_phase/motordrive.py","setup_motors","86","Motor Setup Error: 'GPIO not allocated'","","","","""Traceback (most recent call last):   File """"/home/akatoki/SC-30/scripts/SC-30/2_phase/motordrive.py"""", line 83, in setup_motors     setup_gpio() # LEDなども一緒に準備     ^^^^^^^^^^^^   File """"/home/akatoki/SC-30/scripts/SC-30/2_phase/motordrive.py"""", line 63, in setup_gpio     GPIO.setup(PIN_LED, GPIO.OUT)   File """"/usr/lib/python3/dist-packages/RPi/GPIO/__init__.py"""", line 704, in setup     initial = _check(lgpio.gpio_read(_chip, gpio))                      ^^^^^^^^^^^^^^^^^^^^^^^^^^^^   File """"/usr/lib/python3/dist-packages/lgpio.py"""", line 903, in gpio_read     return _u2i(_lgpio._gpio_read(handle&0xffff, gpio))            ^^^^^^^^^^^^^^^^^^^^^^^^^^^^^^^^^^^^^^^^^^^^   File """"/usr/lib/python3/dist-packages/lgpio.py"""", line 458, in _u2i     raise error(error_text(v)) lgpio.error: 'GPIO not allocated' ""","","","","","","","","","","","","","","","","","","","","","","","","","","","","","","","","","","","","","","","","",""
"110.986727719","2026-08-15 09:26:52.405813","/home/akatoki/SC-30/scripts/SC-30/2_phase/motordrive.py","move","150","","","","move: direction=w, power=0.7, duration=1.5","","","","","","","","","","","","","","","","","","","","","","","","","","","","","","","","","","","","","","","","","",""
"111.005450477","2026-08-15 09:26:52.424549","/home/akatoki/SC-30/scripts/SC-30/2_phase/motordrive.py","setup_motors","86","Motor Setup Error: 'GPIO not allocated'","","","","""Traceback (most recent call last):   File """"/home/akatoki/SC-30/scripts/SC-30/2_phase/motordrive.py"""", line 83, in setup_motors     setup_gpio() # LEDなども一緒に準備     ^^^^^^^^^^^^   File """"/home/akatoki/SC-30/scripts/SC-30/2_phase/motordrive.py"""", line 63, in setup_gpio     GPIO.setup(PIN_LED, GPIO.OUT)   File """"/usr/lib/python3/dist-packages/RPi/GPIO/__init__.py"""", line 704, in setup     initial = _check(lgpio.gpio_read(_chip, gpio))                      ^^^^^^^^^^^^^^^^^^^^^^^^^^^^   File """"/usr/lib/python3/dist-packages/lgpio.py"""", line 903, in gpio_read     return _u2i(_lgpio._gpio_read(handle&0xffff, gpio))            ^^^^^^^^^^^^^^^^^^^^^^^^^^^^^^^^^^^^^^^^^^^^   File """"/usr/lib/python3/dist-packages/lgpio.py"""", line 458, in _u2i     raise error(error_text(v)) lgpio.error: 'GPIO not allocated' ""","","","","","","","","","","","","","","","","","","","","","","","","","","","","","","","","","","","","","","","","",""
"111.162337297","2026-08-15 09:26:52.581425","/home/akatoki/SC-30/scripts/SC-30/2_phase/motordrive.py","move","150","","","","move: direction=w, power=0.7, duration=1.5","","","","","","","","","","","","","","","","","","","","","","","","","","","","","","","","","","","","","","","","","",""
"111.182437454","2026-08-15 09:26:52.601538","/home/akatoki/SC-30/scripts/SC-30/2_phase/motordrive.py","setup_motors","86","Motor Setup Error: 'GPIO not allocated'","","","","""Traceback (most recent call last):   File """"/home/akatoki/SC-30/scripts/SC-30/2_phase/motordrive.py"""", line 83, in setup_motors     setup_gpio() # LEDなども一緒に準備     ^^^^^^^^^^^^   File """"/home/akatoki/SC-30/scripts/SC-30/2_phase/motordrive.py"""", line 63, in setup_gpio     GPIO.setup(PIN_LED, GPIO.OUT)   File """"/usr/lib/python3/dist-packages/RPi/GPIO/__init__.py"""", line 704, in setup     initial = _check(lgpio.gpio_read(_chip, gpio))                      ^^^^^^^^^^^^^^^^^^^^^^^^^^^^   File """"/usr/lib/python3/dist-packages/lgpio.py"""", line 903, in gpio_read     return _u2i(_lgpio._gpio_read(handle&0xffff, gpio))            ^^^^^^^^^^^^^^^^^^^^^^^^^^^^^^^^^^^^^^^^^^^^   File """"/usr/lib/python3/dist-packages/lgpio.py"""", line 458, in _u2i     raise error(error_text(v)) lgpio.error: 'GPIO not allocated' ""","","","","","","","","","","","","","","","","","","","","","","","","","","","","","","","","","","","","","","","","",""
"111.347745911","2026-08-15 09:26:52.766832","/home/akatoki/SC-30/scripts/SC-30/2_phase/motordrive.py","move","150","","","","move: direction=e, power=0.7, duration=0.1","","","","","","","","","","","","","","","","","","","","","","","","","","","","","","","","","","","","","","","","","",""
"111.36701565","2026-08-15 09:26:52.786118","/home/akatoki/SC-30/scripts/SC-30/2_phase/motordrive.py","setup_motors","86","Motor Setup Error: 'GPIO not allocated'","","","","""Traceback (most recent call last):   File """"/home/akatoki/SC-30/scripts/SC-30/2_phase/motordrive.py"""", line 83, in setup_motors     setup_gpio() # LEDなども一緒に準備     ^^^^^^^^^^^^   File """"/home/akatoki/SC-30/scripts/SC-30/2_phase/motordrive.py"""", line 63, in setup_gpio     GPIO.setup(PIN_LED, GPIO.OUT)   File """"/usr/lib/python3/dist-packages/RPi/GPIO/__init__.py"""", line 704, in setup     initial = _check(lgpio.gpio_read(_chip, gpio))                      ^^^^^^^^^^^^^^^^^^^^^^^^^^^^   File """"/usr/lib/python3/dist-packages/lgpio.py"""", line 903, in gpio_read     return _u2i(_lgpio._gpio_read(handle&0xffff, gpio))            ^^^^^^^^^^^^^^^^^^^^^^^^^^^^^^^^^^^^^^^^^^^^   File """"/usr/lib/python3/dist-packages/lgpio.py"""", line 458, in _u2i     raise error(error_text(v)) lgpio.error: 'GPIO not allocated' ""","","","","","","","","","","","","","","","","","","","","","","","","","","","","","","","","","","","","","","","","",""
"111.383629339","2026-08-15 09:26:52.802716","/home/akatoki/SC-30/scripts/SC-30/2_phase/motordrive.py","move","150","","","","move: direction=w, power=0.7, duration=1.5","","","","","","","","","","","","","","","","","","","","","","","","","","","","","","","","","","","","","","","","","",""
"111.40398658","2026-08-15 09:26:52.823137","/home/akatoki/SC-30/scripts/SC-30/2_phase/motordrive.py","setup_motors","86","Motor Setup Error: 'GPIO not allocated'","","","","""Traceback (most recent call last):   File """"/home/akatoki/SC-30/scripts/SC-30/2_phase/motordrive.py"""", line 83, in setup_motors     setup_gpio() # LEDなども一緒に準備     ^^^^^^^^^^^^   File """"/home/akatoki/SC-30/scripts/SC-30/2_phase/motordrive.py"""", line 63, in setup_gpio     GPIO.setup(PIN_LED, GPIO.OUT)   File """"/usr/lib/python3/dist-packages/RPi/GPIO/__init__.py"""", line 704, in setup     initial = _check(lgpio.gpio_read(_chip, gpio))                      ^^^^^^^^^^^^^^^^^^^^^^^^^^^^   File """"/usr/lib/python3/dist-packages/lgpio.py"""", line 903, in gpio_read     return _u2i(_lgpio._gpio_read(handle&0xffff, gpio))            ^^^^^^^^^^^^^^^^^^^^^^^^^^^^^^^^^^^^^^^^^^^^   File """"/usr/lib/python3/dist-packages/lgpio.py"""", line 458, in _u2i     raise error(error_text(v)) lgpio.error: 'GPIO not allocated' ""","","","","","","","","","","","","","","","","","","","","","","","","","","","","","","","","","","","","","","","","",""
"111.561776736","2026-08-15 09:26:52.980865","/home/akatoki/SC-30/scripts/SC-30/2_phase/motordrive.py","move","150","","","","move: direction=e, power=0.7, duration=0.1","","","","","","","","","","","","","","","","","","","","","","","","","","","","","","","","","","","","","","","","","",""
"111.579276939","2026-08-15 09:26:52.998376","/home/akatoki/SC-30/scripts/SC-30/2_phase/motordrive.py","setup_motors","86","Motor Setup Error: 'GPIO not allocated'","","","","""Traceback (most recent call last):   File """"/home/akatoki/SC-30/scripts/SC-30/2_phase/motordrive.py"""", line 83, in setup_motors     setup_gpio() # LEDなども一緒に準備     ^^^^^^^^^^^^   File """"/home/akatoki/SC-30/scripts/SC-30/2_phase/motordrive.py"""", line 63, in setup_gpio     GPIO.setup(PIN_LED, GPIO.OUT)   File """"/usr/lib/python3/dist-packages/RPi/GPIO/__init__.py"""", line 704, in setup     initial = _check(lgpio.gpio_read(_chip, gpio))                      ^^^^^^^^^^^^^^^^^^^^^^^^^^^^   File """"/usr/lib/python3/dist-packages/lgpio.py"""", line 903, in gpio_read     return _u2i(_lgpio._gpio_read(handle&0xffff, gpio))            ^^^^^^^^^^^^^^^^^^^^^^^^^^^^^^^^^^^^^^^^^^^^   File """"/usr/lib/python3/dist-packages/lgpio.py"""", line 458, in _u2i     raise error(error_text(v)) lgpio.error: 'GPIO not allocated' ""","","","","","","","","","","","","","","","","","","","","","","","","","","","","","","","","","","","","","","","","",""
"111.597397766","2026-08-15 09:26:53.016482","/home/akatoki/SC-30/scripts/SC-30/2_phase/motordrive.py","move","150","","","","move: direction=w, power=0.7, duration=1.5","","","","","","","","","","","","","","","","","","","","","","","","","","","","","","","","","","","","","","","","","",""
"111.614113484","2026-08-15 09:26:53.033227","/home/akatoki/SC-30/scripts/SC-30/2_phase/motordrive.py","setup_motors","86","Motor Setup Error: 'GPIO not allocated'","","","","""Traceback (most recent call last):   File """"/home/akatoki/SC-30/scripts/SC-30/2_phase/motordrive.py"""", line 83, in setup_motors     setup_gpio() # LEDなども一緒に準備     ^^^^^^^^^^^^   File """"/home/akatoki/SC-30/scripts/SC-30/2_phase/motordrive.py"""", line 63, in setup_gpio     GPIO.setup(PIN_LED, GPIO.OUT)   File """"/usr/lib/python3/dist-packages/RPi/GPIO/__init__.py"""", line 704, in setup     initial = _check(lgpio.gpio_read(_chip, gpio))                      ^^^^^^^^^^^^^^^^^^^^^^^^^^^^   File """"/usr/lib/python3/dist-packages/lgpio.py"""", line 903, in gpio_read     return _u2i(_lgpio._gpio_read(handle&0xffff, gpio))            ^^^^^^^^^^^^^^^^^^^^^^^^^^^^^^^^^^^^^^^^^^^^   File """"/usr/lib/python3/dist-packages/lgpio.py"""", line 458, in _u2i     raise error(error_text(v)) lgpio.error: 'GPIO not allocated' ""","","","","","","","","","","","","","","","","","","","","","","","","","","","","","","","","","","","","","","","","",""
"111.775010132","2026-08-15 09:26:53.194096","/home/akatoki/SC-30/scripts/SC-30/2_phase/motordrive.py","move","150","","","","move: direction=e, power=0.7, duration=0.1","","","","","","","","","","","","","","","","","","","","","","","","","","","","","","","","","","","","","","","","","",""
"111.795446016","2026-08-15 09:26:53.214547","/home/akatoki/SC-30/scripts/SC-30/2_phase/motordrive.py","setup_motors","86","Motor Setup Error: 'GPIO not allocated'","","","","""Traceback (most recent call last):   File """"/home/akatoki/SC-30/scripts/SC-30/2_phase/motordrive.py"""", line 83, in setup_motors     setup_gpio() # LEDなども一緒に準備     ^^^^^^^^^^^^   File """"/home/akatoki/SC-30/scripts/SC-30/2_phase/motordrive.py"""", line 63, in setup_gpio     GPIO.setup(PIN_LED, GPIO.OUT)   File """"/usr/lib/python3/dist-packages/RPi/GPIO/__init__.py"""", line 704, in setup     initial = _check(lgpio.gpio_read(_chip, gpio))                      ^^^^^^^^^^^^^^^^^^^^^^^^^^^^   File """"/usr/lib/python3/dist-packages/lgpio.py"""", line 903, in gpio_read     return _u2i(_lgpio._gpio_read(handle&0xffff, gpio))            ^^^^^^^^^^^^^^^^^^^^^^^^^^^^^^^^^^^^^^^^^^^^   File """"/usr/lib/python3/dist-packages/lgpio.py"""", line 458, in _u2i     raise error(error_text(v)) lgpio.error: 'GPIO not allocated' ""","","","","","","","","","","","","","","","","","","","","","","","","","","","","","","","","","","","","","","","","",""
"111.809376779","2026-08-15 09:26:53.228462","/home/akatoki/SC-30/scripts/SC-30/2_phase/motordrive.py","move","150","","","","move: direction=w, power=0.7, duration=1.5","","","","","","","","","","","","","","","","","","","","","","","","","","","","","","","","","","","","","","","","","",""
"111.827795523","2026-08-15 09:26:53.246895","/home/akatoki/SC-30/scripts/SC-30/2_phase/motordrive.py","setup_motors","86","Motor Setup Error: 'GPIO not allocated'","","","","""Traceback (most recent call last):   File """"/home/akatoki/SC-30/scripts/SC-30/2_phase/motordrive.py"""", line 83, in setup_motors     setup_gpio() # LEDなども一緒に準備     ^^^^^^^^^^^^   File """"/home/akatoki/SC-30/scripts/SC-30/2_phase/motordrive.py"""", line 63, in setup_gpio     GPIO.setup(PIN_LED, GPIO.OUT)   File """"/usr/lib/python3/dist-packages/RPi/GPIO/__init__.py"""", line 704, in setup     initial = _check(lgpio.gpio_read(_chip, gpio))                      ^^^^^^^^^^^^^^^^^^^^^^^^^^^^   File """"/usr/lib/python3/dist-packages/lgpio.py"""", line 903, in gpio_read     return _u2i(_lgpio._gpio_read(handle&0xffff, gpio))            ^^^^^^^^^^^^^^^^^^^^^^^^^^^^^^^^^^^^^^^^^^^^   File """"/usr/lib/python3/dist-packages/lgpio.py"""", line 458, in _u2i     raise error(error_text(v)) lgpio.error: 'GPIO not allocated' ""","","","","","","","","","","","","","","","","","","","","","","","","","","","","","","","","","","","","","","","","",""
"111.988100294","2026-08-15 09:26:53.407187","/home/akatoki/SC-30/scripts/SC-30/2_phase/motordrive.py","move","150","","","","move: direction=e, power=0.7, duration=0.1","","","","","","","","","","","","","","","","","","","","","","","","","","","","","","","","","","","","","","","","","",""
"112.007496019","2026-08-15 09:26:53.426599","/home/akatoki/SC-30/scripts/SC-30/2_phase/motordrive.py","setup_motors","86","Motor Setup Error: 'GPIO not allocated'","","","","""Traceback (most recent call last):   File """"/home/akatoki/SC-30/scripts/SC-30/2_phase/motordrive.py"""", line 83, in setup_motors     setup_gpio() # LEDなども一緒に準備     ^^^^^^^^^^^^   File """"/home/akatoki/SC-30/scripts/SC-30/2_phase/motordrive.py"""", line 63, in setup_gpio     GPIO.setup(PIN_LED, GPIO.OUT)   File """"/usr/lib/python3/dist-packages/RPi/GPIO/__init__.py"""", line 704, in setup     initial = _check(lgpio.gpio_read(_chip, gpio))                      ^^^^^^^^^^^^^^^^^^^^^^^^^^^^   File """"/usr/lib/python3/dist-packages/lgpio.py"""", line 903, in gpio_read     return _u2i(_lgpio._gpio_read(handle&0xffff, gpio))            ^^^^^^^^^^^^^^^^^^^^^^^^^^^^^^^^^^^^^^^^^^^^   File """"/usr/lib/python3/dist-packages/lgpio.py"""", line 458, in _u2i     raise error(error_text(v)) lgpio.error: 'GPIO not allocated' ""","","","","","","","","","","","","","","","","","","","","","","","","","","","","","","","","","","","","","","","","",""
"112.021822201","2026-08-15 09:26:53.440908","/home/akatoki/SC-30/scripts/SC-30/2_phase/motordrive.py","move","150","","","","move: direction=w, power=0.7, duration=1.5","","","","","","","","","","","","","","","","","","","","","","","","","","","","","","","","","","","","","","","","","",""
"112.038833649","2026-08-15 09:26:53.457938","/home/akatoki/SC-30/scripts/SC-30/2_phase/motordrive.py","setup_motors","86","Motor Setup Error: 'GPIO not allocated'","","","","""Traceback (most recent call last):   File """"/home/akatoki/SC-30/scripts/SC-30/2_phase/motordrive.py"""", line 83, in setup_motors     setup_gpio() # LEDなども一緒に準備     ^^^^^^^^^^^^   File """"/home/akatoki/SC-30/scripts/SC-30/2_phase/motordrive.py"""", line 63, in setup_gpio     GPIO.setup(PIN_LED, GPIO.OUT)   File """"/usr/lib/python3/dist-packages/RPi/GPIO/__init__.py"""", line 704, in setup     initial = _check(lgpio.gpio_read(_chip, gpio))                      ^^^^^^^^^^^^^^^^^^^^^^^^^^^^   File """"/usr/lib/python3/dist-packages/lgpio.py"""", line 903, in gpio_read     return _u2i(_lgpio._gpio_read(handle&0xffff, gpio))            ^^^^^^^^^^^^^^^^^^^^^^^^^^^^^^^^^^^^^^^^^^^^   File """"/usr/lib/python3/dist-packages/lgpio.py"""", line 458, in _u2i     raise error(error_text(v)) lgpio.error: 'GPIO not allocated' ""","","","","","","","","","","","","","","","","","","","","","","","","","","","","","","","","","","","","","","","","",""
"112.192761165","2026-08-15 09:26:53.611847","/home/akatoki/SC-30/scripts/SC-30/2_phase/motordrive.py","move","150","","","","move: direction=e, power=0.7, duration=0.1","","","","","","","","","","","","","","","","","","","","","","","","","","","","","","","","","","","","","","","","","",""
"112.211657826","2026-08-15 09:26:53.630764","/home/akatoki/SC-30/scripts/SC-30/2_phase/motordrive.py","setup_motors","86","Motor Setup Error: 'GPIO not allocated'","","","","""Traceback (most recent call last):   File """"/home/akatoki/SC-30/scripts/SC-30/2_phase/motordrive.py"""", line 83, in setup_motors     setup_gpio() # LEDなども一緒に準備     ^^^^^^^^^^^^   File """"/home/akatoki/SC-30/scripts/SC-30/2_phase/motordrive.py"""", line 63, in setup_gpio     GPIO.setup(PIN_LED, GPIO.OUT)   File """"/usr/lib/python3/dist-packages/RPi/GPIO/__init__.py"""", line 704, in setup     initial = _check(lgpio.gpio_read(_chip, gpio))                      ^^^^^^^^^^^^^^^^^^^^^^^^^^^^   File """"/usr/lib/python3/dist-packages/lgpio.py"""", line 903, in gpio_read     return _u2i(_lgpio._gpio_read(handle&0xffff, gpio))            ^^^^^^^^^^^^^^^^^^^^^^^^^^^^^^^^^^^^^^^^^^^^   File """"/usr/lib/python3/dist-packages/lgpio.py"""", line 458, in _u2i     raise error(error_text(v)) lgpio.error: 'GPIO not allocated' ""","","","","","","","","","","","","","","","","","","","","","","","","","","","","","","","","","","","","","","","","",""
"112.233532464","2026-08-15 09:26:53.652624","/home/akatoki/SC-30/scripts/SC-30/2_phase/motordrive.py","move","150","","","","move: direction=w, power=0.7, duration=1.5","","","","","","","","","","","","","","","","","","","","","","","","","","","","","","","","","","","","","","","","","",""
"112.256175332","2026-08-15 09:26:53.675283","/home/akatoki/SC-30/scripts/SC-30/2_phase/motordrive.py","setup_motors","86","Motor Setup Error: 'GPIO not allocated'","","","","""Traceback (most recent call last):   File """"/home/akatoki/SC-30/scripts/SC-30/2_phase/motordrive.py"""", line 83, in setup_motors     setup_gpio() # LEDなども一緒に準備     ^^^^^^^^^^^^   File """"/home/akatoki/SC-30/scripts/SC-30/2_phase/motordrive.py"""", line 63, in setup_gpio     GPIO.setup(PIN_LED, GPIO.OUT)   File """"/usr/lib/python3/dist-packages/RPi/GPIO/__init__.py"""", line 704, in setup     initial = _check(lgpio.gpio_read(_chip, gpio))                      ^^^^^^^^^^^^^^^^^^^^^^^^^^^^   File """"/usr/lib/python3/dist-packages/lgpio.py"""", line 903, in gpio_read     return _u2i(_lgpio._gpio_read(handle&0xffff, gpio))            ^^^^^^^^^^^^^^^^^^^^^^^^^^^^^^^^^^^^^^^^^^^^   File """"/usr/lib/python3/dist-packages/lgpio.py"""", line 458, in _u2i     raise error(error_text(v)) lgpio.error: 'GPIO not allocated' ""","","","","","","","","","","","","","","","","","","","","","","","","","","","","","","","","","","","","","","","","",""
"112.424769551","2026-08-15 09:26:53.843858","/home/akatoki/SC-30/scripts/SC-30/2_phase/motordrive.py","move","150","","","","move: direction=e, power=0.7, duration=0.1","","","","","","","","","","","","","","","","","","","","","","","","","","","","","","","","","","","","","","","","","",""
"112.44657773","2026-08-15 09:26:53.865684","/home/akatoki/SC-30/scripts/SC-30/2_phase/motordrive.py","setup_motors","86","Motor Setup Error: 'GPIO not allocated'","","","","""Traceback (most recent call last):   File """"/home/akatoki/SC-30/scripts/SC-30/2_phase/motordrive.py"""", line 83, in setup_motors     setup_gpio() # LEDなども一緒に準備     ^^^^^^^^^^^^   File """"/home/akatoki/SC-30/scripts/SC-30/2_phase/motordrive.py"""", line 63, in setup_gpio     GPIO.setup(PIN_LED, GPIO.OUT)   File """"/usr/lib/python3/dist-packages/RPi/GPIO/__init__.py"""", line 704, in setup     initial = _check(lgpio.gpio_read(_chip, gpio))                      ^^^^^^^^^^^^^^^^^^^^^^^^^^^^   File """"/usr/lib/python3/dist-packages/lgpio.py"""", line 903, in gpio_read     return _u2i(_lgpio._gpio_read(handle&0xffff, gpio))            ^^^^^^^^^^^^^^^^^^^^^^^^^^^^^^^^^^^^^^^^^^^^   File """"/usr/lib/python3/dist-packages/lgpio.py"""", line 458, in _u2i     raise error(error_text(v)) lgpio.error: 'GPIO not allocated' ""","","","","","","","","","","","","","","","","","","","","","","","","","","","","","","","","","","","","","","","","",""
"112.47250519","2026-08-15 09:26:53.891596","/home/akatoki/SC-30/scripts/SC-30/2_phase/motordrive.py","move","150","","","","move: direction=w, power=0.7, duration=1.5","","","","","","","","","","","","","","","","","","","","","","","","","","","","","","","","","","","","","","","","","",""
"112.498368431","2026-08-15 09:26:53.917472","/home/akatoki/SC-30/scripts/SC-30/2_phase/motordrive.py","setup_motors","86","Motor Setup Error: 'GPIO not allocated'","","","","""Traceback (most recent call last):   File """"/home/akatoki/SC-30/scripts/SC-30/2_phase/motordrive.py"""", line 83, in setup_motors     setup_gpio() # LEDなども一緒に準備     ^^^^^^^^^^^^   File """"/home/akatoki/SC-30/scripts/SC-30/2_phase/motordrive.py"""", line 63, in setup_gpio     GPIO.setup(PIN_LED, GPIO.OUT)   File """"/usr/lib/python3/dist-packages/RPi/GPIO/__init__.py"""", line 704, in setup     initial = _check(lgpio.gpio_read(_chip, gpio))                      ^^^^^^^^^^^^^^^^^^^^^^^^^^^^   File """"/usr/lib/python3/dist-packages/lgpio.py"""", line 903, in gpio_read     return _u2i(_lgpio._gpio_read(handle&0xffff, gpio))            ^^^^^^^^^^^^^^^^^^^^^^^^^^^^^^^^^^^^^^^^^^^^   File """"/usr/lib/python3/dist-packages/lgpio.py"""", line 458, in _u2i     raise error(error_text(v)) lgpio.error: 'GPIO not allocated' ""","","","","","","","","","","","","","","","","","","","","","","","","","","","","","","","","","","","","","","","","",""
"112.661662781","2026-08-15 09:26:54.080752","/home/akatoki/SC-30/scripts/SC-30/2_phase/motordrive.py","move","150","","","","move: direction=w, power=0.7, duration=1.5","","","","","","","","","","","","","","","","","","","","","","","","","","","","","","","","","","","","","","","","","",""
"112.686900757","2026-08-15 09:26:54.105999","/home/akatoki/SC-30/scripts/SC-30/2_phase/motordrive.py","setup_motors","86","Motor Setup Error: 'GPIO not allocated'","","","","""Traceback (most recent call last):   File """"/home/akatoki/SC-30/scripts/SC-30/2_phase/motordrive.py"""", line 83, in setup_motors     setup_gpio() # LEDなども一緒に準備     ^^^^^^^^^^^^   File """"/home/akatoki/SC-30/scripts/SC-30/2_phase/motordrive.py"""", line 63, in setup_gpio     GPIO.setup(PIN_LED, GPIO.OUT)   File """"/usr/lib/python3/dist-packages/RPi/GPIO/__init__.py"""", line 704, in setup     initial = _check(lgpio.gpio_read(_chip, gpio))                      ^^^^^^^^^^^^^^^^^^^^^^^^^^^^   File """"/usr/lib/python3/dist-packages/lgpio.py"""", line 903, in gpio_read     return _u2i(_lgpio._gpio_read(handle&0xffff, gpio))            ^^^^^^^^^^^^^^^^^^^^^^^^^^^^^^^^^^^^^^^^^^^^   File """"/usr/lib/python3/dist-packages/lgpio.py"""", line 458, in _u2i     raise error(error_text(v)) lgpio.error: 'GPIO not allocated' ""","","","","","","","","","","","","","","","","","","","","","","","","","","","","","","","","","","","","","","","","",""
"112.842215596","2026-08-15 09:26:54.261302","/home/akatoki/SC-30/scripts/SC-30/2_phase/motordrive.py","move","150","","","","move: direction=e, power=0.7, duration=0.1","","","","","","","","","","","","","","","","","","","","","","","","","","","","","","","","","","","","","","","","","",""
"112.86159611","2026-08-15 09:26:54.280703","/home/akatoki/SC-30/scripts/SC-30/2_phase/motordrive.py","setup_motors","86","Motor Setup Error: 'GPIO not allocated'","","","","""Traceback (most recent call last):   File """"/home/akatoki/SC-30/scripts/SC-30/2_phase/motordrive.py"""", line 83, in setup_motors     setup_gpio() # LEDなども一緒に準備     ^^^^^^^^^^^^   File """"/home/akatoki/SC-30/scripts/SC-30/2_phase/motordrive.py"""", line 63, in setup_gpio     GPIO.setup(PIN_LED, GPIO.OUT)   File """"/usr/lib/python3/dist-packages/RPi/GPIO/__init__.py"""", line 704, in setup     initial = _check(lgpio.gpio_read(_chip, gpio))                      ^^^^^^^^^^^^^^^^^^^^^^^^^^^^   File """"/usr/lib/python3/dist-packages/lgpio.py"""", line 903, in gpio_read     return _u2i(_lgpio._gpio_read(handle&0xffff, gpio))            ^^^^^^^^^^^^^^^^^^^^^^^^^^^^^^^^^^^^^^^^^^^^   File """"/usr/lib/python3/dist-packages/lgpio.py"""", line 458, in _u2i     raise error(error_text(v)) lgpio.error: 'GPIO not allocated' ""","","","","","","","","","","","","","","","","","","","","","","","","","","","","","","","","","","","","","","","","",""
"113.021238511","2026-08-15 09:26:54.440324","/home/akatoki/SC-30/scripts/SC-30/2_phase/motordrive.py","move","150","","","","move: direction=q, power=0.7, duration=0.1","","","","","","","","","","","","","","","","","","","","","","","","","","","","","","","","","","","","","","","","","",""
"113.040639754","2026-08-15 09:26:54.459740","/home/akatoki/SC-30/scripts/SC-30/2_phase/motordrive.py","setup_motors","86","Motor Setup Error: 'GPIO not allocated'","","","","""Traceback (most recent call last):   File """"/home/akatoki/SC-30/scripts/SC-30/2_phase/motordrive.py"""", line 83, in setup_motors     setup_gpio() # LEDなども一緒に準備     ^^^^^^^^^^^^   File """"/home/akatoki/SC-30/scripts/SC-30/2_phase/motordrive.py"""", line 63, in setup_gpio     GPIO.setup(PIN_LED, GPIO.OUT)   File """"/usr/lib/python3/dist-packages/RPi/GPIO/__init__.py"""", line 704, in setup     initial = _check(lgpio.gpio_read(_chip, gpio))                      ^^^^^^^^^^^^^^^^^^^^^^^^^^^^   File """"/usr/lib/python3/dist-packages/lgpio.py"""", line 903, in gpio_read     return _u2i(_lgpio._gpio_read(handle&0xffff, gpio))            ^^^^^^^^^^^^^^^^^^^^^^^^^^^^^^^^^^^^^^^^^^^^   File """"/usr/lib/python3/dist-packages/lgpio.py"""", line 458, in _u2i     raise error(error_text(v)) lgpio.error: 'GPIO not allocated' ""","","","","","","","","","","","","","","","","","","","","","","","","","","","","","","","","","","","","","","","","",""
"113.055970727","2026-08-15 09:26:54.475058","/home/akatoki/SC-30/scripts/SC-30/2_phase/motordrive.py","move","150","","","","move: direction=w, power=0.7, duration=1.5","","","","","","","","","","","","","","","","","","","","","","","","","","","","","","","","","","","","","","","","","",""
"113.073367434","2026-08-15 09:26:54.492468","/home/akatoki/SC-30/scripts/SC-30/2_phase/motordrive.py","setup_motors","86","Motor Setup Error: 'GPIO not allocated'","","","","""Traceback (most recent call last):   File """"/home/akatoki/SC-30/scripts/SC-30/2_phase/motordrive.py"""", line 83, in setup_motors     setup_gpio() # LEDなども一緒に準備     ^^^^^^^^^^^^   File """"/home/akatoki/SC-30/scripts/SC-30/2_phase/motordrive.py"""", line 63, in setup_gpio     GPIO.setup(PIN_LED, GPIO.OUT)   File """"/usr/lib/python3/dist-packages/RPi/GPIO/__init__.py"""", line 704, in setup     initial = _check(lgpio.gpio_read(_chip, gpio))                      ^^^^^^^^^^^^^^^^^^^^^^^^^^^^   File """"/usr/lib/python3/dist-packages/lgpio.py"""", line 903, in gpio_read     return _u2i(_lgpio._gpio_read(handle&0xffff, gpio))            ^^^^^^^^^^^^^^^^^^^^^^^^^^^^^^^^^^^^^^^^^^^^   File """"/usr/lib/python3/dist-packages/lgpio.py"""", line 458, in _u2i     raise error(error_text(v)) lgpio.error: 'GPIO not allocated' ""","","","","","","","","","","","","","","","","","","","","","","","","","","","","","","","","","","","","","","","","",""
"113.239049328","2026-08-15 09:26:54.658149","/home/akatoki/SC-30/scripts/SC-30/2_phase/motordrive.py","move","150","","","","move: direction=e, power=0.7, duration=0.1","","","","","","","","","","","","","","","","","","","","","","","","","","","","","","","","","","","","","","","","","",""
"113.25953448","2026-08-15 09:26:54.678635","/home/akatoki/SC-30/scripts/SC-30/2_phase/motordrive.py","setup_motors","86","Motor Setup Error: 'GPIO not allocated'","","","","""Traceback (most recent call last):   File """"/home/akatoki/SC-30/scripts/SC-30/2_phase/motordrive.py"""", line 83, in setup_motors     setup_gpio() # LEDなども一緒に準備     ^^^^^^^^^^^^   File """"/home/akatoki/SC-30/scripts/SC-30/2_phase/motordrive.py"""", line 63, in setup_gpio     GPIO.setup(PIN_LED, GPIO.OUT)   File """"/usr/lib/python3/dist-packages/RPi/GPIO/__init__.py"""", line 704, in setup     initial = _check(lgpio.gpio_read(_chip, gpio))                      ^^^^^^^^^^^^^^^^^^^^^^^^^^^^   File """"/usr/lib/python3/dist-packages/lgpio.py"""", line 903, in gpio_read     return _u2i(_lgpio._gpio_read(handle&0xffff, gpio))            ^^^^^^^^^^^^^^^^^^^^^^^^^^^^^^^^^^^^^^^^^^^^   File """"/usr/lib/python3/dist-packages/lgpio.py"""", line 458, in _u2i     raise error(error_text(v)) lgpio.error: 'GPIO not allocated' ""","","","","","","","","","","","","","","","","","","","","","","","","","","","","","","","","","","","","","","","","",""
"113.423846684","2026-08-15 09:26:54.842932","/home/akatoki/SC-30/scripts/SC-30/2_phase/motordrive.py","move","150","","","","move: direction=e, power=0.7, duration=0.1","","","","","","","","","","","","","","","","","","","","","","","","","","","","","","","","","","","","","","","","","",""
"113.444365429","2026-08-15 09:26:54.863469","/home/akatoki/SC-30/scripts/SC-30/2_phase/motordrive.py","setup_motors","86","Motor Setup Error: 'GPIO not allocated'","","","","""Traceback (most recent call last):   File """"/home/akatoki/SC-30/scripts/SC-30/2_phase/motordrive.py"""", line 83, in setup_motors     setup_gpio() # LEDなども一緒に準備     ^^^^^^^^^^^^   File """"/home/akatoki/SC-30/scripts/SC-30/2_phase/motordrive.py"""", line 63, in setup_gpio     GPIO.setup(PIN_LED, GPIO.OUT)   File """"/usr/lib/python3/dist-packages/RPi/GPIO/__init__.py"""", line 704, in setup     initial = _check(lgpio.gpio_read(_chip, gpio))                      ^^^^^^^^^^^^^^^^^^^^^^^^^^^^   File """"/usr/lib/python3/dist-packages/lgpio.py"""", line 903, in gpio_read     return _u2i(_lgpio._gpio_read(handle&0xffff, gpio))            ^^^^^^^^^^^^^^^^^^^^^^^^^^^^^^^^^^^^^^^^^^^^   File """"/usr/lib/python3/dist-packages/lgpio.py"""", line 458, in _u2i     raise error(error_text(v)) lgpio.error: 'GPIO not allocated' ""","","","","","","","","","","","","","","","","","","","","","","","","","","","","","","","","","","","","","","","","",""
"113.602679023","2026-08-15 09:26:55.021767","/home/akatoki/SC-30/scripts/SC-30/2_phase/motordrive.py","move","150","","","","move: direction=e, power=0.7, duration=0.1","","","","","","","","","","","","","","","","","","","","","","","","","","","","","","","","","","","","","","","","","",""
"113.621454689","2026-08-15 09:26:55.040555","/home/akatoki/SC-30/scripts/SC-30/2_phase/motordrive.py","setup_motors","86","Motor Setup Error: 'GPIO not allocated'","","","","""Traceback (most recent call last):   File """"/home/akatoki/SC-30/scripts/SC-30/2_phase/motordrive.py"""", line 83, in setup_motors     setup_gpio() # LEDなども一緒に準備     ^^^^^^^^^^^^   File """"/home/akatoki/SC-30/scripts/SC-30/2_phase/motordrive.py"""", line 63, in setup_gpio     GPIO.setup(PIN_LED, GPIO.OUT)   File """"/usr/lib/python3/dist-packages/RPi/GPIO/__init__.py"""", line 704, in setup     initial = _check(lgpio.gpio_read(_chip, gpio))                      ^^^^^^^^^^^^^^^^^^^^^^^^^^^^   File """"/usr/lib/python3/dist-packages/lgpio.py"""", line 903, in gpio_read     return _u2i(_lgpio._gpio_read(handle&0xffff, gpio))            ^^^^^^^^^^^^^^^^^^^^^^^^^^^^^^^^^^^^^^^^^^^^   File """"/usr/lib/python3/dist-packages/lgpio.py"""", line 458, in _u2i     raise error(error_text(v)) lgpio.error: 'GPIO not allocated' ""","","","","","","","","","","","","","","","","","","","","","","","","","","","","","","","","","","","","","","","","",""
"113.778373728","2026-08-15 09:26:55.197459","/home/akatoki/SC-30/scripts/SC-30/2_phase/motordrive.py","move","150","","","","move: direction=e, power=0.7, duration=0.1","","","","","","","","","","","","","","","","","","","","","","","","","","","","","","","","","","","","","","","","","",""
"113.796623611","2026-08-15 09:26:55.215723","/home/akatoki/SC-30/scripts/SC-30/2_phase/motordrive.py","setup_motors","86","Motor Setup Error: 'GPIO not allocated'","","","","""Traceback (most recent call last):   File """"/home/akatoki/SC-30/scripts/SC-30/2_phase/motordrive.py"""", line 83, in setup_motors     setup_gpio() # LEDなども一緒に準備     ^^^^^^^^^^^^   File """"/home/akatoki/SC-30/scripts/SC-30/2_phase/motordrive.py"""", line 63, in setup_gpio     GPIO.setup(PIN_LED, GPIO.OUT)   File """"/usr/lib/python3/dist-packages/RPi/GPIO/__init__.py"""", line 704, in setup     initial = _check(lgpio.gpio_read(_chip, gpio))                      ^^^^^^^^^^^^^^^^^^^^^^^^^^^^   File """"/usr/lib/python3/dist-packages/lgpio.py"""", line 903, in gpio_read     return _u2i(_lgpio._gpio_read(handle&0xffff, gpio))            ^^^^^^^^^^^^^^^^^^^^^^^^^^^^^^^^^^^^^^^^^^^^   File """"/usr/lib/python3/dist-packages/lgpio.py"""", line 458, in _u2i     raise error(error_text(v)) lgpio.error: 'GPIO not allocated' ""","","","","","","","","","","","","","","","","","","","","","","","","","","","","","","","","","","","","","","","","",""
"113.95107077","2026-08-15 09:26:55.370195","/home/akatoki/SC-30/scripts/SC-30/2_phase/motordrive.py","move","150","","","","move: direction=e, power=0.7, duration=0.1","","","","","","","","","","","","","","","","","","","","","","","","","","","","","","","","","","","","","","","","","",""
"113.969208622","2026-08-15 09:26:55.388315","/home/akatoki/SC-30/scripts/SC-30/2_phase/motordrive.py","setup_motors","86","Motor Setup Error: 'GPIO not allocated'","","","","""Traceback (most recent call last):   File """"/home/akatoki/SC-30/scripts/SC-30/2_phase/motordrive.py"""", line 83, in setup_motors     setup_gpio() # LEDなども一緒に準備     ^^^^^^^^^^^^   File """"/home/akatoki/SC-30/scripts/SC-30/2_phase/motordrive.py"""", line 63, in setup_gpio     GPIO.setup(PIN_LED, GPIO.OUT)   File """"/usr/lib/python3/dist-packages/RPi/GPIO/__init__.py"""", line 704, in setup     initial = _check(lgpio.gpio_read(_chip, gpio))                      ^^^^^^^^^^^^^^^^^^^^^^^^^^^^   File """"/usr/lib/python3/dist-packages/lgpio.py"""", line 903, in gpio_read     return _u2i(_lgpio._gpio_read(handle&0xffff, gpio))            ^^^^^^^^^^^^^^^^^^^^^^^^^^^^^^^^^^^^^^^^^^^^   File """"/usr/lib/python3/dist-packages/lgpio.py"""", line 458, in _u2i     raise error(error_text(v)) lgpio.error: 'GPIO not allocated' ""","","","","","","","","","","","","","","","","","","","","","","","","","","","","","","","","","","","","","","","","",""
"114.125099117","2026-08-15 09:26:55.544187","/home/akatoki/SC-30/scripts/SC-30/2_phase/motordrive.py","move","150","","","","move: direction=e, power=0.7, duration=0.1","","","","","","","","","","","","","","","","","","","","","","","","","","","","","","","","","","","","","","","","","",""
"114.142794468","2026-08-15 09:26:55.561895","/home/akatoki/SC-30/scripts/SC-30/2_phase/motordrive.py","setup_motors","86","Motor Setup Error: 'GPIO not allocated'","","","","""Traceback (most recent call last):   File """"/home/akatoki/SC-30/scripts/SC-30/2_phase/motordrive.py"""", line 83, in setup_motors     setup_gpio() # LEDなども一緒に準備     ^^^^^^^^^^^^   File """"/home/akatoki/SC-30/scripts/SC-30/2_phase/motordrive.py"""", line 63, in setup_gpio     GPIO.setup(PIN_LED, GPIO.OUT)   File """"/usr/lib/python3/dist-packages/RPi/GPIO/__init__.py"""", line 704, in setup     initial = _check(lgpio.gpio_read(_chip, gpio))                      ^^^^^^^^^^^^^^^^^^^^^^^^^^^^   File """"/usr/lib/python3/dist-packages/lgpio.py"""", line 903, in gpio_read     return _u2i(_lgpio._gpio_read(handle&0xffff, gpio))            ^^^^^^^^^^^^^^^^^^^^^^^^^^^^^^^^^^^^^^^^^^^^   File """"/usr/lib/python3/dist-packages/lgpio.py"""", line 458, in _u2i     raise error(error_text(v)) lgpio.error: 'GPIO not allocated' ""","","","","","","","","","","","","","","","","","","","","","","","","","","","","","","","","","","","","","","","","",""
"114.299823559","2026-08-15 09:26:55.718910","/home/akatoki/SC-30/scripts/SC-30/2_phase/motordrive.py","move","150","","","","move: direction=e, power=0.7, duration=0.1","","","","","","","","","","","","","","","","","","","","","","","","","","","","","","","","","","","","","","","","","",""
"114.322935276","2026-08-15 09:26:55.742034","/home/akatoki/SC-30/scripts/SC-30/2_phase/motordrive.py","setup_motors","86","Motor Setup Error: 'GPIO not allocated'","","","","""Traceback (most recent call last):   File """"/home/akatoki/SC-30/scripts/SC-30/2_phase/motordrive.py"""", line 83, in setup_motors     setup_gpio() # LEDなども一緒に準備     ^^^^^^^^^^^^   File """"/home/akatoki/SC-30/scripts/SC-30/2_phase/motordrive.py"""", line 63, in setup_gpio     GPIO.setup(PIN_LED, GPIO.OUT)   File """"/usr/lib/python3/dist-packages/RPi/GPIO/__init__.py"""", line 704, in setup     initial = _check(lgpio.gpio_read(_chip, gpio))                      ^^^^^^^^^^^^^^^^^^^^^^^^^^^^   File """"/usr/lib/python3/dist-packages/lgpio.py"""", line 903, in gpio_read     return _u2i(_lgpio._gpio_read(handle&0xffff, gpio))            ^^^^^^^^^^^^^^^^^^^^^^^^^^^^^^^^^^^^^^^^^^^^   File """"/usr/lib/python3/dist-packages/lgpio.py"""", line 458, in _u2i     raise error(error_text(v)) lgpio.error: 'GPIO not allocated' ""","","","","","","","","","","","","","","","","","","","","","","","","","","","","","","","","","","","","","","","","",""
"114.476175557","2026-08-15 09:26:55.895262","/home/akatoki/SC-30/scripts/SC-30/2_phase/motordrive.py","move","150","","","","move: direction=e, power=0.7, duration=0.1","","","","","","","","","","","","","","","","","","","","","","","","","","","","","","","","","","","","","","","","","",""
"114.497319197","2026-08-15 09:26:55.916423","/home/akatoki/SC-30/scripts/SC-30/2_phase/motordrive.py","setup_motors","86","Motor Setup Error: 'GPIO not allocated'","","","","""Traceback (most recent call last):   File """"/home/akatoki/SC-30/scripts/SC-30/2_phase/motordrive.py"""", line 83, in setup_motors     setup_gpio() # LEDなども一緒に準備     ^^^^^^^^^^^^   File """"/home/akatoki/SC-30/scripts/SC-30/2_phase/motordrive.py"""", line 63, in setup_gpio     GPIO.setup(PIN_LED, GPIO.OUT)   File """"/usr/lib/python3/dist-packages/RPi/GPIO/__init__.py"""", line 704, in setup     initial = _check(lgpio.gpio_read(_chip, gpio))                      ^^^^^^^^^^^^^^^^^^^^^^^^^^^^   File """"/usr/lib/python3/dist-packages/lgpio.py"""", line 903, in gpio_read     return _u2i(_lgpio._gpio_read(handle&0xffff, gpio))            ^^^^^^^^^^^^^^^^^^^^^^^^^^^^^^^^^^^^^^^^^^^^   File """"/usr/lib/python3/dist-packages/lgpio.py"""", line 458, in _u2i     raise error(error_text(v)) lgpio.error: 'GPIO not allocated' ""","","","","","","","","","","","","","","","","","","","","","","","","","","","","","","","","","","","","","","","","",""
"114.645232322","2026-08-15 09:26:56.064318","/home/akatoki/SC-30/scripts/SC-30/2_phase/motordrive.py","move","150","","","","move: direction=e, power=0.7, duration=0.1","","","","","","","","","","","","","","","","","","","","","","","","","","","","","","","","","","","","","","","","","",""
"114.670223155","2026-08-15 09:26:56.089328","/home/akatoki/SC-30/scripts/SC-30/2_phase/motordrive.py","setup_motors","86","Motor Setup Error: 'GPIO not allocated'","","","","""Traceback (most recent call last):   File """"/home/akatoki/SC-30/scripts/SC-30/2_phase/motordrive.py"""", line 83, in setup_motors     setup_gpio() # LEDなども一緒に準備     ^^^^^^^^^^^^   File """"/home/akatoki/SC-30/scripts/SC-30/2_phase/motordrive.py"""", line 63, in setup_gpio     GPIO.setup(PIN_LED, GPIO.OUT)   File """"/usr/lib/python3/dist-packages/RPi/GPIO/__init__.py"""", line 704, in setup     initial = _check(lgpio.gpio_read(_chip, gpio))                      ^^^^^^^^^^^^^^^^^^^^^^^^^^^^   File """"/usr/lib/python3/dist-packages/lgpio.py"""", line 903, in gpio_read     return _u2i(_lgpio._gpio_read(handle&0xffff, gpio))            ^^^^^^^^^^^^^^^^^^^^^^^^^^^^^^^^^^^^^^^^^^^^   File """"/usr/lib/python3/dist-packages/lgpio.py"""", line 458, in _u2i     raise error(error_text(v)) lgpio.error: 'GPIO not allocated' ""","","","","","","","","","","","","","","","","","","","","","","","","","","","","","","","","","","","","","","","","",""
"114.684865424","2026-08-15 09:26:56.103951","/home/akatoki/SC-30/scripts/SC-30/2_phase/motordrive.py","move","150","","","","move: direction=w, power=0.7, duration=1.5","","","","","","","","","","","","","","","","","","","","","","","","","","","","","","","","","","","","","","","","","",""
"114.703036763","2026-08-15 09:26:56.122138","/home/akatoki/SC-30/scripts/SC-30/2_phase/motordrive.py","setup_motors","86","Motor Setup Error: 'GPIO not allocated'","","","","""Traceback (most recent call last):   File """"/home/akatoki/SC-30/scripts/SC-30/2_phase/motordrive.py"""", line 83, in setup_motors     setup_gpio() # LEDなども一緒に準備     ^^^^^^^^^^^^   File """"/home/akatoki/SC-30/scripts/SC-30/2_phase/motordrive.py"""", line 63, in setup_gpio     GPIO.setup(PIN_LED, GPIO.OUT)   File """"/usr/lib/python3/dist-packages/RPi/GPIO/__init__.py"""", line 704, in setup     initial = _check(lgpio.gpio_read(_chip, gpio))                      ^^^^^^^^^^^^^^^^^^^^^^^^^^^^   File """"/usr/lib/python3/dist-packages/lgpio.py"""", line 903, in gpio_read     return _u2i(_lgpio._gpio_read(handle&0xffff, gpio))            ^^^^^^^^^^^^^^^^^^^^^^^^^^^^^^^^^^^^^^^^^^^^   File """"/usr/lib/python3/dist-packages/lgpio.py"""", line 458, in _u2i     raise error(error_text(v)) lgpio.error: 'GPIO not allocated' ""","","","","","","","","","","","","","","","","","","","","","","","","","","","","","","","","","","","","","","","","",""
"114.861299377","2026-08-15 09:26:56.280388","/home/akatoki/SC-30/scripts/SC-30/2_phase/motordrive.py","move","150","","","","move: direction=e, power=0.7, duration=0.1","","","","","","","","","","","","","","","","","","","","","","","","","","","","","","","","","","","","","","","","","",""
"114.87994478","2026-08-15 09:26:56.299044","/home/akatoki/SC-30/scripts/SC-30/2_phase/motordrive.py","setup_motors","86","Motor Setup Error: 'GPIO not allocated'","","","","""Traceback (most recent call last):   File """"/home/akatoki/SC-30/scripts/SC-30/2_phase/motordrive.py"""", line 83, in setup_motors     setup_gpio() # LEDなども一緒に準備     ^^^^^^^^^^^^   File """"/home/akatoki/SC-30/scripts/SC-30/2_phase/motordrive.py"""", line 63, in setup_gpio     GPIO.setup(PIN_LED, GPIO.OUT)   File """"/usr/lib/python3/dist-packages/RPi/GPIO/__init__.py"""", line 704, in setup     initial = _check(lgpio.gpio_read(_chip, gpio))                      ^^^^^^^^^^^^^^^^^^^^^^^^^^^^   File """"/usr/lib/python3/dist-packages/lgpio.py"""", line 903, in gpio_read     return _u2i(_lgpio._gpio_read(handle&0xffff, gpio))            ^^^^^^^^^^^^^^^^^^^^^^^^^^^^^^^^^^^^^^^^^^^^   File """"/usr/lib/python3/dist-packages/lgpio.py"""", line 458, in _u2i     raise error(error_text(v)) lgpio.error: 'GPIO not allocated' ""","","","","","","","","","","","","","","","","","","","","","","","","","","","","","","","","","","","","","","","","",""
"114.89439533","2026-08-15 09:26:56.313481","/home/akatoki/SC-30/scripts/SC-30/2_phase/motordrive.py","move","150","","","","move: direction=w, power=0.7, duration=1.5","","","","","","","","","","","","","","","","","","","","","","","","","","","","","","","","","","","","","","","","","",""
"114.918243452","2026-08-15 09:26:56.337347","/home/akatoki/SC-30/scripts/SC-30/2_phase/motordrive.py","setup_motors","86","Motor Setup Error: 'GPIO not allocated'","","","","""Traceback (most recent call last):   File """"/home/akatoki/SC-30/scripts/SC-30/2_phase/motordrive.py"""", line 83, in setup_motors     setup_gpio() # LEDなども一緒に準備     ^^^^^^^^^^^^   File """"/home/akatoki/SC-30/scripts/SC-30/2_phase/motordrive.py"""", line 63, in setup_gpio     GPIO.setup(PIN_LED, GPIO.OUT)   File """"/usr/lib/python3/dist-packages/RPi/GPIO/__init__.py"""", line 704, in setup     initial = _check(lgpio.gpio_read(_chip, gpio))                      ^^^^^^^^^^^^^^^^^^^^^^^^^^^^   File """"/usr/lib/python3/dist-packages/lgpio.py"""", line 903, in gpio_read     return _u2i(_lgpio._gpio_read(handle&0xffff, gpio))            ^^^^^^^^^^^^^^^^^^^^^^^^^^^^^^^^^^^^^^^^^^^^   File """"/usr/lib/python3/dist-packages/lgpio.py"""", line 458, in _u2i     raise error(error_text(v)) lgpio.error: 'GPIO not allocated' ""","","","","","","","","","","","","","","","","","","","","","","","","","","","","","","","","","","","","","","","","",""
"115.075191219","2026-08-15 09:26:56.494278","/home/akatoki/SC-30/scripts/SC-30/2_phase/motordrive.py","move","150","","","","move: direction=e, power=0.7, duration=0.1","","","","","","","","","","","","","","","","","","","","","","","","","","","","","","","","","","","","","","","","","",""
"115.093921414","2026-08-15 09:26:56.513020","/home/akatoki/SC-30/scripts/SC-30/2_phase/motordrive.py","setup_motors","86","Motor Setup Error: 'GPIO not allocated'","","","","""Traceback (most recent call last):   File """"/home/akatoki/SC-30/scripts/SC-30/2_phase/motordrive.py"""", line 83, in setup_motors     setup_gpio() # LEDなども一緒に準備     ^^^^^^^^^^^^   File """"/home/akatoki/SC-30/scripts/SC-30/2_phase/motordrive.py"""", line 63, in setup_gpio     GPIO.setup(PIN_LED, GPIO.OUT)   File """"/usr/lib/python3/dist-packages/RPi/GPIO/__init__.py"""", line 704, in setup     initial = _check(lgpio.gpio_read(_chip, gpio))                      ^^^^^^^^^^^^^^^^^^^^^^^^^^^^   File """"/usr/lib/python3/dist-packages/lgpio.py"""", line 903, in gpio_read     return _u2i(_lgpio._gpio_read(handle&0xffff, gpio))            ^^^^^^^^^^^^^^^^^^^^^^^^^^^^^^^^^^^^^^^^^^^^   File """"/usr/lib/python3/dist-packages/lgpio.py"""", line 458, in _u2i     raise error(error_text(v)) lgpio.error: 'GPIO not allocated' ""","","","","","","","","","","","","","","","","","","","","","","","","","","","","","","","","","","","","","","","","",""
"115.106974253","2026-08-15 09:26:56.526060","/home/akatoki/SC-30/scripts/SC-30/2_phase/motordrive.py","move","150","","","","move: direction=w, power=0.7, duration=1.5","","","","","","","","","","","","","","","","","","","","","","","","","","","","","","","","","","","","","","","","","",""
"115.124471059","2026-08-15 09:26:56.543572","/home/akatoki/SC-30/scripts/SC-30/2_phase/motordrive.py","setup_motors","86","Motor Setup Error: 'GPIO not allocated'","","","","""Traceback (most recent call last):   File """"/home/akatoki/SC-30/scripts/SC-30/2_phase/motordrive.py"""", line 83, in setup_motors     setup_gpio() # LEDなども一緒に準備     ^^^^^^^^^^^^   File """"/home/akatoki/SC-30/scripts/SC-30/2_phase/motordrive.py"""", line 63, in setup_gpio     GPIO.setup(PIN_LED, GPIO.OUT)   File """"/usr/lib/python3/dist-packages/RPi/GPIO/__init__.py"""", line 704, in setup     initial = _check(lgpio.gpio_read(_chip, gpio))                      ^^^^^^^^^^^^^^^^^^^^^^^^^^^^   File """"/usr/lib/python3/dist-packages/lgpio.py"""", line 903, in gpio_read     return _u2i(_lgpio._gpio_read(handle&0xffff, gpio))            ^^^^^^^^^^^^^^^^^^^^^^^^^^^^^^^^^^^^^^^^^^^^   File """"/usr/lib/python3/dist-packages/lgpio.py"""", line 458, in _u2i     raise error(error_text(v)) lgpio.error: 'GPIO not allocated' ""","","","","","","","","","","","","","","","","","","","","","","","","","","","","","","","","","","","","","","","","",""
"115.279335333","2026-08-15 09:26:56.698421","/home/akatoki/SC-30/scripts/SC-30/2_phase/motordrive.py","move","150","","","","move: direction=e, power=0.7, duration=0.1","","","","","","","","","","","","","","","","","","","","","","","","","","","","","","","","","","","","","","","","","",""
"115.305109396","2026-08-15 09:26:56.724213","/home/akatoki/SC-30/scripts/SC-30/2_phase/motordrive.py","setup_motors","86","Motor Setup Error: 'GPIO not allocated'","","","","""Traceback (most recent call last):   File """"/home/akatoki/SC-30/scripts/SC-30/2_phase/motordrive.py"""", line 83, in setup_motors     setup_gpio() # LEDなども一緒に準備     ^^^^^^^^^^^^   File """"/home/akatoki/SC-30/scripts/SC-30/2_phase/motordrive.py"""", line 63, in setup_gpio     GPIO.setup(PIN_LED, GPIO.OUT)   File """"/usr/lib/python3/dist-packages/RPi/GPIO/__init__.py"""", line 704, in setup     initial = _check(lgpio.gpio_read(_chip, gpio))                      ^^^^^^^^^^^^^^^^^^^^^^^^^^^^   File """"/usr/lib/python3/dist-packages/lgpio.py"""", line 903, in gpio_read     return _u2i(_lgpio._gpio_read(handle&0xffff, gpio))            ^^^^^^^^^^^^^^^^^^^^^^^^^^^^^^^^^^^^^^^^^^^^   File """"/usr/lib/python3/dist-packages/lgpio.py"""", line 458, in _u2i     raise error(error_text(v)) lgpio.error: 'GPIO not allocated' ""","","","","","","","","","","","","","","","","","","","","","","","","","","","","","","","","","","","","","","","","",""
"115.319874426","2026-08-15 09:26:56.738960","/home/akatoki/SC-30/scripts/SC-30/2_phase/motordrive.py","move","150","","","","move: direction=w, power=0.7, duration=1.5","","","","","","","","","","","","","","","","","","","","","","","","","","","","","","","","","","","","","","","","","",""
"115.339686654","2026-08-15 09:26:56.758791","/home/akatoki/SC-30/scripts/SC-30/2_phase/motordrive.py","setup_motors","86","Motor Setup Error: 'GPIO not allocated'","","","","""Traceback (most recent call last):   File """"/home/akatoki/SC-30/scripts/SC-30/2_phase/motordrive.py"""", line 83, in setup_motors     setup_gpio() # LEDなども一緒に準備     ^^^^^^^^^^^^   File """"/home/akatoki/SC-30/scripts/SC-30/2_phase/motordrive.py"""", line 63, in setup_gpio     GPIO.setup(PIN_LED, GPIO.OUT)   File """"/usr/lib/python3/dist-packages/RPi/GPIO/__init__.py"""", line 704, in setup     initial = _check(lgpio.gpio_read(_chip, gpio))                      ^^^^^^^^^^^^^^^^^^^^^^^^^^^^   File """"/usr/lib/python3/dist-packages/lgpio.py"""", line 903, in gpio_read     return _u2i(_lgpio._gpio_read(handle&0xffff, gpio))            ^^^^^^^^^^^^^^^^^^^^^^^^^^^^^^^^^^^^^^^^^^^^   File """"/usr/lib/python3/dist-packages/lgpio.py"""", line 458, in _u2i     raise error(error_text(v)) lgpio.error: 'GPIO not allocated' ""","","","","","","","","","","","","","","","","","","","","","","","","","","","","","","","","","","","","","","","","",""
"115.500648857","2026-08-15 09:26:56.919734","/home/akatoki/SC-30/scripts/SC-30/2_phase/motordrive.py","move","150","","","","move: direction=e, power=0.7, duration=0.1","","","","","","","","","","","","","","","","","","","","","","","","","","","","","","","","","","","","","","","","","",""
"115.520265043","2026-08-15 09:26:56.939368","/home/akatoki/SC-30/scripts/SC-30/2_phase/motordrive.py","setup_motors","86","Motor Setup Error: 'GPIO not allocated'","","","","""Traceback (most recent call last):   File """"/home/akatoki/SC-30/scripts/SC-30/2_phase/motordrive.py"""", line 83, in setup_motors     setup_gpio() # LEDなども一緒に準備     ^^^^^^^^^^^^   File """"/home/akatoki/SC-30/scripts/SC-30/2_phase/motordrive.py"""", line 63, in setup_gpio     GPIO.setup(PIN_LED, GPIO.OUT)   File """"/usr/lib/python3/dist-packages/RPi/GPIO/__init__.py"""", line 704, in setup     initial = _check(lgpio.gpio_read(_chip, gpio))                      ^^^^^^^^^^^^^^^^^^^^^^^^^^^^   File """"/usr/lib/python3/dist-packages/lgpio.py"""", line 903, in gpio_read     return _u2i(_lgpio._gpio_read(handle&0xffff, gpio))            ^^^^^^^^^^^^^^^^^^^^^^^^^^^^^^^^^^^^^^^^^^^^   File """"/usr/lib/python3/dist-packages/lgpio.py"""", line 458, in _u2i     raise error(error_text(v)) lgpio.error: 'GPIO not allocated' ""","","","","","","","","","","","","","","","","","","","","","","","","","","","","","","","","","","","","","","","","",""
"115.532318922","2026-08-15 09:26:56.951404","/home/akatoki/SC-30/scripts/SC-30/2_phase/motordrive.py","move","150","","","","move: direction=w, power=0.7, duration=1.5","","","","","","","","","","","","","","","","","","","","","","","","","","","","","","","","","","","","","","","","","",""
"115.551724169","2026-08-15 09:26:56.970828","/home/akatoki/SC-30/scripts/SC-30/2_phase/motordrive.py","setup_motors","86","Motor Setup Error: 'GPIO not allocated'","","","","""Traceback (most recent call last):   File """"/home/akatoki/SC-30/scripts/SC-30/2_phase/motordrive.py"""", line 83, in setup_motors     setup_gpio() # LEDなども一緒に準備     ^^^^^^^^^^^^   File """"/home/akatoki/SC-30/scripts/SC-30/2_phase/motordrive.py"""", line 63, in setup_gpio     GPIO.setup(PIN_LED, GPIO.OUT)   File """"/usr/lib/python3/dist-packages/RPi/GPIO/__init__.py"""", line 704, in setup     initial = _check(lgpio.gpio_read(_chip, gpio))                      ^^^^^^^^^^^^^^^^^^^^^^^^^^^^   File """"/usr/lib/python3/dist-packages/lgpio.py"""", line 903, in gpio_read     return _u2i(_lgpio._gpio_read(handle&0xffff, gpio))            ^^^^^^^^^^^^^^^^^^^^^^^^^^^^^^^^^^^^^^^^^^^^   File """"/usr/lib/python3/dist-packages/lgpio.py"""", line 458, in _u2i     raise error(error_text(v)) lgpio.error: 'GPIO not allocated' ""","","","","","","","","","","","","","","","","","","","","","","","","","","","","","","","","","","","","","","","","",""
"115.710174008","2026-08-15 09:26:57.129261","/home/akatoki/SC-30/scripts/SC-30/2_phase/motordrive.py","move","150","","","","move: direction=e, power=0.7, duration=0.1","","","","","","","","","","","","","","","","","","","","","","","","","","","","","","","","","","","","","","","","","",""
"115.735402545","2026-08-15 09:26:57.154502","/home/akatoki/SC-30/scripts/SC-30/2_phase/motordrive.py","setup_motors","86","Motor Setup Error: 'GPIO not allocated'","","","","""Traceback (most recent call last):   File """"/home/akatoki/SC-30/scripts/SC-30/2_phase/motordrive.py"""", line 83, in setup_motors     setup_gpio() # LEDなども一緒に準備     ^^^^^^^^^^^^   File """"/home/akatoki/SC-30/scripts/SC-30/2_phase/motordrive.py"""", line 63, in setup_gpio     GPIO.setup(PIN_LED, GPIO.OUT)   File """"/usr/lib/python3/dist-packages/RPi/GPIO/__init__.py"""", line 704, in setup     initial = _check(lgpio.gpio_read(_chip, gpio))                      ^^^^^^^^^^^^^^^^^^^^^^^^^^^^   File """"/usr/lib/python3/dist-packages/lgpio.py"""", line 903, in gpio_read     return _u2i(_lgpio._gpio_read(handle&0xffff, gpio))            ^^^^^^^^^^^^^^^^^^^^^^^^^^^^^^^^^^^^^^^^^^^^   File """"/usr/lib/python3/dist-packages/lgpio.py"""", line 458, in _u2i     raise error(error_text(v)) lgpio.error: 'GPIO not allocated' ""","","","","","","","","","","","","","","","","","","","","","","","","","","","","","","","","","","","","","","","","",""
"115.751626483","2026-08-15 09:26:57.170713","/home/akatoki/SC-30/scripts/SC-30/2_phase/motordrive.py","move","150","","","","move: direction=w, power=0.7, duration=1.5","","","","","","","","","","","","","","","","","","","","","","","","","","","","","","","","","","","","","","","","","",""
"115.770605373","2026-08-15 09:26:57.189711","/home/akatoki/SC-30/scripts/SC-30/2_phase/motordrive.py","setup_motors","86","Motor Setup Error: 'GPIO not allocated'","","","","""Traceback (most recent call last):   File """"/home/akatoki/SC-30/scripts/SC-30/2_phase/motordrive.py"""", line 83, in setup_motors     setup_gpio() # LEDなども一緒に準備     ^^^^^^^^^^^^   File """"/home/akatoki/SC-30/scripts/SC-30/2_phase/motordrive.py"""", line 63, in setup_gpio     GPIO.setup(PIN_LED, GPIO.OUT)   File """"/usr/lib/python3/dist-packages/RPi/GPIO/__init__.py"""", line 704, in setup     initial = _check(lgpio.gpio_read(_chip, gpio))                      ^^^^^^^^^^^^^^^^^^^^^^^^^^^^   File """"/usr/lib/python3/dist-packages/lgpio.py"""", line 903, in gpio_read     return _u2i(_lgpio._gpio_read(handle&0xffff, gpio))            ^^^^^^^^^^^^^^^^^^^^^^^^^^^^^^^^^^^^^^^^^^^^   File """"/usr/lib/python3/dist-packages/lgpio.py"""", line 458, in _u2i     raise error(error_text(v)) lgpio.error: 'GPIO not allocated' ""","","","","","","","","","","","","","","","","","","","","","","","","","","","","","","","","","","","","","","","","",""
"115.930492449","2026-08-15 09:26:57.349579","/home/akatoki/SC-30/scripts/SC-30/2_phase/motordrive.py","move","150","","","","move: direction=e, power=0.7, duration=0.1","","","","","","","","","","","","","","","","","","","","","","","","","","","","","","","","","","","","","","","","","",""
"115.948857432","2026-08-15 09:26:57.367957","/home/akatoki/SC-30/scripts/SC-30/2_phase/motordrive.py","setup_motors","86","Motor Setup Error: 'GPIO not allocated'","","","","""Traceback (most recent call last):   File """"/home/akatoki/SC-30/scripts/SC-30/2_phase/motordrive.py"""", line 83, in setup_motors     setup_gpio() # LEDなども一緒に準備     ^^^^^^^^^^^^   File """"/home/akatoki/SC-30/scripts/SC-30/2_phase/motordrive.py"""", line 63, in setup_gpio     GPIO.setup(PIN_LED, GPIO.OUT)   File """"/usr/lib/python3/dist-packages/RPi/GPIO/__init__.py"""", line 704, in setup     initial = _check(lgpio.gpio_read(_chip, gpio))                      ^^^^^^^^^^^^^^^^^^^^^^^^^^^^   File """"/usr/lib/python3/dist-packages/lgpio.py"""", line 903, in gpio_read     return _u2i(_lgpio._gpio_read(handle&0xffff, gpio))            ^^^^^^^^^^^^^^^^^^^^^^^^^^^^^^^^^^^^^^^^^^^^   File """"/usr/lib/python3/dist-packages/lgpio.py"""", line 458, in _u2i     raise error(error_text(v)) lgpio.error: 'GPIO not allocated' ""","","","","","","","","","","","","","","","","","","","","","","","","","","","","","","","","","","","","","","","","",""
"116.099990377","2026-08-15 09:26:57.519311","/home/akatoki/SC-30/scripts/SC-30/2_phase/motordrive.py","move","150","","","","move: direction=e, power=0.7, duration=0.1","","","","","","","","","","","","","","","","","","","","","","","","","","","","","","","","","","","","","","","","","",""
"116.120491927","2026-08-15 09:26:57.539590","/home/akatoki/SC-30/scripts/SC-30/2_phase/motordrive.py","setup_motors","86","Motor Setup Error: 'GPIO not allocated'","","","","""Traceback (most recent call last):   File """"/home/akatoki/SC-30/scripts/SC-30/2_phase/motordrive.py"""", line 83, in setup_motors     setup_gpio() # LEDなども一緒に準備     ^^^^^^^^^^^^   File """"/home/akatoki/SC-30/scripts/SC-30/2_phase/motordrive.py"""", line 63, in setup_gpio     GPIO.setup(PIN_LED, GPIO.OUT)   File """"/usr/lib/python3/dist-packages/RPi/GPIO/__init__.py"""", line 704, in setup     initial = _check(lgpio.gpio_read(_chip, gpio))                      ^^^^^^^^^^^^^^^^^^^^^^^^^^^^   File """"/usr/lib/python3/dist-packages/lgpio.py"""", line 903, in gpio_read     return _u2i(_lgpio._gpio_read(handle&0xffff, gpio))            ^^^^^^^^^^^^^^^^^^^^^^^^^^^^^^^^^^^^^^^^^^^^   File """"/usr/lib/python3/dist-packages/lgpio.py"""", line 458, in _u2i     raise error(error_text(v)) lgpio.error: 'GPIO not allocated' ""","","","","","","","","","","","","","","","","","","","","","","","","","","","","","","","","","","","","","","","","",""
"116.272470186","2026-08-15 09:26:57.691556","/home/akatoki/SC-30/scripts/SC-30/2_phase/motordrive.py","move","150","","","","move: direction=e, power=0.7, duration=0.1","","","","","","","","","","","","","","","","","","","","","","","","","","","","","","","","","","","","","","","","","",""
"116.290691835","2026-08-15 09:26:57.709790","/home/akatoki/SC-30/scripts/SC-30/2_phase/motordrive.py","setup_motors","86","Motor Setup Error: 'GPIO not allocated'","","","","""Traceback (most recent call last):   File """"/home/akatoki/SC-30/scripts/SC-30/2_phase/motordrive.py"""", line 83, in setup_motors     setup_gpio() # LEDなども一緒に準備     ^^^^^^^^^^^^   File """"/home/akatoki/SC-30/scripts/SC-30/2_phase/motordrive.py"""", line 63, in setup_gpio     GPIO.setup(PIN_LED, GPIO.OUT)   File """"/usr/lib/python3/dist-packages/RPi/GPIO/__init__.py"""", line 704, in setup     initial = _check(lgpio.gpio_read(_chip, gpio))                      ^^^^^^^^^^^^^^^^^^^^^^^^^^^^   File """"/usr/lib/python3/dist-packages/lgpio.py"""", line 903, in gpio_read     return _u2i(_lgpio._gpio_read(handle&0xffff, gpio))            ^^^^^^^^^^^^^^^^^^^^^^^^^^^^^^^^^^^^^^^^^^^^   File """"/usr/lib/python3/dist-packages/lgpio.py"""", line 458, in _u2i     raise error(error_text(v)) lgpio.error: 'GPIO not allocated' ""","","","","","","","","","","","","","","","","","","","","","","","","","","","","","","","","","","","","","","","","",""
