time,date,file,func,line,serious_error,error,warning,msg,format_exception,phase,gnss_time,lat,lon,alt,alt_base_press,goal_lat,goal_lon,temp,press,camera_area,camera_order,camera_center_x,camera_center_y,camera_frame_size_x,camera_frame_size_y,motor_l,motor_r,goal_relative_x,goal_relative_y,goal_relative_angle_rad,goal_distance,accel_all_x,accel_all_y,accel_all_z,accel_line_x,accel_line_y,accel_line_z,mag_x,mag_y,mag_z,gyro_x,gyro_y,gyro_z,grav_x,grav_y,grav_z,euler_x,euler_y,euler_z,nmea
"163.692929639","2026-08-15 09:27:45.112044","/home/akatoki/SC-30/scripts/SC-30/2_phase/motordrive.py","setup_motors","86","Motor Setup Error: 'GPIO not allocated'","","","","""Traceback (most recent call last):   File """"/home/akatoki/SC-30/scripts/SC-30/2_phase/motordrive.py"""", line 83, in setup_motors     setup_gpio() # LEDなども一緒に準備     ^^^^^^^^^^^^   File """"/home/akatoki/SC-30/scripts/SC-30/2_phase/motordrive.py"""", line 63, in setup_gpio     GPIO.setup(PIN_LED, GPIO.OUT)   File """"/usr/lib/python3/dist-packages/RPi/GPIO/__init__.py"""", line 704, in setup     initial = _check(lgpio.gpio_read(_chip, gpio))                      ^^^^^^^^^^^^^^^^^^^^^^^^^^^^   File """"/usr/lib/python3/dist-packages/lgpio.py"""", line 903, in gpio_read     return _u2i(_lgpio._gpio_read(handle&0xffff, gpio))            ^^^^^^^^^^^^^^^^^^^^^^^^^^^^^^^^^^^^^^^^^^^^   File """"/usr/lib/python3/dist-packages/lgpio.py"""", line 458, in _u2i     raise error(error_text(v)) lgpio.error: 'GPIO not allocated' ""","","","","","","","","","","","","","","","","","","","","","","","","","","","","","","","","","","","","","","","","",""
"164.119753419","2026-08-15 09:27:45.538844","/home/akatoki/SC-30/scripts/SC-30/2_phase/motordrive.py","move","150","","","","move: direction=w, power=0.7, duration=1.5","","","","","","","","","","","","","","","","","","","","","","","","","","","","","","","","","","","","","","","","","",""
"164.141246771","2026-08-15 09:27:45.560349","/home/akatoki/SC-30/scripts/SC-30/2_phase/motordrive.py","setup_motors","86","Motor Setup Error: 'GPIO not allocated'","","","","""Traceback (most recent call last):   File """"/home/akatoki/SC-30/scripts/SC-30/2_phase/motordrive.py"""", line 83, in setup_motors     setup_gpio() # LEDなども一緒に準備     ^^^^^^^^^^^^   File """"/home/akatoki/SC-30/scripts/SC-30/2_phase/motordrive.py"""", line 63, in setup_gpio     GPIO.setup(PIN_LED, GPIO.OUT)   File """"/usr/lib/python3/dist-packages/RPi/GPIO/__init__.py"""", line 704, in setup     initial = _check(lgpio.gpio_read(_chip, gpio))                      ^^^^^^^^^^^^^^^^^^^^^^^^^^^^   File """"/usr/lib/python3/dist-packages/lgpio.py"""", line 903, in gpio_read     return _u2i(_lgpio._gpio_read(handle&0xffff, gpio))            ^^^^^^^^^^^^^^^^^^^^^^^^^^^^^^^^^^^^^^^^^^^^   File """"/usr/lib/python3/dist-packages/lgpio.py"""", line 458, in _u2i     raise error(error_text(v)) lgpio.error: 'GPIO not allocated' ""","","","","","","","","","","","","","","","","","","","","","","","","","","","","","","","","","","","","","","","","",""
"164.300002392","2026-08-15 09:27:45.719129","/home/akatoki/SC-30/scripts/SC-30/2_phase/motordrive.py","move","150","","","","move: direction=w, power=0.7, duration=1.5","","","","","","","","","","","","","","","","","","","","","","","","","","","","","","","","","","","","","","","","","",""
"164.324274444","2026-08-15 09:27:45.743373","/home/akatoki/SC-30/scripts/SC-30/2_phase/motordrive.py","setup_motors","86","Motor Setup Error: 'GPIO not allocated'","","","","""Traceback (most recent call last):   File """"/home/akatoki/SC-30/scripts/SC-30/2_phase/motordrive.py"""", line 83, in setup_motors     setup_gpio() # LEDなども一緒に準備     ^^^^^^^^^^^^   File """"/home/akatoki/SC-30/scripts/SC-30/2_phase/motordrive.py"""", line 63, in setup_gpio     GPIO.setup(PIN_LED, GPIO.OUT)   File """"/usr/lib/python3/dist-packages/RPi/GPIO/__init__.py"""", line 704, in setup     initial = _check(lgpio.gpio_read(_chip, gpio))                      ^^^^^^^^^^^^^^^^^^^^^^^^^^^^   File """"/usr/lib/python3/dist-packages/lgpio.py"""", line 903, in gpio_read     return _u2i(_lgpio._gpio_read(handle&0xffff, gpio))            ^^^^^^^^^^^^^^^^^^^^^^^^^^^^^^^^^^^^^^^^^^^^   File """"/usr/lib/python3/dist-packages/lgpio.py"""", line 458, in _u2i     raise error(error_text(v)) lgpio.error: 'GPIO not allocated' ""","","","","","","","","","","","","","","","","","","","","","","","","","","","","","","","","","","","","","","","","",""
"164.492583368","2026-08-15 09:27:45.911669","/home/akatoki/SC-30/scripts/SC-30/2_phase/motordrive.py","move","150","","","","move: direction=w, power=0.7, duration=1.5","","","","","","","","","","","","","","","","","","","","","","","","","","","","","","","","","","","","","","","","","",""
"164.511055769","2026-08-15 09:27:45.930156","/home/akatoki/SC-30/scripts/SC-30/2_phase/motordrive.py","setup_motors","86","Motor Setup Error: 'GPIO not allocated'","","","","""Traceback (most recent call last):   File """"/home/akatoki/SC-30/scripts/SC-30/2_phase/motordrive.py"""", line 83, in setup_motors     setup_gpio() # LEDなども一緒に準備     ^^^^^^^^^^^^   File """"/home/akatoki/SC-30/scripts/SC-30/2_phase/motordrive.py"""", line 63, in setup_gpio     GPIO.setup(PIN_LED, GPIO.OUT)   File """"/usr/lib/python3/dist-packages/RPi/GPIO/__init__.py"""", line 704, in setup     initial = _check(lgpio.gpio_read(_chip, gpio))                      ^^^^^^^^^^^^^^^^^^^^^^^^^^^^   File """"/usr/lib/python3/dist-packages/lgpio.py"""", line 903, in gpio_read     return _u2i(_lgpio._gpio_read(handle&0xffff, gpio))            ^^^^^^^^^^^^^^^^^^^^^^^^^^^^^^^^^^^^^^^^^^^^   File """"/usr/lib/python3/dist-packages/lgpio.py"""", line 458, in _u2i     raise error(error_text(v)) lgpio.error: 'GPIO not allocated' ""","","","","","","","","","","","","","","","","","","","","","","","","","","","","","","","","","","","","","","","","",""
"164.672313294","2026-08-15 09:27:46.091399","/home/akatoki/SC-30/scripts/SC-30/2_phase/motordrive.py","move","150","","","","move: direction=w, power=0.7, duration=1.5","","","","","","","","","","","","","","","","","","","","","","","","","","","","","","","","","","","","","","","","","",""
"164.693745647","2026-08-15 09:27:46.112849","/home/akatoki/SC-30/scripts/SC-30/2_phase/motordrive.py","setup_motors","86","Motor Setup Error: 'GPIO not allocated'","","","","""Traceback (most recent call last):   File """"/home/akatoki/SC-30/scripts/SC-30/2_phase/motordrive.py"""", line 83, in setup_motors     setup_gpio() # LEDなども一緒に準備     ^^^^^^^^^^^^   File """"/home/akatoki/SC-30/scripts/SC-30/2_phase/motordrive.py"""", line 63, in setup_gpio     GPIO.setup(PIN_LED, GPIO.OUT)   File """"/usr/lib/python3/dist-packages/RPi/GPIO/__init__.py"""", line 704, in setup     initial = _check(lgpio.gpio_read(_chip, gpio))                      ^^^^^^^^^^^^^^^^^^^^^^^^^^^^   File """"/usr/lib/python3/dist-packages/lgpio.py"""", line 903, in gpio_read     return _u2i(_lgpio._gpio_read(handle&0xffff, gpio))            ^^^^^^^^^^^^^^^^^^^^^^^^^^^^^^^^^^^^^^^^^^^^   File """"/usr/lib/python3/dist-packages/lgpio.py"""", line 458, in _u2i     raise error(error_text(v)) lgpio.error: 'GPIO not allocated' ""","","","","","","","","","","","","","","","","","","","","","","","","","","","","","","","","","","","","","","","","",""
"164.850974981","2026-08-15 09:27:46.270059","/home/akatoki/SC-30/scripts/SC-30/2_phase/motordrive.py","move","150","","","","move: direction=w, power=0.7, duration=1.5","","","","","","","","","","","","","","","","","","","","","","","","","","","","","","","","","","","","","","","","","",""
"164.869090248","2026-08-15 09:27:46.288191","/home/akatoki/SC-30/scripts/SC-30/2_phase/motordrive.py","setup_motors","86","Motor Setup Error: 'GPIO not allocated'","","","","""Traceback (most recent call last):   File """"/home/akatoki/SC-30/scripts/SC-30/2_phase/motordrive.py"""", line 83, in setup_motors     setup_gpio() # LEDなども一緒に準備     ^^^^^^^^^^^^   File """"/home/akatoki/SC-30/scripts/SC-30/2_phase/motordrive.py"""", line 63, in setup_gpio     GPIO.setup(PIN_LED, GPIO.OUT)   File """"/usr/lib/python3/dist-packages/RPi/GPIO/__init__.py"""", line 704, in setup     initial = _check(lgpio.gpio_read(_chip, gpio))                      ^^^^^^^^^^^^^^^^^^^^^^^^^^^^   File """"/usr/lib/python3/dist-packages/lgpio.py"""", line 903, in gpio_read     return _u2i(_lgpio._gpio_read(handle&0xffff, gpio))            ^^^^^^^^^^^^^^^^^^^^^^^^^^^^^^^^^^^^^^^^^^^^   File """"/usr/lib/python3/dist-packages/lgpio.py"""", line 458, in _u2i     raise error(error_text(v)) lgpio.error: 'GPIO not allocated' ""","","","","","","","","","","","","","","","","","","","","","","","","","","","","","","","","","","","","","","","","",""
"165.024369134","2026-08-15 09:27:46.443456","/home/akatoki/SC-30/scripts/SC-30/2_phase/motordrive.py","move","150","","","","move: direction=w, power=0.7, duration=1.5","","","","","","","","","","","","","","","","","","","","","","","","","","","","","","","","","","","","","","","","","",""
"165.042053257","2026-08-15 09:27:46.461156","/home/akatoki/SC-30/scripts/SC-30/2_phase/motordrive.py","setup_motors","86","Motor Setup Error: 'GPIO not allocated'","","","","""Traceback (most recent call last):   File """"/home/akatoki/SC-30/scripts/SC-30/2_phase/motordrive.py"""", line 83, in setup_motors     setup_gpio() # LEDなども一緒に準備     ^^^^^^^^^^^^   File """"/home/akatoki/SC-30/scripts/SC-30/2_phase/motordrive.py"""", line 63, in setup_gpio     GPIO.setup(PIN_LED, GPIO.OUT)   File """"/usr/lib/python3/dist-packages/RPi/GPIO/__init__.py"""", line 704, in setup     initial = _check(lgpio.gpio_read(_chip, gpio))                      ^^^^^^^^^^^^^^^^^^^^^^^^^^^^   File """"/usr/lib/python3/dist-packages/lgpio.py"""", line 903, in gpio_read     return _u2i(_lgpio._gpio_read(handle&0xffff, gpio))            ^^^^^^^^^^^^^^^^^^^^^^^^^^^^^^^^^^^^^^^^^^^^   File """"/usr/lib/python3/dist-packages/lgpio.py"""", line 458, in _u2i     raise error(error_text(v)) lgpio.error: 'GPIO not allocated' ""","","","","","","","","","","","","","","","","","","","","","","","","","","","","","","","","","","","","","","","","",""
"165.197137192","2026-08-15 09:27:46.616221","/home/akatoki/SC-30/scripts/SC-30/2_phase/motordrive.py","move","150","","","","move: direction=w, power=0.7, duration=1.5","","","","","","","","","","","","","","","","","","","","","","","","","","","","","","","","","","","","","","","","","",""
"165.221919219","2026-08-15 09:27:46.641023","/home/akatoki/SC-30/scripts/SC-30/2_phase/motordrive.py","setup_motors","86","Motor Setup Error: 'GPIO not allocated'","","","","""Traceback (most recent call last):   File """"/home/akatoki/SC-30/scripts/SC-30/2_phase/motordrive.py"""", line 83, in setup_motors     setup_gpio() # LEDなども一緒に準備     ^^^^^^^^^^^^   File """"/home/akatoki/SC-30/scripts/SC-30/2_phase/motordrive.py"""", line 63, in setup_gpio     GPIO.setup(PIN_LED, GPIO.OUT)   File """"/usr/lib/python3/dist-packages/RPi/GPIO/__init__.py"""", line 704, in setup     initial = _check(lgpio.gpio_read(_chip, gpio))                      ^^^^^^^^^^^^^^^^^^^^^^^^^^^^   File """"/usr/lib/python3/dist-packages/lgpio.py"""", line 903, in gpio_read     return _u2i(_lgpio._gpio_read(handle&0xffff, gpio))            ^^^^^^^^^^^^^^^^^^^^^^^^^^^^^^^^^^^^^^^^^^^^   File """"/usr/lib/python3/dist-packages/lgpio.py"""", line 458, in _u2i     raise error(error_text(v)) lgpio.error: 'GPIO not allocated' ""","","","","","","","","","","","","","","","","","","","","","","","","","","","","","","","","","","","","","","","","",""
"165.37761684","2026-08-15 09:27:46.796702","/home/akatoki/SC-30/scripts/SC-30/2_phase/motordrive.py","move","150","","","","move: direction=w, power=0.7, duration=1.5","","","","","","","","","","","","","","","","","","","","","","","","","","","","","","","","","","","","","","","","","",""
"165.398935059","2026-08-15 09:27:46.818035","/home/akatoki/SC-30/scripts/SC-30/2_phase/motordrive.py","setup_motors","86","Motor Setup Error: 'GPIO not allocated'","","","","""Traceback (most recent call last):   File """"/home/akatoki/SC-30/scripts/SC-30/2_phase/motordrive.py"""", line 83, in setup_motors     setup_gpio() # LEDなども一緒に準備     ^^^^^^^^^^^^   File """"/home/akatoki/SC-30/scripts/SC-30/2_phase/motordrive.py"""", line 63, in setup_gpio     GPIO.setup(PIN_LED, GPIO.OUT)   File """"/usr/lib/python3/dist-packages/RPi/GPIO/__init__.py"""", line 704, in setup     initial = _check(lgpio.gpio_read(_chip, gpio))                      ^^^^^^^^^^^^^^^^^^^^^^^^^^^^   File """"/usr/lib/python3/dist-packages/lgpio.py"""", line 903, in gpio_read     return _u2i(_lgpio._gpio_read(handle&0xffff, gpio))            ^^^^^^^^^^^^^^^^^^^^^^^^^^^^^^^^^^^^^^^^^^^^   File """"/usr/lib/python3/dist-packages/lgpio.py"""", line 458, in _u2i     raise error(error_text(v)) lgpio.error: 'GPIO not allocated' ""","","","","","","","","","","","","","","","","","","","","","","","","","","","","","","","","","","","","","","","","",""
"165.578393809","2026-08-15 09:27:46.997480","/home/akatoki/SC-30/scripts/SC-30/2_phase/motordrive.py","move","150","","","","move: direction=w, power=0.7, duration=1.5","","","","","","","","","","","","","","","","","","","","","","","","","","","","","","","","","","","","","","","","","",""
"165.600405431","2026-08-15 09:27:47.019515","/home/akatoki/SC-30/scripts/SC-30/2_phase/motordrive.py","setup_motors","86","Motor Setup Error: 'GPIO not allocated'","","","","""Traceback (most recent call last):   File """"/home/akatoki/SC-30/scripts/SC-30/2_phase/motordrive.py"""", line 83, in setup_motors     setup_gpio() # LEDなども一緒に準備     ^^^^^^^^^^^^   File """"/home/akatoki/SC-30/scripts/SC-30/2_phase/motordrive.py"""", line 63, in setup_gpio     GPIO.setup(PIN_LED, GPIO.OUT)   File """"/usr/lib/python3/dist-packages/RPi/GPIO/__init__.py"""", line 704, in setup     initial = _check(lgpio.gpio_read(_chip, gpio))                      ^^^^^^^^^^^^^^^^^^^^^^^^^^^^   File """"/usr/lib/python3/dist-packages/lgpio.py"""", line 903, in gpio_read     return _u2i(_lgpio._gpio_read(handle&0xffff, gpio))            ^^^^^^^^^^^^^^^^^^^^^^^^^^^^^^^^^^^^^^^^^^^^   File """"/usr/lib/python3/dist-packages/lgpio.py"""", line 458, in _u2i     raise error(error_text(v)) lgpio.error: 'GPIO not allocated' ""","","","","","","","","","","","","","","","","","","","","","","","","","","","","","","","","","","","","","","","","",""
"165.761304853","2026-08-15 09:27:47.180390","/home/akatoki/SC-30/scripts/SC-30/2_phase/motordrive.py","move","150","","","","move: direction=e, power=0.7, duration=0.1","","","","","","","","","","","","","","","","","","","","","","","","","","","","","","","","","","","","","","","","","",""
"165.784309485","2026-08-15 09:27:47.203410","/home/akatoki/SC-30/scripts/SC-30/2_phase/motordrive.py","setup_motors","86","Motor Setup Error: 'GPIO not allocated'","","","","""Traceback (most recent call last):   File """"/home/akatoki/SC-30/scripts/SC-30/2_phase/motordrive.py"""", line 83, in setup_motors     setup_gpio() # LEDなども一緒に準備     ^^^^^^^^^^^^   File """"/home/akatoki/SC-30/scripts/SC-30/2_phase/motordrive.py"""", line 63, in setup_gpio     GPIO.setup(PIN_LED, GPIO.OUT)   File """"/usr/lib/python3/dist-packages/RPi/GPIO/__init__.py"""", line 704, in setup     initial = _check(lgpio.gpio_read(_chip, gpio))                      ^^^^^^^^^^^^^^^^^^^^^^^^^^^^   File """"/usr/lib/python3/dist-packages/lgpio.py"""", line 903, in gpio_read     return _u2i(_lgpio._gpio_read(handle&0xffff, gpio))            ^^^^^^^^^^^^^^^^^^^^^^^^^^^^^^^^^^^^^^^^^^^^   File """"/usr/lib/python3/dist-packages/lgpio.py"""", line 458, in _u2i     raise error(error_text(v)) lgpio.error: 'GPIO not allocated' ""","","","","","","","","","","","","","","","","","","","","","","","","","","","","","","","","","","","","","","","","",""
"165.797898697","2026-08-15 09:27:47.216984","/home/akatoki/SC-30/scripts/SC-30/2_phase/motordrive.py","move","150","","","","move: direction=w, power=0.7, duration=1.5","","","","","","","","","","","","","","","","","","","","","","","","","","","","","","","","","","","","","","","","","",""
"165.816146063","2026-08-15 09:27:47.235250","/home/akatoki/SC-30/scripts/SC-30/2_phase/motordrive.py","setup_motors","86","Motor Setup Error: 'GPIO not allocated'","","","","""Traceback (most recent call last):   File """"/home/akatoki/SC-30/scripts/SC-30/2_phase/motordrive.py"""", line 83, in setup_motors     setup_gpio() # LEDなども一緒に準備     ^^^^^^^^^^^^   File """"/home/akatoki/SC-30/scripts/SC-30/2_phase/motordrive.py"""", line 63, in setup_gpio     GPIO.setup(PIN_LED, GPIO.OUT)   File """"/usr/lib/python3/dist-packages/RPi/GPIO/__init__.py"""", line 704, in setup     initial = _check(lgpio.gpio_read(_chip, gpio))                      ^^^^^^^^^^^^^^^^^^^^^^^^^^^^   File """"/usr/lib/python3/dist-packages/lgpio.py"""", line 903, in gpio_read     return _u2i(_lgpio._gpio_read(handle&0xffff, gpio))            ^^^^^^^^^^^^^^^^^^^^^^^^^^^^^^^^^^^^^^^^^^^^   File """"/usr/lib/python3/dist-packages/lgpio.py"""", line 458, in _u2i     raise error(error_text(v)) lgpio.error: 'GPIO not allocated' ""","","","","","","","","","","","","","","","","","","","","","","","","","","","","","","","","","","","","","","","","",""
"165.968847849","2026-08-15 09:27:47.387933","/home/akatoki/SC-30/scripts/SC-30/2_phase/motordrive.py","move","150","","","","move: direction=w, power=0.7, duration=1.5","","","","","","","","","","","","","","","","","","","","","","","","","","","","","","","","","","","","","","","","","",""
"165.988186355","2026-08-15 09:27:47.407289","/home/akatoki/SC-30/scripts/SC-30/2_phase/motordrive.py","setup_motors","86","Motor Setup Error: 'GPIO not allocated'","","","","""Traceback (most recent call last):   File """"/home/akatoki/SC-30/scripts/SC-30/2_phase/motordrive.py"""", line 83, in setup_motors     setup_gpio() # LEDなども一緒に準備     ^^^^^^^^^^^^   File """"/home/akatoki/SC-30/scripts/SC-30/2_phase/motordrive.py"""", line 63, in setup_gpio     GPIO.setup(PIN_LED, GPIO.OUT)   File """"/usr/lib/python3/dist-packages/RPi/GPIO/__init__.py"""", line 704, in setup     initial = _check(lgpio.gpio_read(_chip, gpio))                      ^^^^^^^^^^^^^^^^^^^^^^^^^^^^   File """"/usr/lib/python3/dist-packages/lgpio.py"""", line 903, in gpio_read     return _u2i(_lgpio._gpio_read(handle&0xffff, gpio))            ^^^^^^^^^^^^^^^^^^^^^^^^^^^^^^^^^^^^^^^^^^^^   File """"/usr/lib/python3/dist-packages/lgpio.py"""", line 458, in _u2i     raise error(error_text(v)) lgpio.error: 'GPIO not allocated' ""","","","","","","","","","","","","","","","","","","","","","","","","","","","","","","","","","","","","","","","","",""
"166.144602599","2026-08-15 09:27:47.563691","/home/akatoki/SC-30/scripts/SC-30/2_phase/motordrive.py","move","150","","","","move: direction=w, power=0.7, duration=1.5","","","","","","","","","","","","","","","","","","","","","","","","","","","","","","","","","","","","","","","","","",""
"166.16263062","2026-08-15 09:27:47.581730","/home/akatoki/SC-30/scripts/SC-30/2_phase/motordrive.py","setup_motors","86","Motor Setup Error: 'GPIO not allocated'","","","","""Traceback (most recent call last):   File """"/home/akatoki/SC-30/scripts/SC-30/2_phase/motordrive.py"""", line 83, in setup_motors     setup_gpio() # LEDなども一緒に準備     ^^^^^^^^^^^^   File """"/home/akatoki/SC-30/scripts/SC-30/2_phase/motordrive.py"""", line 63, in setup_gpio     GPIO.setup(PIN_LED, GPIO.OUT)   File """"/usr/lib/python3/dist-packages/RPi/GPIO/__init__.py"""", line 704, in setup     initial = _check(lgpio.gpio_read(_chip, gpio))                      ^^^^^^^^^^^^^^^^^^^^^^^^^^^^   File """"/usr/lib/python3/dist-packages/lgpio.py"""", line 903, in gpio_read     return _u2i(_lgpio._gpio_read(handle&0xffff, gpio))            ^^^^^^^^^^^^^^^^^^^^^^^^^^^^^^^^^^^^^^^^^^^^   File """"/usr/lib/python3/dist-packages/lgpio.py"""", line 458, in _u2i     raise error(error_text(v)) lgpio.error: 'GPIO not allocated' ""","","","","","","","","","","","","","","","","","","","","","","","","","","","","","","","","","","","","","","","","",""
"166.315403626","2026-08-15 09:27:47.734488","/home/akatoki/SC-30/scripts/SC-30/2_phase/motordrive.py","move","150","","","","move: direction=w, power=0.7, duration=1.5","","","","","","","","","","","","","","","","","","","","","","","","","","","","","","","","","","","","","","","","","",""
"166.335304127","2026-08-15 09:27:47.754406","/home/akatoki/SC-30/scripts/SC-30/2_phase/motordrive.py","setup_motors","86","Motor Setup Error: 'GPIO not allocated'","","","","""Traceback (most recent call last):   File """"/home/akatoki/SC-30/scripts/SC-30/2_phase/motordrive.py"""", line 83, in setup_motors     setup_gpio() # LEDなども一緒に準備     ^^^^^^^^^^^^   File """"/home/akatoki/SC-30/scripts/SC-30/2_phase/motordrive.py"""", line 63, in setup_gpio     GPIO.setup(PIN_LED, GPIO.OUT)   File """"/usr/lib/python3/dist-packages/RPi/GPIO/__init__.py"""", line 704, in setup     initial = _check(lgpio.gpio_read(_chip, gpio))                      ^^^^^^^^^^^^^^^^^^^^^^^^^^^^   File """"/usr/lib/python3/dist-packages/lgpio.py"""", line 903, in gpio_read     return _u2i(_lgpio._gpio_read(handle&0xffff, gpio))            ^^^^^^^^^^^^^^^^^^^^^^^^^^^^^^^^^^^^^^^^^^^^   File """"/usr/lib/python3/dist-packages/lgpio.py"""", line 458, in _u2i     raise error(error_text(v)) lgpio.error: 'GPIO not allocated' ""","","","","","","","","","","","","","","","","","","","","","","","","","","","","","","","","","","","","","","","","",""
"166.495235244","2026-08-15 09:27:47.914327","/home/akatoki/SC-30/scripts/SC-30/2_phase/motordrive.py","move","150","","","","move: direction=w, power=0.7, duration=1.5","","","","","","","","","","","","","","","","","","","","","","","","","","","","","","","","","","","","","","","","","",""
"166.512935371","2026-08-15 09:27:47.932037","/home/akatoki/SC-30/scripts/SC-30/2_phase/motordrive.py","setup_motors","86","Motor Setup Error: 'GPIO not allocated'","","","","""Traceback (most recent call last):   File """"/home/akatoki/SC-30/scripts/SC-30/2_phase/motordrive.py"""", line 83, in setup_motors     setup_gpio() # LEDなども一緒に準備     ^^^^^^^^^^^^   File """"/home/akatoki/SC-30/scripts/SC-30/2_phase/motordrive.py"""", line 63, in setup_gpio     GPIO.setup(PIN_LED, GPIO.OUT)   File """"/usr/lib/python3/dist-packages/RPi/GPIO/__init__.py"""", line 704, in setup     initial = _check(lgpio.gpio_read(_chip, gpio))                      ^^^^^^^^^^^^^^^^^^^^^^^^^^^^   File """"/usr/lib/python3/dist-packages/lgpio.py"""", line 903, in gpio_read     return _u2i(_lgpio._gpio_read(handle&0xffff, gpio))            ^^^^^^^^^^^^^^^^^^^^^^^^^^^^^^^^^^^^^^^^^^^^   File """"/usr/lib/python3/dist-packages/lgpio.py"""", line 458, in _u2i     raise error(error_text(v)) lgpio.error: 'GPIO not allocated' ""","","","","","","","","","","","","","","","","","","","","","","","","","","","","","","","","","","","","","","","","",""
"166.669855442","2026-08-15 09:27:48.088940","/home/akatoki/SC-30/scripts/SC-30/2_phase/motordrive.py","move","150","","","","move: direction=w, power=0.7, duration=1.5","","","","","","","","","","","","","","","","","","","","","","","","","","","","","","","","","","","","","","","","","",""
"166.689807517","2026-08-15 09:27:48.108908","/home/akatoki/SC-30/scripts/SC-30/2_phase/motordrive.py","setup_motors","86","Motor Setup Error: 'GPIO not allocated'","","","","""Traceback (most recent call last):   File """"/home/akatoki/SC-30/scripts/SC-30/2_phase/motordrive.py"""", line 83, in setup_motors     setup_gpio() # LEDなども一緒に準備     ^^^^^^^^^^^^   File """"/home/akatoki/SC-30/scripts/SC-30/2_phase/motordrive.py"""", line 63, in setup_gpio     GPIO.setup(PIN_LED, GPIO.OUT)   File """"/usr/lib/python3/dist-packages/RPi/GPIO/__init__.py"""", line 704, in setup     initial = _check(lgpio.gpio_read(_chip, gpio))                      ^^^^^^^^^^^^^^^^^^^^^^^^^^^^   File """"/usr/lib/python3/dist-packages/lgpio.py"""", line 903, in gpio_read     return _u2i(_lgpio._gpio_read(handle&0xffff, gpio))            ^^^^^^^^^^^^^^^^^^^^^^^^^^^^^^^^^^^^^^^^^^^^   File """"/usr/lib/python3/dist-packages/lgpio.py"""", line 458, in _u2i     raise error(error_text(v)) lgpio.error: 'GPIO not allocated' ""","","","","","","","","","","","","","","","","","","","","","","","","","","","","","","","","","","","","","","","","",""
"166.842678712","2026-08-15 09:27:48.261768","/home/akatoki/SC-30/scripts/SC-30/2_phase/motordrive.py","move","150","","","","move: direction=w, power=0.7, duration=1.5","","","","","","","","","","","","","","","","","","","","","","","","","","","","","","","","","","","","","","","","","",""
"166.86486252","2026-08-15 09:27:48.283961","/home/akatoki/SC-30/scripts/SC-30/2_phase/motordrive.py","setup_motors","86","Motor Setup Error: 'GPIO not allocated'","","","","""Traceback (most recent call last):   File """"/home/akatoki/SC-30/scripts/SC-30/2_phase/motordrive.py"""", line 83, in setup_motors     setup_gpio() # LEDなども一緒に準備     ^^^^^^^^^^^^   File """"/home/akatoki/SC-30/scripts/SC-30/2_phase/motordrive.py"""", line 63, in setup_gpio     GPIO.setup(PIN_LED, GPIO.OUT)   File """"/usr/lib/python3/dist-packages/RPi/GPIO/__init__.py"""", line 704, in setup     initial = _check(lgpio.gpio_read(_chip, gpio))                      ^^^^^^^^^^^^^^^^^^^^^^^^^^^^   File """"/usr/lib/python3/dist-packages/lgpio.py"""", line 903, in gpio_read     return _u2i(_lgpio._gpio_read(handle&0xffff, gpio))            ^^^^^^^^^^^^^^^^^^^^^^^^^^^^^^^^^^^^^^^^^^^^   File """"/usr/lib/python3/dist-packages/lgpio.py"""", line 458, in _u2i     raise error(error_text(v)) lgpio.error: 'GPIO not allocated' ""","","","","","","","","","","","","","","","","","","","","","","","","","","","","","","","","","","","","","","","","",""
"167.02619309","2026-08-15 09:27:48.445279","/home/akatoki/SC-30/scripts/SC-30/2_phase/motordrive.py","move","150","","","","move: direction=w, power=0.7, duration=1.5","","","","","","","","","","","","","","","","","","","","","","","","","","","","","","","","","","","","","","","","","",""
"167.048933554","2026-08-15 09:27:48.468033","/home/akatoki/SC-30/scripts/SC-30/2_phase/motordrive.py","setup_motors","86","Motor Setup Error: 'GPIO not allocated'","","","","""Traceback (most recent call last):   File """"/home/akatoki/SC-30/scripts/SC-30/2_phase/motordrive.py"""", line 83, in setup_motors     setup_gpio() # LEDなども一緒に準備     ^^^^^^^^^^^^   File """"/home/akatoki/SC-30/scripts/SC-30/2_phase/motordrive.py"""", line 63, in setup_gpio     GPIO.setup(PIN_LED, GPIO.OUT)   File """"/usr/lib/python3/dist-packages/RPi/GPIO/__init__.py"""", line 704, in setup     initial = _check(lgpio.gpio_read(_chip, gpio))                      ^^^^^^^^^^^^^^^^^^^^^^^^^^^^   File """"/usr/lib/python3/dist-packages/lgpio.py"""", line 903, in gpio_read     return _u2i(_lgpio._gpio_read(handle&0xffff, gpio))            ^^^^^^^^^^^^^^^^^^^^^^^^^^^^^^^^^^^^^^^^^^^^   File """"/usr/lib/python3/dist-packages/lgpio.py"""", line 458, in _u2i     raise error(error_text(v)) lgpio.error: 'GPIO not allocated' ""","","","","","","","","","","","","","","","","","","","","","","","","","","","","","","","","","","","","","","","","",""
"167.205469022","2026-08-15 09:27:48.624556","/home/akatoki/SC-30/scripts/SC-30/2_phase/motordrive.py","move","150","","","","move: direction=w, power=0.7, duration=1.5","","","","","","","","","","","","","","","","","","","","","","","","","","","","","","","","","","","","","","","","","",""
"167.225010214","2026-08-15 09:27:48.644112","/home/akatoki/SC-30/scripts/SC-30/2_phase/motordrive.py","setup_motors","86","Motor Setup Error: 'GPIO not allocated'","","","","""Traceback (most recent call last):   File """"/home/akatoki/SC-30/scripts/SC-30/2_phase/motordrive.py"""", line 83, in setup_motors     setup_gpio() # LEDなども一緒に準備     ^^^^^^^^^^^^   File """"/home/akatoki/SC-30/scripts/SC-30/2_phase/motordrive.py"""", line 63, in setup_gpio     GPIO.setup(PIN_LED, GPIO.OUT)   File """"/usr/lib/python3/dist-packages/RPi/GPIO/__init__.py"""", line 704, in setup     initial = _check(lgpio.gpio_read(_chip, gpio))                      ^^^^^^^^^^^^^^^^^^^^^^^^^^^^   File """"/usr/lib/python3/dist-packages/lgpio.py"""", line 903, in gpio_read     return _u2i(_lgpio._gpio_read(handle&0xffff, gpio))            ^^^^^^^^^^^^^^^^^^^^^^^^^^^^^^^^^^^^^^^^^^^^   File """"/usr/lib/python3/dist-packages/lgpio.py"""", line 458, in _u2i     raise error(error_text(v)) lgpio.error: 'GPIO not allocated' ""","","","","","","","","","","","","","","","","","","","","","","","","","","","","","","","","","","","","","","","","",""
"167.382648305","2026-08-15 09:27:48.801736","/home/akatoki/SC-30/scripts/SC-30/2_phase/motordrive.py","move","150","","","","move: direction=e, power=0.7, duration=0.1","","","","","","","","","","","","","","","","","","","","","","","","","","","","","","","","","","","","","","","","","",""
"167.400424642","2026-08-15 09:27:48.819527","/home/akatoki/SC-30/scripts/SC-30/2_phase/motordrive.py","setup_motors","86","Motor Setup Error: 'GPIO not allocated'","","","","""Traceback (most recent call last):   File """"/home/akatoki/SC-30/scripts/SC-30/2_phase/motordrive.py"""", line 83, in setup_motors     setup_gpio() # LEDなども一緒に準備     ^^^^^^^^^^^^   File """"/home/akatoki/SC-30/scripts/SC-30/2_phase/motordrive.py"""", line 63, in setup_gpio     GPIO.setup(PIN_LED, GPIO.OUT)   File """"/usr/lib/python3/dist-packages/RPi/GPIO/__init__.py"""", line 704, in setup     initial = _check(lgpio.gpio_read(_chip, gpio))                      ^^^^^^^^^^^^^^^^^^^^^^^^^^^^   File """"/usr/lib/python3/dist-packages/lgpio.py"""", line 903, in gpio_read     return _u2i(_lgpio._gpio_read(handle&0xffff, gpio))            ^^^^^^^^^^^^^^^^^^^^^^^^^^^^^^^^^^^^^^^^^^^^   File """"/usr/lib/python3/dist-packages/lgpio.py"""", line 458, in _u2i     raise error(error_text(v)) lgpio.error: 'GPIO not allocated' ""","","","","","","","","","","","","","","","","","","","","","","","","","","","","","","","","","","","","","","","","",""
"167.416803421","2026-08-15 09:27:48.835907","/home/akatoki/SC-30/scripts/SC-30/2_phase/motordrive.py","move","150","","","","move: direction=w, power=0.7, duration=1.5","","","","","","","","","","","","","","","","","","","","","","","","","","","","","","","","","","","","","","","","","",""
"167.434734601","2026-08-15 09:27:48.853836","/home/akatoki/SC-30/scripts/SC-30/2_phase/motordrive.py","setup_motors","86","Motor Setup Error: 'GPIO not allocated'","","","","""Traceback (most recent call last):   File """"/home/akatoki/SC-30/scripts/SC-30/2_phase/motordrive.py"""", line 83, in setup_motors     setup_gpio() # LEDなども一緒に準備     ^^^^^^^^^^^^   File """"/home/akatoki/SC-30/scripts/SC-30/2_phase/motordrive.py"""", line 63, in setup_gpio     GPIO.setup(PIN_LED, GPIO.OUT)   File """"/usr/lib/python3/dist-packages/RPi/GPIO/__init__.py"""", line 704, in setup     initial = _check(lgpio.gpio_read(_chip, gpio))                      ^^^^^^^^^^^^^^^^^^^^^^^^^^^^   File """"/usr/lib/python3/dist-packages/lgpio.py"""", line 903, in gpio_read     return _u2i(_lgpio._gpio_read(handle&0xffff, gpio))            ^^^^^^^^^^^^^^^^^^^^^^^^^^^^^^^^^^^^^^^^^^^^   File """"/usr/lib/python3/dist-packages/lgpio.py"""", line 458, in _u2i     raise error(error_text(v)) lgpio.error: 'GPIO not allocated' ""","","","","","","","","","","","","","","","","","","","","","","","","","","","","","","","","","","","","","","","","",""
"167.58931135","2026-08-15 09:27:49.008401","/home/akatoki/SC-30/scripts/SC-30/2_phase/motordrive.py","move","150","","","","move: direction=w, power=0.7, duration=1.5","","","","","","","","","","","","","","","","","","","","","","","","","","","","","","","","","","","","","","","","","",""
"167.607965025","2026-08-15 09:27:49.027067","/home/akatoki/SC-30/scripts/SC-30/2_phase/motordrive.py","setup_motors","86","Motor Setup Error: 'GPIO not allocated'","","","","""Traceback (most recent call last):   File """"/home/akatoki/SC-30/scripts/SC-30/2_phase/motordrive.py"""", line 83, in setup_motors     setup_gpio() # LEDなども一緒に準備     ^^^^^^^^^^^^   File """"/home/akatoki/SC-30/scripts/SC-30/2_phase/motordrive.py"""", line 63, in setup_gpio     GPIO.setup(PIN_LED, GPIO.OUT)   File """"/usr/lib/python3/dist-packages/RPi/GPIO/__init__.py"""", line 704, in setup     initial = _check(lgpio.gpio_read(_chip, gpio))                      ^^^^^^^^^^^^^^^^^^^^^^^^^^^^   File """"/usr/lib/python3/dist-packages/lgpio.py"""", line 903, in gpio_read     return _u2i(_lgpio._gpio_read(handle&0xffff, gpio))            ^^^^^^^^^^^^^^^^^^^^^^^^^^^^^^^^^^^^^^^^^^^^   File """"/usr/lib/python3/dist-packages/lgpio.py"""", line 458, in _u2i     raise error(error_text(v)) lgpio.error: 'GPIO not allocated' ""","","","","","","","","","","","","","","","","","","","","","","","","","","","","","","","","","","","","","","","","",""
"167.760156069","2026-08-15 09:27:49.179242","/home/akatoki/SC-30/scripts/SC-30/2_phase/motordrive.py","move","150","","","","move: direction=w, power=0.7, duration=1.5","","","","","","","","","","","","","","","","","","","","","","","","","","","","","","","","","","","","","","","","","",""
"167.777526878","2026-08-15 09:27:49.196631","/home/akatoki/SC-30/scripts/SC-30/2_phase/motordrive.py","setup_motors","86","Motor Setup Error: 'GPIO not allocated'","","","","""Traceback (most recent call last):   File """"/home/akatoki/SC-30/scripts/SC-30/2_phase/motordrive.py"""", line 83, in setup_motors     setup_gpio() # LEDなども一緒に準備     ^^^^^^^^^^^^   File """"/home/akatoki/SC-30/scripts/SC-30/2_phase/motordrive.py"""", line 63, in setup_gpio     GPIO.setup(PIN_LED, GPIO.OUT)   File """"/usr/lib/python3/dist-packages/RPi/GPIO/__init__.py"""", line 704, in setup     initial = _check(lgpio.gpio_read(_chip, gpio))                      ^^^^^^^^^^^^^^^^^^^^^^^^^^^^   File """"/usr/lib/python3/dist-packages/lgpio.py"""", line 903, in gpio_read     return _u2i(_lgpio._gpio_read(handle&0xffff, gpio))            ^^^^^^^^^^^^^^^^^^^^^^^^^^^^^^^^^^^^^^^^^^^^   File """"/usr/lib/python3/dist-packages/lgpio.py"""", line 458, in _u2i     raise error(error_text(v)) lgpio.error: 'GPIO not allocated' ""","","","","","","","","","","","","","","","","","","","","","","","","","","","","","","","","","","","","","","","","",""
"167.93142881","2026-08-15 09:27:49.350521","/home/akatoki/SC-30/scripts/SC-30/2_phase/motordrive.py","move","150","","","","move: direction=e, power=0.7, duration=0.1","","","","","","","","","","","","","","","","","","","","","","","","","","","","","","","","","","","","","","","","","",""
"167.950548618","2026-08-15 09:27:49.369649","/home/akatoki/SC-30/scripts/SC-30/2_phase/motordrive.py","setup_motors","86","Motor Setup Error: 'GPIO not allocated'","","","","""Traceback (most recent call last):   File """"/home/akatoki/SC-30/scripts/SC-30/2_phase/motordrive.py"""", line 83, in setup_motors     setup_gpio() # LEDなども一緒に準備     ^^^^^^^^^^^^   File """"/home/akatoki/SC-30/scripts/SC-30/2_phase/motordrive.py"""", line 63, in setup_gpio     GPIO.setup(PIN_LED, GPIO.OUT)   File """"/usr/lib/python3/dist-packages/RPi/GPIO/__init__.py"""", line 704, in setup     initial = _check(lgpio.gpio_read(_chip, gpio))                      ^^^^^^^^^^^^^^^^^^^^^^^^^^^^   File """"/usr/lib/python3/dist-packages/lgpio.py"""", line 903, in gpio_read     return _u2i(_lgpio._gpio_read(handle&0xffff, gpio))            ^^^^^^^^^^^^^^^^^^^^^^^^^^^^^^^^^^^^^^^^^^^^   File """"/usr/lib/python3/dist-packages/lgpio.py"""", line 458, in _u2i     raise error(error_text(v)) lgpio.error: 'GPIO not allocated' ""","","","","","","","","","","","","","","","","","","","","","","","","","","","","","","","","","","","","","","","","",""
"167.964121501","2026-08-15 09:27:49.383208","/home/akatoki/SC-30/scripts/SC-30/2_phase/motordrive.py","move","150","","","","move: direction=w, power=0.7, duration=1.5","","","","","","","","","","","","","","","","","","","","","","","","","","","","","","","","","","","","","","","","","",""
"167.983606404","2026-08-15 09:27:49.402707","/home/akatoki/SC-30/scripts/SC-30/2_phase/motordrive.py","setup_motors","86","Motor Setup Error: 'GPIO not allocated'","","","","""Traceback (most recent call last):   File """"/home/akatoki/SC-30/scripts/SC-30/2_phase/motordrive.py"""", line 83, in setup_motors     setup_gpio() # LEDなども一緒に準備     ^^^^^^^^^^^^   File """"/home/akatoki/SC-30/scripts/SC-30/2_phase/motordrive.py"""", line 63, in setup_gpio     GPIO.setup(PIN_LED, GPIO.OUT)   File """"/usr/lib/python3/dist-packages/RPi/GPIO/__init__.py"""", line 704, in setup     initial = _check(lgpio.gpio_read(_chip, gpio))                      ^^^^^^^^^^^^^^^^^^^^^^^^^^^^   File """"/usr/lib/python3/dist-packages/lgpio.py"""", line 903, in gpio_read     return _u2i(_lgpio._gpio_read(handle&0xffff, gpio))            ^^^^^^^^^^^^^^^^^^^^^^^^^^^^^^^^^^^^^^^^^^^^   File """"/usr/lib/python3/dist-packages/lgpio.py"""", line 458, in _u2i     raise error(error_text(v)) lgpio.error: 'GPIO not allocated' ""","","","","","","","","","","","","","","","","","","","","","","","","","","","","","","","","","","","","","","","","",""
"168.142564105","2026-08-15 09:27:49.561650","/home/akatoki/SC-30/scripts/SC-30/2_phase/motordrive.py","move","150","","","","move: direction=w, power=0.7, duration=1.5","","","","","","","","","","","","","","","","","","","","","","","","","","","","","","","","","","","","","","","","","",""
"168.162004538","2026-08-15 09:27:49.581107","/home/akatoki/SC-30/scripts/SC-30/2_phase/motordrive.py","setup_motors","86","Motor Setup Error: 'GPIO not allocated'","","","","""Traceback (most recent call last):   File """"/home/akatoki/SC-30/scripts/SC-30/2_phase/motordrive.py"""", line 83, in setup_motors     setup_gpio() # LEDなども一緒に準備     ^^^^^^^^^^^^   File """"/home/akatoki/SC-30/scripts/SC-30/2_phase/motordrive.py"""", line 63, in setup_gpio     GPIO.setup(PIN_LED, GPIO.OUT)   File """"/usr/lib/python3/dist-packages/RPi/GPIO/__init__.py"""", line 704, in setup     initial = _check(lgpio.gpio_read(_chip, gpio))                      ^^^^^^^^^^^^^^^^^^^^^^^^^^^^   File """"/usr/lib/python3/dist-packages/lgpio.py"""", line 903, in gpio_read     return _u2i(_lgpio._gpio_read(handle&0xffff, gpio))            ^^^^^^^^^^^^^^^^^^^^^^^^^^^^^^^^^^^^^^^^^^^^   File """"/usr/lib/python3/dist-packages/lgpio.py"""", line 458, in _u2i     raise error(error_text(v)) lgpio.error: 'GPIO not allocated' ""","","","","","","","","","","","","","","","","","","","","","","","","","","","","","","","","","","","","","","","","",""
"168.321330097","2026-08-15 09:27:49.740416","/home/akatoki/SC-30/scripts/SC-30/2_phase/motordrive.py","move","150","","","","move: direction=w, power=0.7, duration=1.5","","","","","","","","","","","","","","","","","","","","","","","","","","","","","","","","","","","","","","","","","",""
"168.340328641","2026-08-15 09:27:49.759428","/home/akatoki/SC-30/scripts/SC-30/2_phase/motordrive.py","setup_motors","86","Motor Setup Error: 'GPIO not allocated'","","","","""Traceback (most recent call last):   File """"/home/akatoki/SC-30/scripts/SC-30/2_phase/motordrive.py"""", line 83, in setup_motors     setup_gpio() # LEDなども一緒に準備     ^^^^^^^^^^^^   File """"/home/akatoki/SC-30/scripts/SC-30/2_phase/motordrive.py"""", line 63, in setup_gpio     GPIO.setup(PIN_LED, GPIO.OUT)   File """"/usr/lib/python3/dist-packages/RPi/GPIO/__init__.py"""", line 704, in setup     initial = _check(lgpio.gpio_read(_chip, gpio))                      ^^^^^^^^^^^^^^^^^^^^^^^^^^^^   File """"/usr/lib/python3/dist-packages/lgpio.py"""", line 903, in gpio_read     return _u2i(_lgpio._gpio_read(handle&0xffff, gpio))            ^^^^^^^^^^^^^^^^^^^^^^^^^^^^^^^^^^^^^^^^^^^^   File """"/usr/lib/python3/dist-packages/lgpio.py"""", line 458, in _u2i     raise error(error_text(v)) lgpio.error: 'GPIO not allocated' ""","","","","","","","","","","","","","","","","","","","","","","","","","","","","","","","","","","","","","","","","",""
"168.492685993","2026-08-15 09:27:49.911772","/home/akatoki/SC-30/scripts/SC-30/2_phase/motordrive.py","move","150","","","","move: direction=w, power=0.7, duration=1.5","","","","","","","","","","","","","","","","","","","","","","","","","","","","","","","","","","","","","","","","","",""
"168.51220202","2026-08-15 09:27:49.931305","/home/akatoki/SC-30/scripts/SC-30/2_phase/motordrive.py","setup_motors","86","Motor Setup Error: 'GPIO not allocated'","","","","""Traceback (most recent call last):   File """"/home/akatoki/SC-30/scripts/SC-30/2_phase/motordrive.py"""", line 83, in setup_motors     setup_gpio() # LEDなども一緒に準備     ^^^^^^^^^^^^   File """"/home/akatoki/SC-30/scripts/SC-30/2_phase/motordrive.py"""", line 63, in setup_gpio     GPIO.setup(PIN_LED, GPIO.OUT)   File """"/usr/lib/python3/dist-packages/RPi/GPIO/__init__.py"""", line 704, in setup     initial = _check(lgpio.gpio_read(_chip, gpio))                      ^^^^^^^^^^^^^^^^^^^^^^^^^^^^   File """"/usr/lib/python3/dist-packages/lgpio.py"""", line 903, in gpio_read     return _u2i(_lgpio._gpio_read(handle&0xffff, gpio))            ^^^^^^^^^^^^^^^^^^^^^^^^^^^^^^^^^^^^^^^^^^^^   File """"/usr/lib/python3/dist-packages/lgpio.py"""", line 458, in _u2i     raise error(error_text(v)) lgpio.error: 'GPIO not allocated' ""","","","","","","","","","","","","","","","","","","","","","","","","","","","","","","","","","","","","","","","","",""
"168.671765136","2026-08-15 09:27:50.090849","/home/akatoki/SC-30/scripts/SC-30/2_phase/motordrive.py","move","150","","","","move: direction=w, power=0.7, duration=1.5","","","","","","","","","","","","","","","","","","","","","","","","","","","","","","","","","","","","","","","","","",""
"168.691419478","2026-08-15 09:27:50.110519","/home/akatoki/SC-30/scripts/SC-30/2_phase/motordrive.py","setup_motors","86","Motor Setup Error: 'GPIO not allocated'","","","","""Traceback (most recent call last):   File """"/home/akatoki/SC-30/scripts/SC-30/2_phase/motordrive.py"""", line 83, in setup_motors     setup_gpio() # LEDなども一緒に準備     ^^^^^^^^^^^^   File """"/home/akatoki/SC-30/scripts/SC-30/2_phase/motordrive.py"""", line 63, in setup_gpio     GPIO.setup(PIN_LED, GPIO.OUT)   File """"/usr/lib/python3/dist-packages/RPi/GPIO/__init__.py"""", line 704, in setup     initial = _check(lgpio.gpio_read(_chip, gpio))                      ^^^^^^^^^^^^^^^^^^^^^^^^^^^^   File """"/usr/lib/python3/dist-packages/lgpio.py"""", line 903, in gpio_read     return _u2i(_lgpio._gpio_read(handle&0xffff, gpio))            ^^^^^^^^^^^^^^^^^^^^^^^^^^^^^^^^^^^^^^^^^^^^   File """"/usr/lib/python3/dist-packages/lgpio.py"""", line 458, in _u2i     raise error(error_text(v)) lgpio.error: 'GPIO not allocated' ""","","","","","","","","","","","","","","","","","","","","","","","","","","","","","","","","","","","","","","","","",""
"168.848682575","2026-08-15 09:27:50.267769","/home/akatoki/SC-30/scripts/SC-30/2_phase/motordrive.py","move","150","","","","move: direction=w, power=0.7, duration=1.5","","","","","","","","","","","","","","","","","","","","","","","","","","","","","","","","","","","","","","","","","",""
"168.868564476","2026-08-15 09:27:50.287663","/home/akatoki/SC-30/scripts/SC-30/2_phase/motordrive.py","setup_motors","86","Motor Setup Error: 'GPIO not allocated'","","","","""Traceback (most recent call last):   File """"/home/akatoki/SC-30/scripts/SC-30/2_phase/motordrive.py"""", line 83, in setup_motors     setup_gpio() # LEDなども一緒に準備     ^^^^^^^^^^^^   File """"/home/akatoki/SC-30/scripts/SC-30/2_phase/motordrive.py"""", line 63, in setup_gpio     GPIO.setup(PIN_LED, GPIO.OUT)   File """"/usr/lib/python3/dist-packages/RPi/GPIO/__init__.py"""", line 704, in setup     initial = _check(lgpio.gpio_read(_chip, gpio))                      ^^^^^^^^^^^^^^^^^^^^^^^^^^^^   File """"/usr/lib/python3/dist-packages/lgpio.py"""", line 903, in gpio_read     return _u2i(_lgpio._gpio_read(handle&0xffff, gpio))            ^^^^^^^^^^^^^^^^^^^^^^^^^^^^^^^^^^^^^^^^^^^^   File """"/usr/lib/python3/dist-packages/lgpio.py"""", line 458, in _u2i     raise error(error_text(v)) lgpio.error: 'GPIO not allocated' ""","","","","","","","","","","","","","","","","","","","","","","","","","","","","","","","","","","","","","","","","",""
"169.025961137","2026-08-15 09:27:50.445045","/home/akatoki/SC-30/scripts/SC-30/2_phase/motordrive.py","move","150","","","","move: direction=w, power=0.7, duration=1.5","","","","","","","","","","","","","","","","","","","","","","","","","","","","","","","","","","","","","","","","","",""
"169.046135866","2026-08-15 09:27:50.465236","/home/akatoki/SC-30/scripts/SC-30/2_phase/motordrive.py","setup_motors","86","Motor Setup Error: 'GPIO not allocated'","","","","""Traceback (most recent call last):   File """"/home/akatoki/SC-30/scripts/SC-30/2_phase/motordrive.py"""", line 83, in setup_motors     setup_gpio() # LEDなども一緒に準備     ^^^^^^^^^^^^   File """"/home/akatoki/SC-30/scripts/SC-30/2_phase/motordrive.py"""", line 63, in setup_gpio     GPIO.setup(PIN_LED, GPIO.OUT)   File """"/usr/lib/python3/dist-packages/RPi/GPIO/__init__.py"""", line 704, in setup     initial = _check(lgpio.gpio_read(_chip, gpio))                      ^^^^^^^^^^^^^^^^^^^^^^^^^^^^   File """"/usr/lib/python3/dist-packages/lgpio.py"""", line 903, in gpio_read     return _u2i(_lgpio._gpio_read(handle&0xffff, gpio))            ^^^^^^^^^^^^^^^^^^^^^^^^^^^^^^^^^^^^^^^^^^^^   File """"/usr/lib/python3/dist-packages/lgpio.py"""", line 458, in _u2i     raise error(error_text(v)) lgpio.error: 'GPIO not allocated' ""","","","","","","","","","","","","","","","","","","","","","","","","","","","","","","","","","","","","","","","","",""
"169.203583408","2026-08-15 09:27:50.622668","/home/akatoki/SC-30/scripts/SC-30/2_phase/motordrive.py","move","150","","","","move: direction=w, power=0.7, duration=1.5","","","","","","","","","","","","","","","","","","","","","","","","","","","","","","","","","","","","","","","","","",""
"169.221337258","2026-08-15 09:27:50.640437","/home/akatoki/SC-30/scripts/SC-30/2_phase/motordrive.py","setup_motors","86","Motor Setup Error: 'GPIO not allocated'","","","","""Traceback (most recent call last):   File """"/home/akatoki/SC-30/scripts/SC-30/2_phase/motordrive.py"""", line 83, in setup_motors     setup_gpio() # LEDなども一緒に準備     ^^^^^^^^^^^^   File """"/home/akatoki/SC-30/scripts/SC-30/2_phase/motordrive.py"""", line 63, in setup_gpio     GPIO.setup(PIN_LED, GPIO.OUT)   File """"/usr/lib/python3/dist-packages/RPi/GPIO/__init__.py"""", line 704, in setup     initial = _check(lgpio.gpio_read(_chip, gpio))                      ^^^^^^^^^^^^^^^^^^^^^^^^^^^^   File """"/usr/lib/python3/dist-packages/lgpio.py"""", line 903, in gpio_read     return _u2i(_lgpio._gpio_read(handle&0xffff, gpio))            ^^^^^^^^^^^^^^^^^^^^^^^^^^^^^^^^^^^^^^^^^^^^   File """"/usr/lib/python3/dist-packages/lgpio.py"""", line 458, in _u2i     raise error(error_text(v)) lgpio.error: 'GPIO not allocated' ""","","","","","","","","","","","","","","","","","","","","","","","","","","","","","","","","","","","","","","","","",""
"169.375164662","2026-08-15 09:27:50.794250","/home/akatoki/SC-30/scripts/SC-30/2_phase/motordrive.py","move","150","","","","move: direction=w, power=0.7, duration=1.5","","","","","","","","","","","","","","","","","","","","","","","","","","","","","","","","","","","","","","","","","",""
"169.394349759","2026-08-15 09:27:50.813452","/home/akatoki/SC-30/scripts/SC-30/2_phase/motordrive.py","setup_motors","86","Motor Setup Error: 'GPIO not allocated'","","","","""Traceback (most recent call last):   File """"/home/akatoki/SC-30/scripts/SC-30/2_phase/motordrive.py"""", line 83, in setup_motors     setup_gpio() # LEDなども一緒に準備     ^^^^^^^^^^^^   File """"/home/akatoki/SC-30/scripts/SC-30/2_phase/motordrive.py"""", line 63, in setup_gpio     GPIO.setup(PIN_LED, GPIO.OUT)   File """"/usr/lib/python3/dist-packages/RPi/GPIO/__init__.py"""", line 704, in setup     initial = _check(lgpio.gpio_read(_chip, gpio))                      ^^^^^^^^^^^^^^^^^^^^^^^^^^^^   File """"/usr/lib/python3/dist-packages/lgpio.py"""", line 903, in gpio_read     return _u2i(_lgpio._gpio_read(handle&0xffff, gpio))            ^^^^^^^^^^^^^^^^^^^^^^^^^^^^^^^^^^^^^^^^^^^^   File """"/usr/lib/python3/dist-packages/lgpio.py"""", line 458, in _u2i     raise error(error_text(v)) lgpio.error: 'GPIO not allocated' ""","","","","","","","","","","","","","","","","","","","","","","","","","","","","","","","","","","","","","","","","",""
"169.556724767","2026-08-15 09:27:50.975809","/home/akatoki/SC-30/scripts/SC-30/2_phase/motordrive.py","move","150","","","","move: direction=w, power=0.7, duration=1.5","","","","","","","","","","","","","","","","","","","","","","","","","","","","","","","","","","","","","","","","","",""
"169.577266979","2026-08-15 09:27:50.996365","/home/akatoki/SC-30/scripts/SC-30/2_phase/motordrive.py","setup_motors","86","Motor Setup Error: 'GPIO not allocated'","","","","""Traceback (most recent call last):   File """"/home/akatoki/SC-30/scripts/SC-30/2_phase/motordrive.py"""", line 83, in setup_motors     setup_gpio() # LEDなども一緒に準備     ^^^^^^^^^^^^   File """"/home/akatoki/SC-30/scripts/SC-30/2_phase/motordrive.py"""", line 63, in setup_gpio     GPIO.setup(PIN_LED, GPIO.OUT)   File """"/usr/lib/python3/dist-packages/RPi/GPIO/__init__.py"""", line 704, in setup     initial = _check(lgpio.gpio_read(_chip, gpio))                      ^^^^^^^^^^^^^^^^^^^^^^^^^^^^   File """"/usr/lib/python3/dist-packages/lgpio.py"""", line 903, in gpio_read     return _u2i(_lgpio._gpio_read(handle&0xffff, gpio))            ^^^^^^^^^^^^^^^^^^^^^^^^^^^^^^^^^^^^^^^^^^^^   File """"/usr/lib/python3/dist-packages/lgpio.py"""", line 458, in _u2i     raise error(error_text(v)) lgpio.error: 'GPIO not allocated' ""","","","","","","","","","","","","","","","","","","","","","","","","","","","","","","","","","","","","","","","","",""
"169.736915705","2026-08-15 09:27:51.156002","/home/akatoki/SC-30/scripts/SC-30/2_phase/motordrive.py","move","150","","","","move: direction=w, power=0.7, duration=1.5","","","","","","","","","","","","","","","","","","","","","","","","","","","","","","","","","","","","","","","","","",""
"169.755586637","2026-08-15 09:27:51.174689","/home/akatoki/SC-30/scripts/SC-30/2_phase/motordrive.py","setup_motors","86","Motor Setup Error: 'GPIO not allocated'","","","","""Traceback (most recent call last):   File """"/home/akatoki/SC-30/scripts/SC-30/2_phase/motordrive.py"""", line 83, in setup_motors     setup_gpio() # LEDなども一緒に準備     ^^^^^^^^^^^^   File """"/home/akatoki/SC-30/scripts/SC-30/2_phase/motordrive.py"""", line 63, in setup_gpio     GPIO.setup(PIN_LED, GPIO.OUT)   File """"/usr/lib/python3/dist-packages/RPi/GPIO/__init__.py"""", line 704, in setup     initial = _check(lgpio.gpio_read(_chip, gpio))                      ^^^^^^^^^^^^^^^^^^^^^^^^^^^^   File """"/usr/lib/python3/dist-packages/lgpio.py"""", line 903, in gpio_read     return _u2i(_lgpio._gpio_read(handle&0xffff, gpio))            ^^^^^^^^^^^^^^^^^^^^^^^^^^^^^^^^^^^^^^^^^^^^   File """"/usr/lib/python3/dist-packages/lgpio.py"""", line 458, in _u2i     raise error(error_text(v)) lgpio.error: 'GPIO not allocated' ""","","","","","","","","","","","","","","","","","","","","","","","","","","","","","","","","","","","","","","","","",""
"169.915508486","2026-08-15 09:27:51.334594","/home/akatoki/SC-30/scripts/SC-30/2_phase/motordrive.py","move","150","","","","move: direction=w, power=0.7, duration=1.5","","","","","","","","","","","","","","","","","","","","","","","","","","","","","","","","","","","","","","","","","",""
"169.932232846","2026-08-15 09:27:51.351334","/home/akatoki/SC-30/scripts/SC-30/2_phase/motordrive.py","setup_motors","86","Motor Setup Error: 'GPIO not allocated'","","","","""Traceback (most recent call last):   File """"/home/akatoki/SC-30/scripts/SC-30/2_phase/motordrive.py"""", line 83, in setup_motors     setup_gpio() # LEDなども一緒に準備     ^^^^^^^^^^^^   File """"/home/akatoki/SC-30/scripts/SC-30/2_phase/motordrive.py"""", line 63, in setup_gpio     GPIO.setup(PIN_LED, GPIO.OUT)   File """"/usr/lib/python3/dist-packages/RPi/GPIO/__init__.py"""", line 704, in setup     initial = _check(lgpio.gpio_read(_chip, gpio))                      ^^^^^^^^^^^^^^^^^^^^^^^^^^^^   File """"/usr/lib/python3/dist-packages/lgpio.py"""", line 903, in gpio_read     return _u2i(_lgpio._gpio_read(handle&0xffff, gpio))            ^^^^^^^^^^^^^^^^^^^^^^^^^^^^^^^^^^^^^^^^^^^^   File """"/usr/lib/python3/dist-packages/lgpio.py"""", line 458, in _u2i     raise error(error_text(v)) lgpio.error: 'GPIO not allocated' ""","","","","","","","","","","","","","","","","","","","","","","","","","","","","","","","","","","","","","","","","",""
"170.089369178","2026-08-15 09:27:51.508453","/home/akatoki/SC-30/scripts/SC-30/2_phase/motordrive.py","move","150","","","","move: direction=w, power=0.7, duration=1.5","","","","","","","","","","","","","","","","","","","","","","","","","","","","","","","","","","","","","","","","","",""
"170.117934576","2026-08-15 09:27:51.537034","/home/akatoki/SC-30/scripts/SC-30/2_phase/motordrive.py","setup_motors","86","Motor Setup Error: 'GPIO not allocated'","","","","""Traceback (most recent call last):   File """"/home/akatoki/SC-30/scripts/SC-30/2_phase/motordrive.py"""", line 83, in setup_motors     setup_gpio() # LEDなども一緒に準備     ^^^^^^^^^^^^   File """"/home/akatoki/SC-30/scripts/SC-30/2_phase/motordrive.py"""", line 63, in setup_gpio     GPIO.setup(PIN_LED, GPIO.OUT)   File """"/usr/lib/python3/dist-packages/RPi/GPIO/__init__.py"""", line 704, in setup     initial = _check(lgpio.gpio_read(_chip, gpio))                      ^^^^^^^^^^^^^^^^^^^^^^^^^^^^   File """"/usr/lib/python3/dist-packages/lgpio.py"""", line 903, in gpio_read     return _u2i(_lgpio._gpio_read(handle&0xffff, gpio))            ^^^^^^^^^^^^^^^^^^^^^^^^^^^^^^^^^^^^^^^^^^^^   File """"/usr/lib/python3/dist-packages/lgpio.py"""", line 458, in _u2i     raise error(error_text(v)) lgpio.error: 'GPIO not allocated' ""","","","","","","","","","","","","","","","","","","","","","","","","","","","","","","","","","","","","","","","","",""
"170.2718587","2026-08-15 09:27:51.690944","/home/akatoki/SC-30/scripts/SC-30/2_phase/motordrive.py","move","150","","","","move: direction=w, power=0.7, duration=1.5","","","","","","","","","","","","","","","","","","","","","","","","","","","","","","","","","","","","","","","","","",""
"170.290093608","2026-08-15 09:27:51.709190","/home/akatoki/SC-30/scripts/SC-30/2_phase/motordrive.py","setup_motors","86","Motor Setup Error: 'GPIO not allocated'","","","","""Traceback (most recent call last):   File """"/home/akatoki/SC-30/scripts/SC-30/2_phase/motordrive.py"""", line 83, in setup_motors     setup_gpio() # LEDなども一緒に準備     ^^^^^^^^^^^^   File """"/home/akatoki/SC-30/scripts/SC-30/2_phase/motordrive.py"""", line 63, in setup_gpio     GPIO.setup(PIN_LED, GPIO.OUT)   File """"/usr/lib/python3/dist-packages/RPi/GPIO/__init__.py"""", line 704, in setup     initial = _check(lgpio.gpio_read(_chip, gpio))                      ^^^^^^^^^^^^^^^^^^^^^^^^^^^^   File """"/usr/lib/python3/dist-packages/lgpio.py"""", line 903, in gpio_read     return _u2i(_lgpio._gpio_read(handle&0xffff, gpio))            ^^^^^^^^^^^^^^^^^^^^^^^^^^^^^^^^^^^^^^^^^^^^   File """"/usr/lib/python3/dist-packages/lgpio.py"""", line 458, in _u2i     raise error(error_text(v)) lgpio.error: 'GPIO not allocated' ""","","","","","","","","","","","","","","","","","","","","","","","","","","","","","","","","","","","","","","","","",""
"170.445713814","2026-08-15 09:27:51.864797","/home/akatoki/SC-30/scripts/SC-30/2_phase/motordrive.py","move","150","","","","move: direction=w, power=0.7, duration=1.5","","","","","","","","","","","","","","","","","","","","","","","","","","","","","","","","","","","","","","","","","",""
"170.463322368","2026-08-15 09:27:51.882425","/home/akatoki/SC-30/scripts/SC-30/2_phase/motordrive.py","setup_motors","86","Motor Setup Error: 'GPIO not allocated'","","","","""Traceback (most recent call last):   File """"/home/akatoki/SC-30/scripts/SC-30/2_phase/motordrive.py"""", line 83, in setup_motors     setup_gpio() # LEDなども一緒に準備     ^^^^^^^^^^^^   File """"/home/akatoki/SC-30/scripts/SC-30/2_phase/motordrive.py"""", line 63, in setup_gpio     GPIO.setup(PIN_LED, GPIO.OUT)   File """"/usr/lib/python3/dist-packages/RPi/GPIO/__init__.py"""", line 704, in setup     initial = _check(lgpio.gpio_read(_chip, gpio))                      ^^^^^^^^^^^^^^^^^^^^^^^^^^^^   File """"/usr/lib/python3/dist-packages/lgpio.py"""", line 903, in gpio_read     return _u2i(_lgpio._gpio_read(handle&0xffff, gpio))            ^^^^^^^^^^^^^^^^^^^^^^^^^^^^^^^^^^^^^^^^^^^^   File """"/usr/lib/python3/dist-packages/lgpio.py"""", line 458, in _u2i     raise error(error_text(v)) lgpio.error: 'GPIO not allocated' ""","","","","","","","","","","","","","","","","","","","","","","","","","","","","","","","","","","","","","","","","",""
"170.626925198","2026-08-15 09:27:52.046013","/home/akatoki/SC-30/scripts/SC-30/2_phase/motordrive.py","move","150","","","","move: direction=w, power=0.7, duration=1.5","","","","","","","","","","","","","","","","","","","","","","","","","","","","","","","","","","","","","","","","","",""
"170.652627836","2026-08-15 09:27:52.071734","/home/akatoki/SC-30/scripts/SC-30/2_phase/motordrive.py","setup_motors","86","Motor Setup Error: 'GPIO not allocated'","","","","""Traceback (most recent call last):   File """"/home/akatoki/SC-30/scripts/SC-30/2_phase/motordrive.py"""", line 83, in setup_motors     setup_gpio() # LEDなども一緒に準備     ^^^^^^^^^^^^   File """"/home/akatoki/SC-30/scripts/SC-30/2_phase/motordrive.py"""", line 63, in setup_gpio     GPIO.setup(PIN_LED, GPIO.OUT)   File """"/usr/lib/python3/dist-packages/RPi/GPIO/__init__.py"""", line 704, in setup     initial = _check(lgpio.gpio_read(_chip, gpio))                      ^^^^^^^^^^^^^^^^^^^^^^^^^^^^   File """"/usr/lib/python3/dist-packages/lgpio.py"""", line 903, in gpio_read     return _u2i(_lgpio._gpio_read(handle&0xffff, gpio))            ^^^^^^^^^^^^^^^^^^^^^^^^^^^^^^^^^^^^^^^^^^^^   File """"/usr/lib/python3/dist-packages/lgpio.py"""", line 458, in _u2i     raise error(error_text(v)) lgpio.error: 'GPIO not allocated' ""","","","","","","","","","","","","","","","","","","","","","","","","","","","","","","","","","","","","","","","","",""
"170.821342613","2026-08-15 09:27:52.240428","/home/akatoki/SC-30/scripts/SC-30/2_phase/motordrive.py","move","150","","","","move: direction=w, power=0.7, duration=1.5","","","","","","","","","","","","","","","","","","","","","","","","","","","","","","","","","","","","","","","","","",""
"170.841384606","2026-08-15 09:27:52.260484","/home/akatoki/SC-30/scripts/SC-30/2_phase/motordrive.py","setup_motors","86","Motor Setup Error: 'GPIO not allocated'","","","","""Traceback (most recent call last):   File """"/home/akatoki/SC-30/scripts/SC-30/2_phase/motordrive.py"""", line 83, in setup_motors     setup_gpio() # LEDなども一緒に準備     ^^^^^^^^^^^^   File """"/home/akatoki/SC-30/scripts/SC-30/2_phase/motordrive.py"""", line 63, in setup_gpio     GPIO.setup(PIN_LED, GPIO.OUT)   File """"/usr/lib/python3/dist-packages/RPi/GPIO/__init__.py"""", line 704, in setup     initial = _check(lgpio.gpio_read(_chip, gpio))                      ^^^^^^^^^^^^^^^^^^^^^^^^^^^^   File """"/usr/lib/python3/dist-packages/lgpio.py"""", line 903, in gpio_read     return _u2i(_lgpio._gpio_read(handle&0xffff, gpio))            ^^^^^^^^^^^^^^^^^^^^^^^^^^^^^^^^^^^^^^^^^^^^   File """"/usr/lib/python3/dist-packages/lgpio.py"""", line 458, in _u2i     raise error(error_text(v)) lgpio.error: 'GPIO not allocated' ""","","","","","","","","","","","","","","","","","","","","","","","","","","","","","","","","","","","","","","","","",""
"170.992802482","2026-08-15 09:27:52.411887","/home/akatoki/SC-30/scripts/SC-30/2_phase/motordrive.py","move","150","","","","move: direction=w, power=0.7, duration=1.5","","","","","","","","","","","","","","","","","","","","","","","","","","","","","","","","","","","","","","","","","",""
"171.01141112","2026-08-15 09:27:52.430512","/home/akatoki/SC-30/scripts/SC-30/2_phase/motordrive.py","setup_motors","86","Motor Setup Error: 'GPIO not allocated'","","","","""Traceback (most recent call last):   File """"/home/akatoki/SC-30/scripts/SC-30/2_phase/motordrive.py"""", line 83, in setup_motors     setup_gpio() # LEDなども一緒に準備     ^^^^^^^^^^^^   File """"/home/akatoki/SC-30/scripts/SC-30/2_phase/motordrive.py"""", line 63, in setup_gpio     GPIO.setup(PIN_LED, GPIO.OUT)   File """"/usr/lib/python3/dist-packages/RPi/GPIO/__init__.py"""", line 704, in setup     initial = _check(lgpio.gpio_read(_chip, gpio))                      ^^^^^^^^^^^^^^^^^^^^^^^^^^^^   File """"/usr/lib/python3/dist-packages/lgpio.py"""", line 903, in gpio_read     return _u2i(_lgpio._gpio_read(handle&0xffff, gpio))            ^^^^^^^^^^^^^^^^^^^^^^^^^^^^^^^^^^^^^^^^^^^^   File """"/usr/lib/python3/dist-packages/lgpio.py"""", line 458, in _u2i     raise error(error_text(v)) lgpio.error: 'GPIO not allocated' ""","","","","","","","","","","","","","","","","","","","","","","","","","","","","","","","","","","","","","","","","",""
"171.172643272","2026-08-15 09:27:52.591727","/home/akatoki/SC-30/scripts/SC-30/2_phase/motordrive.py","move","150","","","","move: direction=w, power=0.7, duration=1.5","","","","","","","","","","","","","","","","","","","","","","","","","","","","","","","","","","","","","","","","","",""
"171.190090464","2026-08-15 09:27:52.609186","/home/akatoki/SC-30/scripts/SC-30/2_phase/motordrive.py","setup_motors","86","Motor Setup Error: 'GPIO not allocated'","","","","""Traceback (most recent call last):   File """"/home/akatoki/SC-30/scripts/SC-30/2_phase/motordrive.py"""", line 83, in setup_motors     setup_gpio() # LEDなども一緒に準備     ^^^^^^^^^^^^   File """"/home/akatoki/SC-30/scripts/SC-30/2_phase/motordrive.py"""", line 63, in setup_gpio     GPIO.setup(PIN_LED, GPIO.OUT)   File """"/usr/lib/python3/dist-packages/RPi/GPIO/__init__.py"""", line 704, in setup     initial = _check(lgpio.gpio_read(_chip, gpio))                      ^^^^^^^^^^^^^^^^^^^^^^^^^^^^   File """"/usr/lib/python3/dist-packages/lgpio.py"""", line 903, in gpio_read     return _u2i(_lgpio._gpio_read(handle&0xffff, gpio))            ^^^^^^^^^^^^^^^^^^^^^^^^^^^^^^^^^^^^^^^^^^^^   File """"/usr/lib/python3/dist-packages/lgpio.py"""", line 458, in _u2i     raise error(error_text(v)) lgpio.error: 'GPIO not allocated' ""","","","","","","","","","","","","","","","","","","","","","","","","","","","","","","","","","","","","","","","","",""
"171.347924342","2026-08-15 09:27:52.767012","/home/akatoki/SC-30/scripts/SC-30/2_phase/motordrive.py","move","150","","","","move: direction=w, power=0.7, duration=1.5","","","","","","","","","","","","","","","","","","","","","","","","","","","","","","","","","","","","","","","","","",""
"171.366204772","2026-08-15 09:27:52.785311","/home/akatoki/SC-30/scripts/SC-30/2_phase/motordrive.py","setup_motors","86","Motor Setup Error: 'GPIO not allocated'","","","","""Traceback (most recent call last):   File """"/home/akatoki/SC-30/scripts/SC-30/2_phase/motordrive.py"""", line 83, in setup_motors     setup_gpio() # LEDなども一緒に準備     ^^^^^^^^^^^^   File """"/home/akatoki/SC-30/scripts/SC-30/2_phase/motordrive.py"""", line 63, in setup_gpio     GPIO.setup(PIN_LED, GPIO.OUT)   File """"/usr/lib/python3/dist-packages/RPi/GPIO/__init__.py"""", line 704, in setup     initial = _check(lgpio.gpio_read(_chip, gpio))                      ^^^^^^^^^^^^^^^^^^^^^^^^^^^^   File """"/usr/lib/python3/dist-packages/lgpio.py"""", line 903, in gpio_read     return _u2i(_lgpio._gpio_read(handle&0xffff, gpio))            ^^^^^^^^^^^^^^^^^^^^^^^^^^^^^^^^^^^^^^^^^^^^   File """"/usr/lib/python3/dist-packages/lgpio.py"""", line 458, in _u2i     raise error(error_text(v)) lgpio.error: 'GPIO not allocated' ""","","","","","","","","","","","","","","","","","","","","","","","","","","","","","","","","","","","","","","","","",""
"171.517198783","2026-08-15 09:27:52.936285","/home/akatoki/SC-30/scripts/SC-30/2_phase/motordrive.py","move","150","","","","move: direction=w, power=0.7, duration=1.5","","","","","","","","","","","","","","","","","","","","","","","","","","","","","","","","","","","","","","","","","",""
"171.535000507","2026-08-15 09:27:52.954104","/home/akatoki/SC-30/scripts/SC-30/2_phase/motordrive.py","setup_motors","86","Motor Setup Error: 'GPIO not allocated'","","","","""Traceback (most recent call last):   File """"/home/akatoki/SC-30/scripts/SC-30/2_phase/motordrive.py"""", line 83, in setup_motors     setup_gpio() # LEDなども一緒に準備     ^^^^^^^^^^^^   File """"/home/akatoki/SC-30/scripts/SC-30/2_phase/motordrive.py"""", line 63, in setup_gpio     GPIO.setup(PIN_LED, GPIO.OUT)   File """"/usr/lib/python3/dist-packages/RPi/GPIO/__init__.py"""", line 704, in setup     initial = _check(lgpio.gpio_read(_chip, gpio))                      ^^^^^^^^^^^^^^^^^^^^^^^^^^^^   File """"/usr/lib/python3/dist-packages/lgpio.py"""", line 903, in gpio_read     return _u2i(_lgpio._gpio_read(handle&0xffff, gpio))            ^^^^^^^^^^^^^^^^^^^^^^^^^^^^^^^^^^^^^^^^^^^^   File """"/usr/lib/python3/dist-packages/lgpio.py"""", line 458, in _u2i     raise error(error_text(v)) lgpio.error: 'GPIO not allocated' ""","","","","","","","","","","","","","","","","","","","","","","","","","","","","","","","","","","","","","","","","",""
"171.690708309","2026-08-15 09:27:53.109796","/home/akatoki/SC-30/scripts/SC-30/2_phase/motordrive.py","move","150","","","","move: direction=w, power=0.7, duration=1.5","","","","","","","","","","","","","","","","","","","","","","","","","","","","","","","","","","","","","","","","","",""
"171.708651149","2026-08-15 09:27:53.127749","/home/akatoki/SC-30/scripts/SC-30/2_phase/motordrive.py","setup_motors","86","Motor Setup Error: 'GPIO not allocated'","","","","""Traceback (most recent call last):   File """"/home/akatoki/SC-30/scripts/SC-30/2_phase/motordrive.py"""", line 83, in setup_motors     setup_gpio() # LEDなども一緒に準備     ^^^^^^^^^^^^   File """"/home/akatoki/SC-30/scripts/SC-30/2_phase/motordrive.py"""", line 63, in setup_gpio     GPIO.setup(PIN_LED, GPIO.OUT)   File """"/usr/lib/python3/dist-packages/RPi/GPIO/__init__.py"""", line 704, in setup     initial = _check(lgpio.gpio_read(_chip, gpio))                      ^^^^^^^^^^^^^^^^^^^^^^^^^^^^   File """"/usr/lib/python3/dist-packages/lgpio.py"""", line 903, in gpio_read     return _u2i(_lgpio._gpio_read(handle&0xffff, gpio))            ^^^^^^^^^^^^^^^^^^^^^^^^^^^^^^^^^^^^^^^^^^^^   File """"/usr/lib/python3/dist-packages/lgpio.py"""", line 458, in _u2i     raise error(error_text(v)) lgpio.error: 'GPIO not allocated' ""","","","","","","","","","","","","","","","","","","","","","","","","","","","","","","","","","","","","","","","","",""
"171.863977082","2026-08-15 09:27:53.283061","/home/akatoki/SC-30/scripts/SC-30/2_phase/motordrive.py","move","150","","","","move: direction=w, power=0.7, duration=1.5","","","","","","","","","","","","","","","","","","","","","","","","","","","","","","","","","","","","","","","","","",""
"171.88235123","2026-08-15 09:27:53.301450","/home/akatoki/SC-30/scripts/SC-30/2_phase/motordrive.py","setup_motors","86","Motor Setup Error: 'GPIO not allocated'","","","","""Traceback (most recent call last):   File """"/home/akatoki/SC-30/scripts/SC-30/2_phase/motordrive.py"""", line 83, in setup_motors     setup_gpio() # LEDなども一緒に準備     ^^^^^^^^^^^^   File """"/home/akatoki/SC-30/scripts/SC-30/2_phase/motordrive.py"""", line 63, in setup_gpio     GPIO.setup(PIN_LED, GPIO.OUT)   File """"/usr/lib/python3/dist-packages/RPi/GPIO/__init__.py"""", line 704, in setup     initial = _check(lgpio.gpio_read(_chip, gpio))                      ^^^^^^^^^^^^^^^^^^^^^^^^^^^^   File """"/usr/lib/python3/dist-packages/lgpio.py"""", line 903, in gpio_read     return _u2i(_lgpio._gpio_read(handle&0xffff, gpio))            ^^^^^^^^^^^^^^^^^^^^^^^^^^^^^^^^^^^^^^^^^^^^   File """"/usr/lib/python3/dist-packages/lgpio.py"""", line 458, in _u2i     raise error(error_text(v)) lgpio.error: 'GPIO not allocated' ""","","","","","","","","","","","","","","","","","","","","","","","","","","","","","","","","","","","","","","","","",""
"172.038379748","2026-08-15 09:27:53.457464","/home/akatoki/SC-30/scripts/SC-30/2_phase/motordrive.py","move","150","","","","move: direction=w, power=0.7, duration=1.5","","","","","","","","","","","","","","","","","","","","","","","","","","","","","","","","","","","","","","","","","",""
"172.071797365","2026-08-15 09:27:53.490897","/home/akatoki/SC-30/scripts/SC-30/2_phase/motordrive.py","setup_motors","86","Motor Setup Error: 'GPIO not allocated'","","","","""Traceback (most recent call last):   File """"/home/akatoki/SC-30/scripts/SC-30/2_phase/motordrive.py"""", line 83, in setup_motors     setup_gpio() # LEDなども一緒に準備     ^^^^^^^^^^^^   File """"/home/akatoki/SC-30/scripts/SC-30/2_phase/motordrive.py"""", line 63, in setup_gpio     GPIO.setup(PIN_LED, GPIO.OUT)   File """"/usr/lib/python3/dist-packages/RPi/GPIO/__init__.py"""", line 704, in setup     initial = _check(lgpio.gpio_read(_chip, gpio))                      ^^^^^^^^^^^^^^^^^^^^^^^^^^^^   File """"/usr/lib/python3/dist-packages/lgpio.py"""", line 903, in gpio_read     return _u2i(_lgpio._gpio_read(handle&0xffff, gpio))            ^^^^^^^^^^^^^^^^^^^^^^^^^^^^^^^^^^^^^^^^^^^^   File """"/usr/lib/python3/dist-packages/lgpio.py"""", line 458, in _u2i     raise error(error_text(v)) lgpio.error: 'GPIO not allocated' ""","","","","","","","","","","","","","","","","","","","","","","","","","","","","","","","","","","","","","","","","",""
"172.223906571","2026-08-15 09:27:53.642993","/home/akatoki/SC-30/scripts/SC-30/2_phase/motordrive.py","move","150","","","","move: direction=w, power=0.7, duration=1.5","","","","","","","","","","","","","","","","","","","","","","","","","","","","","","","","","","","","","","","","","",""
"172.240587544","2026-08-15 09:27:53.659688","/home/akatoki/SC-30/scripts/SC-30/2_phase/motordrive.py","setup_motors","86","Motor Setup Error: 'GPIO not allocated'","","","","""Traceback (most recent call last):   File """"/home/akatoki/SC-30/scripts/SC-30/2_phase/motordrive.py"""", line 83, in setup_motors     setup_gpio() # LEDなども一緒に準備     ^^^^^^^^^^^^   File """"/home/akatoki/SC-30/scripts/SC-30/2_phase/motordrive.py"""", line 63, in setup_gpio     GPIO.setup(PIN_LED, GPIO.OUT)   File """"/usr/lib/python3/dist-packages/RPi/GPIO/__init__.py"""", line 704, in setup     initial = _check(lgpio.gpio_read(_chip, gpio))                      ^^^^^^^^^^^^^^^^^^^^^^^^^^^^   File """"/usr/lib/python3/dist-packages/lgpio.py"""", line 903, in gpio_read     return _u2i(_lgpio._gpio_read(handle&0xffff, gpio))            ^^^^^^^^^^^^^^^^^^^^^^^^^^^^^^^^^^^^^^^^^^^^   File """"/usr/lib/python3/dist-packages/lgpio.py"""", line 458, in _u2i     raise error(error_text(v)) lgpio.error: 'GPIO not allocated' ""","","","","","","","","","","","","","","","","","","","","","","","","","","","","","","","","","","","","","","","","",""
"172.394287182","2026-08-15 09:27:53.813373","/home/akatoki/SC-30/scripts/SC-30/2_phase/motordrive.py","move","150","","","","move: direction=w, power=0.7, duration=1.5","","","","","","","","","","","","","","","","","","","","","","","","","","","","","","","","","","","","","","","","","",""
"172.412364929","2026-08-15 09:27:53.831468","/home/akatoki/SC-30/scripts/SC-30/2_phase/motordrive.py","setup_motors","86","Motor Setup Error: 'GPIO not allocated'","","","","""Traceback (most recent call last):   File """"/home/akatoki/SC-30/scripts/SC-30/2_phase/motordrive.py"""", line 83, in setup_motors     setup_gpio() # LEDなども一緒に準備     ^^^^^^^^^^^^   File """"/home/akatoki/SC-30/scripts/SC-30/2_phase/motordrive.py"""", line 63, in setup_gpio     GPIO.setup(PIN_LED, GPIO.OUT)   File """"/usr/lib/python3/dist-packages/RPi/GPIO/__init__.py"""", line 704, in setup     initial = _check(lgpio.gpio_read(_chip, gpio))                      ^^^^^^^^^^^^^^^^^^^^^^^^^^^^   File """"/usr/lib/python3/dist-packages/lgpio.py"""", line 903, in gpio_read     return _u2i(_lgpio._gpio_read(handle&0xffff, gpio))            ^^^^^^^^^^^^^^^^^^^^^^^^^^^^^^^^^^^^^^^^^^^^   File """"/usr/lib/python3/dist-packages/lgpio.py"""", line 458, in _u2i     raise error(error_text(v)) lgpio.error: 'GPIO not allocated' ""","","","","","","","","","","","","","","","","","","","","","","","","","","","","","","","","","","","","","","","","",""
"172.574091267","2026-08-15 09:27:53.993182","/home/akatoki/SC-30/scripts/SC-30/2_phase/motordrive.py","move","150","","","","move: direction=w, power=0.7, duration=1.5","","","","","","","","","","","","","","","","","","","","","","","","","","","","","","","","","","","","","","","","","",""
"172.594370031","2026-08-15 09:27:54.013472","/home/akatoki/SC-30/scripts/SC-30/2_phase/motordrive.py","setup_motors","86","Motor Setup Error: 'GPIO not allocated'","","","","""Traceback (most recent call last):   File """"/home/akatoki/SC-30/scripts/SC-30/2_phase/motordrive.py"""", line 83, in setup_motors     setup_gpio() # LEDなども一緒に準備     ^^^^^^^^^^^^   File """"/home/akatoki/SC-30/scripts/SC-30/2_phase/motordrive.py"""", line 63, in setup_gpio     GPIO.setup(PIN_LED, GPIO.OUT)   File """"/usr/lib/python3/dist-packages/RPi/GPIO/__init__.py"""", line 704, in setup     initial = _check(lgpio.gpio_read(_chip, gpio))                      ^^^^^^^^^^^^^^^^^^^^^^^^^^^^   File """"/usr/lib/python3/dist-packages/lgpio.py"""", line 903, in gpio_read     return _u2i(_lgpio._gpio_read(handle&0xffff, gpio))            ^^^^^^^^^^^^^^^^^^^^^^^^^^^^^^^^^^^^^^^^^^^^   File """"/usr/lib/python3/dist-packages/lgpio.py"""", line 458, in _u2i     raise error(error_text(v)) lgpio.error: 'GPIO not allocated' ""","","","","","","","","","","","","","","","","","","","","","","","","","","","","","","","","","","","","","","","","",""
"172.751450975","2026-08-15 09:27:54.170538","/home/akatoki/SC-30/scripts/SC-30/2_phase/motordrive.py","move","150","","","","move: direction=w, power=0.7, duration=1.5","","","","","","","","","","","","","","","","","","","","","","","","","","","","","","","","","","","","","","","","","",""
"172.770612676","2026-08-15 09:27:54.189712","/home/akatoki/SC-30/scripts/SC-30/2_phase/motordrive.py","setup_motors","86","Motor Setup Error: 'GPIO not allocated'","","","","""Traceback (most recent call last):   File """"/home/akatoki/SC-30/scripts/SC-30/2_phase/motordrive.py"""", line 83, in setup_motors     setup_gpio() # LEDなども一緒に準備     ^^^^^^^^^^^^   File """"/home/akatoki/SC-30/scripts/SC-30/2_phase/motordrive.py"""", line 63, in setup_gpio     GPIO.setup(PIN_LED, GPIO.OUT)   File """"/usr/lib/python3/dist-packages/RPi/GPIO/__init__.py"""", line 704, in setup     initial = _check(lgpio.gpio_read(_chip, gpio))                      ^^^^^^^^^^^^^^^^^^^^^^^^^^^^   File """"/usr/lib/python3/dist-packages/lgpio.py"""", line 903, in gpio_read     return _u2i(_lgpio._gpio_read(handle&0xffff, gpio))            ^^^^^^^^^^^^^^^^^^^^^^^^^^^^^^^^^^^^^^^^^^^^   File """"/usr/lib/python3/dist-packages/lgpio.py"""", line 458, in _u2i     raise error(error_text(v)) lgpio.error: 'GPIO not allocated' ""","","","","","","","","","","","","","","","","","","","","","","","","","","","","","","","","","","","","","","","","",""
"172.932973921","2026-08-15 09:27:54.352059","/home/akatoki/SC-30/scripts/SC-30/2_phase/motordrive.py","move","150","","","","move: direction=w, power=0.7, duration=1.5","","","","","","","","","","","","","","","","","","","","","","","","","","","","","","","","","","","","","","","","","",""
"172.955726437","2026-08-15 09:27:54.374828","/home/akatoki/SC-30/scripts/SC-30/2_phase/motordrive.py","setup_motors","86","Motor Setup Error: 'GPIO not allocated'","","","","""Traceback (most recent call last):   File """"/home/akatoki/SC-30/scripts/SC-30/2_phase/motordrive.py"""", line 83, in setup_motors     setup_gpio() # LEDなども一緒に準備     ^^^^^^^^^^^^   File """"/home/akatoki/SC-30/scripts/SC-30/2_phase/motordrive.py"""", line 63, in setup_gpio     GPIO.setup(PIN_LED, GPIO.OUT)   File """"/usr/lib/python3/dist-packages/RPi/GPIO/__init__.py"""", line 704, in setup     initial = _check(lgpio.gpio_read(_chip, gpio))                      ^^^^^^^^^^^^^^^^^^^^^^^^^^^^   File """"/usr/lib/python3/dist-packages/lgpio.py"""", line 903, in gpio_read     return _u2i(_lgpio._gpio_read(handle&0xffff, gpio))            ^^^^^^^^^^^^^^^^^^^^^^^^^^^^^^^^^^^^^^^^^^^^   File """"/usr/lib/python3/dist-packages/lgpio.py"""", line 458, in _u2i     raise error(error_text(v)) lgpio.error: 'GPIO not allocated' ""","","","","","","","","","","","","","","","","","","","","","","","","","","","","","","","","","","","","","","","","",""
"173.108662873","2026-08-15 09:27:54.527748","/home/akatoki/SC-30/scripts/SC-30/2_phase/motordrive.py","move","150","","","","move: direction=w, power=0.7, duration=1.5","","","","","","","","","","","","","","","","","","","","","","","","","","","","","","","","","","","","","","","","","",""
"173.126345056","2026-08-15 09:27:54.545450","/home/akatoki/SC-30/scripts/SC-30/2_phase/motordrive.py","setup_motors","86","Motor Setup Error: 'GPIO not allocated'","","","","""Traceback (most recent call last):   File """"/home/akatoki/SC-30/scripts/SC-30/2_phase/motordrive.py"""", line 83, in setup_motors     setup_gpio() # LEDなども一緒に準備     ^^^^^^^^^^^^   File """"/home/akatoki/SC-30/scripts/SC-30/2_phase/motordrive.py"""", line 63, in setup_gpio     GPIO.setup(PIN_LED, GPIO.OUT)   File """"/usr/lib/python3/dist-packages/RPi/GPIO/__init__.py"""", line 704, in setup     initial = _check(lgpio.gpio_read(_chip, gpio))                      ^^^^^^^^^^^^^^^^^^^^^^^^^^^^   File """"/usr/lib/python3/dist-packages/lgpio.py"""", line 903, in gpio_read     return _u2i(_lgpio._gpio_read(handle&0xffff, gpio))            ^^^^^^^^^^^^^^^^^^^^^^^^^^^^^^^^^^^^^^^^^^^^   File """"/usr/lib/python3/dist-packages/lgpio.py"""", line 458, in _u2i     raise error(error_text(v)) lgpio.error: 'GPIO not allocated' ""","","","","","","","","","","","","","","","","","","","","","","","","","","","","","","","","","","","","","","","","",""
"173.277591902","2026-08-15 09:27:54.696681","/home/akatoki/SC-30/scripts/SC-30/2_phase/motordrive.py","move","150","","","","move: direction=w, power=0.7, duration=1.5","","","","","","","","","","","","","","","","","","","","","","","","","","","","","","","","","","","","","","","","","",""
"173.297624123","2026-08-15 09:27:54.716724","/home/akatoki/SC-30/scripts/SC-30/2_phase/motordrive.py","setup_motors","86","Motor Setup Error: 'GPIO not allocated'","","","","""Traceback (most recent call last):   File """"/home/akatoki/SC-30/scripts/SC-30/2_phase/motordrive.py"""", line 83, in setup_motors     setup_gpio() # LEDなども一緒に準備     ^^^^^^^^^^^^   File """"/home/akatoki/SC-30/scripts/SC-30/2_phase/motordrive.py"""", line 63, in setup_gpio     GPIO.setup(PIN_LED, GPIO.OUT)   File """"/usr/lib/python3/dist-packages/RPi/GPIO/__init__.py"""", line 704, in setup     initial = _check(lgpio.gpio_read(_chip, gpio))                      ^^^^^^^^^^^^^^^^^^^^^^^^^^^^   File """"/usr/lib/python3/dist-packages/lgpio.py"""", line 903, in gpio_read     return _u2i(_lgpio._gpio_read(handle&0xffff, gpio))            ^^^^^^^^^^^^^^^^^^^^^^^^^^^^^^^^^^^^^^^^^^^^   File """"/usr/lib/python3/dist-packages/lgpio.py"""", line 458, in _u2i     raise error(error_text(v)) lgpio.error: 'GPIO not allocated' ""","","","","","","","","","","","","","","","","","","","","","","","","","","","","","","","","","","","","","","","","",""
"173.457014759","2026-08-15 09:27:54.876101","/home/akatoki/SC-30/scripts/SC-30/2_phase/motordrive.py","move","150","","","","move: direction=w, power=0.7, duration=1.5","","","","","","","","","","","","","","","","","","","","","","","","","","","","","","","","","","","","","","","","","",""
"173.479913387","2026-08-15 09:27:54.899016","/home/akatoki/SC-30/scripts/SC-30/2_phase/motordrive.py","setup_motors","86","Motor Setup Error: 'GPIO not allocated'","","","","""Traceback (most recent call last):   File """"/home/akatoki/SC-30/scripts/SC-30/2_phase/motordrive.py"""", line 83, in setup_motors     setup_gpio() # LEDなども一緒に準備     ^^^^^^^^^^^^   File """"/home/akatoki/SC-30/scripts/SC-30/2_phase/motordrive.py"""", line 63, in setup_gpio     GPIO.setup(PIN_LED, GPIO.OUT)   File """"/usr/lib/python3/dist-packages/RPi/GPIO/__init__.py"""", line 704, in setup     initial = _check(lgpio.gpio_read(_chip, gpio))                      ^^^^^^^^^^^^^^^^^^^^^^^^^^^^   File """"/usr/lib/python3/dist-packages/lgpio.py"""", line 903, in gpio_read     return _u2i(_lgpio._gpio_read(handle&0xffff, gpio))            ^^^^^^^^^^^^^^^^^^^^^^^^^^^^^^^^^^^^^^^^^^^^   File """"/usr/lib/python3/dist-packages/lgpio.py"""", line 458, in _u2i     raise error(error_text(v)) lgpio.error: 'GPIO not allocated' ""","","","","","","","","","","","","","","","","","","","","","","","","","","","","","","","","","","","","","","","","",""
"173.637184624","2026-08-15 09:27:55.056271","/home/akatoki/SC-30/scripts/SC-30/2_phase/motordrive.py","move","150","","","","move: direction=w, power=0.7, duration=1.5","","","","","","","","","","","","","","","","","","","","","","","","","","","","","","","","","","","","","","","","","",""
"173.656134828","2026-08-15 09:27:55.075234","/home/akatoki/SC-30/scripts/SC-30/2_phase/motordrive.py","setup_motors","86","Motor Setup Error: 'GPIO not allocated'","","","","""Traceback (most recent call last):   File """"/home/akatoki/SC-30/scripts/SC-30/2_phase/motordrive.py"""", line 83, in setup_motors     setup_gpio() # LEDなども一緒に準備     ^^^^^^^^^^^^   File """"/home/akatoki/SC-30/scripts/SC-30/2_phase/motordrive.py"""", line 63, in setup_gpio     GPIO.setup(PIN_LED, GPIO.OUT)   File """"/usr/lib/python3/dist-packages/RPi/GPIO/__init__.py"""", line 704, in setup     initial = _check(lgpio.gpio_read(_chip, gpio))                      ^^^^^^^^^^^^^^^^^^^^^^^^^^^^   File """"/usr/lib/python3/dist-packages/lgpio.py"""", line 903, in gpio_read     return _u2i(_lgpio._gpio_read(handle&0xffff, gpio))            ^^^^^^^^^^^^^^^^^^^^^^^^^^^^^^^^^^^^^^^^^^^^   File """"/usr/lib/python3/dist-packages/lgpio.py"""", line 458, in _u2i     raise error(error_text(v)) lgpio.error: 'GPIO not allocated' ""","","","","","","","","","","","","","","","","","","","","","","","","","","","","","","","","","","","","","","","","",""
"173.821380058","2026-08-15 09:27:55.240466","/home/akatoki/SC-30/scripts/SC-30/2_phase/motordrive.py","move","150","","","","move: direction=w, power=0.7, duration=1.5","","","","","","","","","","","","","","","","","","","","","","","","","","","","","","","","","","","","","","","","","",""
"173.837605286","2026-08-15 09:27:55.256704","/home/akatoki/SC-30/scripts/SC-30/2_phase/motordrive.py","setup_motors","86","Motor Setup Error: 'GPIO not allocated'","","","","""Traceback (most recent call last):   File """"/home/akatoki/SC-30/scripts/SC-30/2_phase/motordrive.py"""", line 83, in setup_motors     setup_gpio() # LEDなども一緒に準備     ^^^^^^^^^^^^   File """"/home/akatoki/SC-30/scripts/SC-30/2_phase/motordrive.py"""", line 63, in setup_gpio     GPIO.setup(PIN_LED, GPIO.OUT)   File """"/usr/lib/python3/dist-packages/RPi/GPIO/__init__.py"""", line 704, in setup     initial = _check(lgpio.gpio_read(_chip, gpio))                      ^^^^^^^^^^^^^^^^^^^^^^^^^^^^   File """"/usr/lib/python3/dist-packages/lgpio.py"""", line 903, in gpio_read     return _u2i(_lgpio._gpio_read(handle&0xffff, gpio))            ^^^^^^^^^^^^^^^^^^^^^^^^^^^^^^^^^^^^^^^^^^^^   File """"/usr/lib/python3/dist-packages/lgpio.py"""", line 458, in _u2i     raise error(error_text(v)) lgpio.error: 'GPIO not allocated' ""","","","","","","","","","","","","","","","","","","","","","","","","","","","","","","","","","","","","","","","","",""
"173.993754628","2026-08-15 09:27:55.412841","/home/akatoki/SC-30/scripts/SC-30/2_phase/motordrive.py","move","150","","","","move: direction=w, power=0.7, duration=1.5","","","","","","","","","","","","","","","","","","","","","","","","","","","","","","","","","","","","","","","","","",""
"174.014828695","2026-08-15 09:27:55.433931","/home/akatoki/SC-30/scripts/SC-30/2_phase/motordrive.py","setup_motors","86","Motor Setup Error: 'GPIO not allocated'","","","","""Traceback (most recent call last):   File """"/home/akatoki/SC-30/scripts/SC-30/2_phase/motordrive.py"""", line 83, in setup_motors     setup_gpio() # LEDなども一緒に準備     ^^^^^^^^^^^^   File """"/home/akatoki/SC-30/scripts/SC-30/2_phase/motordrive.py"""", line 63, in setup_gpio     GPIO.setup(PIN_LED, GPIO.OUT)   File """"/usr/lib/python3/dist-packages/RPi/GPIO/__init__.py"""", line 704, in setup     initial = _check(lgpio.gpio_read(_chip, gpio))                      ^^^^^^^^^^^^^^^^^^^^^^^^^^^^   File """"/usr/lib/python3/dist-packages/lgpio.py"""", line 903, in gpio_read     return _u2i(_lgpio._gpio_read(handle&0xffff, gpio))            ^^^^^^^^^^^^^^^^^^^^^^^^^^^^^^^^^^^^^^^^^^^^   File """"/usr/lib/python3/dist-packages/lgpio.py"""", line 458, in _u2i     raise error(error_text(v)) lgpio.error: 'GPIO not allocated' ""","","","","","","","","","","","","","","","","","","","","","","","","","","","","","","","","","","","","","","","","",""
"174.172210342","2026-08-15 09:27:55.591295","/home/akatoki/SC-30/scripts/SC-30/2_phase/motordrive.py","move","150","","","","move: direction=w, power=0.7, duration=1.5","","","","","","","","","","","","","","","","","","","","","","","","","","","","","","","","","","","","","","","","","",""
"174.190492659","2026-08-15 09:27:55.609593","/home/akatoki/SC-30/scripts/SC-30/2_phase/motordrive.py","setup_motors","86","Motor Setup Error: 'GPIO not allocated'","","","","""Traceback (most recent call last):   File """"/home/akatoki/SC-30/scripts/SC-30/2_phase/motordrive.py"""", line 83, in setup_motors     setup_gpio() # LEDなども一緒に準備     ^^^^^^^^^^^^   File """"/home/akatoki/SC-30/scripts/SC-30/2_phase/motordrive.py"""", line 63, in setup_gpio     GPIO.setup(PIN_LED, GPIO.OUT)   File """"/usr/lib/python3/dist-packages/RPi/GPIO/__init__.py"""", line 704, in setup     initial = _check(lgpio.gpio_read(_chip, gpio))                      ^^^^^^^^^^^^^^^^^^^^^^^^^^^^   File """"/usr/lib/python3/dist-packages/lgpio.py"""", line 903, in gpio_read     return _u2i(_lgpio._gpio_read(handle&0xffff, gpio))            ^^^^^^^^^^^^^^^^^^^^^^^^^^^^^^^^^^^^^^^^^^^^   File """"/usr/lib/python3/dist-packages/lgpio.py"""", line 458, in _u2i     raise error(error_text(v)) lgpio.error: 'GPIO not allocated' ""","","","","","","","","","","","","","","","","","","","","","","","","","","","","","","","","","","","","","","","","",""
"174.349371201","2026-08-15 09:27:55.768456","/home/akatoki/SC-30/scripts/SC-30/2_phase/motordrive.py","move","150","","","","move: direction=w, power=0.7, duration=1.5","","","","","","","","","","","","","","","","","","","","","","","","","","","","","","","","","","","","","","","","","",""
"174.370128656","2026-08-15 09:27:55.789227","/home/akatoki/SC-30/scripts/SC-30/2_phase/motordrive.py","setup_motors","86","Motor Setup Error: 'GPIO not allocated'","","","","""Traceback (most recent call last):   File """"/home/akatoki/SC-30/scripts/SC-30/2_phase/motordrive.py"""", line 83, in setup_motors     setup_gpio() # LEDなども一緒に準備     ^^^^^^^^^^^^   File """"/home/akatoki/SC-30/scripts/SC-30/2_phase/motordrive.py"""", line 63, in setup_gpio     GPIO.setup(PIN_LED, GPIO.OUT)   File """"/usr/lib/python3/dist-packages/RPi/GPIO/__init__.py"""", line 704, in setup     initial = _check(lgpio.gpio_read(_chip, gpio))                      ^^^^^^^^^^^^^^^^^^^^^^^^^^^^   File """"/usr/lib/python3/dist-packages/lgpio.py"""", line 903, in gpio_read     return _u2i(_lgpio._gpio_read(handle&0xffff, gpio))            ^^^^^^^^^^^^^^^^^^^^^^^^^^^^^^^^^^^^^^^^^^^^   File """"/usr/lib/python3/dist-packages/lgpio.py"""", line 458, in _u2i     raise error(error_text(v)) lgpio.error: 'GPIO not allocated' ""","","","","","","","","","","","","","","","","","","","","","","","","","","","","","","","","","","","","","","","","",""
"174.524326203","2026-08-15 09:27:55.943411","/home/akatoki/SC-30/scripts/SC-30/2_phase/motordrive.py","move","150","","","","move: direction=w, power=0.7, duration=1.5","","","","","","","","","","","","","","","","","","","","","","","","","","","","","","","","","","","","","","","","","",""
"174.544565998","2026-08-15 09:27:55.963672","/home/akatoki/SC-30/scripts/SC-30/2_phase/motordrive.py","setup_motors","86","Motor Setup Error: 'GPIO not allocated'","","","","""Traceback (most recent call last):   File """"/home/akatoki/SC-30/scripts/SC-30/2_phase/motordrive.py"""", line 83, in setup_motors     setup_gpio() # LEDなども一緒に準備     ^^^^^^^^^^^^   File """"/home/akatoki/SC-30/scripts/SC-30/2_phase/motordrive.py"""", line 63, in setup_gpio     GPIO.setup(PIN_LED, GPIO.OUT)   File """"/usr/lib/python3/dist-packages/RPi/GPIO/__init__.py"""", line 704, in setup     initial = _check(lgpio.gpio_read(_chip, gpio))                      ^^^^^^^^^^^^^^^^^^^^^^^^^^^^   File """"/usr/lib/python3/dist-packages/lgpio.py"""", line 903, in gpio_read     return _u2i(_lgpio._gpio_read(handle&0xffff, gpio))            ^^^^^^^^^^^^^^^^^^^^^^^^^^^^^^^^^^^^^^^^^^^^   File """"/usr/lib/python3/dist-packages/lgpio.py"""", line 458, in _u2i     raise error(error_text(v)) lgpio.error: 'GPIO not allocated' ""","","","","","","","","","","","","","","","","","","","","","","","","","","","","","","","","","","","","","","","","",""
"174.700640218","2026-08-15 09:27:56.119725","/home/akatoki/SC-30/scripts/SC-30/2_phase/motordrive.py","move","150","","","","move: direction=w, power=0.7, duration=1.5","","","","","","","","","","","","","","","","","","","","","","","","","","","","","","","","","","","","","","","","","",""
"174.718153512","2026-08-15 09:27:56.137255","/home/akatoki/SC-30/scripts/SC-30/2_phase/motordrive.py","setup_motors","86","Motor Setup Error: 'GPIO not allocated'","","","","""Traceback (most recent call last):   File """"/home/akatoki/SC-30/scripts/SC-30/2_phase/motordrive.py"""", line 83, in setup_motors     setup_gpio() # LEDなども一緒に準備     ^^^^^^^^^^^^   File """"/home/akatoki/SC-30/scripts/SC-30/2_phase/motordrive.py"""", line 63, in setup_gpio     GPIO.setup(PIN_LED, GPIO.OUT)   File """"/usr/lib/python3/dist-packages/RPi/GPIO/__init__.py"""", line 704, in setup     initial = _check(lgpio.gpio_read(_chip, gpio))                      ^^^^^^^^^^^^^^^^^^^^^^^^^^^^   File """"/usr/lib/python3/dist-packages/lgpio.py"""", line 903, in gpio_read     return _u2i(_lgpio._gpio_read(handle&0xffff, gpio))            ^^^^^^^^^^^^^^^^^^^^^^^^^^^^^^^^^^^^^^^^^^^^   File """"/usr/lib/python3/dist-packages/lgpio.py"""", line 458, in _u2i     raise error(error_text(v)) lgpio.error: 'GPIO not allocated' ""","","","","","","","","","","","","","","","","","","","","","","","","","","","","","","","","","","","","","","","","",""
"174.874248829","2026-08-15 09:27:56.293335","/home/akatoki/SC-30/scripts/SC-30/2_phase/motordrive.py","move","150","","","","move: direction=w, power=0.7, duration=1.5","","","","","","","","","","","","","","","","","","","","","","","","","","","","","","","","","","","","","","","","","",""
"174.89110577","2026-08-15 09:27:56.310204","/home/akatoki/SC-30/scripts/SC-30/2_phase/motordrive.py","setup_motors","86","Motor Setup Error: 'GPIO not allocated'","","","","""Traceback (most recent call last):   File """"/home/akatoki/SC-30/scripts/SC-30/2_phase/motordrive.py"""", line 83, in setup_motors     setup_gpio() # LEDなども一緒に準備     ^^^^^^^^^^^^   File """"/home/akatoki/SC-30/scripts/SC-30/2_phase/motordrive.py"""", line 63, in setup_gpio     GPIO.setup(PIN_LED, GPIO.OUT)   File """"/usr/lib/python3/dist-packages/RPi/GPIO/__init__.py"""", line 704, in setup     initial = _check(lgpio.gpio_read(_chip, gpio))                      ^^^^^^^^^^^^^^^^^^^^^^^^^^^^   File """"/usr/lib/python3/dist-packages/lgpio.py"""", line 903, in gpio_read     return _u2i(_lgpio._gpio_read(handle&0xffff, gpio))            ^^^^^^^^^^^^^^^^^^^^^^^^^^^^^^^^^^^^^^^^^^^^   File """"/usr/lib/python3/dist-packages/lgpio.py"""", line 458, in _u2i     raise error(error_text(v)) lgpio.error: 'GPIO not allocated' ""","","","","","","","","","","","","","","","","","","","","","","","","","","","","","","","","","","","","","","","","",""
"175.048215379","2026-08-15 09:27:56.467301","/home/akatoki/SC-30/scripts/SC-30/2_phase/motordrive.py","move","150","","","","move: direction=w, power=0.7, duration=1.5","","","","","","","","","","","","","","","","","","","","","","","","","","","","","","","","","","","","","","","","","",""
"175.067427205","2026-08-15 09:27:56.486531","/home/akatoki/SC-30/scripts/SC-30/2_phase/motordrive.py","setup_motors","86","Motor Setup Error: 'GPIO not allocated'","","","","""Traceback (most recent call last):   File """"/home/akatoki/SC-30/scripts/SC-30/2_phase/motordrive.py"""", line 83, in setup_motors     setup_gpio() # LEDなども一緒に準備     ^^^^^^^^^^^^   File """"/home/akatoki/SC-30/scripts/SC-30/2_phase/motordrive.py"""", line 63, in setup_gpio     GPIO.setup(PIN_LED, GPIO.OUT)   File """"/usr/lib/python3/dist-packages/RPi/GPIO/__init__.py"""", line 704, in setup     initial = _check(lgpio.gpio_read(_chip, gpio))                      ^^^^^^^^^^^^^^^^^^^^^^^^^^^^   File """"/usr/lib/python3/dist-packages/lgpio.py"""", line 903, in gpio_read     return _u2i(_lgpio._gpio_read(handle&0xffff, gpio))            ^^^^^^^^^^^^^^^^^^^^^^^^^^^^^^^^^^^^^^^^^^^^   File """"/usr/lib/python3/dist-packages/lgpio.py"""", line 458, in _u2i     raise error(error_text(v)) lgpio.error: 'GPIO not allocated' ""","","","","","","","","","","","","","","","","","","","","","","","","","","","","","","","","","","","","","","","","",""
"175.22989637","2026-08-15 09:27:56.648982","/home/akatoki/SC-30/scripts/SC-30/2_phase/motordrive.py","move","150","","","","move: direction=w, power=0.7, duration=1.5","","","","","","","","","","","","","","","","","","","","","","","","","","","","","","","","","","","","","","","","","",""
"175.249875419","2026-08-15 09:27:56.668984","/home/akatoki/SC-30/scripts/SC-30/2_phase/motordrive.py","setup_motors","86","Motor Setup Error: 'GPIO not allocated'","","","","""Traceback (most recent call last):   File """"/home/akatoki/SC-30/scripts/SC-30/2_phase/motordrive.py"""", line 83, in setup_motors     setup_gpio() # LEDなども一緒に準備     ^^^^^^^^^^^^   File """"/home/akatoki/SC-30/scripts/SC-30/2_phase/motordrive.py"""", line 63, in setup_gpio     GPIO.setup(PIN_LED, GPIO.OUT)   File """"/usr/lib/python3/dist-packages/RPi/GPIO/__init__.py"""", line 704, in setup     initial = _check(lgpio.gpio_read(_chip, gpio))                      ^^^^^^^^^^^^^^^^^^^^^^^^^^^^   File """"/usr/lib/python3/dist-packages/lgpio.py"""", line 903, in gpio_read     return _u2i(_lgpio._gpio_read(handle&0xffff, gpio))            ^^^^^^^^^^^^^^^^^^^^^^^^^^^^^^^^^^^^^^^^^^^^   File """"/usr/lib/python3/dist-packages/lgpio.py"""", line 458, in _u2i     raise error(error_text(v)) lgpio.error: 'GPIO not allocated' ""","","","","","","","","","","","","","","","","","","","","","","","","","","","","","","","","","","","","","","","","",""
"175.403444047","2026-08-15 09:27:56.822530","/home/akatoki/SC-30/scripts/SC-30/2_phase/motordrive.py","move","150","","","","move: direction=w, power=0.7, duration=1.5","","","","","","","","","","","","","","","","","","","","","","","","","","","","","","","","","","","","","","","","","",""
"175.421867176","2026-08-15 09:27:56.840968","/home/akatoki/SC-30/scripts/SC-30/2_phase/motordrive.py","setup_motors","86","Motor Setup Error: 'GPIO not allocated'","","","","""Traceback (most recent call last):   File """"/home/akatoki/SC-30/scripts/SC-30/2_phase/motordrive.py"""", line 83, in setup_motors     setup_gpio() # LEDなども一緒に準備     ^^^^^^^^^^^^   File """"/home/akatoki/SC-30/scripts/SC-30/2_phase/motordrive.py"""", line 63, in setup_gpio     GPIO.setup(PIN_LED, GPIO.OUT)   File """"/usr/lib/python3/dist-packages/RPi/GPIO/__init__.py"""", line 704, in setup     initial = _check(lgpio.gpio_read(_chip, gpio))                      ^^^^^^^^^^^^^^^^^^^^^^^^^^^^   File """"/usr/lib/python3/dist-packages/lgpio.py"""", line 903, in gpio_read     return _u2i(_lgpio._gpio_read(handle&0xffff, gpio))            ^^^^^^^^^^^^^^^^^^^^^^^^^^^^^^^^^^^^^^^^^^^^   File """"/usr/lib/python3/dist-packages/lgpio.py"""", line 458, in _u2i     raise error(error_text(v)) lgpio.error: 'GPIO not allocated' ""","","","","","","","","","","","","","","","","","","","","","","","","","","","","","","","","","","","","","","","","",""
"175.574286248","2026-08-15 09:27:56.993372","/home/akatoki/SC-30/scripts/SC-30/2_phase/motordrive.py","move","150","","","","move: direction=w, power=0.7, duration=1.5","","","","","","","","","","","","","","","","","","","","","","","","","","","","","","","","","","","","","","","","","",""
"175.590398228","2026-08-15 09:27:57.009506","/home/akatoki/SC-30/scripts/SC-30/2_phase/motordrive.py","setup_motors","86","Motor Setup Error: 'GPIO not allocated'","","","","""Traceback (most recent call last):   File """"/home/akatoki/SC-30/scripts/SC-30/2_phase/motordrive.py"""", line 83, in setup_motors     setup_gpio() # LEDなども一緒に準備     ^^^^^^^^^^^^   File """"/home/akatoki/SC-30/scripts/SC-30/2_phase/motordrive.py"""", line 63, in setup_gpio     GPIO.setup(PIN_LED, GPIO.OUT)   File """"/usr/lib/python3/dist-packages/RPi/GPIO/__init__.py"""", line 704, in setup     initial = _check(lgpio.gpio_read(_chip, gpio))                      ^^^^^^^^^^^^^^^^^^^^^^^^^^^^   File """"/usr/lib/python3/dist-packages/lgpio.py"""", line 903, in gpio_read     return _u2i(_lgpio._gpio_read(handle&0xffff, gpio))            ^^^^^^^^^^^^^^^^^^^^^^^^^^^^^^^^^^^^^^^^^^^^   File """"/usr/lib/python3/dist-packages/lgpio.py"""", line 458, in _u2i     raise error(error_text(v)) lgpio.error: 'GPIO not allocated' ""","","","","","","","","","","","","","","","","","","","","","","","","","","","","","","","","","","","","","","","","",""
"175.749879207","2026-08-15 09:27:57.168968","/home/akatoki/SC-30/scripts/SC-30/2_phase/motordrive.py","move","150","","","","move: direction=w, power=0.7, duration=1.5","","","","","","","","","","","","","","","","","","","","","","","","","","","","","","","","","","","","","","","","","",""
"175.783942679","2026-08-15 09:27:57.203045","/home/akatoki/SC-30/scripts/SC-30/2_phase/motordrive.py","setup_motors","86","Motor Setup Error: 'GPIO not allocated'","","","","""Traceback (most recent call last):   File """"/home/akatoki/SC-30/scripts/SC-30/2_phase/motordrive.py"""", line 83, in setup_motors     setup_gpio() # LEDなども一緒に準備     ^^^^^^^^^^^^   File """"/home/akatoki/SC-30/scripts/SC-30/2_phase/motordrive.py"""", line 63, in setup_gpio     GPIO.setup(PIN_LED, GPIO.OUT)   File """"/usr/lib/python3/dist-packages/RPi/GPIO/__init__.py"""", line 704, in setup     initial = _check(lgpio.gpio_read(_chip, gpio))                      ^^^^^^^^^^^^^^^^^^^^^^^^^^^^   File """"/usr/lib/python3/dist-packages/lgpio.py"""", line 903, in gpio_read     return _u2i(_lgpio._gpio_read(handle&0xffff, gpio))            ^^^^^^^^^^^^^^^^^^^^^^^^^^^^^^^^^^^^^^^^^^^^   File """"/usr/lib/python3/dist-packages/lgpio.py"""", line 458, in _u2i     raise error(error_text(v)) lgpio.error: 'GPIO not allocated' ""","","","","","","","","","","","","","","","","","","","","","","","","","","","","","","","","","","","","","","","","",""
"175.950544152","2026-08-15 09:27:57.369630","/home/akatoki/SC-30/scripts/SC-30/2_phase/motordrive.py","move","150","","","","move: direction=w, power=0.7, duration=1.5","","","","","","","","","","","","","","","","","","","","","","","","","","","","","","","","","","","","","","","","","",""
"175.972089944","2026-08-15 09:27:57.391200","/home/akatoki/SC-30/scripts/SC-30/2_phase/motordrive.py","setup_motors","86","Motor Setup Error: 'GPIO not allocated'","","","","""Traceback (most recent call last):   File """"/home/akatoki/SC-30/scripts/SC-30/2_phase/motordrive.py"""", line 83, in setup_motors     setup_gpio() # LEDなども一緒に準備     ^^^^^^^^^^^^   File """"/home/akatoki/SC-30/scripts/SC-30/2_phase/motordrive.py"""", line 63, in setup_gpio     GPIO.setup(PIN_LED, GPIO.OUT)   File """"/usr/lib/python3/dist-packages/RPi/GPIO/__init__.py"""", line 704, in setup     initial = _check(lgpio.gpio_read(_chip, gpio))                      ^^^^^^^^^^^^^^^^^^^^^^^^^^^^   File """"/usr/lib/python3/dist-packages/lgpio.py"""", line 903, in gpio_read     return _u2i(_lgpio._gpio_read(handle&0xffff, gpio))            ^^^^^^^^^^^^^^^^^^^^^^^^^^^^^^^^^^^^^^^^^^^^   File """"/usr/lib/python3/dist-packages/lgpio.py"""", line 458, in _u2i     raise error(error_text(v)) lgpio.error: 'GPIO not allocated' ""","","","","","","","","","","","","","","","","","","","","","","","","","","","","","","","","","","","","","","","","",""
"176.136168846","2026-08-15 09:27:57.555255","/home/akatoki/SC-30/scripts/SC-30/2_phase/motordrive.py","move","150","","","","move: direction=w, power=0.7, duration=1.5","","","","","","","","","","","","","","","","","","","","","","","","","","","","","","","","","","","","","","","","","",""
"176.160809839","2026-08-15 09:27:57.579913","/home/akatoki/SC-30/scripts/SC-30/2_phase/motordrive.py","setup_motors","86","Motor Setup Error: 'GPIO not allocated'","","","","""Traceback (most recent call last):   File """"/home/akatoki/SC-30/scripts/SC-30/2_phase/motordrive.py"""", line 83, in setup_motors     setup_gpio() # LEDなども一緒に準備     ^^^^^^^^^^^^   File """"/home/akatoki/SC-30/scripts/SC-30/2_phase/motordrive.py"""", line 63, in setup_gpio     GPIO.setup(PIN_LED, GPIO.OUT)   File """"/usr/lib/python3/dist-packages/RPi/GPIO/__init__.py"""", line 704, in setup     initial = _check(lgpio.gpio_read(_chip, gpio))                      ^^^^^^^^^^^^^^^^^^^^^^^^^^^^   File """"/usr/lib/python3/dist-packages/lgpio.py"""", line 903, in gpio_read     return _u2i(_lgpio._gpio_read(handle&0xffff, gpio))            ^^^^^^^^^^^^^^^^^^^^^^^^^^^^^^^^^^^^^^^^^^^^   File """"/usr/lib/python3/dist-packages/lgpio.py"""", line 458, in _u2i     raise error(error_text(v)) lgpio.error: 'GPIO not allocated' ""","","","","","","","","","","","","","","","","","","","","","","","","","","","","","","","","","","","","","","","","",""
"176.312241065","2026-08-15 09:27:57.731327","/home/akatoki/SC-30/scripts/SC-30/2_phase/motordrive.py","move","150","","","","move: direction=w, power=0.7, duration=1.5","","","","","","","","","","","","","","","","","","","","","","","","","","","","","","","","","","","","","","","","","",""
"176.329867791","2026-08-15 09:27:57.748977","/home/akatoki/SC-30/scripts/SC-30/2_phase/motordrive.py","setup_motors","86","Motor Setup Error: 'GPIO not allocated'","","","","""Traceback (most recent call last):   File """"/home/akatoki/SC-30/scripts/SC-30/2_phase/motordrive.py"""", line 83, in setup_motors     setup_gpio() # LEDなども一緒に準備     ^^^^^^^^^^^^   File """"/home/akatoki/SC-30/scripts/SC-30/2_phase/motordrive.py"""", line 63, in setup_gpio     GPIO.setup(PIN_LED, GPIO.OUT)   File """"/usr/lib/python3/dist-packages/RPi/GPIO/__init__.py"""", line 704, in setup     initial = _check(lgpio.gpio_read(_chip, gpio))                      ^^^^^^^^^^^^^^^^^^^^^^^^^^^^   File """"/usr/lib/python3/dist-packages/lgpio.py"""", line 903, in gpio_read     return _u2i(_lgpio._gpio_read(handle&0xffff, gpio))            ^^^^^^^^^^^^^^^^^^^^^^^^^^^^^^^^^^^^^^^^^^^^   File """"/usr/lib/python3/dist-packages/lgpio.py"""", line 458, in _u2i     raise error(error_text(v)) lgpio.error: 'GPIO not allocated' ""","","","","","","","","","","","","","","","","","","","","","","","","","","","","","","","","","","","","","","","","",""
"176.484472976","2026-08-15 09:27:57.903558","/home/akatoki/SC-30/scripts/SC-30/2_phase/motordrive.py","move","150","","","","move: direction=w, power=0.7, duration=1.5","","","","","","","","","","","","","","","","","","","","","","","","","","","","","","","","","","","","","","","","","",""
"176.514882483","2026-08-15 09:27:57.933982","/home/akatoki/SC-30/scripts/SC-30/2_phase/motordrive.py","setup_motors","86","Motor Setup Error: 'GPIO not allocated'","","","","""Traceback (most recent call last):   File """"/home/akatoki/SC-30/scripts/SC-30/2_phase/motordrive.py"""", line 83, in setup_motors     setup_gpio() # LEDなども一緒に準備     ^^^^^^^^^^^^   File """"/home/akatoki/SC-30/scripts/SC-30/2_phase/motordrive.py"""", line 63, in setup_gpio     GPIO.setup(PIN_LED, GPIO.OUT)   File """"/usr/lib/python3/dist-packages/RPi/GPIO/__init__.py"""", line 704, in setup     initial = _check(lgpio.gpio_read(_chip, gpio))                      ^^^^^^^^^^^^^^^^^^^^^^^^^^^^   File """"/usr/lib/python3/dist-packages/lgpio.py"""", line 903, in gpio_read     return _u2i(_lgpio._gpio_read(handle&0xffff, gpio))            ^^^^^^^^^^^^^^^^^^^^^^^^^^^^^^^^^^^^^^^^^^^^   File """"/usr/lib/python3/dist-packages/lgpio.py"""", line 458, in _u2i     raise error(error_text(v)) lgpio.error: 'GPIO not allocated' ""","","","","","","","","","","","","","","","","","","","","","","","","","","","","","","","","","","","","","","","","",""
"176.671814887","2026-08-15 09:27:58.090900","/home/akatoki/SC-30/scripts/SC-30/2_phase/motordrive.py","move","150","","","","move: direction=w, power=0.7, duration=1.5","","","","","","","","","","","","","","","","","","","","","","","","","","","","","","","","","","","","","","","","","",""
"176.697102255","2026-08-15 09:27:58.116205","/home/akatoki/SC-30/scripts/SC-30/2_phase/motordrive.py","setup_motors","86","Motor Setup Error: 'GPIO not allocated'","","","","""Traceback (most recent call last):   File """"/home/akatoki/SC-30/scripts/SC-30/2_phase/motordrive.py"""", line 83, in setup_motors     setup_gpio() # LEDなども一緒に準備     ^^^^^^^^^^^^   File """"/home/akatoki/SC-30/scripts/SC-30/2_phase/motordrive.py"""", line 63, in setup_gpio     GPIO.setup(PIN_LED, GPIO.OUT)   File """"/usr/lib/python3/dist-packages/RPi/GPIO/__init__.py"""", line 704, in setup     initial = _check(lgpio.gpio_read(_chip, gpio))                      ^^^^^^^^^^^^^^^^^^^^^^^^^^^^   File """"/usr/lib/python3/dist-packages/lgpio.py"""", line 903, in gpio_read     return _u2i(_lgpio._gpio_read(handle&0xffff, gpio))            ^^^^^^^^^^^^^^^^^^^^^^^^^^^^^^^^^^^^^^^^^^^^   File """"/usr/lib/python3/dist-packages/lgpio.py"""", line 458, in _u2i     raise error(error_text(v)) lgpio.error: 'GPIO not allocated' ""","","","","","","","","","","","","","","","","","","","","","","","","","","","","","","","","","","","","","","","","",""
"176.853314008","2026-08-15 09:27:58.272399","/home/akatoki/SC-30/scripts/SC-30/2_phase/motordrive.py","move","150","","","","move: direction=w, power=0.7, duration=1.5","","","","","","","","","","","","","","","","","","","","","","","","","","","","","","","","","","","","","","","","","",""
"176.872245029","2026-08-15 09:27:58.291349","/home/akatoki/SC-30/scripts/SC-30/2_phase/motordrive.py","setup_motors","86","Motor Setup Error: 'GPIO not allocated'","","","","""Traceback (most recent call last):   File """"/home/akatoki/SC-30/scripts/SC-30/2_phase/motordrive.py"""", line 83, in setup_motors     setup_gpio() # LEDなども一緒に準備     ^^^^^^^^^^^^   File """"/home/akatoki/SC-30/scripts/SC-30/2_phase/motordrive.py"""", line 63, in setup_gpio     GPIO.setup(PIN_LED, GPIO.OUT)   File """"/usr/lib/python3/dist-packages/RPi/GPIO/__init__.py"""", line 704, in setup     initial = _check(lgpio.gpio_read(_chip, gpio))                      ^^^^^^^^^^^^^^^^^^^^^^^^^^^^   File """"/usr/lib/python3/dist-packages/lgpio.py"""", line 903, in gpio_read     return _u2i(_lgpio._gpio_read(handle&0xffff, gpio))            ^^^^^^^^^^^^^^^^^^^^^^^^^^^^^^^^^^^^^^^^^^^^   File """"/usr/lib/python3/dist-packages/lgpio.py"""", line 458, in _u2i     raise error(error_text(v)) lgpio.error: 'GPIO not allocated' ""","","","","","","","","","","","","","","","","","","","","","","","","","","","","","","","","","","","","","","","","",""
"177.033116017","2026-08-15 09:27:58.452210","/home/akatoki/SC-30/scripts/SC-30/2_phase/motordrive.py","move","150","","","","move: direction=w, power=0.7, duration=1.5","","","","","","","","","","","","","","","","","","","","","","","","","","","","","","","","","","","","","","","","","",""
"177.050974147","2026-08-15 09:27:58.470075","/home/akatoki/SC-30/scripts/SC-30/2_phase/motordrive.py","setup_motors","86","Motor Setup Error: 'GPIO not allocated'","","","","""Traceback (most recent call last):   File """"/home/akatoki/SC-30/scripts/SC-30/2_phase/motordrive.py"""", line 83, in setup_motors     setup_gpio() # LEDなども一緒に準備     ^^^^^^^^^^^^   File """"/home/akatoki/SC-30/scripts/SC-30/2_phase/motordrive.py"""", line 63, in setup_gpio     GPIO.setup(PIN_LED, GPIO.OUT)   File """"/usr/lib/python3/dist-packages/RPi/GPIO/__init__.py"""", line 704, in setup     initial = _check(lgpio.gpio_read(_chip, gpio))                      ^^^^^^^^^^^^^^^^^^^^^^^^^^^^   File """"/usr/lib/python3/dist-packages/lgpio.py"""", line 903, in gpio_read     return _u2i(_lgpio._gpio_read(handle&0xffff, gpio))            ^^^^^^^^^^^^^^^^^^^^^^^^^^^^^^^^^^^^^^^^^^^^   File """"/usr/lib/python3/dist-packages/lgpio.py"""", line 458, in _u2i     raise error(error_text(v)) lgpio.error: 'GPIO not allocated' ""","","","","","","","","","","","","","","","","","","","","","","","","","","","","","","","","","","","","","","","","",""
"177.211128399","2026-08-15 09:27:58.630217","/home/akatoki/SC-30/scripts/SC-30/2_phase/motordrive.py","move","150","","","","move: direction=w, power=0.7, duration=1.5","","","","","","","","","","","","","","","","","","","","","","","","","","","","","","","","","","","","","","","","","",""
"177.227368957","2026-08-15 09:27:58.646469","/home/akatoki/SC-30/scripts/SC-30/2_phase/motordrive.py","setup_motors","86","Motor Setup Error: 'GPIO not allocated'","","","","""Traceback (most recent call last):   File """"/home/akatoki/SC-30/scripts/SC-30/2_phase/motordrive.py"""", line 83, in setup_motors     setup_gpio() # LEDなども一緒に準備     ^^^^^^^^^^^^   File """"/home/akatoki/SC-30/scripts/SC-30/2_phase/motordrive.py"""", line 63, in setup_gpio     GPIO.setup(PIN_LED, GPIO.OUT)   File """"/usr/lib/python3/dist-packages/RPi/GPIO/__init__.py"""", line 704, in setup     initial = _check(lgpio.gpio_read(_chip, gpio))                      ^^^^^^^^^^^^^^^^^^^^^^^^^^^^   File """"/usr/lib/python3/dist-packages/lgpio.py"""", line 903, in gpio_read     return _u2i(_lgpio._gpio_read(handle&0xffff, gpio))            ^^^^^^^^^^^^^^^^^^^^^^^^^^^^^^^^^^^^^^^^^^^^   File """"/usr/lib/python3/dist-packages/lgpio.py"""", line 458, in _u2i     raise error(error_text(v)) lgpio.error: 'GPIO not allocated' ""","","","","","","","","","","","","","","","","","","","","","","","","","","","","","","","","","","","","","","","","",""
"177.389225427","2026-08-15 09:27:58.808312","/home/akatoki/SC-30/scripts/SC-30/2_phase/motordrive.py","move","150","","","","move: direction=w, power=0.7, duration=1.5","","","","","","","","","","","","","","","","","","","","","","","","","","","","","","","","","","","","","","","","","",""
"177.406498951","2026-08-15 09:27:58.825596","/home/akatoki/SC-30/scripts/SC-30/2_phase/motordrive.py","setup_motors","86","Motor Setup Error: 'GPIO not allocated'","","","","""Traceback (most recent call last):   File """"/home/akatoki/SC-30/scripts/SC-30/2_phase/motordrive.py"""", line 83, in setup_motors     setup_gpio() # LEDなども一緒に準備     ^^^^^^^^^^^^   File """"/home/akatoki/SC-30/scripts/SC-30/2_phase/motordrive.py"""", line 63, in setup_gpio     GPIO.setup(PIN_LED, GPIO.OUT)   File """"/usr/lib/python3/dist-packages/RPi/GPIO/__init__.py"""", line 704, in setup     initial = _check(lgpio.gpio_read(_chip, gpio))                      ^^^^^^^^^^^^^^^^^^^^^^^^^^^^   File """"/usr/lib/python3/dist-packages/lgpio.py"""", line 903, in gpio_read     return _u2i(_lgpio._gpio_read(handle&0xffff, gpio))            ^^^^^^^^^^^^^^^^^^^^^^^^^^^^^^^^^^^^^^^^^^^^   File """"/usr/lib/python3/dist-packages/lgpio.py"""", line 458, in _u2i     raise error(error_text(v)) lgpio.error: 'GPIO not allocated' ""","","","","","","","","","","","","","","","","","","","","","","","","","","","","","","","","","","","","","","","","",""
"177.559825406","2026-08-15 09:27:58.978916","/home/akatoki/SC-30/scripts/SC-30/2_phase/motordrive.py","move","150","","","","move: direction=w, power=0.7, duration=1.5","","","","","","","","","","","","","","","","","","","","","","","","","","","","","","","","","","","","","","","","","",""
"177.582578054","2026-08-15 09:27:59.001679","/home/akatoki/SC-30/scripts/SC-30/2_phase/motordrive.py","setup_motors","86","Motor Setup Error: 'GPIO not allocated'","","","","""Traceback (most recent call last):   File """"/home/akatoki/SC-30/scripts/SC-30/2_phase/motordrive.py"""", line 83, in setup_motors     setup_gpio() # LEDなども一緒に準備     ^^^^^^^^^^^^   File """"/home/akatoki/SC-30/scripts/SC-30/2_phase/motordrive.py"""", line 63, in setup_gpio     GPIO.setup(PIN_LED, GPIO.OUT)   File """"/usr/lib/python3/dist-packages/RPi/GPIO/__init__.py"""", line 704, in setup     initial = _check(lgpio.gpio_read(_chip, gpio))                      ^^^^^^^^^^^^^^^^^^^^^^^^^^^^   File """"/usr/lib/python3/dist-packages/lgpio.py"""", line 903, in gpio_read     return _u2i(_lgpio._gpio_read(handle&0xffff, gpio))            ^^^^^^^^^^^^^^^^^^^^^^^^^^^^^^^^^^^^^^^^^^^^   File """"/usr/lib/python3/dist-packages/lgpio.py"""", line 458, in _u2i     raise error(error_text(v)) lgpio.error: 'GPIO not allocated' ""","","","","","","","","","","","","","","","","","","","","","","","","","","","","","","","","","","","","","","","","",""
"177.751686438","2026-08-15 09:27:59.170772","/home/akatoki/SC-30/scripts/SC-30/2_phase/motordrive.py","move","150","","","","move: direction=w, power=0.7, duration=1.5","","","","","","","","","","","","","","","","","","","","","","","","","","","","","","","","","","","","","","","","","",""
"177.768623678","2026-08-15 09:27:59.187724","/home/akatoki/SC-30/scripts/SC-30/2_phase/motordrive.py","setup_motors","86","Motor Setup Error: 'GPIO not allocated'","","","","""Traceback (most recent call last):   File """"/home/akatoki/SC-30/scripts/SC-30/2_phase/motordrive.py"""", line 83, in setup_motors     setup_gpio() # LEDなども一緒に準備     ^^^^^^^^^^^^   File """"/home/akatoki/SC-30/scripts/SC-30/2_phase/motordrive.py"""", line 63, in setup_gpio     GPIO.setup(PIN_LED, GPIO.OUT)   File """"/usr/lib/python3/dist-packages/RPi/GPIO/__init__.py"""", line 704, in setup     initial = _check(lgpio.gpio_read(_chip, gpio))                      ^^^^^^^^^^^^^^^^^^^^^^^^^^^^   File """"/usr/lib/python3/dist-packages/lgpio.py"""", line 903, in gpio_read     return _u2i(_lgpio._gpio_read(handle&0xffff, gpio))            ^^^^^^^^^^^^^^^^^^^^^^^^^^^^^^^^^^^^^^^^^^^^   File """"/usr/lib/python3/dist-packages/lgpio.py"""", line 458, in _u2i     raise error(error_text(v)) lgpio.error: 'GPIO not allocated' ""","","","","","","","","","","","","","","","","","","","","","","","","","","","","","","","","","","","","","","","","",""
"177.920947148","2026-08-15 09:27:59.340032","/home/akatoki/SC-30/scripts/SC-30/2_phase/motordrive.py","move","150","","","","move: direction=w, power=0.7, duration=1.5","","","","","","","","","","","","","","","","","","","","","","","","","","","","","","","","","","","","","","","","","",""
"177.938970916","2026-08-15 09:27:59.358069","/home/akatoki/SC-30/scripts/SC-30/2_phase/motordrive.py","setup_motors","86","Motor Setup Error: 'GPIO not allocated'","","","","""Traceback (most recent call last):   File """"/home/akatoki/SC-30/scripts/SC-30/2_phase/motordrive.py"""", line 83, in setup_motors     setup_gpio() # LEDなども一緒に準備     ^^^^^^^^^^^^   File """"/home/akatoki/SC-30/scripts/SC-30/2_phase/motordrive.py"""", line 63, in setup_gpio     GPIO.setup(PIN_LED, GPIO.OUT)   File """"/usr/lib/python3/dist-packages/RPi/GPIO/__init__.py"""", line 704, in setup     initial = _check(lgpio.gpio_read(_chip, gpio))                      ^^^^^^^^^^^^^^^^^^^^^^^^^^^^   File """"/usr/lib/python3/dist-packages/lgpio.py"""", line 903, in gpio_read     return _u2i(_lgpio._gpio_read(handle&0xffff, gpio))            ^^^^^^^^^^^^^^^^^^^^^^^^^^^^^^^^^^^^^^^^^^^^   File """"/usr/lib/python3/dist-packages/lgpio.py"""", line 458, in _u2i     raise error(error_text(v)) lgpio.error: 'GPIO not allocated' ""","","","","","","","","","","","","","","","","","","","","","","","","","","","","","","","","","","","","","","","","",""
"178.091862668","2026-08-15 09:27:59.510948","/home/akatoki/SC-30/scripts/SC-30/2_phase/motordrive.py","move","150","","","","move: direction=w, power=0.7, duration=1.5","","","","","","","","","","","","","","","","","","","","","","","","","","","","","","","","","","","","","","","","","",""
"178.111494077","2026-08-15 09:27:59.530595","/home/akatoki/SC-30/scripts/SC-30/2_phase/motordrive.py","setup_motors","86","Motor Setup Error: 'GPIO not allocated'","","","","""Traceback (most recent call last):   File """"/home/akatoki/SC-30/scripts/SC-30/2_phase/motordrive.py"""", line 83, in setup_motors     setup_gpio() # LEDなども一緒に準備     ^^^^^^^^^^^^   File """"/home/akatoki/SC-30/scripts/SC-30/2_phase/motordrive.py"""", line 63, in setup_gpio     GPIO.setup(PIN_LED, GPIO.OUT)   File """"/usr/lib/python3/dist-packages/RPi/GPIO/__init__.py"""", line 704, in setup     initial = _check(lgpio.gpio_read(_chip, gpio))                      ^^^^^^^^^^^^^^^^^^^^^^^^^^^^   File """"/usr/lib/python3/dist-packages/lgpio.py"""", line 903, in gpio_read     return _u2i(_lgpio._gpio_read(handle&0xffff, gpio))            ^^^^^^^^^^^^^^^^^^^^^^^^^^^^^^^^^^^^^^^^^^^^   File """"/usr/lib/python3/dist-packages/lgpio.py"""", line 458, in _u2i     raise error(error_text(v)) lgpio.error: 'GPIO not allocated' ""","","","","","","","","","","","","","","","","","","","","","","","","","","","","","","","","","","","","","","","","",""
"178.273561739","2026-08-15 09:27:59.692646","/home/akatoki/SC-30/scripts/SC-30/2_phase/motordrive.py","move","150","","","","move: direction=w, power=0.7, duration=1.5","","","","","","","","","","","","","","","","","","","","","","","","","","","","","","","","","","","","","","","","","",""
"178.293076187","2026-08-15 09:27:59.712175","/home/akatoki/SC-30/scripts/SC-30/2_phase/motordrive.py","setup_motors","86","Motor Setup Error: 'GPIO not allocated'","","","","""Traceback (most recent call last):   File """"/home/akatoki/SC-30/scripts/SC-30/2_phase/motordrive.py"""", line 83, in setup_motors     setup_gpio() # LEDなども一緒に準備     ^^^^^^^^^^^^   File """"/home/akatoki/SC-30/scripts/SC-30/2_phase/motordrive.py"""", line 63, in setup_gpio     GPIO.setup(PIN_LED, GPIO.OUT)   File """"/usr/lib/python3/dist-packages/RPi/GPIO/__init__.py"""", line 704, in setup     initial = _check(lgpio.gpio_read(_chip, gpio))                      ^^^^^^^^^^^^^^^^^^^^^^^^^^^^   File """"/usr/lib/python3/dist-packages/lgpio.py"""", line 903, in gpio_read     return _u2i(_lgpio._gpio_read(handle&0xffff, gpio))            ^^^^^^^^^^^^^^^^^^^^^^^^^^^^^^^^^^^^^^^^^^^^   File """"/usr/lib/python3/dist-packages/lgpio.py"""", line 458, in _u2i     raise error(error_text(v)) lgpio.error: 'GPIO not allocated' ""","","","","","","","","","","","","","","","","","","","","","","","","","","","","","","","","","","","","","","","","",""
"178.452486949","2026-08-15 09:27:59.871572","/home/akatoki/SC-30/scripts/SC-30/2_phase/motordrive.py","move","150","","","","move: direction=w, power=0.7, duration=1.5","","","","","","","","","","","","","","","","","","","","","","","","","","","","","","","","","","","","","","","","","",""
"178.469530726","2026-08-15 09:27:59.888631","/home/akatoki/SC-30/scripts/SC-30/2_phase/motordrive.py","setup_motors","86","Motor Setup Error: 'GPIO not allocated'","","","","""Traceback (most recent call last):   File """"/home/akatoki/SC-30/scripts/SC-30/2_phase/motordrive.py"""", line 83, in setup_motors     setup_gpio() # LEDなども一緒に準備     ^^^^^^^^^^^^   File """"/home/akatoki/SC-30/scripts/SC-30/2_phase/motordrive.py"""", line 63, in setup_gpio     GPIO.setup(PIN_LED, GPIO.OUT)   File """"/usr/lib/python3/dist-packages/RPi/GPIO/__init__.py"""", line 704, in setup     initial = _check(lgpio.gpio_read(_chip, gpio))                      ^^^^^^^^^^^^^^^^^^^^^^^^^^^^   File """"/usr/lib/python3/dist-packages/lgpio.py"""", line 903, in gpio_read     return _u2i(_lgpio._gpio_read(handle&0xffff, gpio))            ^^^^^^^^^^^^^^^^^^^^^^^^^^^^^^^^^^^^^^^^^^^^   File """"/usr/lib/python3/dist-packages/lgpio.py"""", line 458, in _u2i     raise error(error_text(v)) lgpio.error: 'GPIO not allocated' ""","","","","","","","","","","","","","","","","","","","","","","","","","","","","","","","","","","","","","","","","",""
"178.622907292","2026-08-15 09:28:00.041991","/home/akatoki/SC-30/scripts/SC-30/2_phase/motordrive.py","move","150","","","","move: direction=w, power=0.7, duration=1.5","","","","","","","","","","","","","","","","","","","","","","","","","","","","","","","","","","","","","","","","","",""
"178.644801093","2026-08-15 09:28:00.063902","/home/akatoki/SC-30/scripts/SC-30/2_phase/motordrive.py","setup_motors","86","Motor Setup Error: 'GPIO not allocated'","","","","""Traceback (most recent call last):   File """"/home/akatoki/SC-30/scripts/SC-30/2_phase/motordrive.py"""", line 83, in setup_motors     setup_gpio() # LEDなども一緒に準備     ^^^^^^^^^^^^   File """"/home/akatoki/SC-30/scripts/SC-30/2_phase/motordrive.py"""", line 63, in setup_gpio     GPIO.setup(PIN_LED, GPIO.OUT)   File """"/usr/lib/python3/dist-packages/RPi/GPIO/__init__.py"""", line 704, in setup     initial = _check(lgpio.gpio_read(_chip, gpio))                      ^^^^^^^^^^^^^^^^^^^^^^^^^^^^   File """"/usr/lib/python3/dist-packages/lgpio.py"""", line 903, in gpio_read     return _u2i(_lgpio._gpio_read(handle&0xffff, gpio))            ^^^^^^^^^^^^^^^^^^^^^^^^^^^^^^^^^^^^^^^^^^^^   File """"/usr/lib/python3/dist-packages/lgpio.py"""", line 458, in _u2i     raise error(error_text(v)) lgpio.error: 'GPIO not allocated' ""","","","","","","","","","","","","","","","","","","","","","","","","","","","","","","","","","","","","","","","","",""
"178.799988881","2026-08-15 09:28:00.219134","/home/akatoki/SC-30/scripts/SC-30/2_phase/motordrive.py","move","150","","","","move: direction=w, power=0.7, duration=1.5","","","","","","","","","","","","","","","","","","","","","","","","","","","","","","","","","","","","","","","","","",""
"178.818648014","2026-08-15 09:28:00.237749","/home/akatoki/SC-30/scripts/SC-30/2_phase/motordrive.py","setup_motors","86","Motor Setup Error: 'GPIO not allocated'","","","","""Traceback (most recent call last):   File """"/home/akatoki/SC-30/scripts/SC-30/2_phase/motordrive.py"""", line 83, in setup_motors     setup_gpio() # LEDなども一緒に準備     ^^^^^^^^^^^^   File """"/home/akatoki/SC-30/scripts/SC-30/2_phase/motordrive.py"""", line 63, in setup_gpio     GPIO.setup(PIN_LED, GPIO.OUT)   File """"/usr/lib/python3/dist-packages/RPi/GPIO/__init__.py"""", line 704, in setup     initial = _check(lgpio.gpio_read(_chip, gpio))                      ^^^^^^^^^^^^^^^^^^^^^^^^^^^^   File """"/usr/lib/python3/dist-packages/lgpio.py"""", line 903, in gpio_read     return _u2i(_lgpio._gpio_read(handle&0xffff, gpio))            ^^^^^^^^^^^^^^^^^^^^^^^^^^^^^^^^^^^^^^^^^^^^   File """"/usr/lib/python3/dist-packages/lgpio.py"""", line 458, in _u2i     raise error(error_text(v)) lgpio.error: 'GPIO not allocated' ""","","","","","","","","","","","","","","","","","","","","","","","","","","","","","","","","","","","","","","","","",""
"178.977085324","2026-08-15 09:28:00.396170","/home/akatoki/SC-30/scripts/SC-30/2_phase/motordrive.py","move","150","","","","move: direction=w, power=0.7, duration=1.5","","","","","","","","","","","","","","","","","","","","","","","","","","","","","","","","","","","","","","","","","",""
"178.998837565","2026-08-15 09:28:00.417944","/home/akatoki/SC-30/scripts/SC-30/2_phase/motordrive.py","setup_motors","86","Motor Setup Error: 'GPIO not allocated'","","","","""Traceback (most recent call last):   File """"/home/akatoki/SC-30/scripts/SC-30/2_phase/motordrive.py"""", line 83, in setup_motors     setup_gpio() # LEDなども一緒に準備     ^^^^^^^^^^^^   File """"/home/akatoki/SC-30/scripts/SC-30/2_phase/motordrive.py"""", line 63, in setup_gpio     GPIO.setup(PIN_LED, GPIO.OUT)   File """"/usr/lib/python3/dist-packages/RPi/GPIO/__init__.py"""", line 704, in setup     initial = _check(lgpio.gpio_read(_chip, gpio))                      ^^^^^^^^^^^^^^^^^^^^^^^^^^^^   File """"/usr/lib/python3/dist-packages/lgpio.py"""", line 903, in gpio_read     return _u2i(_lgpio._gpio_read(handle&0xffff, gpio))            ^^^^^^^^^^^^^^^^^^^^^^^^^^^^^^^^^^^^^^^^^^^^   File """"/usr/lib/python3/dist-packages/lgpio.py"""", line 458, in _u2i     raise error(error_text(v)) lgpio.error: 'GPIO not allocated' ""","","","","","","","","","","","","","","","","","","","","","","","","","","","","","","","","","","","","","","","","",""
"179.16239032","2026-08-15 09:28:00.581477","/home/akatoki/SC-30/scripts/SC-30/2_phase/motordrive.py","move","150","","","","move: direction=w, power=0.7, duration=1.5","","","","","","","","","","","","","","","","","","","","","","","","","","","","","","","","","","","","","","","","","",""
"179.180526682","2026-08-15 09:28:00.599628","/home/akatoki/SC-30/scripts/SC-30/2_phase/motordrive.py","setup_motors","86","Motor Setup Error: 'GPIO not allocated'","","","","""Traceback (most recent call last):   File """"/home/akatoki/SC-30/scripts/SC-30/2_phase/motordrive.py"""", line 83, in setup_motors     setup_gpio() # LEDなども一緒に準備     ^^^^^^^^^^^^   File """"/home/akatoki/SC-30/scripts/SC-30/2_phase/motordrive.py"""", line 63, in setup_gpio     GPIO.setup(PIN_LED, GPIO.OUT)   File """"/usr/lib/python3/dist-packages/RPi/GPIO/__init__.py"""", line 704, in setup     initial = _check(lgpio.gpio_read(_chip, gpio))                      ^^^^^^^^^^^^^^^^^^^^^^^^^^^^   File """"/usr/lib/python3/dist-packages/lgpio.py"""", line 903, in gpio_read     return _u2i(_lgpio._gpio_read(handle&0xffff, gpio))            ^^^^^^^^^^^^^^^^^^^^^^^^^^^^^^^^^^^^^^^^^^^^   File """"/usr/lib/python3/dist-packages/lgpio.py"""", line 458, in _u2i     raise error(error_text(v)) lgpio.error: 'GPIO not allocated' ""","","","","","","","","","","","","","","","","","","","","","","","","","","","","","","","","","","","","","","","","",""
"179.340244703","2026-08-15 09:28:00.759329","/home/akatoki/SC-30/scripts/SC-30/2_phase/motordrive.py","move","150","","","","move: direction=w, power=0.7, duration=1.5","","","","","","","","","","","","","","","","","","","","","","","","","","","","","","","","","","","","","","","","","",""
"179.358785836","2026-08-15 09:28:00.777884","/home/akatoki/SC-30/scripts/SC-30/2_phase/motordrive.py","setup_motors","86","Motor Setup Error: 'GPIO not allocated'","","","","""Traceback (most recent call last):   File """"/home/akatoki/SC-30/scripts/SC-30/2_phase/motordrive.py"""", line 83, in setup_motors     setup_gpio() # LEDなども一緒に準備     ^^^^^^^^^^^^   File """"/home/akatoki/SC-30/scripts/SC-30/2_phase/motordrive.py"""", line 63, in setup_gpio     GPIO.setup(PIN_LED, GPIO.OUT)   File """"/usr/lib/python3/dist-packages/RPi/GPIO/__init__.py"""", line 704, in setup     initial = _check(lgpio.gpio_read(_chip, gpio))                      ^^^^^^^^^^^^^^^^^^^^^^^^^^^^   File """"/usr/lib/python3/dist-packages/lgpio.py"""", line 903, in gpio_read     return _u2i(_lgpio._gpio_read(handle&0xffff, gpio))            ^^^^^^^^^^^^^^^^^^^^^^^^^^^^^^^^^^^^^^^^^^^^   File """"/usr/lib/python3/dist-packages/lgpio.py"""", line 458, in _u2i     raise error(error_text(v)) lgpio.error: 'GPIO not allocated' ""","","","","","","","","","","","","","","","","","","","","","","","","","","","","","","","","","","","","","","","","",""
"179.512667007","2026-08-15 09:28:00.931752","/home/akatoki/SC-30/scripts/SC-30/2_phase/motordrive.py","move","150","","","","move: direction=w, power=0.7, duration=1.5","","","","","","","","","","","","","","","","","","","","","","","","","","","","","","","","","","","","","","","","","",""
"179.537485201","2026-08-15 09:28:00.956584","/home/akatoki/SC-30/scripts/SC-30/2_phase/motordrive.py","setup_motors","86","Motor Setup Error: 'GPIO not allocated'","","","","""Traceback (most recent call last):   File """"/home/akatoki/SC-30/scripts/SC-30/2_phase/motordrive.py"""", line 83, in setup_motors     setup_gpio() # LEDなども一緒に準備     ^^^^^^^^^^^^   File """"/home/akatoki/SC-30/scripts/SC-30/2_phase/motordrive.py"""", line 63, in setup_gpio     GPIO.setup(PIN_LED, GPIO.OUT)   File """"/usr/lib/python3/dist-packages/RPi/GPIO/__init__.py"""", line 704, in setup     initial = _check(lgpio.gpio_read(_chip, gpio))                      ^^^^^^^^^^^^^^^^^^^^^^^^^^^^   File """"/usr/lib/python3/dist-packages/lgpio.py"""", line 903, in gpio_read     return _u2i(_lgpio._gpio_read(handle&0xffff, gpio))            ^^^^^^^^^^^^^^^^^^^^^^^^^^^^^^^^^^^^^^^^^^^^   File """"/usr/lib/python3/dist-packages/lgpio.py"""", line 458, in _u2i     raise error(error_text(v)) lgpio.error: 'GPIO not allocated' ""","","","","","","","","","","","","","","","","","","","","","","","","","","","","","","","","","","","","","","","","",""
"179.703286932","2026-08-15 09:28:01.122372","/home/akatoki/SC-30/scripts/SC-30/2_phase/motordrive.py","move","150","","","","move: direction=w, power=0.7, duration=1.5","","","","","","","","","","","","","","","","","","","","","","","","","","","","","","","","","","","","","","","","","",""
"179.735473772","2026-08-15 09:28:01.154578","/home/akatoki/SC-30/scripts/SC-30/2_phase/motordrive.py","setup_motors","86","Motor Setup Error: 'GPIO not allocated'","","","","""Traceback (most recent call last):   File """"/home/akatoki/SC-30/scripts/SC-30/2_phase/motordrive.py"""", line 83, in setup_motors     setup_gpio() # LEDなども一緒に準備     ^^^^^^^^^^^^   File """"/home/akatoki/SC-30/scripts/SC-30/2_phase/motordrive.py"""", line 63, in setup_gpio     GPIO.setup(PIN_LED, GPIO.OUT)   File """"/usr/lib/python3/dist-packages/RPi/GPIO/__init__.py"""", line 704, in setup     initial = _check(lgpio.gpio_read(_chip, gpio))                      ^^^^^^^^^^^^^^^^^^^^^^^^^^^^   File """"/usr/lib/python3/dist-packages/lgpio.py"""", line 903, in gpio_read     return _u2i(_lgpio._gpio_read(handle&0xffff, gpio))            ^^^^^^^^^^^^^^^^^^^^^^^^^^^^^^^^^^^^^^^^^^^^   File """"/usr/lib/python3/dist-packages/lgpio.py"""", line 458, in _u2i     raise error(error_text(v)) lgpio.error: 'GPIO not allocated' ""","","","","","","","","","","","","","","","","","","","","","","","","","","","","","","","","","","","","","","","","",""
"179.897193003","2026-08-15 09:28:01.316281","/home/akatoki/SC-30/scripts/SC-30/2_phase/motordrive.py","move","150","","","","move: direction=w, power=0.7, duration=1.5","","","","","","","","","","","","","","","","","","","","","","","","","","","","","","","","","","","","","","","","","",""
"179.914698327","2026-08-15 09:28:01.333811","/home/akatoki/SC-30/scripts/SC-30/2_phase/motordrive.py","setup_motors","86","Motor Setup Error: 'GPIO not allocated'","","","","""Traceback (most recent call last):   File """"/home/akatoki/SC-30/scripts/SC-30/2_phase/motordrive.py"""", line 83, in setup_motors     setup_gpio() # LEDなども一緒に準備     ^^^^^^^^^^^^   File """"/home/akatoki/SC-30/scripts/SC-30/2_phase/motordrive.py"""", line 63, in setup_gpio     GPIO.setup(PIN_LED, GPIO.OUT)   File """"/usr/lib/python3/dist-packages/RPi/GPIO/__init__.py"""", line 704, in setup     initial = _check(lgpio.gpio_read(_chip, gpio))                      ^^^^^^^^^^^^^^^^^^^^^^^^^^^^   File """"/usr/lib/python3/dist-packages/lgpio.py"""", line 903, in gpio_read     return _u2i(_lgpio._gpio_read(handle&0xffff, gpio))            ^^^^^^^^^^^^^^^^^^^^^^^^^^^^^^^^^^^^^^^^^^^^   File """"/usr/lib/python3/dist-packages/lgpio.py"""", line 458, in _u2i     raise error(error_text(v)) lgpio.error: 'GPIO not allocated' ""","","","","","","","","","","","","","","","","","","","","","","","","","","","","","","","","","","","","","","","","",""
"180.068713133","2026-08-15 09:28:01.487798","/home/akatoki/SC-30/scripts/SC-30/2_phase/motordrive.py","move","150","","","","move: direction=w, power=0.7, duration=1.5","","","","","","","","","","","","","","","","","","","","","","","","","","","","","","","","","","","","","","","","","",""
"180.086955589","2026-08-15 09:28:01.506054","/home/akatoki/SC-30/scripts/SC-30/2_phase/motordrive.py","setup_motors","86","Motor Setup Error: 'GPIO not allocated'","","","","""Traceback (most recent call last):   File """"/home/akatoki/SC-30/scripts/SC-30/2_phase/motordrive.py"""", line 83, in setup_motors     setup_gpio() # LEDなども一緒に準備     ^^^^^^^^^^^^   File """"/home/akatoki/SC-30/scripts/SC-30/2_phase/motordrive.py"""", line 63, in setup_gpio     GPIO.setup(PIN_LED, GPIO.OUT)   File """"/usr/lib/python3/dist-packages/RPi/GPIO/__init__.py"""", line 704, in setup     initial = _check(lgpio.gpio_read(_chip, gpio))                      ^^^^^^^^^^^^^^^^^^^^^^^^^^^^   File """"/usr/lib/python3/dist-packages/lgpio.py"""", line 903, in gpio_read     return _u2i(_lgpio._gpio_read(handle&0xffff, gpio))            ^^^^^^^^^^^^^^^^^^^^^^^^^^^^^^^^^^^^^^^^^^^^   File """"/usr/lib/python3/dist-packages/lgpio.py"""", line 458, in _u2i     raise error(error_text(v)) lgpio.error: 'GPIO not allocated' ""","","","","","","","","","","","","","","","","","","","","","","","","","","","","","","","","","","","","","","","","",""
"180.249933361","2026-08-15 09:28:01.669019","/home/akatoki/SC-30/scripts/SC-30/2_phase/motordrive.py","move","150","","","","move: direction=w, power=0.7, duration=1.5","","","","","","","","","","","","","","","","","","","","","","","","","","","","","","","","","","","","","","","","","",""
"180.265829689","2026-08-15 09:28:01.684934","/home/akatoki/SC-30/scripts/SC-30/2_phase/motordrive.py","setup_motors","86","Motor Setup Error: 'GPIO not allocated'","","","","""Traceback (most recent call last):   File """"/home/akatoki/SC-30/scripts/SC-30/2_phase/motordrive.py"""", line 83, in setup_motors     setup_gpio() # LEDなども一緒に準備     ^^^^^^^^^^^^   File """"/home/akatoki/SC-30/scripts/SC-30/2_phase/motordrive.py"""", line 63, in setup_gpio     GPIO.setup(PIN_LED, GPIO.OUT)   File """"/usr/lib/python3/dist-packages/RPi/GPIO/__init__.py"""", line 704, in setup     initial = _check(lgpio.gpio_read(_chip, gpio))                      ^^^^^^^^^^^^^^^^^^^^^^^^^^^^   File """"/usr/lib/python3/dist-packages/lgpio.py"""", line 903, in gpio_read     return _u2i(_lgpio._gpio_read(handle&0xffff, gpio))            ^^^^^^^^^^^^^^^^^^^^^^^^^^^^^^^^^^^^^^^^^^^^   File """"/usr/lib/python3/dist-packages/lgpio.py"""", line 458, in _u2i     raise error(error_text(v)) lgpio.error: 'GPIO not allocated' ""","","","","","","","","","","","","","","","","","","","","","","","","","","","","","","","","","","","","","","","","",""
"180.426192863","2026-08-15 09:28:01.845281","/home/akatoki/SC-30/scripts/SC-30/2_phase/motordrive.py","move","150","","","","move: direction=w, power=0.7, duration=1.5","","","","","","","","","","","","","","","","","","","","","","","","","","","","","","","","","","","","","","","","","",""
"180.445055495","2026-08-15 09:28:01.864161","/home/akatoki/SC-30/scripts/SC-30/2_phase/motordrive.py","setup_motors","86","Motor Setup Error: 'GPIO not allocated'","","","","""Traceback (most recent call last):   File """"/home/akatoki/SC-30/scripts/SC-30/2_phase/motordrive.py"""", line 83, in setup_motors     setup_gpio() # LEDなども一緒に準備     ^^^^^^^^^^^^   File """"/home/akatoki/SC-30/scripts/SC-30/2_phase/motordrive.py"""", line 63, in setup_gpio     GPIO.setup(PIN_LED, GPIO.OUT)   File """"/usr/lib/python3/dist-packages/RPi/GPIO/__init__.py"""", line 704, in setup     initial = _check(lgpio.gpio_read(_chip, gpio))                      ^^^^^^^^^^^^^^^^^^^^^^^^^^^^   File """"/usr/lib/python3/dist-packages/lgpio.py"""", line 903, in gpio_read     return _u2i(_lgpio._gpio_read(handle&0xffff, gpio))            ^^^^^^^^^^^^^^^^^^^^^^^^^^^^^^^^^^^^^^^^^^^^   File """"/usr/lib/python3/dist-packages/lgpio.py"""", line 458, in _u2i     raise error(error_text(v)) lgpio.error: 'GPIO not allocated' ""","","","","","","","","","","","","","","","","","","","","","","","","","","","","","","","","","","","","","","","","",""
"180.608578297","2026-08-15 09:28:02.027663","/home/akatoki/SC-30/scripts/SC-30/2_phase/motordrive.py","move","150","","","","move: direction=w, power=0.7, duration=1.5","","","","","","","","","","","","","","","","","","","","","","","","","","","","","","","","","","","","","","","","","",""
"180.627625728","2026-08-15 09:28:02.046732","/home/akatoki/SC-30/scripts/SC-30/2_phase/motordrive.py","setup_motors","86","Motor Setup Error: 'GPIO not allocated'","","","","""Traceback (most recent call last):   File """"/home/akatoki/SC-30/scripts/SC-30/2_phase/motordrive.py"""", line 83, in setup_motors     setup_gpio() # LEDなども一緒に準備     ^^^^^^^^^^^^   File """"/home/akatoki/SC-30/scripts/SC-30/2_phase/motordrive.py"""", line 63, in setup_gpio     GPIO.setup(PIN_LED, GPIO.OUT)   File """"/usr/lib/python3/dist-packages/RPi/GPIO/__init__.py"""", line 704, in setup     initial = _check(lgpio.gpio_read(_chip, gpio))                      ^^^^^^^^^^^^^^^^^^^^^^^^^^^^   File """"/usr/lib/python3/dist-packages/lgpio.py"""", line 903, in gpio_read     return _u2i(_lgpio._gpio_read(handle&0xffff, gpio))            ^^^^^^^^^^^^^^^^^^^^^^^^^^^^^^^^^^^^^^^^^^^^   File """"/usr/lib/python3/dist-packages/lgpio.py"""", line 458, in _u2i     raise error(error_text(v)) lgpio.error: 'GPIO not allocated' ""","","","","","","","","","","","","","","","","","","","","","","","","","","","","","","","","","","","","","","","","",""
"180.78928959","2026-08-15 09:28:02.208373","/home/akatoki/SC-30/scripts/SC-30/2_phase/motordrive.py","move","150","","","","move: direction=w, power=0.7, duration=1.5","","","","","","","","","","","","","","","","","","","","","","","","","","","","","","","","","","","","","","","","","",""
"180.806830464","2026-08-15 09:28:02.225930","/home/akatoki/SC-30/scripts/SC-30/2_phase/motordrive.py","setup_motors","86","Motor Setup Error: 'GPIO not allocated'","","","","""Traceback (most recent call last):   File """"/home/akatoki/SC-30/scripts/SC-30/2_phase/motordrive.py"""", line 83, in setup_motors     setup_gpio() # LEDなども一緒に準備     ^^^^^^^^^^^^   File """"/home/akatoki/SC-30/scripts/SC-30/2_phase/motordrive.py"""", line 63, in setup_gpio     GPIO.setup(PIN_LED, GPIO.OUT)   File """"/usr/lib/python3/dist-packages/RPi/GPIO/__init__.py"""", line 704, in setup     initial = _check(lgpio.gpio_read(_chip, gpio))                      ^^^^^^^^^^^^^^^^^^^^^^^^^^^^   File """"/usr/lib/python3/dist-packages/lgpio.py"""", line 903, in gpio_read     return _u2i(_lgpio._gpio_read(handle&0xffff, gpio))            ^^^^^^^^^^^^^^^^^^^^^^^^^^^^^^^^^^^^^^^^^^^^   File """"/usr/lib/python3/dist-packages/lgpio.py"""", line 458, in _u2i     raise error(error_text(v)) lgpio.error: 'GPIO not allocated' ""","","","","","","","","","","","","","","","","","","","","","","","","","","","","","","","","","","","","","","","","",""
"180.972346091","2026-08-15 09:28:02.391437","/home/akatoki/SC-30/scripts/SC-30/2_phase/motordrive.py","move","150","","","","move: direction=w, power=0.7, duration=1.5","","","","","","","","","","","","","","","","","","","","","","","","","","","","","","","","","","","","","","","","","",""
"180.993185902","2026-08-15 09:28:02.412289","/home/akatoki/SC-30/scripts/SC-30/2_phase/motordrive.py","setup_motors","86","Motor Setup Error: 'GPIO not allocated'","","","","""Traceback (most recent call last):   File """"/home/akatoki/SC-30/scripts/SC-30/2_phase/motordrive.py"""", line 83, in setup_motors     setup_gpio() # LEDなども一緒に準備     ^^^^^^^^^^^^   File """"/home/akatoki/SC-30/scripts/SC-30/2_phase/motordrive.py"""", line 63, in setup_gpio     GPIO.setup(PIN_LED, GPIO.OUT)   File """"/usr/lib/python3/dist-packages/RPi/GPIO/__init__.py"""", line 704, in setup     initial = _check(lgpio.gpio_read(_chip, gpio))                      ^^^^^^^^^^^^^^^^^^^^^^^^^^^^   File """"/usr/lib/python3/dist-packages/lgpio.py"""", line 903, in gpio_read     return _u2i(_lgpio._gpio_read(handle&0xffff, gpio))            ^^^^^^^^^^^^^^^^^^^^^^^^^^^^^^^^^^^^^^^^^^^^   File """"/usr/lib/python3/dist-packages/lgpio.py"""", line 458, in _u2i     raise error(error_text(v)) lgpio.error: 'GPIO not allocated' ""","","","","","","","","","","","","","","","","","","","","","","","","","","","","","","","","","","","","","","","","",""
"181.153805503","2026-08-15 09:28:02.572893","/home/akatoki/SC-30/scripts/SC-30/2_phase/motordrive.py","move","150","","","","move: direction=w, power=0.7, duration=1.5","","","","","","","","","","","","","","","","","","","","","","","","","","","","","","","","","","","","","","","","","",""
"181.184431215","2026-08-15 09:28:02.603541","/home/akatoki/SC-30/scripts/SC-30/2_phase/motordrive.py","setup_motors","86","Motor Setup Error: 'GPIO not allocated'","","","","""Traceback (most recent call last):   File """"/home/akatoki/SC-30/scripts/SC-30/2_phase/motordrive.py"""", line 83, in setup_motors     setup_gpio() # LEDなども一緒に準備     ^^^^^^^^^^^^   File """"/home/akatoki/SC-30/scripts/SC-30/2_phase/motordrive.py"""", line 63, in setup_gpio     GPIO.setup(PIN_LED, GPIO.OUT)   File """"/usr/lib/python3/dist-packages/RPi/GPIO/__init__.py"""", line 704, in setup     initial = _check(lgpio.gpio_read(_chip, gpio))                      ^^^^^^^^^^^^^^^^^^^^^^^^^^^^   File """"/usr/lib/python3/dist-packages/lgpio.py"""", line 903, in gpio_read     return _u2i(_lgpio._gpio_read(handle&0xffff, gpio))            ^^^^^^^^^^^^^^^^^^^^^^^^^^^^^^^^^^^^^^^^^^^^   File """"/usr/lib/python3/dist-packages/lgpio.py"""", line 458, in _u2i     raise error(error_text(v)) lgpio.error: 'GPIO not allocated' ""","","","","","","","","","","","","","","","","","","","","","","","","","","","","","","","","","","","","","","","","",""
"181.342333895","2026-08-15 09:28:02.761424","/home/akatoki/SC-30/scripts/SC-30/2_phase/motordrive.py","move","150","","","","move: direction=w, power=0.7, duration=1.5","","","","","","","","","","","","","","","","","","","","","","","","","","","","","","","","","","","","","","","","","",""
"181.361648802","2026-08-15 09:28:02.780747","/home/akatoki/SC-30/scripts/SC-30/2_phase/motordrive.py","setup_motors","86","Motor Setup Error: 'GPIO not allocated'","","","","""Traceback (most recent call last):   File """"/home/akatoki/SC-30/scripts/SC-30/2_phase/motordrive.py"""", line 83, in setup_motors     setup_gpio() # LEDなども一緒に準備     ^^^^^^^^^^^^   File """"/home/akatoki/SC-30/scripts/SC-30/2_phase/motordrive.py"""", line 63, in setup_gpio     GPIO.setup(PIN_LED, GPIO.OUT)   File """"/usr/lib/python3/dist-packages/RPi/GPIO/__init__.py"""", line 704, in setup     initial = _check(lgpio.gpio_read(_chip, gpio))                      ^^^^^^^^^^^^^^^^^^^^^^^^^^^^   File """"/usr/lib/python3/dist-packages/lgpio.py"""", line 903, in gpio_read     return _u2i(_lgpio._gpio_read(handle&0xffff, gpio))            ^^^^^^^^^^^^^^^^^^^^^^^^^^^^^^^^^^^^^^^^^^^^   File """"/usr/lib/python3/dist-packages/lgpio.py"""", line 458, in _u2i     raise error(error_text(v)) lgpio.error: 'GPIO not allocated' ""","","","","","","","","","","","","","","","","","","","","","","","","","","","","","","","","","","","","","","","","",""
"181.518844485","2026-08-15 09:28:02.937930","/home/akatoki/SC-30/scripts/SC-30/2_phase/motordrive.py","move","150","","","","move: direction=w, power=0.7, duration=1.5","","","","","","","","","","","","","","","","","","","","","","","","","","","","","","","","","","","","","","","","","",""
"181.538904488","2026-08-15 09:28:02.958005","/home/akatoki/SC-30/scripts/SC-30/2_phase/motordrive.py","setup_motors","86","Motor Setup Error: 'GPIO not allocated'","","","","""Traceback (most recent call last):   File """"/home/akatoki/SC-30/scripts/SC-30/2_phase/motordrive.py"""", line 83, in setup_motors     setup_gpio() # LEDなども一緒に準備     ^^^^^^^^^^^^   File """"/home/akatoki/SC-30/scripts/SC-30/2_phase/motordrive.py"""", line 63, in setup_gpio     GPIO.setup(PIN_LED, GPIO.OUT)   File """"/usr/lib/python3/dist-packages/RPi/GPIO/__init__.py"""", line 704, in setup     initial = _check(lgpio.gpio_read(_chip, gpio))                      ^^^^^^^^^^^^^^^^^^^^^^^^^^^^   File """"/usr/lib/python3/dist-packages/lgpio.py"""", line 903, in gpio_read     return _u2i(_lgpio._gpio_read(handle&0xffff, gpio))            ^^^^^^^^^^^^^^^^^^^^^^^^^^^^^^^^^^^^^^^^^^^^   File """"/usr/lib/python3/dist-packages/lgpio.py"""", line 458, in _u2i     raise error(error_text(v)) lgpio.error: 'GPIO not allocated' ""","","","","","","","","","","","","","","","","","","","","","","","","","","","","","","","","","","","","","","","","",""
"181.691781819","2026-08-15 09:28:03.110866","/home/akatoki/SC-30/scripts/SC-30/2_phase/motordrive.py","move","150","","","","move: direction=w, power=0.7, duration=1.5","","","","","","","","","","","","","","","","","","","","","","","","","","","","","","","","","","","","","","","","","",""
"181.711664084","2026-08-15 09:28:03.130761","/home/akatoki/SC-30/scripts/SC-30/2_phase/motordrive.py","setup_motors","86","Motor Setup Error: 'GPIO not allocated'","","","","""Traceback (most recent call last):   File """"/home/akatoki/SC-30/scripts/SC-30/2_phase/motordrive.py"""", line 83, in setup_motors     setup_gpio() # LEDなども一緒に準備     ^^^^^^^^^^^^   File """"/home/akatoki/SC-30/scripts/SC-30/2_phase/motordrive.py"""", line 63, in setup_gpio     GPIO.setup(PIN_LED, GPIO.OUT)   File """"/usr/lib/python3/dist-packages/RPi/GPIO/__init__.py"""", line 704, in setup     initial = _check(lgpio.gpio_read(_chip, gpio))                      ^^^^^^^^^^^^^^^^^^^^^^^^^^^^   File """"/usr/lib/python3/dist-packages/lgpio.py"""", line 903, in gpio_read     return _u2i(_lgpio._gpio_read(handle&0xffff, gpio))            ^^^^^^^^^^^^^^^^^^^^^^^^^^^^^^^^^^^^^^^^^^^^   File """"/usr/lib/python3/dist-packages/lgpio.py"""", line 458, in _u2i     raise error(error_text(v)) lgpio.error: 'GPIO not allocated' ""","","","","","","","","","","","","","","","","","","","","","","","","","","","","","","","","","","","","","","","","",""
"181.869652576","2026-08-15 09:28:03.288745","/home/akatoki/SC-30/scripts/SC-30/2_phase/motordrive.py","move","150","","","","move: direction=e, power=0.7, duration=0.1","","","","","","","","","","","","","","","","","","","","","","","","","","","","","","","","","","","","","","","","","",""
"181.901478209","2026-08-15 09:28:03.320577","/home/akatoki/SC-30/scripts/SC-30/2_phase/motordrive.py","setup_motors","86","Motor Setup Error: 'GPIO not allocated'","","","","""Traceback (most recent call last):   File """"/home/akatoki/SC-30/scripts/SC-30/2_phase/motordrive.py"""", line 83, in setup_motors     setup_gpio() # LEDなども一緒に準備     ^^^^^^^^^^^^   File """"/home/akatoki/SC-30/scripts/SC-30/2_phase/motordrive.py"""", line 63, in setup_gpio     GPIO.setup(PIN_LED, GPIO.OUT)   File """"/usr/lib/python3/dist-packages/RPi/GPIO/__init__.py"""", line 704, in setup     initial = _check(lgpio.gpio_read(_chip, gpio))                      ^^^^^^^^^^^^^^^^^^^^^^^^^^^^   File """"/usr/lib/python3/dist-packages/lgpio.py"""", line 903, in gpio_read     return _u2i(_lgpio._gpio_read(handle&0xffff, gpio))            ^^^^^^^^^^^^^^^^^^^^^^^^^^^^^^^^^^^^^^^^^^^^   File """"/usr/lib/python3/dist-packages/lgpio.py"""", line 458, in _u2i     raise error(error_text(v)) lgpio.error: 'GPIO not allocated' ""","","","","","","","","","","","","","","","","","","","","","","","","","","","","","","","","","","","","","","","","",""
"181.913885693","2026-08-15 09:28:03.332971","/home/akatoki/SC-30/scripts/SC-30/2_phase/motordrive.py","move","150","","","","move: direction=w, power=0.7, duration=1.5","","","","","","","","","","","","","","","","","","","","","","","","","","","","","","","","","","","","","","","","","",""
"181.930959605","2026-08-15 09:28:03.350062","/home/akatoki/SC-30/scripts/SC-30/2_phase/motordrive.py","setup_motors","86","Motor Setup Error: 'GPIO not allocated'","","","","""Traceback (most recent call last):   File """"/home/akatoki/SC-30/scripts/SC-30/2_phase/motordrive.py"""", line 83, in setup_motors     setup_gpio() # LEDなども一緒に準備     ^^^^^^^^^^^^   File """"/home/akatoki/SC-30/scripts/SC-30/2_phase/motordrive.py"""", line 63, in setup_gpio     GPIO.setup(PIN_LED, GPIO.OUT)   File """"/usr/lib/python3/dist-packages/RPi/GPIO/__init__.py"""", line 704, in setup     initial = _check(lgpio.gpio_read(_chip, gpio))                      ^^^^^^^^^^^^^^^^^^^^^^^^^^^^   File """"/usr/lib/python3/dist-packages/lgpio.py"""", line 903, in gpio_read     return _u2i(_lgpio._gpio_read(handle&0xffff, gpio))            ^^^^^^^^^^^^^^^^^^^^^^^^^^^^^^^^^^^^^^^^^^^^   File """"/usr/lib/python3/dist-packages/lgpio.py"""", line 458, in _u2i     raise error(error_text(v)) lgpio.error: 'GPIO not allocated' ""","","","","","","","","","","","","","","","","","","","","","","","","","","","","","","","","","","","","","","","","",""
"182.085889993","2026-08-15 09:28:03.504976","/home/akatoki/SC-30/scripts/SC-30/2_phase/motordrive.py","move","150","","","","move: direction=w, power=0.7, duration=1.5","","","","","","","","","","","","","","","","","","","","","","","","","","","","","","","","","","","","","","","","","",""
"182.104912876","2026-08-15 09:28:03.524013","/home/akatoki/SC-30/scripts/SC-30/2_phase/motordrive.py","setup_motors","86","Motor Setup Error: 'GPIO not allocated'","","","","""Traceback (most recent call last):   File """"/home/akatoki/SC-30/scripts/SC-30/2_phase/motordrive.py"""", line 83, in setup_motors     setup_gpio() # LEDなども一緒に準備     ^^^^^^^^^^^^   File """"/home/akatoki/SC-30/scripts/SC-30/2_phase/motordrive.py"""", line 63, in setup_gpio     GPIO.setup(PIN_LED, GPIO.OUT)   File """"/usr/lib/python3/dist-packages/RPi/GPIO/__init__.py"""", line 704, in setup     initial = _check(lgpio.gpio_read(_chip, gpio))                      ^^^^^^^^^^^^^^^^^^^^^^^^^^^^   File """"/usr/lib/python3/dist-packages/lgpio.py"""", line 903, in gpio_read     return _u2i(_lgpio._gpio_read(handle&0xffff, gpio))            ^^^^^^^^^^^^^^^^^^^^^^^^^^^^^^^^^^^^^^^^^^^^   File """"/usr/lib/python3/dist-packages/lgpio.py"""", line 458, in _u2i     raise error(error_text(v)) lgpio.error: 'GPIO not allocated' ""","","","","","","","","","","","","","","","","","","","","","","","","","","","","","","","","","","","","","","","","",""
"182.256866776","2026-08-15 09:28:03.675952","/home/akatoki/SC-30/scripts/SC-30/2_phase/motordrive.py","move","150","","","","move: direction=e, power=0.7, duration=0.1","","","","","","","","","","","","","","","","","","","","","","","","","","","","","","","","","","","","","","","","","",""
"182.28013961","2026-08-15 09:28:03.699240","/home/akatoki/SC-30/scripts/SC-30/2_phase/motordrive.py","setup_motors","86","Motor Setup Error: 'GPIO not allocated'","","","","""Traceback (most recent call last):   File """"/home/akatoki/SC-30/scripts/SC-30/2_phase/motordrive.py"""", line 83, in setup_motors     setup_gpio() # LEDなども一緒に準備     ^^^^^^^^^^^^   File """"/home/akatoki/SC-30/scripts/SC-30/2_phase/motordrive.py"""", line 63, in setup_gpio     GPIO.setup(PIN_LED, GPIO.OUT)   File """"/usr/lib/python3/dist-packages/RPi/GPIO/__init__.py"""", line 704, in setup     initial = _check(lgpio.gpio_read(_chip, gpio))                      ^^^^^^^^^^^^^^^^^^^^^^^^^^^^   File """"/usr/lib/python3/dist-packages/lgpio.py"""", line 903, in gpio_read     return _u2i(_lgpio._gpio_read(handle&0xffff, gpio))            ^^^^^^^^^^^^^^^^^^^^^^^^^^^^^^^^^^^^^^^^^^^^   File """"/usr/lib/python3/dist-packages/lgpio.py"""", line 458, in _u2i     raise error(error_text(v)) lgpio.error: 'GPIO not allocated' ""","","","","","","","","","","","","","","","","","","","","","","","","","","","","","","","","","","","","","","","","",""
"182.293666703","2026-08-15 09:28:03.712751","/home/akatoki/SC-30/scripts/SC-30/2_phase/motordrive.py","move","150","","","","move: direction=w, power=0.7, duration=1.5","","","","","","","","","","","","","","","","","","","","","","","","","","","","","","","","","","","","","","","","","",""
"182.310141304","2026-08-15 09:28:03.729240","/home/akatoki/SC-30/scripts/SC-30/2_phase/motordrive.py","setup_motors","86","Motor Setup Error: 'GPIO not allocated'","","","","""Traceback (most recent call last):   File """"/home/akatoki/SC-30/scripts/SC-30/2_phase/motordrive.py"""", line 83, in setup_motors     setup_gpio() # LEDなども一緒に準備     ^^^^^^^^^^^^   File """"/home/akatoki/SC-30/scripts/SC-30/2_phase/motordrive.py"""", line 63, in setup_gpio     GPIO.setup(PIN_LED, GPIO.OUT)   File """"/usr/lib/python3/dist-packages/RPi/GPIO/__init__.py"""", line 704, in setup     initial = _check(lgpio.gpio_read(_chip, gpio))                      ^^^^^^^^^^^^^^^^^^^^^^^^^^^^   File """"/usr/lib/python3/dist-packages/lgpio.py"""", line 903, in gpio_read     return _u2i(_lgpio._gpio_read(handle&0xffff, gpio))            ^^^^^^^^^^^^^^^^^^^^^^^^^^^^^^^^^^^^^^^^^^^^   File """"/usr/lib/python3/dist-packages/lgpio.py"""", line 458, in _u2i     raise error(error_text(v)) lgpio.error: 'GPIO not allocated' ""","","","","","","","","","","","","","","","","","","","","","","","","","","","","","","","","","","","","","","","","",""
"182.465292257","2026-08-15 09:28:03.884383","/home/akatoki/SC-30/scripts/SC-30/2_phase/motordrive.py","move","150","","","","move: direction=e, power=0.7, duration=0.1","","","","","","","","","","","","","","","","","","","","","","","","","","","","","","","","","","","","","","","","","",""
"182.484893499","2026-08-15 09:28:03.903999","/home/akatoki/SC-30/scripts/SC-30/2_phase/motordrive.py","setup_motors","86","Motor Setup Error: 'GPIO not allocated'","","","","""Traceback (most recent call last):   File """"/home/akatoki/SC-30/scripts/SC-30/2_phase/motordrive.py"""", line 83, in setup_motors     setup_gpio() # LEDなども一緒に準備     ^^^^^^^^^^^^   File """"/home/akatoki/SC-30/scripts/SC-30/2_phase/motordrive.py"""", line 63, in setup_gpio     GPIO.setup(PIN_LED, GPIO.OUT)   File """"/usr/lib/python3/dist-packages/RPi/GPIO/__init__.py"""", line 704, in setup     initial = _check(lgpio.gpio_read(_chip, gpio))                      ^^^^^^^^^^^^^^^^^^^^^^^^^^^^   File """"/usr/lib/python3/dist-packages/lgpio.py"""", line 903, in gpio_read     return _u2i(_lgpio._gpio_read(handle&0xffff, gpio))            ^^^^^^^^^^^^^^^^^^^^^^^^^^^^^^^^^^^^^^^^^^^^   File """"/usr/lib/python3/dist-packages/lgpio.py"""", line 458, in _u2i     raise error(error_text(v)) lgpio.error: 'GPIO not allocated' ""","","","","","","","","","","","","","","","","","","","","","","","","","","","","","","","","","","","","","","","","",""
"182.496502475","2026-08-15 09:28:03.915589","/home/akatoki/SC-30/scripts/SC-30/2_phase/motordrive.py","move","150","","","","move: direction=w, power=0.7, duration=1.5","","","","","","","","","","","","","","","","","","","","","","","","","","","","","","","","","","","","","","","","","",""
"182.521219981","2026-08-15 09:28:03.940323","/home/akatoki/SC-30/scripts/SC-30/2_phase/motordrive.py","setup_motors","86","Motor Setup Error: 'GPIO not allocated'","","","","""Traceback (most recent call last):   File """"/home/akatoki/SC-30/scripts/SC-30/2_phase/motordrive.py"""", line 83, in setup_motors     setup_gpio() # LEDなども一緒に準備     ^^^^^^^^^^^^   File """"/home/akatoki/SC-30/scripts/SC-30/2_phase/motordrive.py"""", line 63, in setup_gpio     GPIO.setup(PIN_LED, GPIO.OUT)   File """"/usr/lib/python3/dist-packages/RPi/GPIO/__init__.py"""", line 704, in setup     initial = _check(lgpio.gpio_read(_chip, gpio))                      ^^^^^^^^^^^^^^^^^^^^^^^^^^^^   File """"/usr/lib/python3/dist-packages/lgpio.py"""", line 903, in gpio_read     return _u2i(_lgpio._gpio_read(handle&0xffff, gpio))            ^^^^^^^^^^^^^^^^^^^^^^^^^^^^^^^^^^^^^^^^^^^^   File """"/usr/lib/python3/dist-packages/lgpio.py"""", line 458, in _u2i     raise error(error_text(v)) lgpio.error: 'GPIO not allocated' ""","","","","","","","","","","","","","","","","","","","","","","","","","","","","","","","","","","","","","","","","",""
"182.676987083","2026-08-15 09:28:04.096074","/home/akatoki/SC-30/scripts/SC-30/2_phase/motordrive.py","move","150","","","","move: direction=w, power=0.7, duration=1.5","","","","","","","","","","","","","","","","","","","","","","","","","","","","","","","","","","","","","","","","","",""
"182.695130859","2026-08-15 09:28:04.114237","/home/akatoki/SC-30/scripts/SC-30/2_phase/motordrive.py","setup_motors","86","Motor Setup Error: 'GPIO not allocated'","","","","""Traceback (most recent call last):   File """"/home/akatoki/SC-30/scripts/SC-30/2_phase/motordrive.py"""", line 83, in setup_motors     setup_gpio() # LEDなども一緒に準備     ^^^^^^^^^^^^   File """"/home/akatoki/SC-30/scripts/SC-30/2_phase/motordrive.py"""", line 63, in setup_gpio     GPIO.setup(PIN_LED, GPIO.OUT)   File """"/usr/lib/python3/dist-packages/RPi/GPIO/__init__.py"""", line 704, in setup     initial = _check(lgpio.gpio_read(_chip, gpio))                      ^^^^^^^^^^^^^^^^^^^^^^^^^^^^   File """"/usr/lib/python3/dist-packages/lgpio.py"""", line 903, in gpio_read     return _u2i(_lgpio._gpio_read(handle&0xffff, gpio))            ^^^^^^^^^^^^^^^^^^^^^^^^^^^^^^^^^^^^^^^^^^^^   File """"/usr/lib/python3/dist-packages/lgpio.py"""", line 458, in _u2i     raise error(error_text(v)) lgpio.error: 'GPIO not allocated' ""","","","","","","","","","","","","","","","","","","","","","","","","","","","","","","","","","","","","","","","","",""
"182.851170147","2026-08-15 09:28:04.270259","/home/akatoki/SC-30/scripts/SC-30/2_phase/motordrive.py","move","150","","","","move: direction=w, power=0.7, duration=1.5","","","","","","","","","","","","","","","","","","","","","","","","","","","","","","","","","","","","","","","","","",""
"182.880380151","2026-08-15 09:28:04.299480","/home/akatoki/SC-30/scripts/SC-30/2_phase/motordrive.py","setup_motors","86","Motor Setup Error: 'GPIO not allocated'","","","","""Traceback (most recent call last):   File """"/home/akatoki/SC-30/scripts/SC-30/2_phase/motordrive.py"""", line 83, in setup_motors     setup_gpio() # LEDなども一緒に準備     ^^^^^^^^^^^^   File """"/home/akatoki/SC-30/scripts/SC-30/2_phase/motordrive.py"""", line 63, in setup_gpio     GPIO.setup(PIN_LED, GPIO.OUT)   File """"/usr/lib/python3/dist-packages/RPi/GPIO/__init__.py"""", line 704, in setup     initial = _check(lgpio.gpio_read(_chip, gpio))                      ^^^^^^^^^^^^^^^^^^^^^^^^^^^^   File """"/usr/lib/python3/dist-packages/lgpio.py"""", line 903, in gpio_read     return _u2i(_lgpio._gpio_read(handle&0xffff, gpio))            ^^^^^^^^^^^^^^^^^^^^^^^^^^^^^^^^^^^^^^^^^^^^   File """"/usr/lib/python3/dist-packages/lgpio.py"""", line 458, in _u2i     raise error(error_text(v)) lgpio.error: 'GPIO not allocated' ""","","","","","","","","","","","","","","","","","","","","","","","","","","","","","","","","","","","","","","","","",""
"183.039719384","2026-08-15 09:28:04.458804","/home/akatoki/SC-30/scripts/SC-30/2_phase/motordrive.py","move","150","","","","move: direction=w, power=0.7, duration=1.5","","","","","","","","","","","","","","","","","","","","","","","","","","","","","","","","","","","","","","","","","",""
"183.058381836","2026-08-15 09:28:04.477479","/home/akatoki/SC-30/scripts/SC-30/2_phase/motordrive.py","setup_motors","86","Motor Setup Error: 'GPIO not allocated'","","","","""Traceback (most recent call last):   File """"/home/akatoki/SC-30/scripts/SC-30/2_phase/motordrive.py"""", line 83, in setup_motors     setup_gpio() # LEDなども一緒に準備     ^^^^^^^^^^^^   File """"/home/akatoki/SC-30/scripts/SC-30/2_phase/motordrive.py"""", line 63, in setup_gpio     GPIO.setup(PIN_LED, GPIO.OUT)   File """"/usr/lib/python3/dist-packages/RPi/GPIO/__init__.py"""", line 704, in setup     initial = _check(lgpio.gpio_read(_chip, gpio))                      ^^^^^^^^^^^^^^^^^^^^^^^^^^^^   File """"/usr/lib/python3/dist-packages/lgpio.py"""", line 903, in gpio_read     return _u2i(_lgpio._gpio_read(handle&0xffff, gpio))            ^^^^^^^^^^^^^^^^^^^^^^^^^^^^^^^^^^^^^^^^^^^^   File """"/usr/lib/python3/dist-packages/lgpio.py"""", line 458, in _u2i     raise error(error_text(v)) lgpio.error: 'GPIO not allocated' ""","","","","","","","","","","","","","","","","","","","","","","","","","","","","","","","","","","","","","","","","",""
"183.211412571","2026-08-15 09:28:04.630498","/home/akatoki/SC-30/scripts/SC-30/2_phase/motordrive.py","move","150","","","","move: direction=w, power=0.7, duration=1.5","","","","","","","","","","","","","","","","","","","","","","","","","","","","","","","","","","","","","","","","","",""
"183.231036233","2026-08-15 09:28:04.650137","/home/akatoki/SC-30/scripts/SC-30/2_phase/motordrive.py","setup_motors","86","Motor Setup Error: 'GPIO not allocated'","","","","""Traceback (most recent call last):   File """"/home/akatoki/SC-30/scripts/SC-30/2_phase/motordrive.py"""", line 83, in setup_motors     setup_gpio() # LEDなども一緒に準備     ^^^^^^^^^^^^   File """"/home/akatoki/SC-30/scripts/SC-30/2_phase/motordrive.py"""", line 63, in setup_gpio     GPIO.setup(PIN_LED, GPIO.OUT)   File """"/usr/lib/python3/dist-packages/RPi/GPIO/__init__.py"""", line 704, in setup     initial = _check(lgpio.gpio_read(_chip, gpio))                      ^^^^^^^^^^^^^^^^^^^^^^^^^^^^   File """"/usr/lib/python3/dist-packages/lgpio.py"""", line 903, in gpio_read     return _u2i(_lgpio._gpio_read(handle&0xffff, gpio))            ^^^^^^^^^^^^^^^^^^^^^^^^^^^^^^^^^^^^^^^^^^^^   File """"/usr/lib/python3/dist-packages/lgpio.py"""", line 458, in _u2i     raise error(error_text(v)) lgpio.error: 'GPIO not allocated' ""","","","","","","","","","","","","","","","","","","","","","","","","","","","","","","","","","","","","","","","","",""
"183.387273986","2026-08-15 09:28:04.806360","/home/akatoki/SC-30/scripts/SC-30/2_phase/motordrive.py","move","150","","","","move: direction=w, power=0.7, duration=1.5","","","","","","","","","","","","","","","","","","","","","","","","","","","","","","","","","","","","","","","","","",""
"183.405168222","2026-08-15 09:28:04.824267","/home/akatoki/SC-30/scripts/SC-30/2_phase/motordrive.py","setup_motors","86","Motor Setup Error: 'GPIO not allocated'","","","","""Traceback (most recent call last):   File """"/home/akatoki/SC-30/scripts/SC-30/2_phase/motordrive.py"""", line 83, in setup_motors     setup_gpio() # LEDなども一緒に準備     ^^^^^^^^^^^^   File """"/home/akatoki/SC-30/scripts/SC-30/2_phase/motordrive.py"""", line 63, in setup_gpio     GPIO.setup(PIN_LED, GPIO.OUT)   File """"/usr/lib/python3/dist-packages/RPi/GPIO/__init__.py"""", line 704, in setup     initial = _check(lgpio.gpio_read(_chip, gpio))                      ^^^^^^^^^^^^^^^^^^^^^^^^^^^^   File """"/usr/lib/python3/dist-packages/lgpio.py"""", line 903, in gpio_read     return _u2i(_lgpio._gpio_read(handle&0xffff, gpio))            ^^^^^^^^^^^^^^^^^^^^^^^^^^^^^^^^^^^^^^^^^^^^   File """"/usr/lib/python3/dist-packages/lgpio.py"""", line 458, in _u2i     raise error(error_text(v)) lgpio.error: 'GPIO not allocated' ""","","","","","","","","","","","","","","","","","","","","","","","","","","","","","","","","","","","","","","","","",""
"183.572088772","2026-08-15 09:28:04.991179","/home/akatoki/SC-30/scripts/SC-30/2_phase/motordrive.py","move","150","","","","move: direction=w, power=0.7, duration=1.5","","","","","","","","","","","","","","","","","","","","","","","","","","","","","","","","","","","","","","","","","",""
"183.593831791","2026-08-15 09:28:05.012931","/home/akatoki/SC-30/scripts/SC-30/2_phase/motordrive.py","setup_motors","86","Motor Setup Error: 'GPIO not allocated'","","","","""Traceback (most recent call last):   File """"/home/akatoki/SC-30/scripts/SC-30/2_phase/motordrive.py"""", line 83, in setup_motors     setup_gpio() # LEDなども一緒に準備     ^^^^^^^^^^^^   File """"/home/akatoki/SC-30/scripts/SC-30/2_phase/motordrive.py"""", line 63, in setup_gpio     GPIO.setup(PIN_LED, GPIO.OUT)   File """"/usr/lib/python3/dist-packages/RPi/GPIO/__init__.py"""", line 704, in setup     initial = _check(lgpio.gpio_read(_chip, gpio))                      ^^^^^^^^^^^^^^^^^^^^^^^^^^^^   File """"/usr/lib/python3/dist-packages/lgpio.py"""", line 903, in gpio_read     return _u2i(_lgpio._gpio_read(handle&0xffff, gpio))            ^^^^^^^^^^^^^^^^^^^^^^^^^^^^^^^^^^^^^^^^^^^^   File """"/usr/lib/python3/dist-packages/lgpio.py"""", line 458, in _u2i     raise error(error_text(v)) lgpio.error: 'GPIO not allocated' ""","","","","","","","","","","","","","","","","","","","","","","","","","","","","","","","","","","","","","","","","",""
"183.749263546","2026-08-15 09:28:05.168348","/home/akatoki/SC-30/scripts/SC-30/2_phase/motordrive.py","move","150","","","","move: direction=w, power=0.7, duration=1.5","","","","","","","","","","","","","","","","","","","","","","","","","","","","","","","","","","","","","","","","","",""
"183.766328538","2026-08-15 09:28:05.185429","/home/akatoki/SC-30/scripts/SC-30/2_phase/motordrive.py","setup_motors","86","Motor Setup Error: 'GPIO not allocated'","","","","""Traceback (most recent call last):   File """"/home/akatoki/SC-30/scripts/SC-30/2_phase/motordrive.py"""", line 83, in setup_motors     setup_gpio() # LEDなども一緒に準備     ^^^^^^^^^^^^   File """"/home/akatoki/SC-30/scripts/SC-30/2_phase/motordrive.py"""", line 63, in setup_gpio     GPIO.setup(PIN_LED, GPIO.OUT)   File """"/usr/lib/python3/dist-packages/RPi/GPIO/__init__.py"""", line 704, in setup     initial = _check(lgpio.gpio_read(_chip, gpio))                      ^^^^^^^^^^^^^^^^^^^^^^^^^^^^   File """"/usr/lib/python3/dist-packages/lgpio.py"""", line 903, in gpio_read     return _u2i(_lgpio._gpio_read(handle&0xffff, gpio))            ^^^^^^^^^^^^^^^^^^^^^^^^^^^^^^^^^^^^^^^^^^^^   File """"/usr/lib/python3/dist-packages/lgpio.py"""", line 458, in _u2i     raise error(error_text(v)) lgpio.error: 'GPIO not allocated' ""","","","","","","","","","","","","","","","","","","","","","","","","","","","","","","","","","","","","","","","","",""
"183.928743996","2026-08-15 09:28:05.347829","/home/akatoki/SC-30/scripts/SC-30/2_phase/motordrive.py","move","150","","","","move: direction=w, power=0.7, duration=1.5","","","","","","","","","","","","","","","","","","","","","","","","","","","","","","","","","","","","","","","","","",""
"183.948361897","2026-08-15 09:28:05.367461","/home/akatoki/SC-30/scripts/SC-30/2_phase/motordrive.py","setup_motors","86","Motor Setup Error: 'GPIO not allocated'","","","","""Traceback (most recent call last):   File """"/home/akatoki/SC-30/scripts/SC-30/2_phase/motordrive.py"""", line 83, in setup_motors     setup_gpio() # LEDなども一緒に準備     ^^^^^^^^^^^^   File """"/home/akatoki/SC-30/scripts/SC-30/2_phase/motordrive.py"""", line 63, in setup_gpio     GPIO.setup(PIN_LED, GPIO.OUT)   File """"/usr/lib/python3/dist-packages/RPi/GPIO/__init__.py"""", line 704, in setup     initial = _check(lgpio.gpio_read(_chip, gpio))                      ^^^^^^^^^^^^^^^^^^^^^^^^^^^^   File """"/usr/lib/python3/dist-packages/lgpio.py"""", line 903, in gpio_read     return _u2i(_lgpio._gpio_read(handle&0xffff, gpio))            ^^^^^^^^^^^^^^^^^^^^^^^^^^^^^^^^^^^^^^^^^^^^   File """"/usr/lib/python3/dist-packages/lgpio.py"""", line 458, in _u2i     raise error(error_text(v)) lgpio.error: 'GPIO not allocated' ""","","","","","","","","","","","","","","","","","","","","","","","","","","","","","","","","","","","","","","","","",""
"184.115500424","2026-08-15 09:28:05.534590","/home/akatoki/SC-30/scripts/SC-30/2_phase/motordrive.py","move","150","","","","move: direction=e, power=0.7, duration=0.1","","","","","","","","","","","","","","","","","","","","","","","","","","","","","","","","","","","","","","","","","",""
"184.134872227","2026-08-15 09:28:05.553974","/home/akatoki/SC-30/scripts/SC-30/2_phase/motordrive.py","setup_motors","86","Motor Setup Error: 'GPIO not allocated'","","","","""Traceback (most recent call last):   File """"/home/akatoki/SC-30/scripts/SC-30/2_phase/motordrive.py"""", line 83, in setup_motors     setup_gpio() # LEDなども一緒に準備     ^^^^^^^^^^^^   File """"/home/akatoki/SC-30/scripts/SC-30/2_phase/motordrive.py"""", line 63, in setup_gpio     GPIO.setup(PIN_LED, GPIO.OUT)   File """"/usr/lib/python3/dist-packages/RPi/GPIO/__init__.py"""", line 704, in setup     initial = _check(lgpio.gpio_read(_chip, gpio))                      ^^^^^^^^^^^^^^^^^^^^^^^^^^^^   File """"/usr/lib/python3/dist-packages/lgpio.py"""", line 903, in gpio_read     return _u2i(_lgpio._gpio_read(handle&0xffff, gpio))            ^^^^^^^^^^^^^^^^^^^^^^^^^^^^^^^^^^^^^^^^^^^^   File """"/usr/lib/python3/dist-packages/lgpio.py"""", line 458, in _u2i     raise error(error_text(v)) lgpio.error: 'GPIO not allocated' ""","","","","","","","","","","","","","","","","","","","","","","","","","","","","","","","","","","","","","","","","",""
"184.147943948","2026-08-15 09:28:05.567030","/home/akatoki/SC-30/scripts/SC-30/2_phase/motordrive.py","move","150","","","","move: direction=w, power=0.7, duration=1.5","","","","","","","","","","","","","","","","","","","","","","","","","","","","","","","","","","","","","","","","","",""
"184.167887008","2026-08-15 09:28:05.586988","/home/akatoki/SC-30/scripts/SC-30/2_phase/motordrive.py","setup_motors","86","Motor Setup Error: 'GPIO not allocated'","","","","""Traceback (most recent call last):   File """"/home/akatoki/SC-30/scripts/SC-30/2_phase/motordrive.py"""", line 83, in setup_motors     setup_gpio() # LEDなども一緒に準備     ^^^^^^^^^^^^   File """"/home/akatoki/SC-30/scripts/SC-30/2_phase/motordrive.py"""", line 63, in setup_gpio     GPIO.setup(PIN_LED, GPIO.OUT)   File """"/usr/lib/python3/dist-packages/RPi/GPIO/__init__.py"""", line 704, in setup     initial = _check(lgpio.gpio_read(_chip, gpio))                      ^^^^^^^^^^^^^^^^^^^^^^^^^^^^   File """"/usr/lib/python3/dist-packages/lgpio.py"""", line 903, in gpio_read     return _u2i(_lgpio._gpio_read(handle&0xffff, gpio))            ^^^^^^^^^^^^^^^^^^^^^^^^^^^^^^^^^^^^^^^^^^^^   File """"/usr/lib/python3/dist-packages/lgpio.py"""", line 458, in _u2i     raise error(error_text(v)) lgpio.error: 'GPIO not allocated' ""","","","","","","","","","","","","","","","","","","","","","","","","","","","","","","","","","","","","","","","","",""
"184.324632898","2026-08-15 09:28:05.743722","/home/akatoki/SC-30/scripts/SC-30/2_phase/motordrive.py","move","150","","","","move: direction=e, power=0.7, duration=0.1","","","","","","","","","","","","","","","","","","","","","","","","","","","","","","","","","","","","","","","","","",""
"184.343627425","2026-08-15 09:28:05.762726","/home/akatoki/SC-30/scripts/SC-30/2_phase/motordrive.py","setup_motors","86","Motor Setup Error: 'GPIO not allocated'","","","","""Traceback (most recent call last):   File """"/home/akatoki/SC-30/scripts/SC-30/2_phase/motordrive.py"""", line 83, in setup_motors     setup_gpio() # LEDなども一緒に準備     ^^^^^^^^^^^^   File """"/home/akatoki/SC-30/scripts/SC-30/2_phase/motordrive.py"""", line 63, in setup_gpio     GPIO.setup(PIN_LED, GPIO.OUT)   File """"/usr/lib/python3/dist-packages/RPi/GPIO/__init__.py"""", line 704, in setup     initial = _check(lgpio.gpio_read(_chip, gpio))                      ^^^^^^^^^^^^^^^^^^^^^^^^^^^^   File """"/usr/lib/python3/dist-packages/lgpio.py"""", line 903, in gpio_read     return _u2i(_lgpio._gpio_read(handle&0xffff, gpio))            ^^^^^^^^^^^^^^^^^^^^^^^^^^^^^^^^^^^^^^^^^^^^   File """"/usr/lib/python3/dist-packages/lgpio.py"""", line 458, in _u2i     raise error(error_text(v)) lgpio.error: 'GPIO not allocated' ""","","","","","","","","","","","","","","","","","","","","","","","","","","","","","","","","","","","","","","","","",""
"184.356870924","2026-08-15 09:28:05.775957","/home/akatoki/SC-30/scripts/SC-30/2_phase/motordrive.py","move","150","","","","move: direction=w, power=0.7, duration=1.5","","","","","","","","","","","","","","","","","","","","","","","","","","","","","","","","","","","","","","","","","",""
"184.376720538","2026-08-15 09:28:05.795821","/home/akatoki/SC-30/scripts/SC-30/2_phase/motordrive.py","setup_motors","86","Motor Setup Error: 'GPIO not allocated'","","","","""Traceback (most recent call last):   File """"/home/akatoki/SC-30/scripts/SC-30/2_phase/motordrive.py"""", line 83, in setup_motors     setup_gpio() # LEDなども一緒に準備     ^^^^^^^^^^^^   File """"/home/akatoki/SC-30/scripts/SC-30/2_phase/motordrive.py"""", line 63, in setup_gpio     GPIO.setup(PIN_LED, GPIO.OUT)   File """"/usr/lib/python3/dist-packages/RPi/GPIO/__init__.py"""", line 704, in setup     initial = _check(lgpio.gpio_read(_chip, gpio))                      ^^^^^^^^^^^^^^^^^^^^^^^^^^^^   File """"/usr/lib/python3/dist-packages/lgpio.py"""", line 903, in gpio_read     return _u2i(_lgpio._gpio_read(handle&0xffff, gpio))            ^^^^^^^^^^^^^^^^^^^^^^^^^^^^^^^^^^^^^^^^^^^^   File """"/usr/lib/python3/dist-packages/lgpio.py"""", line 458, in _u2i     raise error(error_text(v)) lgpio.error: 'GPIO not allocated' ""","","","","","","","","","","","","","","","","","","","","","","","","","","","","","","","","","","","","","","","","",""
"184.530447227","2026-08-15 09:28:05.949533","/home/akatoki/SC-30/scripts/SC-30/2_phase/motordrive.py","move","150","","","","move: direction=e, power=0.7, duration=0.1","","","","","","","","","","","","","","","","","","","","","","","","","","","","","","","","","","","","","","","","","",""
"184.549750965","2026-08-15 09:28:05.968848","/home/akatoki/SC-30/scripts/SC-30/2_phase/motordrive.py","setup_motors","86","Motor Setup Error: 'GPIO not allocated'","","","","""Traceback (most recent call last):   File """"/home/akatoki/SC-30/scripts/SC-30/2_phase/motordrive.py"""", line 83, in setup_motors     setup_gpio() # LEDなども一緒に準備     ^^^^^^^^^^^^   File """"/home/akatoki/SC-30/scripts/SC-30/2_phase/motordrive.py"""", line 63, in setup_gpio     GPIO.setup(PIN_LED, GPIO.OUT)   File """"/usr/lib/python3/dist-packages/RPi/GPIO/__init__.py"""", line 704, in setup     initial = _check(lgpio.gpio_read(_chip, gpio))                      ^^^^^^^^^^^^^^^^^^^^^^^^^^^^   File """"/usr/lib/python3/dist-packages/lgpio.py"""", line 903, in gpio_read     return _u2i(_lgpio._gpio_read(handle&0xffff, gpio))            ^^^^^^^^^^^^^^^^^^^^^^^^^^^^^^^^^^^^^^^^^^^^   File """"/usr/lib/python3/dist-packages/lgpio.py"""", line 458, in _u2i     raise error(error_text(v)) lgpio.error: 'GPIO not allocated' ""","","","","","","","","","","","","","","","","","","","","","","","","","","","","","","","","","","","","","","","","",""
"184.569521674","2026-08-15 09:28:05.988609","/home/akatoki/SC-30/scripts/SC-30/2_phase/motordrive.py","move","150","","","","move: direction=w, power=0.7, duration=1.5","","","","","","","","","","","","","","","","","","","","","","","","","","","","","","","","","","","","","","","","","",""
"184.588931988","2026-08-15 09:28:06.008034","/home/akatoki/SC-30/scripts/SC-30/2_phase/motordrive.py","setup_motors","86","Motor Setup Error: 'GPIO not allocated'","","","","""Traceback (most recent call last):   File """"/home/akatoki/SC-30/scripts/SC-30/2_phase/motordrive.py"""", line 83, in setup_motors     setup_gpio() # LEDなども一緒に準備     ^^^^^^^^^^^^   File """"/home/akatoki/SC-30/scripts/SC-30/2_phase/motordrive.py"""", line 63, in setup_gpio     GPIO.setup(PIN_LED, GPIO.OUT)   File """"/usr/lib/python3/dist-packages/RPi/GPIO/__init__.py"""", line 704, in setup     initial = _check(lgpio.gpio_read(_chip, gpio))                      ^^^^^^^^^^^^^^^^^^^^^^^^^^^^   File """"/usr/lib/python3/dist-packages/lgpio.py"""", line 903, in gpio_read     return _u2i(_lgpio._gpio_read(handle&0xffff, gpio))            ^^^^^^^^^^^^^^^^^^^^^^^^^^^^^^^^^^^^^^^^^^^^   File """"/usr/lib/python3/dist-packages/lgpio.py"""", line 458, in _u2i     raise error(error_text(v)) lgpio.error: 'GPIO not allocated' ""","","","","","","","","","","","","","","","","","","","","","","","","","","","","","","","","","","","","","","","","",""
"184.743211514","2026-08-15 09:28:06.162301","/home/akatoki/SC-30/scripts/SC-30/2_phase/motordrive.py","move","150","","","","move: direction=w, power=0.7, duration=1.5","","","","","","","","","","","","","","","","","","","","","","","","","","","","","","","","","","","","","","","","","",""
"184.763818002","2026-08-15 09:28:06.182916","/home/akatoki/SC-30/scripts/SC-30/2_phase/motordrive.py","setup_motors","86","Motor Setup Error: 'GPIO not allocated'","","","","""Traceback (most recent call last):   File """"/home/akatoki/SC-30/scripts/SC-30/2_phase/motordrive.py"""", line 83, in setup_motors     setup_gpio() # LEDなども一緒に準備     ^^^^^^^^^^^^   File """"/home/akatoki/SC-30/scripts/SC-30/2_phase/motordrive.py"""", line 63, in setup_gpio     GPIO.setup(PIN_LED, GPIO.OUT)   File """"/usr/lib/python3/dist-packages/RPi/GPIO/__init__.py"""", line 704, in setup     initial = _check(lgpio.gpio_read(_chip, gpio))                      ^^^^^^^^^^^^^^^^^^^^^^^^^^^^   File """"/usr/lib/python3/dist-packages/lgpio.py"""", line 903, in gpio_read     return _u2i(_lgpio._gpio_read(handle&0xffff, gpio))            ^^^^^^^^^^^^^^^^^^^^^^^^^^^^^^^^^^^^^^^^^^^^   File """"/usr/lib/python3/dist-packages/lgpio.py"""", line 458, in _u2i     raise error(error_text(v)) lgpio.error: 'GPIO not allocated' ""","","","","","","","","","","","","","","","","","","","","","","","","","","","","","","","","","","","","","","","","",""
"184.921848307","2026-08-15 09:28:06.340972","/home/akatoki/SC-30/scripts/SC-30/2_phase/motordrive.py","move","150","","","","move: direction=e, power=0.7, duration=0.1","","","","","","","","","","","","","","","","","","","","","","","","","","","","","","","","","","","","","","","","","",""
"184.939803779","2026-08-15 09:28:06.358918","/home/akatoki/SC-30/scripts/SC-30/2_phase/motordrive.py","setup_motors","86","Motor Setup Error: 'GPIO not allocated'","","","","""Traceback (most recent call last):   File """"/home/akatoki/SC-30/scripts/SC-30/2_phase/motordrive.py"""", line 83, in setup_motors     setup_gpio() # LEDなども一緒に準備     ^^^^^^^^^^^^   File """"/home/akatoki/SC-30/scripts/SC-30/2_phase/motordrive.py"""", line 63, in setup_gpio     GPIO.setup(PIN_LED, GPIO.OUT)   File """"/usr/lib/python3/dist-packages/RPi/GPIO/__init__.py"""", line 704, in setup     initial = _check(lgpio.gpio_read(_chip, gpio))                      ^^^^^^^^^^^^^^^^^^^^^^^^^^^^   File """"/usr/lib/python3/dist-packages/lgpio.py"""", line 903, in gpio_read     return _u2i(_lgpio._gpio_read(handle&0xffff, gpio))            ^^^^^^^^^^^^^^^^^^^^^^^^^^^^^^^^^^^^^^^^^^^^   File """"/usr/lib/python3/dist-packages/lgpio.py"""", line 458, in _u2i     raise error(error_text(v)) lgpio.error: 'GPIO not allocated' ""","","","","","","","","","","","","","","","","","","","","","","","","","","","","","","","","","","","","","","","","",""
"184.952298995","2026-08-15 09:28:06.371386","/home/akatoki/SC-30/scripts/SC-30/2_phase/motordrive.py","move","150","","","","move: direction=w, power=0.7, duration=1.5","","","","","","","","","","","","","","","","","","","","","","","","","","","","","","","","","","","","","","","","","",""
"184.970078939","2026-08-15 09:28:06.389181","/home/akatoki/SC-30/scripts/SC-30/2_phase/motordrive.py","setup_motors","86","Motor Setup Error: 'GPIO not allocated'","","","","""Traceback (most recent call last):   File """"/home/akatoki/SC-30/scripts/SC-30/2_phase/motordrive.py"""", line 83, in setup_motors     setup_gpio() # LEDなども一緒に準備     ^^^^^^^^^^^^   File """"/home/akatoki/SC-30/scripts/SC-30/2_phase/motordrive.py"""", line 63, in setup_gpio     GPIO.setup(PIN_LED, GPIO.OUT)   File """"/usr/lib/python3/dist-packages/RPi/GPIO/__init__.py"""", line 704, in setup     initial = _check(lgpio.gpio_read(_chip, gpio))                      ^^^^^^^^^^^^^^^^^^^^^^^^^^^^   File """"/usr/lib/python3/dist-packages/lgpio.py"""", line 903, in gpio_read     return _u2i(_lgpio._gpio_read(handle&0xffff, gpio))            ^^^^^^^^^^^^^^^^^^^^^^^^^^^^^^^^^^^^^^^^^^^^   File """"/usr/lib/python3/dist-packages/lgpio.py"""", line 458, in _u2i     raise error(error_text(v)) lgpio.error: 'GPIO not allocated' ""","","","","","","","","","","","","","","","","","","","","","","","","","","","","","","","","","","","","","","","","",""
"185.125800219","2026-08-15 09:28:06.544884","/home/akatoki/SC-30/scripts/SC-30/2_phase/motordrive.py","move","150","","","","move: direction=w, power=0.7, duration=1.5","","","","","","","","","","","","","","","","","","","","","","","","","","","","","","","","","","","","","","","","","",""
"185.146254109","2026-08-15 09:28:06.565353","/home/akatoki/SC-30/scripts/SC-30/2_phase/motordrive.py","setup_motors","86","Motor Setup Error: 'GPIO not allocated'","","","","""Traceback (most recent call last):   File """"/home/akatoki/SC-30/scripts/SC-30/2_phase/motordrive.py"""", line 83, in setup_motors     setup_gpio() # LEDなども一緒に準備     ^^^^^^^^^^^^   File """"/home/akatoki/SC-30/scripts/SC-30/2_phase/motordrive.py"""", line 63, in setup_gpio     GPIO.setup(PIN_LED, GPIO.OUT)   File """"/usr/lib/python3/dist-packages/RPi/GPIO/__init__.py"""", line 704, in setup     initial = _check(lgpio.gpio_read(_chip, gpio))                      ^^^^^^^^^^^^^^^^^^^^^^^^^^^^   File """"/usr/lib/python3/dist-packages/lgpio.py"""", line 903, in gpio_read     return _u2i(_lgpio._gpio_read(handle&0xffff, gpio))            ^^^^^^^^^^^^^^^^^^^^^^^^^^^^^^^^^^^^^^^^^^^^   File """"/usr/lib/python3/dist-packages/lgpio.py"""", line 458, in _u2i     raise error(error_text(v)) lgpio.error: 'GPIO not allocated' ""","","","","","","","","","","","","","","","","","","","","","","","","","","","","","","","","","","","","","","","","",""
"185.304531551","2026-08-15 09:28:06.723620","/home/akatoki/SC-30/scripts/SC-30/2_phase/motordrive.py","move","150","","","","move: direction=e, power=0.7, duration=0.1","","","","","","","","","","","","","","","","","","","","","","","","","","","","","","","","","","","","","","","","","",""
"185.331680705","2026-08-15 09:28:06.750780","/home/akatoki/SC-30/scripts/SC-30/2_phase/motordrive.py","setup_motors","86","Motor Setup Error: 'GPIO not allocated'","","","","""Traceback (most recent call last):   File """"/home/akatoki/SC-30/scripts/SC-30/2_phase/motordrive.py"""", line 83, in setup_motors     setup_gpio() # LEDなども一緒に準備     ^^^^^^^^^^^^   File """"/home/akatoki/SC-30/scripts/SC-30/2_phase/motordrive.py"""", line 63, in setup_gpio     GPIO.setup(PIN_LED, GPIO.OUT)   File """"/usr/lib/python3/dist-packages/RPi/GPIO/__init__.py"""", line 704, in setup     initial = _check(lgpio.gpio_read(_chip, gpio))                      ^^^^^^^^^^^^^^^^^^^^^^^^^^^^   File """"/usr/lib/python3/dist-packages/lgpio.py"""", line 903, in gpio_read     return _u2i(_lgpio._gpio_read(handle&0xffff, gpio))            ^^^^^^^^^^^^^^^^^^^^^^^^^^^^^^^^^^^^^^^^^^^^   File """"/usr/lib/python3/dist-packages/lgpio.py"""", line 458, in _u2i     raise error(error_text(v)) lgpio.error: 'GPIO not allocated' ""","","","","","","","","","","","","","","","","","","","","","","","","","","","","","","","","","","","","","","","","",""
"185.356059392","2026-08-15 09:28:06.775148","/home/akatoki/SC-30/scripts/SC-30/2_phase/motordrive.py","move","150","","","","move: direction=w, power=0.7, duration=1.5","","","","","","","","","","","","","","","","","","","","","","","","","","","","","","","","","","","","","","","","","",""
"185.37971246","2026-08-15 09:28:06.798816","/home/akatoki/SC-30/scripts/SC-30/2_phase/motordrive.py","setup_motors","86","Motor Setup Error: 'GPIO not allocated'","","","","""Traceback (most recent call last):   File """"/home/akatoki/SC-30/scripts/SC-30/2_phase/motordrive.py"""", line 83, in setup_motors     setup_gpio() # LEDなども一緒に準備     ^^^^^^^^^^^^   File """"/home/akatoki/SC-30/scripts/SC-30/2_phase/motordrive.py"""", line 63, in setup_gpio     GPIO.setup(PIN_LED, GPIO.OUT)   File """"/usr/lib/python3/dist-packages/RPi/GPIO/__init__.py"""", line 704, in setup     initial = _check(lgpio.gpio_read(_chip, gpio))                      ^^^^^^^^^^^^^^^^^^^^^^^^^^^^   File """"/usr/lib/python3/dist-packages/lgpio.py"""", line 903, in gpio_read     return _u2i(_lgpio._gpio_read(handle&0xffff, gpio))            ^^^^^^^^^^^^^^^^^^^^^^^^^^^^^^^^^^^^^^^^^^^^   File """"/usr/lib/python3/dist-packages/lgpio.py"""", line 458, in _u2i     raise error(error_text(v)) lgpio.error: 'GPIO not allocated' ""","","","","","","","","","","","","","","","","","","","","","","","","","","","","","","","","","","","","","","","","",""
"185.543297874","2026-08-15 09:28:06.962384","/home/akatoki/SC-30/scripts/SC-30/2_phase/motordrive.py","move","150","","","","move: direction=e, power=0.7, duration=0.1","","","","","","","","","","","","","","","","","","","","","","","","","","","","","","","","","","","","","","","","","",""
"185.56194535","2026-08-15 09:28:06.981046","/home/akatoki/SC-30/scripts/SC-30/2_phase/motordrive.py","setup_motors","86","Motor Setup Error: 'GPIO not allocated'","","","","""Traceback (most recent call last):   File """"/home/akatoki/SC-30/scripts/SC-30/2_phase/motordrive.py"""", line 83, in setup_motors     setup_gpio() # LEDなども一緒に準備     ^^^^^^^^^^^^   File """"/home/akatoki/SC-30/scripts/SC-30/2_phase/motordrive.py"""", line 63, in setup_gpio     GPIO.setup(PIN_LED, GPIO.OUT)   File """"/usr/lib/python3/dist-packages/RPi/GPIO/__init__.py"""", line 704, in setup     initial = _check(lgpio.gpio_read(_chip, gpio))                      ^^^^^^^^^^^^^^^^^^^^^^^^^^^^   File """"/usr/lib/python3/dist-packages/lgpio.py"""", line 903, in gpio_read     return _u2i(_lgpio._gpio_read(handle&0xffff, gpio))            ^^^^^^^^^^^^^^^^^^^^^^^^^^^^^^^^^^^^^^^^^^^^   File """"/usr/lib/python3/dist-packages/lgpio.py"""", line 458, in _u2i     raise error(error_text(v)) lgpio.error: 'GPIO not allocated' ""","","","","","","","","","","","","","","","","","","","","","","","","","","","","","","","","","","","","","","","","",""
"185.577988404","2026-08-15 09:28:06.997075","/home/akatoki/SC-30/scripts/SC-30/2_phase/motordrive.py","move","150","","","","move: direction=w, power=0.7, duration=1.5","","","","","","","","","","","","","","","","","","","","","","","","","","","","","","","","","","","","","","","","","",""
"185.598739359","2026-08-15 09:28:07.017842","/home/akatoki/SC-30/scripts/SC-30/2_phase/motordrive.py","setup_motors","86","Motor Setup Error: 'GPIO not allocated'","","","","""Traceback (most recent call last):   File """"/home/akatoki/SC-30/scripts/SC-30/2_phase/motordrive.py"""", line 83, in setup_motors     setup_gpio() # LEDなども一緒に準備     ^^^^^^^^^^^^   File """"/home/akatoki/SC-30/scripts/SC-30/2_phase/motordrive.py"""", line 63, in setup_gpio     GPIO.setup(PIN_LED, GPIO.OUT)   File """"/usr/lib/python3/dist-packages/RPi/GPIO/__init__.py"""", line 704, in setup     initial = _check(lgpio.gpio_read(_chip, gpio))                      ^^^^^^^^^^^^^^^^^^^^^^^^^^^^   File """"/usr/lib/python3/dist-packages/lgpio.py"""", line 903, in gpio_read     return _u2i(_lgpio._gpio_read(handle&0xffff, gpio))            ^^^^^^^^^^^^^^^^^^^^^^^^^^^^^^^^^^^^^^^^^^^^   File """"/usr/lib/python3/dist-packages/lgpio.py"""", line 458, in _u2i     raise error(error_text(v)) lgpio.error: 'GPIO not allocated' ""","","","","","","","","","","","","","","","","","","","","","","","","","","","","","","","","","","","","","","","","",""
"185.751922502","2026-08-15 09:28:07.171007","/home/akatoki/SC-30/scripts/SC-30/2_phase/motordrive.py","move","150","","","","move: direction=w, power=0.7, duration=1.5","","","","","","","","","","","","","","","","","","","","","","","","","","","","","","","","","","","","","","","","","",""
"185.772589174","2026-08-15 09:28:07.191689","/home/akatoki/SC-30/scripts/SC-30/2_phase/motordrive.py","setup_motors","86","Motor Setup Error: 'GPIO not allocated'","","","","""Traceback (most recent call last):   File """"/home/akatoki/SC-30/scripts/SC-30/2_phase/motordrive.py"""", line 83, in setup_motors     setup_gpio() # LEDなども一緒に準備     ^^^^^^^^^^^^   File """"/home/akatoki/SC-30/scripts/SC-30/2_phase/motordrive.py"""", line 63, in setup_gpio     GPIO.setup(PIN_LED, GPIO.OUT)   File """"/usr/lib/python3/dist-packages/RPi/GPIO/__init__.py"""", line 704, in setup     initial = _check(lgpio.gpio_read(_chip, gpio))                      ^^^^^^^^^^^^^^^^^^^^^^^^^^^^   File """"/usr/lib/python3/dist-packages/lgpio.py"""", line 903, in gpio_read     return _u2i(_lgpio._gpio_read(handle&0xffff, gpio))            ^^^^^^^^^^^^^^^^^^^^^^^^^^^^^^^^^^^^^^^^^^^^   File """"/usr/lib/python3/dist-packages/lgpio.py"""", line 458, in _u2i     raise error(error_text(v)) lgpio.error: 'GPIO not allocated' ""","","","","","","","","","","","","","","","","","","","","","","","","","","","","","","","","","","","","","","","","",""
"185.925816198","2026-08-15 09:28:07.344902","/home/akatoki/SC-30/scripts/SC-30/2_phase/motordrive.py","move","150","","","","move: direction=w, power=0.7, duration=1.5","","","","","","","","","","","","","","","","","","","","","","","","","","","","","","","","","","","","","","","","","",""
"185.942730462","2026-08-15 09:28:07.361831","/home/akatoki/SC-30/scripts/SC-30/2_phase/motordrive.py","setup_motors","86","Motor Setup Error: 'GPIO not allocated'","","","","""Traceback (most recent call last):   File """"/home/akatoki/SC-30/scripts/SC-30/2_phase/motordrive.py"""", line 83, in setup_motors     setup_gpio() # LEDなども一緒に準備     ^^^^^^^^^^^^   File """"/home/akatoki/SC-30/scripts/SC-30/2_phase/motordrive.py"""", line 63, in setup_gpio     GPIO.setup(PIN_LED, GPIO.OUT)   File """"/usr/lib/python3/dist-packages/RPi/GPIO/__init__.py"""", line 704, in setup     initial = _check(lgpio.gpio_read(_chip, gpio))                      ^^^^^^^^^^^^^^^^^^^^^^^^^^^^   File """"/usr/lib/python3/dist-packages/lgpio.py"""", line 903, in gpio_read     return _u2i(_lgpio._gpio_read(handle&0xffff, gpio))            ^^^^^^^^^^^^^^^^^^^^^^^^^^^^^^^^^^^^^^^^^^^^   File """"/usr/lib/python3/dist-packages/lgpio.py"""", line 458, in _u2i     raise error(error_text(v)) lgpio.error: 'GPIO not allocated' ""","","","","","","","","","","","","","","","","","","","","","","","","","","","","","","","","","","","","","","","","",""
"186.112972752","2026-08-15 09:28:07.532063","/home/akatoki/SC-30/scripts/SC-30/2_phase/motordrive.py","move","150","","","","move: direction=e, power=0.7, duration=0.1","","","","","","","","","","","","","","","","","","","","","","","","","","","","","","","","","","","","","","","","","",""
"186.138370258","2026-08-15 09:28:07.557474","/home/akatoki/SC-30/scripts/SC-30/2_phase/motordrive.py","setup_motors","86","Motor Setup Error: 'GPIO not allocated'","","","","""Traceback (most recent call last):   File """"/home/akatoki/SC-30/scripts/SC-30/2_phase/motordrive.py"""", line 83, in setup_motors     setup_gpio() # LEDなども一緒に準備     ^^^^^^^^^^^^   File """"/home/akatoki/SC-30/scripts/SC-30/2_phase/motordrive.py"""", line 63, in setup_gpio     GPIO.setup(PIN_LED, GPIO.OUT)   File """"/usr/lib/python3/dist-packages/RPi/GPIO/__init__.py"""", line 704, in setup     initial = _check(lgpio.gpio_read(_chip, gpio))                      ^^^^^^^^^^^^^^^^^^^^^^^^^^^^   File """"/usr/lib/python3/dist-packages/lgpio.py"""", line 903, in gpio_read     return _u2i(_lgpio._gpio_read(handle&0xffff, gpio))            ^^^^^^^^^^^^^^^^^^^^^^^^^^^^^^^^^^^^^^^^^^^^   File """"/usr/lib/python3/dist-packages/lgpio.py"""", line 458, in _u2i     raise error(error_text(v)) lgpio.error: 'GPIO not allocated' ""","","","","","","","","","","","","","","","","","","","","","","","","","","","","","","","","","","","","","","","","",""
"186.156414815","2026-08-15 09:28:07.575502","/home/akatoki/SC-30/scripts/SC-30/2_phase/motordrive.py","move","150","","","","move: direction=w, power=0.7, duration=1.5","","","","","","","","","","","","","","","","","","","","","","","","","","","","","","","","","","","","","","","","","",""
"186.173998823","2026-08-15 09:28:07.593098","/home/akatoki/SC-30/scripts/SC-30/2_phase/motordrive.py","setup_motors","86","Motor Setup Error: 'GPIO not allocated'","","","","""Traceback (most recent call last):   File """"/home/akatoki/SC-30/scripts/SC-30/2_phase/motordrive.py"""", line 83, in setup_motors     setup_gpio() # LEDなども一緒に準備     ^^^^^^^^^^^^   File """"/home/akatoki/SC-30/scripts/SC-30/2_phase/motordrive.py"""", line 63, in setup_gpio     GPIO.setup(PIN_LED, GPIO.OUT)   File """"/usr/lib/python3/dist-packages/RPi/GPIO/__init__.py"""", line 704, in setup     initial = _check(lgpio.gpio_read(_chip, gpio))                      ^^^^^^^^^^^^^^^^^^^^^^^^^^^^   File """"/usr/lib/python3/dist-packages/lgpio.py"""", line 903, in gpio_read     return _u2i(_lgpio._gpio_read(handle&0xffff, gpio))            ^^^^^^^^^^^^^^^^^^^^^^^^^^^^^^^^^^^^^^^^^^^^   File """"/usr/lib/python3/dist-packages/lgpio.py"""", line 458, in _u2i     raise error(error_text(v)) lgpio.error: 'GPIO not allocated' ""","","","","","","","","","","","","","","","","","","","","","","","","","","","","","","","","","","","","","","","","",""
"186.326320123","2026-08-15 09:28:07.745405","/home/akatoki/SC-30/scripts/SC-30/2_phase/motordrive.py","move","150","","","","move: direction=e, power=0.7, duration=0.1","","","","","","","","","","","","","","","","","","","","","","","","","","","","","","","","","","","","","","","","","",""
"186.350372566","2026-08-15 09:28:07.769473","/home/akatoki/SC-30/scripts/SC-30/2_phase/motordrive.py","setup_motors","86","Motor Setup Error: 'GPIO not allocated'","","","","""Traceback (most recent call last):   File """"/home/akatoki/SC-30/scripts/SC-30/2_phase/motordrive.py"""", line 83, in setup_motors     setup_gpio() # LEDなども一緒に準備     ^^^^^^^^^^^^   File """"/home/akatoki/SC-30/scripts/SC-30/2_phase/motordrive.py"""", line 63, in setup_gpio     GPIO.setup(PIN_LED, GPIO.OUT)   File """"/usr/lib/python3/dist-packages/RPi/GPIO/__init__.py"""", line 704, in setup     initial = _check(lgpio.gpio_read(_chip, gpio))                      ^^^^^^^^^^^^^^^^^^^^^^^^^^^^   File """"/usr/lib/python3/dist-packages/lgpio.py"""", line 903, in gpio_read     return _u2i(_lgpio._gpio_read(handle&0xffff, gpio))            ^^^^^^^^^^^^^^^^^^^^^^^^^^^^^^^^^^^^^^^^^^^^   File """"/usr/lib/python3/dist-packages/lgpio.py"""", line 458, in _u2i     raise error(error_text(v)) lgpio.error: 'GPIO not allocated' ""","","","","","","","","","","","","","","","","","","","","","","","","","","","","","","","","","","","","","","","","",""
"186.363136933","2026-08-15 09:28:07.782223","/home/akatoki/SC-30/scripts/SC-30/2_phase/motordrive.py","move","150","","","","move: direction=w, power=0.7, duration=1.5","","","","","","","","","","","","","","","","","","","","","","","","","","","","","","","","","","","","","","","","","",""
"186.383926338","2026-08-15 09:28:07.803029","/home/akatoki/SC-30/scripts/SC-30/2_phase/motordrive.py","setup_motors","86","Motor Setup Error: 'GPIO not allocated'","","","","""Traceback (most recent call last):   File """"/home/akatoki/SC-30/scripts/SC-30/2_phase/motordrive.py"""", line 83, in setup_motors     setup_gpio() # LEDなども一緒に準備     ^^^^^^^^^^^^   File """"/home/akatoki/SC-30/scripts/SC-30/2_phase/motordrive.py"""", line 63, in setup_gpio     GPIO.setup(PIN_LED, GPIO.OUT)   File """"/usr/lib/python3/dist-packages/RPi/GPIO/__init__.py"""", line 704, in setup     initial = _check(lgpio.gpio_read(_chip, gpio))                      ^^^^^^^^^^^^^^^^^^^^^^^^^^^^   File """"/usr/lib/python3/dist-packages/lgpio.py"""", line 903, in gpio_read     return _u2i(_lgpio._gpio_read(handle&0xffff, gpio))            ^^^^^^^^^^^^^^^^^^^^^^^^^^^^^^^^^^^^^^^^^^^^   File """"/usr/lib/python3/dist-packages/lgpio.py"""", line 458, in _u2i     raise error(error_text(v)) lgpio.error: 'GPIO not allocated' ""","","","","","","","","","","","","","","","","","","","","","","","","","","","","","","","","","","","","","","","","",""
"186.542117104","2026-08-15 09:28:07.961203","/home/akatoki/SC-30/scripts/SC-30/2_phase/motordrive.py","move","150","","","","move: direction=e, power=0.7, duration=0.1","","","","","","","","","","","","","","","","","","","","","","","","","","","","","","","","","","","","","","","","","",""
"186.562190122","2026-08-15 09:28:07.981291","/home/akatoki/SC-30/scripts/SC-30/2_phase/motordrive.py","setup_motors","86","Motor Setup Error: 'GPIO not allocated'","","","","""Traceback (most recent call last):   File """"/home/akatoki/SC-30/scripts/SC-30/2_phase/motordrive.py"""", line 83, in setup_motors     setup_gpio() # LEDなども一緒に準備     ^^^^^^^^^^^^   File """"/home/akatoki/SC-30/scripts/SC-30/2_phase/motordrive.py"""", line 63, in setup_gpio     GPIO.setup(PIN_LED, GPIO.OUT)   File """"/usr/lib/python3/dist-packages/RPi/GPIO/__init__.py"""", line 704, in setup     initial = _check(lgpio.gpio_read(_chip, gpio))                      ^^^^^^^^^^^^^^^^^^^^^^^^^^^^   File """"/usr/lib/python3/dist-packages/lgpio.py"""", line 903, in gpio_read     return _u2i(_lgpio._gpio_read(handle&0xffff, gpio))            ^^^^^^^^^^^^^^^^^^^^^^^^^^^^^^^^^^^^^^^^^^^^   File """"/usr/lib/python3/dist-packages/lgpio.py"""", line 458, in _u2i     raise error(error_text(v)) lgpio.error: 'GPIO not allocated' ""","","","","","","","","","","","","","","","","","","","","","","","","","","","","","","","","","","","","","","","","",""
"186.578826503","2026-08-15 09:28:07.997911","/home/akatoki/SC-30/scripts/SC-30/2_phase/motordrive.py","move","150","","","","move: direction=w, power=0.7, duration=1.5","","","","","","","","","","","","","","","","","","","","","","","","","","","","","","","","","","","","","","","","","",""
"186.598269493","2026-08-15 09:28:08.017372","/home/akatoki/SC-30/scripts/SC-30/2_phase/motordrive.py","setup_motors","86","Motor Setup Error: 'GPIO not allocated'","","","","""Traceback (most recent call last):   File """"/home/akatoki/SC-30/scripts/SC-30/2_phase/motordrive.py"""", line 83, in setup_motors     setup_gpio() # LEDなども一緒に準備     ^^^^^^^^^^^^   File """"/home/akatoki/SC-30/scripts/SC-30/2_phase/motordrive.py"""", line 63, in setup_gpio     GPIO.setup(PIN_LED, GPIO.OUT)   File """"/usr/lib/python3/dist-packages/RPi/GPIO/__init__.py"""", line 704, in setup     initial = _check(lgpio.gpio_read(_chip, gpio))                      ^^^^^^^^^^^^^^^^^^^^^^^^^^^^   File """"/usr/lib/python3/dist-packages/lgpio.py"""", line 903, in gpio_read     return _u2i(_lgpio._gpio_read(handle&0xffff, gpio))            ^^^^^^^^^^^^^^^^^^^^^^^^^^^^^^^^^^^^^^^^^^^^   File """"/usr/lib/python3/dist-packages/lgpio.py"""", line 458, in _u2i     raise error(error_text(v)) lgpio.error: 'GPIO not allocated' ""","","","","","","","","","","","","","","","","","","","","","","","","","","","","","","","","","","","","","","","","",""
"186.758349648","2026-08-15 09:28:08.177436","/home/akatoki/SC-30/scripts/SC-30/2_phase/motordrive.py","move","150","","","","move: direction=e, power=0.7, duration=0.1","","","","","","","","","","","","","","","","","","","","","","","","","","","","","","","","","","","","","","","","","",""
"186.77645891","2026-08-15 09:28:08.195564","/home/akatoki/SC-30/scripts/SC-30/2_phase/motordrive.py","setup_motors","86","Motor Setup Error: 'GPIO not allocated'","","","","""Traceback (most recent call last):   File """"/home/akatoki/SC-30/scripts/SC-30/2_phase/motordrive.py"""", line 83, in setup_motors     setup_gpio() # LEDなども一緒に準備     ^^^^^^^^^^^^   File """"/home/akatoki/SC-30/scripts/SC-30/2_phase/motordrive.py"""", line 63, in setup_gpio     GPIO.setup(PIN_LED, GPIO.OUT)   File """"/usr/lib/python3/dist-packages/RPi/GPIO/__init__.py"""", line 704, in setup     initial = _check(lgpio.gpio_read(_chip, gpio))                      ^^^^^^^^^^^^^^^^^^^^^^^^^^^^   File """"/usr/lib/python3/dist-packages/lgpio.py"""", line 903, in gpio_read     return _u2i(_lgpio._gpio_read(handle&0xffff, gpio))            ^^^^^^^^^^^^^^^^^^^^^^^^^^^^^^^^^^^^^^^^^^^^   File """"/usr/lib/python3/dist-packages/lgpio.py"""", line 458, in _u2i     raise error(error_text(v)) lgpio.error: 'GPIO not allocated' ""","","","","","","","","","","","","","","","","","","","","","","","","","","","","","","","","","","","","","","","","",""
"186.791660021","2026-08-15 09:28:08.210746","/home/akatoki/SC-30/scripts/SC-30/2_phase/motordrive.py","move","150","","","","move: direction=w, power=0.7, duration=1.5","","","","","","","","","","","","","","","","","","","","","","","","","","","","","","","","","","","","","","","","","",""
"186.810690946","2026-08-15 09:28:08.229796","/home/akatoki/SC-30/scripts/SC-30/2_phase/motordrive.py","setup_motors","86","Motor Setup Error: 'GPIO not allocated'","","","","""Traceback (most recent call last):   File """"/home/akatoki/SC-30/scripts/SC-30/2_phase/motordrive.py"""", line 83, in setup_motors     setup_gpio() # LEDなども一緒に準備     ^^^^^^^^^^^^   File """"/home/akatoki/SC-30/scripts/SC-30/2_phase/motordrive.py"""", line 63, in setup_gpio     GPIO.setup(PIN_LED, GPIO.OUT)   File """"/usr/lib/python3/dist-packages/RPi/GPIO/__init__.py"""", line 704, in setup     initial = _check(lgpio.gpio_read(_chip, gpio))                      ^^^^^^^^^^^^^^^^^^^^^^^^^^^^   File """"/usr/lib/python3/dist-packages/lgpio.py"""", line 903, in gpio_read     return _u2i(_lgpio._gpio_read(handle&0xffff, gpio))            ^^^^^^^^^^^^^^^^^^^^^^^^^^^^^^^^^^^^^^^^^^^^   File """"/usr/lib/python3/dist-packages/lgpio.py"""", line 458, in _u2i     raise error(error_text(v)) lgpio.error: 'GPIO not allocated' ""","","","","","","","","","","","","","","","","","","","","","","","","","","","","","","","","","","","","","","","","",""
"186.966751483","2026-08-15 09:28:08.385837","/home/akatoki/SC-30/scripts/SC-30/2_phase/motordrive.py","move","150","","","","move: direction=q, power=0.7, duration=0.1","","","","","","","","","","","","","","","","","","","","","","","","","","","","","","","","","","","","","","","","","",""
"186.985233631","2026-08-15 09:28:08.404336","/home/akatoki/SC-30/scripts/SC-30/2_phase/motordrive.py","setup_motors","86","Motor Setup Error: 'GPIO not allocated'","","","","""Traceback (most recent call last):   File """"/home/akatoki/SC-30/scripts/SC-30/2_phase/motordrive.py"""", line 83, in setup_motors     setup_gpio() # LEDなども一緒に準備     ^^^^^^^^^^^^   File """"/home/akatoki/SC-30/scripts/SC-30/2_phase/motordrive.py"""", line 63, in setup_gpio     GPIO.setup(PIN_LED, GPIO.OUT)   File """"/usr/lib/python3/dist-packages/RPi/GPIO/__init__.py"""", line 704, in setup     initial = _check(lgpio.gpio_read(_chip, gpio))                      ^^^^^^^^^^^^^^^^^^^^^^^^^^^^   File """"/usr/lib/python3/dist-packages/lgpio.py"""", line 903, in gpio_read     return _u2i(_lgpio._gpio_read(handle&0xffff, gpio))            ^^^^^^^^^^^^^^^^^^^^^^^^^^^^^^^^^^^^^^^^^^^^   File """"/usr/lib/python3/dist-packages/lgpio.py"""", line 458, in _u2i     raise error(error_text(v)) lgpio.error: 'GPIO not allocated' ""","","","","","","","","","","","","","","","","","","","","","","","","","","","","","","","","","","","","","","","","",""
"187.001612709","2026-08-15 09:28:08.420698","/home/akatoki/SC-30/scripts/SC-30/2_phase/motordrive.py","move","150","","","","move: direction=w, power=0.7, duration=1.5","","","","","","","","","","","","","","","","","","","","","","","","","","","","","","","","","","","","","","","","","",""
"187.021658845","2026-08-15 09:28:08.440758","/home/akatoki/SC-30/scripts/SC-30/2_phase/motordrive.py","setup_motors","86","Motor Setup Error: 'GPIO not allocated'","","","","""Traceback (most recent call last):   File """"/home/akatoki/SC-30/scripts/SC-30/2_phase/motordrive.py"""", line 83, in setup_motors     setup_gpio() # LEDなども一緒に準備     ^^^^^^^^^^^^   File """"/home/akatoki/SC-30/scripts/SC-30/2_phase/motordrive.py"""", line 63, in setup_gpio     GPIO.setup(PIN_LED, GPIO.OUT)   File """"/usr/lib/python3/dist-packages/RPi/GPIO/__init__.py"""", line 704, in setup     initial = _check(lgpio.gpio_read(_chip, gpio))                      ^^^^^^^^^^^^^^^^^^^^^^^^^^^^   File """"/usr/lib/python3/dist-packages/lgpio.py"""", line 903, in gpio_read     return _u2i(_lgpio._gpio_read(handle&0xffff, gpio))            ^^^^^^^^^^^^^^^^^^^^^^^^^^^^^^^^^^^^^^^^^^^^   File """"/usr/lib/python3/dist-packages/lgpio.py"""", line 458, in _u2i     raise error(error_text(v)) lgpio.error: 'GPIO not allocated' ""","","","","","","","","","","","","","","","","","","","","","","","","","","","","","","","","","","","","","","","","",""
"187.17761859","2026-08-15 09:28:08.596705","/home/akatoki/SC-30/scripts/SC-30/2_phase/motordrive.py","move","150","","","","move: direction=w, power=0.7, duration=1.5","","","","","","","","","","","","","","","","","","","","","","","","","","","","","","","","","","","","","","","","","",""
"187.197666081","2026-08-15 09:28:08.616763","/home/akatoki/SC-30/scripts/SC-30/2_phase/motordrive.py","setup_motors","86","Motor Setup Error: 'GPIO not allocated'","","","","""Traceback (most recent call last):   File """"/home/akatoki/SC-30/scripts/SC-30/2_phase/motordrive.py"""", line 83, in setup_motors     setup_gpio() # LEDなども一緒に準備     ^^^^^^^^^^^^   File """"/home/akatoki/SC-30/scripts/SC-30/2_phase/motordrive.py"""", line 63, in setup_gpio     GPIO.setup(PIN_LED, GPIO.OUT)   File """"/usr/lib/python3/dist-packages/RPi/GPIO/__init__.py"""", line 704, in setup     initial = _check(lgpio.gpio_read(_chip, gpio))                      ^^^^^^^^^^^^^^^^^^^^^^^^^^^^   File """"/usr/lib/python3/dist-packages/lgpio.py"""", line 903, in gpio_read     return _u2i(_lgpio._gpio_read(handle&0xffff, gpio))            ^^^^^^^^^^^^^^^^^^^^^^^^^^^^^^^^^^^^^^^^^^^^   File """"/usr/lib/python3/dist-packages/lgpio.py"""", line 458, in _u2i     raise error(error_text(v)) lgpio.error: 'GPIO not allocated' ""","","","","","","","","","","","","","","","","","","","","","","","","","","","","","","","","","","","","","","","","",""
"187.357894088","2026-08-15 09:28:08.776980","/home/akatoki/SC-30/scripts/SC-30/2_phase/motordrive.py","move","150","","","","move: direction=w, power=0.7, duration=1.5","","","","","","","","","","","","","","","","","","","","","","","","","","","","","","","","","","","","","","","","","",""
"187.383111856","2026-08-15 09:28:08.802209","/home/akatoki/SC-30/scripts/SC-30/2_phase/motordrive.py","setup_motors","86","Motor Setup Error: 'GPIO not allocated'","","","","""Traceback (most recent call last):   File """"/home/akatoki/SC-30/scripts/SC-30/2_phase/motordrive.py"""", line 83, in setup_motors     setup_gpio() # LEDなども一緒に準備     ^^^^^^^^^^^^   File """"/home/akatoki/SC-30/scripts/SC-30/2_phase/motordrive.py"""", line 63, in setup_gpio     GPIO.setup(PIN_LED, GPIO.OUT)   File """"/usr/lib/python3/dist-packages/RPi/GPIO/__init__.py"""", line 704, in setup     initial = _check(lgpio.gpio_read(_chip, gpio))                      ^^^^^^^^^^^^^^^^^^^^^^^^^^^^   File """"/usr/lib/python3/dist-packages/lgpio.py"""", line 903, in gpio_read     return _u2i(_lgpio._gpio_read(handle&0xffff, gpio))            ^^^^^^^^^^^^^^^^^^^^^^^^^^^^^^^^^^^^^^^^^^^^   File """"/usr/lib/python3/dist-packages/lgpio.py"""", line 458, in _u2i     raise error(error_text(v)) lgpio.error: 'GPIO not allocated' ""","","","","","","","","","","","","","","","","","","","","","","","","","","","","","","","","","","","","","","","","",""
"187.540168373","2026-08-15 09:28:08.959254","/home/akatoki/SC-30/scripts/SC-30/2_phase/motordrive.py","move","150","","","","move: direction=w, power=0.7, duration=1.5","","","","","","","","","","","","","","","","","","","","","","","","","","","","","","","","","","","","","","","","","",""
"187.560413851","2026-08-15 09:28:08.979518","/home/akatoki/SC-30/scripts/SC-30/2_phase/motordrive.py","setup_motors","86","Motor Setup Error: 'GPIO not allocated'","","","","""Traceback (most recent call last):   File """"/home/akatoki/SC-30/scripts/SC-30/2_phase/motordrive.py"""", line 83, in setup_motors     setup_gpio() # LEDなども一緒に準備     ^^^^^^^^^^^^   File """"/home/akatoki/SC-30/scripts/SC-30/2_phase/motordrive.py"""", line 63, in setup_gpio     GPIO.setup(PIN_LED, GPIO.OUT)   File """"/usr/lib/python3/dist-packages/RPi/GPIO/__init__.py"""", line 704, in setup     initial = _check(lgpio.gpio_read(_chip, gpio))                      ^^^^^^^^^^^^^^^^^^^^^^^^^^^^   File """"/usr/lib/python3/dist-packages/lgpio.py"""", line 903, in gpio_read     return _u2i(_lgpio._gpio_read(handle&0xffff, gpio))            ^^^^^^^^^^^^^^^^^^^^^^^^^^^^^^^^^^^^^^^^^^^^   File """"/usr/lib/python3/dist-packages/lgpio.py"""", line 458, in _u2i     raise error(error_text(v)) lgpio.error: 'GPIO not allocated' ""","","","","","","","","","","","","","","","","","","","","","","","","","","","","","","","","","","","","","","","","",""
"187.71946986","2026-08-15 09:28:09.138554","/home/akatoki/SC-30/scripts/SC-30/2_phase/motordrive.py","move","150","","","","move: direction=w, power=0.7, duration=1.5","","","","","","","","","","","","","","","","","","","","","","","","","","","","","","","","","","","","","","","","","",""
"187.737335263","2026-08-15 09:28:09.156437","/home/akatoki/SC-30/scripts/SC-30/2_phase/motordrive.py","setup_motors","86","Motor Setup Error: 'GPIO not allocated'","","","","""Traceback (most recent call last):   File """"/home/akatoki/SC-30/scripts/SC-30/2_phase/motordrive.py"""", line 83, in setup_motors     setup_gpio() # LEDなども一緒に準備     ^^^^^^^^^^^^   File """"/home/akatoki/SC-30/scripts/SC-30/2_phase/motordrive.py"""", line 63, in setup_gpio     GPIO.setup(PIN_LED, GPIO.OUT)   File """"/usr/lib/python3/dist-packages/RPi/GPIO/__init__.py"""", line 704, in setup     initial = _check(lgpio.gpio_read(_chip, gpio))                      ^^^^^^^^^^^^^^^^^^^^^^^^^^^^   File """"/usr/lib/python3/dist-packages/lgpio.py"""", line 903, in gpio_read     return _u2i(_lgpio._gpio_read(handle&0xffff, gpio))            ^^^^^^^^^^^^^^^^^^^^^^^^^^^^^^^^^^^^^^^^^^^^   File """"/usr/lib/python3/dist-packages/lgpio.py"""", line 458, in _u2i     raise error(error_text(v)) lgpio.error: 'GPIO not allocated' ""","","","","","","","","","","","","","","","","","","","","","","","","","","","","","","","","","","","","","","","","",""
"187.890867654","2026-08-15 09:28:09.309955","/home/akatoki/SC-30/scripts/SC-30/2_phase/motordrive.py","move","150","","","","move: direction=w, power=0.7, duration=1.5","","","","","","","","","","","","","","","","","","","","","","","","","","","","","","","","","","","","","","","","","",""
"187.91408126","2026-08-15 09:28:09.333182","/home/akatoki/SC-30/scripts/SC-30/2_phase/motordrive.py","setup_motors","86","Motor Setup Error: 'GPIO not allocated'","","","","""Traceback (most recent call last):   File """"/home/akatoki/SC-30/scripts/SC-30/2_phase/motordrive.py"""", line 83, in setup_motors     setup_gpio() # LEDなども一緒に準備     ^^^^^^^^^^^^   File """"/home/akatoki/SC-30/scripts/SC-30/2_phase/motordrive.py"""", line 63, in setup_gpio     GPIO.setup(PIN_LED, GPIO.OUT)   File """"/usr/lib/python3/dist-packages/RPi/GPIO/__init__.py"""", line 704, in setup     initial = _check(lgpio.gpio_read(_chip, gpio))                      ^^^^^^^^^^^^^^^^^^^^^^^^^^^^   File """"/usr/lib/python3/dist-packages/lgpio.py"""", line 903, in gpio_read     return _u2i(_lgpio._gpio_read(handle&0xffff, gpio))            ^^^^^^^^^^^^^^^^^^^^^^^^^^^^^^^^^^^^^^^^^^^^   File """"/usr/lib/python3/dist-packages/lgpio.py"""", line 458, in _u2i     raise error(error_text(v)) lgpio.error: 'GPIO not allocated' ""","","","","","","","","","","","","","","","","","","","","","","","","","","","","","","","","","","","","","","","","",""
"188.067196105","2026-08-15 09:28:09.486283","/home/akatoki/SC-30/scripts/SC-30/2_phase/motordrive.py","move","150","","","","move: direction=q, power=0.7, duration=0.1","","","","","","","","","","","","","","","","","","","","","","","","","","","","","","","","","","","","","","","","","",""
"188.084558181","2026-08-15 09:28:09.503658","/home/akatoki/SC-30/scripts/SC-30/2_phase/motordrive.py","setup_motors","86","Motor Setup Error: 'GPIO not allocated'","","","","""Traceback (most recent call last):   File """"/home/akatoki/SC-30/scripts/SC-30/2_phase/motordrive.py"""", line 83, in setup_motors     setup_gpio() # LEDなども一緒に準備     ^^^^^^^^^^^^   File """"/home/akatoki/SC-30/scripts/SC-30/2_phase/motordrive.py"""", line 63, in setup_gpio     GPIO.setup(PIN_LED, GPIO.OUT)   File """"/usr/lib/python3/dist-packages/RPi/GPIO/__init__.py"""", line 704, in setup     initial = _check(lgpio.gpio_read(_chip, gpio))                      ^^^^^^^^^^^^^^^^^^^^^^^^^^^^   File """"/usr/lib/python3/dist-packages/lgpio.py"""", line 903, in gpio_read     return _u2i(_lgpio._gpio_read(handle&0xffff, gpio))            ^^^^^^^^^^^^^^^^^^^^^^^^^^^^^^^^^^^^^^^^^^^^   File """"/usr/lib/python3/dist-packages/lgpio.py"""", line 458, in _u2i     raise error(error_text(v)) lgpio.error: 'GPIO not allocated' ""","","","","","","","","","","","","","","","","","","","","","","","","","","","","","","","","","","","","","","","","",""
"188.099700781","2026-08-15 09:28:09.518788","/home/akatoki/SC-30/scripts/SC-30/2_phase/motordrive.py","move","150","","","","move: direction=w, power=0.7, duration=1.5","","","","","","","","","","","","","","","","","","","","","","","","","","","","","","","","","","","","","","","","","",""
"188.119139277","2026-08-15 09:28:09.538240","/home/akatoki/SC-30/scripts/SC-30/2_phase/motordrive.py","setup_motors","86","Motor Setup Error: 'GPIO not allocated'","","","","""Traceback (most recent call last):   File """"/home/akatoki/SC-30/scripts/SC-30/2_phase/motordrive.py"""", line 83, in setup_motors     setup_gpio() # LEDなども一緒に準備     ^^^^^^^^^^^^   File """"/home/akatoki/SC-30/scripts/SC-30/2_phase/motordrive.py"""", line 63, in setup_gpio     GPIO.setup(PIN_LED, GPIO.OUT)   File """"/usr/lib/python3/dist-packages/RPi/GPIO/__init__.py"""", line 704, in setup     initial = _check(lgpio.gpio_read(_chip, gpio))                      ^^^^^^^^^^^^^^^^^^^^^^^^^^^^   File """"/usr/lib/python3/dist-packages/lgpio.py"""", line 903, in gpio_read     return _u2i(_lgpio._gpio_read(handle&0xffff, gpio))            ^^^^^^^^^^^^^^^^^^^^^^^^^^^^^^^^^^^^^^^^^^^^   File """"/usr/lib/python3/dist-packages/lgpio.py"""", line 458, in _u2i     raise error(error_text(v)) lgpio.error: 'GPIO not allocated' ""","","","","","","","","","","","","","","","","","","","","","","","","","","","","","","","","","","","","","","","","",""
"188.281519813","2026-08-15 09:28:09.700608","/home/akatoki/SC-30/scripts/SC-30/2_phase/motordrive.py","move","150","","","","move: direction=w, power=0.7, duration=1.5","","","","","","","","","","","","","","","","","","","","","","","","","","","","","","","","","","","","","","","","","",""
"188.303514761","2026-08-15 09:28:09.722612","/home/akatoki/SC-30/scripts/SC-30/2_phase/motordrive.py","setup_motors","86","Motor Setup Error: 'GPIO not allocated'","","","","""Traceback (most recent call last):   File """"/home/akatoki/SC-30/scripts/SC-30/2_phase/motordrive.py"""", line 83, in setup_motors     setup_gpio() # LEDなども一緒に準備     ^^^^^^^^^^^^   File """"/home/akatoki/SC-30/scripts/SC-30/2_phase/motordrive.py"""", line 63, in setup_gpio     GPIO.setup(PIN_LED, GPIO.OUT)   File """"/usr/lib/python3/dist-packages/RPi/GPIO/__init__.py"""", line 704, in setup     initial = _check(lgpio.gpio_read(_chip, gpio))                      ^^^^^^^^^^^^^^^^^^^^^^^^^^^^   File """"/usr/lib/python3/dist-packages/lgpio.py"""", line 903, in gpio_read     return _u2i(_lgpio._gpio_read(handle&0xffff, gpio))            ^^^^^^^^^^^^^^^^^^^^^^^^^^^^^^^^^^^^^^^^^^^^   File """"/usr/lib/python3/dist-packages/lgpio.py"""", line 458, in _u2i     raise error(error_text(v)) lgpio.error: 'GPIO not allocated' ""","","","","","","","","","","","","","","","","","","","","","","","","","","","","","","","","","","","","","","","","",""
"188.464246793","2026-08-15 09:28:09.883331","/home/akatoki/SC-30/scripts/SC-30/2_phase/motordrive.py","move","150","","","","move: direction=w, power=0.7, duration=1.5","","","","","","","","","","","","","","","","","","","","","","","","","","","","","","","","","","","","","","","","","",""
"188.483761273","2026-08-15 09:28:09.902862","/home/akatoki/SC-30/scripts/SC-30/2_phase/motordrive.py","setup_motors","86","Motor Setup Error: 'GPIO not allocated'","","","","""Traceback (most recent call last):   File """"/home/akatoki/SC-30/scripts/SC-30/2_phase/motordrive.py"""", line 83, in setup_motors     setup_gpio() # LEDなども一緒に準備     ^^^^^^^^^^^^   File """"/home/akatoki/SC-30/scripts/SC-30/2_phase/motordrive.py"""", line 63, in setup_gpio     GPIO.setup(PIN_LED, GPIO.OUT)   File """"/usr/lib/python3/dist-packages/RPi/GPIO/__init__.py"""", line 704, in setup     initial = _check(lgpio.gpio_read(_chip, gpio))                      ^^^^^^^^^^^^^^^^^^^^^^^^^^^^   File """"/usr/lib/python3/dist-packages/lgpio.py"""", line 903, in gpio_read     return _u2i(_lgpio._gpio_read(handle&0xffff, gpio))            ^^^^^^^^^^^^^^^^^^^^^^^^^^^^^^^^^^^^^^^^^^^^   File """"/usr/lib/python3/dist-packages/lgpio.py"""", line 458, in _u2i     raise error(error_text(v)) lgpio.error: 'GPIO not allocated' ""","","","","","","","","","","","","","","","","","","","","","","","","","","","","","","","","","","","","","","","","",""
"188.638105614","2026-08-15 09:28:10.057194","/home/akatoki/SC-30/scripts/SC-30/2_phase/motordrive.py","move","150","","","","move: direction=w, power=0.7, duration=1.5","","","","","","","","","","","","","","","","","","","","","","","","","","","","","","","","","","","","","","","","","",""
"188.665058552","2026-08-15 09:28:10.084158","/home/akatoki/SC-30/scripts/SC-30/2_phase/motordrive.py","setup_motors","86","Motor Setup Error: 'GPIO not allocated'","","","","""Traceback (most recent call last):   File """"/home/akatoki/SC-30/scripts/SC-30/2_phase/motordrive.py"""", line 83, in setup_motors     setup_gpio() # LEDなども一緒に準備     ^^^^^^^^^^^^   File """"/home/akatoki/SC-30/scripts/SC-30/2_phase/motordrive.py"""", line 63, in setup_gpio     GPIO.setup(PIN_LED, GPIO.OUT)   File """"/usr/lib/python3/dist-packages/RPi/GPIO/__init__.py"""", line 704, in setup     initial = _check(lgpio.gpio_read(_chip, gpio))                      ^^^^^^^^^^^^^^^^^^^^^^^^^^^^   File """"/usr/lib/python3/dist-packages/lgpio.py"""", line 903, in gpio_read     return _u2i(_lgpio._gpio_read(handle&0xffff, gpio))            ^^^^^^^^^^^^^^^^^^^^^^^^^^^^^^^^^^^^^^^^^^^^   File """"/usr/lib/python3/dist-packages/lgpio.py"""", line 458, in _u2i     raise error(error_text(v)) lgpio.error: 'GPIO not allocated' ""","","","","","","","","","","","","","","","","","","","","","","","","","","","","","","","","","","","","","","","","",""
"188.821863859","2026-08-15 09:28:10.240949","/home/akatoki/SC-30/scripts/SC-30/2_phase/motordrive.py","move","150","","","","move: direction=w, power=0.7, duration=1.5","","","","","","","","","","","","","","","","","","","","","","","","","","","","","","","","","","","","","","","","","",""
"188.839817337","2026-08-15 09:28:10.258919","/home/akatoki/SC-30/scripts/SC-30/2_phase/motordrive.py","setup_motors","86","Motor Setup Error: 'GPIO not allocated'","","","","""Traceback (most recent call last):   File """"/home/akatoki/SC-30/scripts/SC-30/2_phase/motordrive.py"""", line 83, in setup_motors     setup_gpio() # LEDなども一緒に準備     ^^^^^^^^^^^^   File """"/home/akatoki/SC-30/scripts/SC-30/2_phase/motordrive.py"""", line 63, in setup_gpio     GPIO.setup(PIN_LED, GPIO.OUT)   File """"/usr/lib/python3/dist-packages/RPi/GPIO/__init__.py"""", line 704, in setup     initial = _check(lgpio.gpio_read(_chip, gpio))                      ^^^^^^^^^^^^^^^^^^^^^^^^^^^^   File """"/usr/lib/python3/dist-packages/lgpio.py"""", line 903, in gpio_read     return _u2i(_lgpio._gpio_read(handle&0xffff, gpio))            ^^^^^^^^^^^^^^^^^^^^^^^^^^^^^^^^^^^^^^^^^^^^   File """"/usr/lib/python3/dist-packages/lgpio.py"""", line 458, in _u2i     raise error(error_text(v)) lgpio.error: 'GPIO not allocated' ""","","","","","","","","","","","","","","","","","","","","","","","","","","","","","","","","","","","","","","","","",""
"188.999706004","2026-08-15 09:28:10.418790","/home/akatoki/SC-30/scripts/SC-30/2_phase/motordrive.py","move","150","","","","move: direction=w, power=0.7, duration=1.5","","","","","","","","","","","","","","","","","","","","","","","","","","","","","","","","","","","","","","","","","",""
"189.018451258","2026-08-15 09:28:10.437553","/home/akatoki/SC-30/scripts/SC-30/2_phase/motordrive.py","setup_motors","86","Motor Setup Error: 'GPIO not allocated'","","","","""Traceback (most recent call last):   File """"/home/akatoki/SC-30/scripts/SC-30/2_phase/motordrive.py"""", line 83, in setup_motors     setup_gpio() # LEDなども一緒に準備     ^^^^^^^^^^^^   File """"/home/akatoki/SC-30/scripts/SC-30/2_phase/motordrive.py"""", line 63, in setup_gpio     GPIO.setup(PIN_LED, GPIO.OUT)   File """"/usr/lib/python3/dist-packages/RPi/GPIO/__init__.py"""", line 704, in setup     initial = _check(lgpio.gpio_read(_chip, gpio))                      ^^^^^^^^^^^^^^^^^^^^^^^^^^^^   File """"/usr/lib/python3/dist-packages/lgpio.py"""", line 903, in gpio_read     return _u2i(_lgpio._gpio_read(handle&0xffff, gpio))            ^^^^^^^^^^^^^^^^^^^^^^^^^^^^^^^^^^^^^^^^^^^^   File """"/usr/lib/python3/dist-packages/lgpio.py"""", line 458, in _u2i     raise error(error_text(v)) lgpio.error: 'GPIO not allocated' ""","","","","","","","","","","","","","","","","","","","","","","","","","","","","","","","","","","","","","","","","",""
"189.175350476","2026-08-15 09:28:10.594437","/home/akatoki/SC-30/scripts/SC-30/2_phase/motordrive.py","move","150","","","","move: direction=q, power=0.7, duration=0.1","","","","","","","","","","","","","","","","","","","","","","","","","","","","","","","","","","","","","","","","","",""
"189.192912521","2026-08-15 09:28:10.612017","/home/akatoki/SC-30/scripts/SC-30/2_phase/motordrive.py","setup_motors","86","Motor Setup Error: 'GPIO not allocated'","","","","""Traceback (most recent call last):   File """"/home/akatoki/SC-30/scripts/SC-30/2_phase/motordrive.py"""", line 83, in setup_motors     setup_gpio() # LEDなども一緒に準備     ^^^^^^^^^^^^   File """"/home/akatoki/SC-30/scripts/SC-30/2_phase/motordrive.py"""", line 63, in setup_gpio     GPIO.setup(PIN_LED, GPIO.OUT)   File """"/usr/lib/python3/dist-packages/RPi/GPIO/__init__.py"""", line 704, in setup     initial = _check(lgpio.gpio_read(_chip, gpio))                      ^^^^^^^^^^^^^^^^^^^^^^^^^^^^   File """"/usr/lib/python3/dist-packages/lgpio.py"""", line 903, in gpio_read     return _u2i(_lgpio._gpio_read(handle&0xffff, gpio))            ^^^^^^^^^^^^^^^^^^^^^^^^^^^^^^^^^^^^^^^^^^^^   File """"/usr/lib/python3/dist-packages/lgpio.py"""", line 458, in _u2i     raise error(error_text(v)) lgpio.error: 'GPIO not allocated' ""","","","","","","","","","","","","","","","","","","","","","","","","","","","","","","","","","","","","","","","","",""
"189.210991542","2026-08-15 09:28:10.630078","/home/akatoki/SC-30/scripts/SC-30/2_phase/motordrive.py","move","150","","","","move: direction=w, power=0.7, duration=1.5","","","","","","","","","","","","","","","","","","","","","","","","","","","","","","","","","","","","","","","","","",""
"189.227512859","2026-08-15 09:28:10.646615","/home/akatoki/SC-30/scripts/SC-30/2_phase/motordrive.py","setup_motors","86","Motor Setup Error: 'GPIO not allocated'","","","","""Traceback (most recent call last):   File """"/home/akatoki/SC-30/scripts/SC-30/2_phase/motordrive.py"""", line 83, in setup_motors     setup_gpio() # LEDなども一緒に準備     ^^^^^^^^^^^^   File """"/home/akatoki/SC-30/scripts/SC-30/2_phase/motordrive.py"""", line 63, in setup_gpio     GPIO.setup(PIN_LED, GPIO.OUT)   File """"/usr/lib/python3/dist-packages/RPi/GPIO/__init__.py"""", line 704, in setup     initial = _check(lgpio.gpio_read(_chip, gpio))                      ^^^^^^^^^^^^^^^^^^^^^^^^^^^^   File """"/usr/lib/python3/dist-packages/lgpio.py"""", line 903, in gpio_read     return _u2i(_lgpio._gpio_read(handle&0xffff, gpio))            ^^^^^^^^^^^^^^^^^^^^^^^^^^^^^^^^^^^^^^^^^^^^   File """"/usr/lib/python3/dist-packages/lgpio.py"""", line 458, in _u2i     raise error(error_text(v)) lgpio.error: 'GPIO not allocated' ""","","","","","","","","","","","","","","","","","","","","","","","","","","","","","","","","","","","","","","","","",""
"189.383104209","2026-08-15 09:28:10.802188","/home/akatoki/SC-30/scripts/SC-30/2_phase/motordrive.py","move","150","","","","move: direction=e, power=0.7, duration=0.1","","","","","","","","","","","","","","","","","","","","","","","","","","","","","","","","","","","","","","","","","",""
"189.40084313","2026-08-15 09:28:10.819946","/home/akatoki/SC-30/scripts/SC-30/2_phase/motordrive.py","setup_motors","86","Motor Setup Error: 'GPIO not allocated'","","","","""Traceback (most recent call last):   File """"/home/akatoki/SC-30/scripts/SC-30/2_phase/motordrive.py"""", line 83, in setup_motors     setup_gpio() # LEDなども一緒に準備     ^^^^^^^^^^^^   File """"/home/akatoki/SC-30/scripts/SC-30/2_phase/motordrive.py"""", line 63, in setup_gpio     GPIO.setup(PIN_LED, GPIO.OUT)   File """"/usr/lib/python3/dist-packages/RPi/GPIO/__init__.py"""", line 704, in setup     initial = _check(lgpio.gpio_read(_chip, gpio))                      ^^^^^^^^^^^^^^^^^^^^^^^^^^^^   File """"/usr/lib/python3/dist-packages/lgpio.py"""", line 903, in gpio_read     return _u2i(_lgpio._gpio_read(handle&0xffff, gpio))            ^^^^^^^^^^^^^^^^^^^^^^^^^^^^^^^^^^^^^^^^^^^^   File """"/usr/lib/python3/dist-packages/lgpio.py"""", line 458, in _u2i     raise error(error_text(v)) lgpio.error: 'GPIO not allocated' ""","","","","","","","","","","","","","","","","","","","","","","","","","","","","","","","","","","","","","","","","",""
"189.429005596","2026-08-15 09:28:10.848091","/home/akatoki/SC-30/scripts/SC-30/2_phase/motordrive.py","move","150","","","","move: direction=w, power=0.7, duration=1.5","","","","","","","","","","","","","","","","","","","","","","","","","","","","","","","","","","","","","","","","","",""
"189.447979894","2026-08-15 09:28:10.867123","/home/akatoki/SC-30/scripts/SC-30/2_phase/motordrive.py","setup_motors","86","Motor Setup Error: 'GPIO not allocated'","","","","""Traceback (most recent call last):   File """"/home/akatoki/SC-30/scripts/SC-30/2_phase/motordrive.py"""", line 83, in setup_motors     setup_gpio() # LEDなども一緒に準備     ^^^^^^^^^^^^   File """"/home/akatoki/SC-30/scripts/SC-30/2_phase/motordrive.py"""", line 63, in setup_gpio     GPIO.setup(PIN_LED, GPIO.OUT)   File """"/usr/lib/python3/dist-packages/RPi/GPIO/__init__.py"""", line 704, in setup     initial = _check(lgpio.gpio_read(_chip, gpio))                      ^^^^^^^^^^^^^^^^^^^^^^^^^^^^   File """"/usr/lib/python3/dist-packages/lgpio.py"""", line 903, in gpio_read     return _u2i(_lgpio._gpio_read(handle&0xffff, gpio))            ^^^^^^^^^^^^^^^^^^^^^^^^^^^^^^^^^^^^^^^^^^^^   File """"/usr/lib/python3/dist-packages/lgpio.py"""", line 458, in _u2i     raise error(error_text(v)) lgpio.error: 'GPIO not allocated' ""","","","","","","","","","","","","","","","","","","","","","","","","","","","","","","","","","","","","","","","","",""
"189.60523238","2026-08-15 09:28:11.024324","/home/akatoki/SC-30/scripts/SC-30/2_phase/motordrive.py","move","150","","","","move: direction=e, power=0.7, duration=0.1","","","","","","","","","","","","","","","","","","","","","","","","","","","","","","","","","","","","","","","","","",""
"189.622101423","2026-08-15 09:28:11.041203","/home/akatoki/SC-30/scripts/SC-30/2_phase/motordrive.py","setup_motors","86","Motor Setup Error: 'GPIO not allocated'","","","","""Traceback (most recent call last):   File """"/home/akatoki/SC-30/scripts/SC-30/2_phase/motordrive.py"""", line 83, in setup_motors     setup_gpio() # LEDなども一緒に準備     ^^^^^^^^^^^^   File """"/home/akatoki/SC-30/scripts/SC-30/2_phase/motordrive.py"""", line 63, in setup_gpio     GPIO.setup(PIN_LED, GPIO.OUT)   File """"/usr/lib/python3/dist-packages/RPi/GPIO/__init__.py"""", line 704, in setup     initial = _check(lgpio.gpio_read(_chip, gpio))                      ^^^^^^^^^^^^^^^^^^^^^^^^^^^^   File """"/usr/lib/python3/dist-packages/lgpio.py"""", line 903, in gpio_read     return _u2i(_lgpio._gpio_read(handle&0xffff, gpio))            ^^^^^^^^^^^^^^^^^^^^^^^^^^^^^^^^^^^^^^^^^^^^   File """"/usr/lib/python3/dist-packages/lgpio.py"""", line 458, in _u2i     raise error(error_text(v)) lgpio.error: 'GPIO not allocated' ""","","","","","","","","","","","","","","","","","","","","","","","","","","","","","","","","","","","","","","","","",""
"189.636411556","2026-08-15 09:28:11.055499","/home/akatoki/SC-30/scripts/SC-30/2_phase/motordrive.py","move","150","","","","move: direction=w, power=0.7, duration=1.5","","","","","","","","","","","","","","","","","","","","","","","","","","","","","","","","","","","","","","","","","",""
"189.65640844","2026-08-15 09:28:11.075512","/home/akatoki/SC-30/scripts/SC-30/2_phase/motordrive.py","setup_motors","86","Motor Setup Error: 'GPIO not allocated'","","","","""Traceback (most recent call last):   File """"/home/akatoki/SC-30/scripts/SC-30/2_phase/motordrive.py"""", line 83, in setup_motors     setup_gpio() # LEDなども一緒に準備     ^^^^^^^^^^^^   File """"/home/akatoki/SC-30/scripts/SC-30/2_phase/motordrive.py"""", line 63, in setup_gpio     GPIO.setup(PIN_LED, GPIO.OUT)   File """"/usr/lib/python3/dist-packages/RPi/GPIO/__init__.py"""", line 704, in setup     initial = _check(lgpio.gpio_read(_chip, gpio))                      ^^^^^^^^^^^^^^^^^^^^^^^^^^^^   File """"/usr/lib/python3/dist-packages/lgpio.py"""", line 903, in gpio_read     return _u2i(_lgpio._gpio_read(handle&0xffff, gpio))            ^^^^^^^^^^^^^^^^^^^^^^^^^^^^^^^^^^^^^^^^^^^^   File """"/usr/lib/python3/dist-packages/lgpio.py"""", line 458, in _u2i     raise error(error_text(v)) lgpio.error: 'GPIO not allocated' ""","","","","","","","","","","","","","","","","","","","","","","","","","","","","","","","","","","","","","","","","",""
"189.821731724","2026-08-15 09:28:11.240818","/home/akatoki/SC-30/scripts/SC-30/2_phase/motordrive.py","move","150","","","","move: direction=w, power=0.7, duration=1.5","","","","","","","","","","","","","","","","","","","","","","","","","","","","","","","","","","","","","","","","","",""
"189.838617861","2026-08-15 09:28:11.257718","/home/akatoki/SC-30/scripts/SC-30/2_phase/motordrive.py","setup_motors","86","Motor Setup Error: 'GPIO not allocated'","","","","""Traceback (most recent call last):   File """"/home/akatoki/SC-30/scripts/SC-30/2_phase/motordrive.py"""", line 83, in setup_motors     setup_gpio() # LEDなども一緒に準備     ^^^^^^^^^^^^   File """"/home/akatoki/SC-30/scripts/SC-30/2_phase/motordrive.py"""", line 63, in setup_gpio     GPIO.setup(PIN_LED, GPIO.OUT)   File """"/usr/lib/python3/dist-packages/RPi/GPIO/__init__.py"""", line 704, in setup     initial = _check(lgpio.gpio_read(_chip, gpio))                      ^^^^^^^^^^^^^^^^^^^^^^^^^^^^   File """"/usr/lib/python3/dist-packages/lgpio.py"""", line 903, in gpio_read     return _u2i(_lgpio._gpio_read(handle&0xffff, gpio))            ^^^^^^^^^^^^^^^^^^^^^^^^^^^^^^^^^^^^^^^^^^^^   File """"/usr/lib/python3/dist-packages/lgpio.py"""", line 458, in _u2i     raise error(error_text(v)) lgpio.error: 'GPIO not allocated' ""","","","","","","","","","","","","","","","","","","","","","","","","","","","","","","","","","","","","","","","","",""
"189.999968065","2026-08-15 09:28:11.419052","/home/akatoki/SC-30/scripts/SC-30/2_phase/motordrive.py","move","150","","","","move: direction=w, power=0.7, duration=1.5","","","","","","","","","","","","","","","","","","","","","","","","","","","","","","","","","","","","","","","","","",""
"190.018340811","2026-08-15 09:28:11.437439","/home/akatoki/SC-30/scripts/SC-30/2_phase/motordrive.py","setup_motors","86","Motor Setup Error: 'GPIO not allocated'","","","","""Traceback (most recent call last):   File """"/home/akatoki/SC-30/scripts/SC-30/2_phase/motordrive.py"""", line 83, in setup_motors     setup_gpio() # LEDなども一緒に準備     ^^^^^^^^^^^^   File """"/home/akatoki/SC-30/scripts/SC-30/2_phase/motordrive.py"""", line 63, in setup_gpio     GPIO.setup(PIN_LED, GPIO.OUT)   File """"/usr/lib/python3/dist-packages/RPi/GPIO/__init__.py"""", line 704, in setup     initial = _check(lgpio.gpio_read(_chip, gpio))                      ^^^^^^^^^^^^^^^^^^^^^^^^^^^^   File """"/usr/lib/python3/dist-packages/lgpio.py"""", line 903, in gpio_read     return _u2i(_lgpio._gpio_read(handle&0xffff, gpio))            ^^^^^^^^^^^^^^^^^^^^^^^^^^^^^^^^^^^^^^^^^^^^   File """"/usr/lib/python3/dist-packages/lgpio.py"""", line 458, in _u2i     raise error(error_text(v)) lgpio.error: 'GPIO not allocated' ""","","","","","","","","","","","","","","","","","","","","","","","","","","","","","","","","","","","","","","","","",""
"190.183407328","2026-08-15 09:28:11.602493","/home/akatoki/SC-30/scripts/SC-30/2_phase/motordrive.py","move","150","","","","move: direction=e, power=0.7, duration=0.1","","","","","","","","","","","","","","","","","","","","","","","","","","","","","","","","","","","","","","","","","",""
"190.203425891","2026-08-15 09:28:11.622524","/home/akatoki/SC-30/scripts/SC-30/2_phase/motordrive.py","setup_motors","86","Motor Setup Error: 'GPIO not allocated'","","","","""Traceback (most recent call last):   File """"/home/akatoki/SC-30/scripts/SC-30/2_phase/motordrive.py"""", line 83, in setup_motors     setup_gpio() # LEDなども一緒に準備     ^^^^^^^^^^^^   File """"/home/akatoki/SC-30/scripts/SC-30/2_phase/motordrive.py"""", line 63, in setup_gpio     GPIO.setup(PIN_LED, GPIO.OUT)   File """"/usr/lib/python3/dist-packages/RPi/GPIO/__init__.py"""", line 704, in setup     initial = _check(lgpio.gpio_read(_chip, gpio))                      ^^^^^^^^^^^^^^^^^^^^^^^^^^^^   File """"/usr/lib/python3/dist-packages/lgpio.py"""", line 903, in gpio_read     return _u2i(_lgpio._gpio_read(handle&0xffff, gpio))            ^^^^^^^^^^^^^^^^^^^^^^^^^^^^^^^^^^^^^^^^^^^^   File """"/usr/lib/python3/dist-packages/lgpio.py"""", line 458, in _u2i     raise error(error_text(v)) lgpio.error: 'GPIO not allocated' ""","","","","","","","","","","","","","","","","","","","","","","","","","","","","","","","","","","","","","","","","",""
"190.221719215","2026-08-15 09:28:11.640805","/home/akatoki/SC-30/scripts/SC-30/2_phase/motordrive.py","move","150","","","","move: direction=w, power=0.7, duration=1.5","","","","","","","","","","","","","","","","","","","","","","","","","","","","","","","","","","","","","","","","","",""
"190.240141625","2026-08-15 09:28:11.659242","/home/akatoki/SC-30/scripts/SC-30/2_phase/motordrive.py","setup_motors","86","Motor Setup Error: 'GPIO not allocated'","","","","""Traceback (most recent call last):   File """"/home/akatoki/SC-30/scripts/SC-30/2_phase/motordrive.py"""", line 83, in setup_motors     setup_gpio() # LEDなども一緒に準備     ^^^^^^^^^^^^   File """"/home/akatoki/SC-30/scripts/SC-30/2_phase/motordrive.py"""", line 63, in setup_gpio     GPIO.setup(PIN_LED, GPIO.OUT)   File """"/usr/lib/python3/dist-packages/RPi/GPIO/__init__.py"""", line 704, in setup     initial = _check(lgpio.gpio_read(_chip, gpio))                      ^^^^^^^^^^^^^^^^^^^^^^^^^^^^   File """"/usr/lib/python3/dist-packages/lgpio.py"""", line 903, in gpio_read     return _u2i(_lgpio._gpio_read(handle&0xffff, gpio))            ^^^^^^^^^^^^^^^^^^^^^^^^^^^^^^^^^^^^^^^^^^^^   File """"/usr/lib/python3/dist-packages/lgpio.py"""", line 458, in _u2i     raise error(error_text(v)) lgpio.error: 'GPIO not allocated' ""","","","","","","","","","","","","","","","","","","","","","","","","","","","","","","","","","","","","","","","","",""
"190.398093986","2026-08-15 09:28:11.817179","/home/akatoki/SC-30/scripts/SC-30/2_phase/motordrive.py","move","150","","","","move: direction=w, power=0.7, duration=1.5","","","","","","","","","","","","","","","","","","","","","","","","","","","","","","","","","","","","","","","","","",""
"190.416060814","2026-08-15 09:28:11.835167","/home/akatoki/SC-30/scripts/SC-30/2_phase/motordrive.py","setup_motors","86","Motor Setup Error: 'GPIO not allocated'","","","","""Traceback (most recent call last):   File """"/home/akatoki/SC-30/scripts/SC-30/2_phase/motordrive.py"""", line 83, in setup_motors     setup_gpio() # LEDなども一緒に準備     ^^^^^^^^^^^^   File """"/home/akatoki/SC-30/scripts/SC-30/2_phase/motordrive.py"""", line 63, in setup_gpio     GPIO.setup(PIN_LED, GPIO.OUT)   File """"/usr/lib/python3/dist-packages/RPi/GPIO/__init__.py"""", line 704, in setup     initial = _check(lgpio.gpio_read(_chip, gpio))                      ^^^^^^^^^^^^^^^^^^^^^^^^^^^^   File """"/usr/lib/python3/dist-packages/lgpio.py"""", line 903, in gpio_read     return _u2i(_lgpio._gpio_read(handle&0xffff, gpio))            ^^^^^^^^^^^^^^^^^^^^^^^^^^^^^^^^^^^^^^^^^^^^   File """"/usr/lib/python3/dist-packages/lgpio.py"""", line 458, in _u2i     raise error(error_text(v)) lgpio.error: 'GPIO not allocated' ""","","","","","","","","","","","","","","","","","","","","","","","","","","","","","","","","","","","","","","","","",""
"190.578254486","2026-08-15 09:28:11.997343","/home/akatoki/SC-30/scripts/SC-30/2_phase/motordrive.py","move","150","","","","move: direction=q, power=0.7, duration=0.1","","","","","","","","","","","","","","","","","","","","","","","","","","","","","","","","","","","","","","","","","",""
"190.597045504","2026-08-15 09:28:12.016146","/home/akatoki/SC-30/scripts/SC-30/2_phase/motordrive.py","setup_motors","86","Motor Setup Error: 'GPIO not allocated'","","","","""Traceback (most recent call last):   File """"/home/akatoki/SC-30/scripts/SC-30/2_phase/motordrive.py"""", line 83, in setup_motors     setup_gpio() # LEDなども一緒に準備     ^^^^^^^^^^^^   File """"/home/akatoki/SC-30/scripts/SC-30/2_phase/motordrive.py"""", line 63, in setup_gpio     GPIO.setup(PIN_LED, GPIO.OUT)   File """"/usr/lib/python3/dist-packages/RPi/GPIO/__init__.py"""", line 704, in setup     initial = _check(lgpio.gpio_read(_chip, gpio))                      ^^^^^^^^^^^^^^^^^^^^^^^^^^^^   File """"/usr/lib/python3/dist-packages/lgpio.py"""", line 903, in gpio_read     return _u2i(_lgpio._gpio_read(handle&0xffff, gpio))            ^^^^^^^^^^^^^^^^^^^^^^^^^^^^^^^^^^^^^^^^^^^^   File """"/usr/lib/python3/dist-packages/lgpio.py"""", line 458, in _u2i     raise error(error_text(v)) lgpio.error: 'GPIO not allocated' ""","","","","","","","","","","","","","","","","","","","","","","","","","","","","","","","","","","","","","","","","",""
"190.611874164","2026-08-15 09:28:12.030958","/home/akatoki/SC-30/scripts/SC-30/2_phase/motordrive.py","move","150","","","","move: direction=w, power=0.7, duration=1.5","","","","","","","","","","","","","","","","","","","","","","","","","","","","","","","","","","","","","","","","","",""
"190.630753314","2026-08-15 09:28:12.049853","/home/akatoki/SC-30/scripts/SC-30/2_phase/motordrive.py","setup_motors","86","Motor Setup Error: 'GPIO not allocated'","","","","""Traceback (most recent call last):   File """"/home/akatoki/SC-30/scripts/SC-30/2_phase/motordrive.py"""", line 83, in setup_motors     setup_gpio() # LEDなども一緒に準備     ^^^^^^^^^^^^   File """"/home/akatoki/SC-30/scripts/SC-30/2_phase/motordrive.py"""", line 63, in setup_gpio     GPIO.setup(PIN_LED, GPIO.OUT)   File """"/usr/lib/python3/dist-packages/RPi/GPIO/__init__.py"""", line 704, in setup     initial = _check(lgpio.gpio_read(_chip, gpio))                      ^^^^^^^^^^^^^^^^^^^^^^^^^^^^   File """"/usr/lib/python3/dist-packages/lgpio.py"""", line 903, in gpio_read     return _u2i(_lgpio._gpio_read(handle&0xffff, gpio))            ^^^^^^^^^^^^^^^^^^^^^^^^^^^^^^^^^^^^^^^^^^^^   File """"/usr/lib/python3/dist-packages/lgpio.py"""", line 458, in _u2i     raise error(error_text(v)) lgpio.error: 'GPIO not allocated' ""","","","","","","","","","","","","","","","","","","","","","","","","","","","","","","","","","","","","","","","","",""
"190.792265971","2026-08-15 09:28:12.211354","/home/akatoki/SC-30/scripts/SC-30/2_phase/motordrive.py","move","150","","","","move: direction=q, power=0.7, duration=0.1","","","","","","","","","","","","","","","","","","","","","","","","","","","","","","","","","","","","","","","","","",""
"190.810681622","2026-08-15 09:28:12.229786","/home/akatoki/SC-30/scripts/SC-30/2_phase/motordrive.py","setup_motors","86","Motor Setup Error: 'GPIO not allocated'","","","","""Traceback (most recent call last):   File """"/home/akatoki/SC-30/scripts/SC-30/2_phase/motordrive.py"""", line 83, in setup_motors     setup_gpio() # LEDなども一緒に準備     ^^^^^^^^^^^^   File """"/home/akatoki/SC-30/scripts/SC-30/2_phase/motordrive.py"""", line 63, in setup_gpio     GPIO.setup(PIN_LED, GPIO.OUT)   File """"/usr/lib/python3/dist-packages/RPi/GPIO/__init__.py"""", line 704, in setup     initial = _check(lgpio.gpio_read(_chip, gpio))                      ^^^^^^^^^^^^^^^^^^^^^^^^^^^^   File """"/usr/lib/python3/dist-packages/lgpio.py"""", line 903, in gpio_read     return _u2i(_lgpio._gpio_read(handle&0xffff, gpio))            ^^^^^^^^^^^^^^^^^^^^^^^^^^^^^^^^^^^^^^^^^^^^   File """"/usr/lib/python3/dist-packages/lgpio.py"""", line 458, in _u2i     raise error(error_text(v)) lgpio.error: 'GPIO not allocated' ""","","","","","","","","","","","","","","","","","","","","","","","","","","","","","","","","","","","","","","","","",""
"190.825938813","2026-08-15 09:28:12.245025","/home/akatoki/SC-30/scripts/SC-30/2_phase/motordrive.py","move","150","","","","move: direction=w, power=0.7, duration=1.5","","","","","","","","","","","","","","","","","","","","","","","","","","","","","","","","","","","","","","","","","",""
"190.850956288","2026-08-15 09:28:12.270056","/home/akatoki/SC-30/scripts/SC-30/2_phase/motordrive.py","setup_motors","86","Motor Setup Error: 'GPIO not allocated'","","","","""Traceback (most recent call last):   File """"/home/akatoki/SC-30/scripts/SC-30/2_phase/motordrive.py"""", line 83, in setup_motors     setup_gpio() # LEDなども一緒に準備     ^^^^^^^^^^^^   File """"/home/akatoki/SC-30/scripts/SC-30/2_phase/motordrive.py"""", line 63, in setup_gpio     GPIO.setup(PIN_LED, GPIO.OUT)   File """"/usr/lib/python3/dist-packages/RPi/GPIO/__init__.py"""", line 704, in setup     initial = _check(lgpio.gpio_read(_chip, gpio))                      ^^^^^^^^^^^^^^^^^^^^^^^^^^^^   File """"/usr/lib/python3/dist-packages/lgpio.py"""", line 903, in gpio_read     return _u2i(_lgpio._gpio_read(handle&0xffff, gpio))            ^^^^^^^^^^^^^^^^^^^^^^^^^^^^^^^^^^^^^^^^^^^^   File """"/usr/lib/python3/dist-packages/lgpio.py"""", line 458, in _u2i     raise error(error_text(v)) lgpio.error: 'GPIO not allocated' ""","","","","","","","","","","","","","","","","","","","","","","","","","","","","","","","","","","","","","","","","",""
"191.010023975","2026-08-15 09:28:12.429109","/home/akatoki/SC-30/scripts/SC-30/2_phase/motordrive.py","move","150","","","","move: direction=e, power=0.7, duration=0.1","","","","","","","","","","","","","","","","","","","","","","","","","","","","","","","","","","","","","","","","","",""
"191.035041189","2026-08-15 09:28:12.454140","/home/akatoki/SC-30/scripts/SC-30/2_phase/motordrive.py","setup_motors","86","Motor Setup Error: 'GPIO not allocated'","","","","""Traceback (most recent call last):   File """"/home/akatoki/SC-30/scripts/SC-30/2_phase/motordrive.py"""", line 83, in setup_motors     setup_gpio() # LEDなども一緒に準備     ^^^^^^^^^^^^   File """"/home/akatoki/SC-30/scripts/SC-30/2_phase/motordrive.py"""", line 63, in setup_gpio     GPIO.setup(PIN_LED, GPIO.OUT)   File """"/usr/lib/python3/dist-packages/RPi/GPIO/__init__.py"""", line 704, in setup     initial = _check(lgpio.gpio_read(_chip, gpio))                      ^^^^^^^^^^^^^^^^^^^^^^^^^^^^   File """"/usr/lib/python3/dist-packages/lgpio.py"""", line 903, in gpio_read     return _u2i(_lgpio._gpio_read(handle&0xffff, gpio))            ^^^^^^^^^^^^^^^^^^^^^^^^^^^^^^^^^^^^^^^^^^^^   File """"/usr/lib/python3/dist-packages/lgpio.py"""", line 458, in _u2i     raise error(error_text(v)) lgpio.error: 'GPIO not allocated' ""","","","","","","","","","","","","","","","","","","","","","","","","","","","","","","","","","","","","","","","","",""
"191.20230163","2026-08-15 09:28:12.621390","/home/akatoki/SC-30/scripts/SC-30/2_phase/motordrive.py","move","150","","","","move: direction=e, power=0.7, duration=0.1","","","","","","","","","","","","","","","","","","","","","","","","","","","","","","","","","","","","","","","","","",""
"191.230190156","2026-08-15 09:28:12.649298","/home/akatoki/SC-30/scripts/SC-30/2_phase/motordrive.py","setup_motors","86","Motor Setup Error: 'GPIO not allocated'","","","","""Traceback (most recent call last):   File """"/home/akatoki/SC-30/scripts/SC-30/2_phase/motordrive.py"""", line 83, in setup_motors     setup_gpio() # LEDなども一緒に準備     ^^^^^^^^^^^^   File """"/home/akatoki/SC-30/scripts/SC-30/2_phase/motordrive.py"""", line 63, in setup_gpio     GPIO.setup(PIN_LED, GPIO.OUT)   File """"/usr/lib/python3/dist-packages/RPi/GPIO/__init__.py"""", line 704, in setup     initial = _check(lgpio.gpio_read(_chip, gpio))                      ^^^^^^^^^^^^^^^^^^^^^^^^^^^^   File """"/usr/lib/python3/dist-packages/lgpio.py"""", line 903, in gpio_read     return _u2i(_lgpio._gpio_read(handle&0xffff, gpio))            ^^^^^^^^^^^^^^^^^^^^^^^^^^^^^^^^^^^^^^^^^^^^   File """"/usr/lib/python3/dist-packages/lgpio.py"""", line 458, in _u2i     raise error(error_text(v)) lgpio.error: 'GPIO not allocated' ""","","","","","","","","","","","","","","","","","","","","","","","","","","","","","","","","","","","","","","","","",""
"191.401154478","2026-08-15 09:28:12.820242","/home/akatoki/SC-30/scripts/SC-30/2_phase/motordrive.py","move","150","","","","move: direction=q, power=0.7, duration=0.1","","","","","","","","","","","","","","","","","","","","","","","","","","","","","","","","","","","","","","","","","",""
"191.422030107","2026-08-15 09:28:12.841131","/home/akatoki/SC-30/scripts/SC-30/2_phase/motordrive.py","setup_motors","86","Motor Setup Error: 'GPIO not allocated'","","","","""Traceback (most recent call last):   File """"/home/akatoki/SC-30/scripts/SC-30/2_phase/motordrive.py"""", line 83, in setup_motors     setup_gpio() # LEDなども一緒に準備     ^^^^^^^^^^^^   File """"/home/akatoki/SC-30/scripts/SC-30/2_phase/motordrive.py"""", line 63, in setup_gpio     GPIO.setup(PIN_LED, GPIO.OUT)   File """"/usr/lib/python3/dist-packages/RPi/GPIO/__init__.py"""", line 704, in setup     initial = _check(lgpio.gpio_read(_chip, gpio))                      ^^^^^^^^^^^^^^^^^^^^^^^^^^^^   File """"/usr/lib/python3/dist-packages/lgpio.py"""", line 903, in gpio_read     return _u2i(_lgpio._gpio_read(handle&0xffff, gpio))            ^^^^^^^^^^^^^^^^^^^^^^^^^^^^^^^^^^^^^^^^^^^^   File """"/usr/lib/python3/dist-packages/lgpio.py"""", line 458, in _u2i     raise error(error_text(v)) lgpio.error: 'GPIO not allocated' ""","","","","","","","","","","","","","","","","","","","","","","","","","","","","","","","","","","","","","","","","",""
"191.435382541","2026-08-15 09:28:12.854471","/home/akatoki/SC-30/scripts/SC-30/2_phase/motordrive.py","move","150","","","","move: direction=w, power=0.7, duration=1.5","","","","","","","","","","","","","","","","","","","","","","","","","","","","","","","","","","","","","","","","","",""
"191.451595707","2026-08-15 09:28:12.870695","/home/akatoki/SC-30/scripts/SC-30/2_phase/motordrive.py","setup_motors","86","Motor Setup Error: 'GPIO not allocated'","","","","""Traceback (most recent call last):   File """"/home/akatoki/SC-30/scripts/SC-30/2_phase/motordrive.py"""", line 83, in setup_motors     setup_gpio() # LEDなども一緒に準備     ^^^^^^^^^^^^   File """"/home/akatoki/SC-30/scripts/SC-30/2_phase/motordrive.py"""", line 63, in setup_gpio     GPIO.setup(PIN_LED, GPIO.OUT)   File """"/usr/lib/python3/dist-packages/RPi/GPIO/__init__.py"""", line 704, in setup     initial = _check(lgpio.gpio_read(_chip, gpio))                      ^^^^^^^^^^^^^^^^^^^^^^^^^^^^   File """"/usr/lib/python3/dist-packages/lgpio.py"""", line 903, in gpio_read     return _u2i(_lgpio._gpio_read(handle&0xffff, gpio))            ^^^^^^^^^^^^^^^^^^^^^^^^^^^^^^^^^^^^^^^^^^^^   File """"/usr/lib/python3/dist-packages/lgpio.py"""", line 458, in _u2i     raise error(error_text(v)) lgpio.error: 'GPIO not allocated' ""","","","","","","","","","","","","","","","","","","","","","","","","","","","","","","","","","","","","","","","","",""
"191.609436088","2026-08-15 09:28:13.028526","/home/akatoki/SC-30/scripts/SC-30/2_phase/motordrive.py","move","150","","","","move: direction=e, power=0.7, duration=0.1","","","","","","","","","","","","","","","","","","","","","","","","","","","","","","","","","","","","","","","","","",""
"191.632273845","2026-08-15 09:28:13.051378","/home/akatoki/SC-30/scripts/SC-30/2_phase/motordrive.py","setup_motors","86","Motor Setup Error: 'GPIO not allocated'","","","","""Traceback (most recent call last):   File """"/home/akatoki/SC-30/scripts/SC-30/2_phase/motordrive.py"""", line 83, in setup_motors     setup_gpio() # LEDなども一緒に準備     ^^^^^^^^^^^^   File """"/home/akatoki/SC-30/scripts/SC-30/2_phase/motordrive.py"""", line 63, in setup_gpio     GPIO.setup(PIN_LED, GPIO.OUT)   File """"/usr/lib/python3/dist-packages/RPi/GPIO/__init__.py"""", line 704, in setup     initial = _check(lgpio.gpio_read(_chip, gpio))                      ^^^^^^^^^^^^^^^^^^^^^^^^^^^^   File """"/usr/lib/python3/dist-packages/lgpio.py"""", line 903, in gpio_read     return _u2i(_lgpio._gpio_read(handle&0xffff, gpio))            ^^^^^^^^^^^^^^^^^^^^^^^^^^^^^^^^^^^^^^^^^^^^   File """"/usr/lib/python3/dist-packages/lgpio.py"""", line 458, in _u2i     raise error(error_text(v)) lgpio.error: 'GPIO not allocated' ""","","","","","","","","","","","","","","","","","","","","","","","","","","","","","","","","","","","","","","","","",""
"191.790874599","2026-08-15 09:28:13.209960","/home/akatoki/SC-30/scripts/SC-30/2_phase/motordrive.py","move","150","","","","move: direction=e, power=0.7, duration=0.1","","","","","","","","","","","","","","","","","","","","","","","","","","","","","","","","","","","","","","","","","",""
"191.809087605","2026-08-15 09:28:13.228191","/home/akatoki/SC-30/scripts/SC-30/2_phase/motordrive.py","setup_motors","86","Motor Setup Error: 'GPIO not allocated'","","","","""Traceback (most recent call last):   File """"/home/akatoki/SC-30/scripts/SC-30/2_phase/motordrive.py"""", line 83, in setup_motors     setup_gpio() # LEDなども一緒に準備     ^^^^^^^^^^^^   File """"/home/akatoki/SC-30/scripts/SC-30/2_phase/motordrive.py"""", line 63, in setup_gpio     GPIO.setup(PIN_LED, GPIO.OUT)   File """"/usr/lib/python3/dist-packages/RPi/GPIO/__init__.py"""", line 704, in setup     initial = _check(lgpio.gpio_read(_chip, gpio))                      ^^^^^^^^^^^^^^^^^^^^^^^^^^^^   File """"/usr/lib/python3/dist-packages/lgpio.py"""", line 903, in gpio_read     return _u2i(_lgpio._gpio_read(handle&0xffff, gpio))            ^^^^^^^^^^^^^^^^^^^^^^^^^^^^^^^^^^^^^^^^^^^^   File """"/usr/lib/python3/dist-packages/lgpio.py"""", line 458, in _u2i     raise error(error_text(v)) lgpio.error: 'GPIO not allocated' ""","","","","","","","","","","","","","","","","","","","","","","","","","","","","","","","","","","","","","","","","",""
"191.96995722","2026-08-15 09:28:13.389043","/home/akatoki/SC-30/scripts/SC-30/2_phase/motordrive.py","move","150","","","","move: direction=e, power=0.7, duration=0.1","","","","","","","","","","","","","","","","","","","","","","","","","","","","","","","","","","","","","","","","","",""
"191.988199148","2026-08-15 09:28:13.407297","/home/akatoki/SC-30/scripts/SC-30/2_phase/motordrive.py","setup_motors","86","Motor Setup Error: 'GPIO not allocated'","","","","""Traceback (most recent call last):   File """"/home/akatoki/SC-30/scripts/SC-30/2_phase/motordrive.py"""", line 83, in setup_motors     setup_gpio() # LEDなども一緒に準備     ^^^^^^^^^^^^   File """"/home/akatoki/SC-30/scripts/SC-30/2_phase/motordrive.py"""", line 63, in setup_gpio     GPIO.setup(PIN_LED, GPIO.OUT)   File """"/usr/lib/python3/dist-packages/RPi/GPIO/__init__.py"""", line 704, in setup     initial = _check(lgpio.gpio_read(_chip, gpio))                      ^^^^^^^^^^^^^^^^^^^^^^^^^^^^   File """"/usr/lib/python3/dist-packages/lgpio.py"""", line 903, in gpio_read     return _u2i(_lgpio._gpio_read(handle&0xffff, gpio))            ^^^^^^^^^^^^^^^^^^^^^^^^^^^^^^^^^^^^^^^^^^^^   File """"/usr/lib/python3/dist-packages/lgpio.py"""", line 458, in _u2i     raise error(error_text(v)) lgpio.error: 'GPIO not allocated' ""","","","","","","","","","","","","","","","","","","","","","","","","","","","","","","","","","","","","","","","","",""
"192.143832097","2026-08-15 09:28:13.562918","/home/akatoki/SC-30/scripts/SC-30/2_phase/motordrive.py","move","150","","","","move: direction=e, power=0.7, duration=0.1","","","","","","","","","","","","","","","","","","","","","","","","","","","","","","","","","","","","","","","","","",""
"192.162095548","2026-08-15 09:28:13.581198","/home/akatoki/SC-30/scripts/SC-30/2_phase/motordrive.py","setup_motors","86","Motor Setup Error: 'GPIO not allocated'","","","","""Traceback (most recent call last):   File """"/home/akatoki/SC-30/scripts/SC-30/2_phase/motordrive.py"""", line 83, in setup_motors     setup_gpio() # LEDなども一緒に準備     ^^^^^^^^^^^^   File """"/home/akatoki/SC-30/scripts/SC-30/2_phase/motordrive.py"""", line 63, in setup_gpio     GPIO.setup(PIN_LED, GPIO.OUT)   File """"/usr/lib/python3/dist-packages/RPi/GPIO/__init__.py"""", line 704, in setup     initial = _check(lgpio.gpio_read(_chip, gpio))                      ^^^^^^^^^^^^^^^^^^^^^^^^^^^^   File """"/usr/lib/python3/dist-packages/lgpio.py"""", line 903, in gpio_read     return _u2i(_lgpio._gpio_read(handle&0xffff, gpio))            ^^^^^^^^^^^^^^^^^^^^^^^^^^^^^^^^^^^^^^^^^^^^   File """"/usr/lib/python3/dist-packages/lgpio.py"""", line 458, in _u2i     raise error(error_text(v)) lgpio.error: 'GPIO not allocated' ""","","","","","","","","","","","","","","","","","","","","","","","","","","","","","","","","","","","","","","","","",""
"192.317559702","2026-08-15 09:28:13.736653","/home/akatoki/SC-30/scripts/SC-30/2_phase/motordrive.py","move","150","","","","move: direction=e, power=0.7, duration=0.1","","","","","","","","","","","","","","","","","","","","","","","","","","","","","","","","","","","","","","","","","",""
"192.335235523","2026-08-15 09:28:13.754338","/home/akatoki/SC-30/scripts/SC-30/2_phase/motordrive.py","setup_motors","86","Motor Setup Error: 'GPIO not allocated'","","","","""Traceback (most recent call last):   File """"/home/akatoki/SC-30/scripts/SC-30/2_phase/motordrive.py"""", line 83, in setup_motors     setup_gpio() # LEDなども一緒に準備     ^^^^^^^^^^^^   File """"/home/akatoki/SC-30/scripts/SC-30/2_phase/motordrive.py"""", line 63, in setup_gpio     GPIO.setup(PIN_LED, GPIO.OUT)   File """"/usr/lib/python3/dist-packages/RPi/GPIO/__init__.py"""", line 704, in setup     initial = _check(lgpio.gpio_read(_chip, gpio))                      ^^^^^^^^^^^^^^^^^^^^^^^^^^^^   File """"/usr/lib/python3/dist-packages/lgpio.py"""", line 903, in gpio_read     return _u2i(_lgpio._gpio_read(handle&0xffff, gpio))            ^^^^^^^^^^^^^^^^^^^^^^^^^^^^^^^^^^^^^^^^^^^^   File """"/usr/lib/python3/dist-packages/lgpio.py"""", line 458, in _u2i     raise error(error_text(v)) lgpio.error: 'GPIO not allocated' ""","","","","","","","","","","","","","","","","","","","","","","","","","","","","","","","","","","","","","","","","",""
"192.493814858","2026-08-15 09:28:13.912905","/home/akatoki/SC-30/scripts/SC-30/2_phase/motordrive.py","move","150","","","","move: direction=e, power=0.7, duration=0.1","","","","","","","","","","","","","","","","","","","","","","","","","","","","","","","","","","","","","","","","","",""
"192.511258618","2026-08-15 09:28:13.930369","/home/akatoki/SC-30/scripts/SC-30/2_phase/motordrive.py","setup_motors","86","Motor Setup Error: 'GPIO not allocated'","","","","""Traceback (most recent call last):   File """"/home/akatoki/SC-30/scripts/SC-30/2_phase/motordrive.py"""", line 83, in setup_motors     setup_gpio() # LEDなども一緒に準備     ^^^^^^^^^^^^   File """"/home/akatoki/SC-30/scripts/SC-30/2_phase/motordrive.py"""", line 63, in setup_gpio     GPIO.setup(PIN_LED, GPIO.OUT)   File """"/usr/lib/python3/dist-packages/RPi/GPIO/__init__.py"""", line 704, in setup     initial = _check(lgpio.gpio_read(_chip, gpio))                      ^^^^^^^^^^^^^^^^^^^^^^^^^^^^   File """"/usr/lib/python3/dist-packages/lgpio.py"""", line 903, in gpio_read     return _u2i(_lgpio._gpio_read(handle&0xffff, gpio))            ^^^^^^^^^^^^^^^^^^^^^^^^^^^^^^^^^^^^^^^^^^^^   File """"/usr/lib/python3/dist-packages/lgpio.py"""", line 458, in _u2i     raise error(error_text(v)) lgpio.error: 'GPIO not allocated' ""","","","","","","","","","","","","","","","","","","","","","","","","","","","","","","","","","","","","","","","","",""
"192.665641754","2026-08-15 09:28:14.084733","/home/akatoki/SC-30/scripts/SC-30/2_phase/motordrive.py","move","150","","","","move: direction=e, power=0.7, duration=0.1","","","","","","","","","","","","","","","","","","","","","","","","","","","","","","","","","","","","","","","","","",""
"192.683001651","2026-08-15 09:28:14.102101","/home/akatoki/SC-30/scripts/SC-30/2_phase/motordrive.py","setup_motors","86","Motor Setup Error: 'GPIO not allocated'","","","","""Traceback (most recent call last):   File """"/home/akatoki/SC-30/scripts/SC-30/2_phase/motordrive.py"""", line 83, in setup_motors     setup_gpio() # LEDなども一緒に準備     ^^^^^^^^^^^^   File """"/home/akatoki/SC-30/scripts/SC-30/2_phase/motordrive.py"""", line 63, in setup_gpio     GPIO.setup(PIN_LED, GPIO.OUT)   File """"/usr/lib/python3/dist-packages/RPi/GPIO/__init__.py"""", line 704, in setup     initial = _check(lgpio.gpio_read(_chip, gpio))                      ^^^^^^^^^^^^^^^^^^^^^^^^^^^^   File """"/usr/lib/python3/dist-packages/lgpio.py"""", line 903, in gpio_read     return _u2i(_lgpio._gpio_read(handle&0xffff, gpio))            ^^^^^^^^^^^^^^^^^^^^^^^^^^^^^^^^^^^^^^^^^^^^   File """"/usr/lib/python3/dist-packages/lgpio.py"""", line 458, in _u2i     raise error(error_text(v)) lgpio.error: 'GPIO not allocated' ""","","","","","","","","","","","","","","","","","","","","","","","","","","","","","","","","","","","","","","","","",""
"192.855149112","2026-08-15 09:28:14.274264","/home/akatoki/SC-30/scripts/SC-30/2_phase/motordrive.py","move","150","","","","move: direction=e, power=0.7, duration=0.1","","","","","","","","","","","","","","","","","","","","","","","","","","","","","","","","","","","","","","","","","",""
"192.875839813","2026-08-15 09:28:14.294939","/home/akatoki/SC-30/scripts/SC-30/2_phase/motordrive.py","setup_motors","86","Motor Setup Error: 'GPIO not allocated'","","","","""Traceback (most recent call last):   File """"/home/akatoki/SC-30/scripts/SC-30/2_phase/motordrive.py"""", line 83, in setup_motors     setup_gpio() # LEDなども一緒に準備     ^^^^^^^^^^^^   File """"/home/akatoki/SC-30/scripts/SC-30/2_phase/motordrive.py"""", line 63, in setup_gpio     GPIO.setup(PIN_LED, GPIO.OUT)   File """"/usr/lib/python3/dist-packages/RPi/GPIO/__init__.py"""", line 704, in setup     initial = _check(lgpio.gpio_read(_chip, gpio))                      ^^^^^^^^^^^^^^^^^^^^^^^^^^^^   File """"/usr/lib/python3/dist-packages/lgpio.py"""", line 903, in gpio_read     return _u2i(_lgpio._gpio_read(handle&0xffff, gpio))            ^^^^^^^^^^^^^^^^^^^^^^^^^^^^^^^^^^^^^^^^^^^^   File """"/usr/lib/python3/dist-packages/lgpio.py"""", line 458, in _u2i     raise error(error_text(v)) lgpio.error: 'GPIO not allocated' ""","","","","","","","","","","","","","","","","","","","","","","","","","","","","","","","","","","","","","","","","",""
"193.031773344","2026-08-15 09:28:14.450858","/home/akatoki/SC-30/scripts/SC-30/2_phase/motordrive.py","move","150","","","","move: direction=e, power=0.7, duration=0.1","","","","","","","","","","","","","","","","","","","","","","","","","","","","","","","","","","","","","","","","","",""
"193.050415065","2026-08-15 09:28:14.469524","/home/akatoki/SC-30/scripts/SC-30/2_phase/motordrive.py","setup_motors","86","Motor Setup Error: 'GPIO not allocated'","","","","""Traceback (most recent call last):   File """"/home/akatoki/SC-30/scripts/SC-30/2_phase/motordrive.py"""", line 83, in setup_motors     setup_gpio() # LEDなども一緒に準備     ^^^^^^^^^^^^   File """"/home/akatoki/SC-30/scripts/SC-30/2_phase/motordrive.py"""", line 63, in setup_gpio     GPIO.setup(PIN_LED, GPIO.OUT)   File """"/usr/lib/python3/dist-packages/RPi/GPIO/__init__.py"""", line 704, in setup     initial = _check(lgpio.gpio_read(_chip, gpio))                      ^^^^^^^^^^^^^^^^^^^^^^^^^^^^   File """"/usr/lib/python3/dist-packages/lgpio.py"""", line 903, in gpio_read     return _u2i(_lgpio._gpio_read(handle&0xffff, gpio))            ^^^^^^^^^^^^^^^^^^^^^^^^^^^^^^^^^^^^^^^^^^^^   File """"/usr/lib/python3/dist-packages/lgpio.py"""", line 458, in _u2i     raise error(error_text(v)) lgpio.error: 'GPIO not allocated' ""","","","","","","","","","","","","","","","","","","","","","","","","","","","","","","","","","","","","","","","","",""
"193.207838872","2026-08-15 09:28:14.626925","/home/akatoki/SC-30/scripts/SC-30/2_phase/motordrive.py","move","150","","","","move: direction=e, power=0.7, duration=0.1","","","","","","","","","","","","","","","","","","","","","","","","","","","","","","","","","","","","","","","","","",""
"193.225556889","2026-08-15 09:28:14.644660","/home/akatoki/SC-30/scripts/SC-30/2_phase/motordrive.py","setup_motors","86","Motor Setup Error: 'GPIO not allocated'","","","","""Traceback (most recent call last):   File """"/home/akatoki/SC-30/scripts/SC-30/2_phase/motordrive.py"""", line 83, in setup_motors     setup_gpio() # LEDなども一緒に準備     ^^^^^^^^^^^^   File """"/home/akatoki/SC-30/scripts/SC-30/2_phase/motordrive.py"""", line 63, in setup_gpio     GPIO.setup(PIN_LED, GPIO.OUT)   File """"/usr/lib/python3/dist-packages/RPi/GPIO/__init__.py"""", line 704, in setup     initial = _check(lgpio.gpio_read(_chip, gpio))                      ^^^^^^^^^^^^^^^^^^^^^^^^^^^^   File """"/usr/lib/python3/dist-packages/lgpio.py"""", line 903, in gpio_read     return _u2i(_lgpio._gpio_read(handle&0xffff, gpio))            ^^^^^^^^^^^^^^^^^^^^^^^^^^^^^^^^^^^^^^^^^^^^   File """"/usr/lib/python3/dist-packages/lgpio.py"""", line 458, in _u2i     raise error(error_text(v)) lgpio.error: 'GPIO not allocated' ""","","","","","","","","","","","","","","","","","","","","","","","","","","","","","","","","","","","","","","","","",""
"193.383238395","2026-08-15 09:28:14.802325","/home/akatoki/SC-30/scripts/SC-30/2_phase/motordrive.py","move","150","","","","move: direction=e, power=0.7, duration=0.1","","","","","","","","","","","","","","","","","","","","","","","","","","","","","","","","","","","","","","","","","",""
"193.402280605","2026-08-15 09:28:14.821384","/home/akatoki/SC-30/scripts/SC-30/2_phase/motordrive.py","setup_motors","86","Motor Setup Error: 'GPIO not allocated'","","","","""Traceback (most recent call last):   File """"/home/akatoki/SC-30/scripts/SC-30/2_phase/motordrive.py"""", line 83, in setup_motors     setup_gpio() # LEDなども一緒に準備     ^^^^^^^^^^^^   File """"/home/akatoki/SC-30/scripts/SC-30/2_phase/motordrive.py"""", line 63, in setup_gpio     GPIO.setup(PIN_LED, GPIO.OUT)   File """"/usr/lib/python3/dist-packages/RPi/GPIO/__init__.py"""", line 704, in setup     initial = _check(lgpio.gpio_read(_chip, gpio))                      ^^^^^^^^^^^^^^^^^^^^^^^^^^^^   File """"/usr/lib/python3/dist-packages/lgpio.py"""", line 903, in gpio_read     return _u2i(_lgpio._gpio_read(handle&0xffff, gpio))            ^^^^^^^^^^^^^^^^^^^^^^^^^^^^^^^^^^^^^^^^^^^^   File """"/usr/lib/python3/dist-packages/lgpio.py"""", line 458, in _u2i     raise error(error_text(v)) lgpio.error: 'GPIO not allocated' ""","","","","","","","","","","","","","","","","","","","","","","","","","","","","","","","","","","","","","","","","",""
"193.558273804","2026-08-15 09:28:14.977359","/home/akatoki/SC-30/scripts/SC-30/2_phase/motordrive.py","move","150","","","","move: direction=e, power=0.7, duration=0.1","","","","","","","","","","","","","","","","","","","","","","","","","","","","","","","","","","","","","","","","","",""
"193.577545364","2026-08-15 09:28:14.996644","/home/akatoki/SC-30/scripts/SC-30/2_phase/motordrive.py","setup_motors","86","Motor Setup Error: 'GPIO not allocated'","","","","""Traceback (most recent call last):   File """"/home/akatoki/SC-30/scripts/SC-30/2_phase/motordrive.py"""", line 83, in setup_motors     setup_gpio() # LEDなども一緒に準備     ^^^^^^^^^^^^   File """"/home/akatoki/SC-30/scripts/SC-30/2_phase/motordrive.py"""", line 63, in setup_gpio     GPIO.setup(PIN_LED, GPIO.OUT)   File """"/usr/lib/python3/dist-packages/RPi/GPIO/__init__.py"""", line 704, in setup     initial = _check(lgpio.gpio_read(_chip, gpio))                      ^^^^^^^^^^^^^^^^^^^^^^^^^^^^   File """"/usr/lib/python3/dist-packages/lgpio.py"""", line 903, in gpio_read     return _u2i(_lgpio._gpio_read(handle&0xffff, gpio))            ^^^^^^^^^^^^^^^^^^^^^^^^^^^^^^^^^^^^^^^^^^^^   File """"/usr/lib/python3/dist-packages/lgpio.py"""", line 458, in _u2i     raise error(error_text(v)) lgpio.error: 'GPIO not allocated' ""","","","","","","","","","","","","","","","","","","","","","","","","","","","","","","","","","","","","","","","","",""
"193.734944635","2026-08-15 09:28:15.154030","/home/akatoki/SC-30/scripts/SC-30/2_phase/motordrive.py","move","150","","","","move: direction=e, power=0.7, duration=0.1","","","","","","","","","","","","","","","","","","","","","","","","","","","","","","","","","","","","","","","","","",""
"193.754792231","2026-08-15 09:28:15.173890","/home/akatoki/SC-30/scripts/SC-30/2_phase/motordrive.py","setup_motors","86","Motor Setup Error: 'GPIO not allocated'","","","","""Traceback (most recent call last):   File """"/home/akatoki/SC-30/scripts/SC-30/2_phase/motordrive.py"""", line 83, in setup_motors     setup_gpio() # LEDなども一緒に準備     ^^^^^^^^^^^^   File """"/home/akatoki/SC-30/scripts/SC-30/2_phase/motordrive.py"""", line 63, in setup_gpio     GPIO.setup(PIN_LED, GPIO.OUT)   File """"/usr/lib/python3/dist-packages/RPi/GPIO/__init__.py"""", line 704, in setup     initial = _check(lgpio.gpio_read(_chip, gpio))                      ^^^^^^^^^^^^^^^^^^^^^^^^^^^^   File """"/usr/lib/python3/dist-packages/lgpio.py"""", line 903, in gpio_read     return _u2i(_lgpio._gpio_read(handle&0xffff, gpio))            ^^^^^^^^^^^^^^^^^^^^^^^^^^^^^^^^^^^^^^^^^^^^   File """"/usr/lib/python3/dist-packages/lgpio.py"""", line 458, in _u2i     raise error(error_text(v)) lgpio.error: 'GPIO not allocated' ""","","","","","","","","","","","","","","","","","","","","","","","","","","","","","","","","","","","","","","","","",""
"193.917276959","2026-08-15 09:28:15.336363","/home/akatoki/SC-30/scripts/SC-30/2_phase/motordrive.py","move","150","","","","move: direction=e, power=0.7, duration=0.1","","","","","","","","","","","","","","","","","","","","","","","","","","","","","","","","","","","","","","","","","",""
"193.935124104","2026-08-15 09:28:15.354225","/home/akatoki/SC-30/scripts/SC-30/2_phase/motordrive.py","setup_motors","86","Motor Setup Error: 'GPIO not allocated'","","","","""Traceback (most recent call last):   File """"/home/akatoki/SC-30/scripts/SC-30/2_phase/motordrive.py"""", line 83, in setup_motors     setup_gpio() # LEDなども一緒に準備     ^^^^^^^^^^^^   File """"/home/akatoki/SC-30/scripts/SC-30/2_phase/motordrive.py"""", line 63, in setup_gpio     GPIO.setup(PIN_LED, GPIO.OUT)   File """"/usr/lib/python3/dist-packages/RPi/GPIO/__init__.py"""", line 704, in setup     initial = _check(lgpio.gpio_read(_chip, gpio))                      ^^^^^^^^^^^^^^^^^^^^^^^^^^^^   File """"/usr/lib/python3/dist-packages/lgpio.py"""", line 903, in gpio_read     return _u2i(_lgpio._gpio_read(handle&0xffff, gpio))            ^^^^^^^^^^^^^^^^^^^^^^^^^^^^^^^^^^^^^^^^^^^^   File """"/usr/lib/python3/dist-packages/lgpio.py"""", line 458, in _u2i     raise error(error_text(v)) lgpio.error: 'GPIO not allocated' ""","","","","","","","","","","","","","","","","","","","","","","","","","","","","","","","","","","","","","","","","",""
"194.086891958","2026-08-15 09:28:15.505977","/home/akatoki/SC-30/scripts/SC-30/2_phase/motordrive.py","move","150","","","","move: direction=e, power=0.7, duration=0.1","","","","","","","","","","","","","","","","","","","","","","","","","","","","","","","","","","","","","","","","","",""
"194.106122122","2026-08-15 09:28:15.525224","/home/akatoki/SC-30/scripts/SC-30/2_phase/motordrive.py","setup_motors","86","Motor Setup Error: 'GPIO not allocated'","","","","""Traceback (most recent call last):   File """"/home/akatoki/SC-30/scripts/SC-30/2_phase/motordrive.py"""", line 83, in setup_motors     setup_gpio() # LEDなども一緒に準備     ^^^^^^^^^^^^   File """"/home/akatoki/SC-30/scripts/SC-30/2_phase/motordrive.py"""", line 63, in setup_gpio     GPIO.setup(PIN_LED, GPIO.OUT)   File """"/usr/lib/python3/dist-packages/RPi/GPIO/__init__.py"""", line 704, in setup     initial = _check(lgpio.gpio_read(_chip, gpio))                      ^^^^^^^^^^^^^^^^^^^^^^^^^^^^   File """"/usr/lib/python3/dist-packages/lgpio.py"""", line 903, in gpio_read     return _u2i(_lgpio._gpio_read(handle&0xffff, gpio))            ^^^^^^^^^^^^^^^^^^^^^^^^^^^^^^^^^^^^^^^^^^^^   File """"/usr/lib/python3/dist-packages/lgpio.py"""", line 458, in _u2i     raise error(error_text(v)) lgpio.error: 'GPIO not allocated' ""","","","","","","","","","","","","","","","","","","","","","","","","","","","","","","","","","","","","","","","","",""
"194.262035229","2026-08-15 09:28:15.681122","/home/akatoki/SC-30/scripts/SC-30/2_phase/motordrive.py","move","150","","","","move: direction=e, power=0.7, duration=0.1","","","","","","","","","","","","","","","","","","","","","","","","","","","","","","","","","","","","","","","","","",""
"194.287033333","2026-08-15 09:28:15.706136","/home/akatoki/SC-30/scripts/SC-30/2_phase/motordrive.py","setup_motors","86","Motor Setup Error: 'GPIO not allocated'","","","","""Traceback (most recent call last):   File """"/home/akatoki/SC-30/scripts/SC-30/2_phase/motordrive.py"""", line 83, in setup_motors     setup_gpio() # LEDなども一緒に準備     ^^^^^^^^^^^^   File """"/home/akatoki/SC-30/scripts/SC-30/2_phase/motordrive.py"""", line 63, in setup_gpio     GPIO.setup(PIN_LED, GPIO.OUT)   File """"/usr/lib/python3/dist-packages/RPi/GPIO/__init__.py"""", line 704, in setup     initial = _check(lgpio.gpio_read(_chip, gpio))                      ^^^^^^^^^^^^^^^^^^^^^^^^^^^^   File """"/usr/lib/python3/dist-packages/lgpio.py"""", line 903, in gpio_read     return _u2i(_lgpio._gpio_read(handle&0xffff, gpio))            ^^^^^^^^^^^^^^^^^^^^^^^^^^^^^^^^^^^^^^^^^^^^   File """"/usr/lib/python3/dist-packages/lgpio.py"""", line 458, in _u2i     raise error(error_text(v)) lgpio.error: 'GPIO not allocated' ""","","","","","","","","","","","","","","","","","","","","","","","","","","","","","","","","","","","","","","","","",""
"194.446126305","2026-08-15 09:28:15.865215","/home/akatoki/SC-30/scripts/SC-30/2_phase/motordrive.py","move","150","","","","move: direction=w, power=0.7, duration=1.5","","","","","","","","","","","","","","","","","","","","","","","","","","","","","","","","","","","","","","","","","",""
"194.465688115","2026-08-15 09:28:15.884787","/home/akatoki/SC-30/scripts/SC-30/2_phase/motordrive.py","setup_motors","86","Motor Setup Error: 'GPIO not allocated'","","","","""Traceback (most recent call last):   File """"/home/akatoki/SC-30/scripts/SC-30/2_phase/motordrive.py"""", line 83, in setup_motors     setup_gpio() # LEDなども一緒に準備     ^^^^^^^^^^^^   File """"/home/akatoki/SC-30/scripts/SC-30/2_phase/motordrive.py"""", line 63, in setup_gpio     GPIO.setup(PIN_LED, GPIO.OUT)   File """"/usr/lib/python3/dist-packages/RPi/GPIO/__init__.py"""", line 704, in setup     initial = _check(lgpio.gpio_read(_chip, gpio))                      ^^^^^^^^^^^^^^^^^^^^^^^^^^^^   File """"/usr/lib/python3/dist-packages/lgpio.py"""", line 903, in gpio_read     return _u2i(_lgpio._gpio_read(handle&0xffff, gpio))            ^^^^^^^^^^^^^^^^^^^^^^^^^^^^^^^^^^^^^^^^^^^^   File """"/usr/lib/python3/dist-packages/lgpio.py"""", line 458, in _u2i     raise error(error_text(v)) lgpio.error: 'GPIO not allocated' ""","","","","","","","","","","","","","","","","","","","","","","","","","","","","","","","","","","","","","","","","",""
"194.623916742","2026-08-15 09:28:16.043004","/home/akatoki/SC-30/scripts/SC-30/2_phase/motordrive.py","move","150","","","","move: direction=q, power=0.7, duration=0.1","","","","","","","","","","","","","","","","","","","","","","","","","","","","","","","","","","","","","","","","","",""
"194.64229809","2026-08-15 09:28:16.061395","/home/akatoki/SC-30/scripts/SC-30/2_phase/motordrive.py","setup_motors","86","Motor Setup Error: 'GPIO not allocated'","","","","""Traceback (most recent call last):   File """"/home/akatoki/SC-30/scripts/SC-30/2_phase/motordrive.py"""", line 83, in setup_motors     setup_gpio() # LEDなども一緒に準備     ^^^^^^^^^^^^   File """"/home/akatoki/SC-30/scripts/SC-30/2_phase/motordrive.py"""", line 63, in setup_gpio     GPIO.setup(PIN_LED, GPIO.OUT)   File """"/usr/lib/python3/dist-packages/RPi/GPIO/__init__.py"""", line 704, in setup     initial = _check(lgpio.gpio_read(_chip, gpio))                      ^^^^^^^^^^^^^^^^^^^^^^^^^^^^   File """"/usr/lib/python3/dist-packages/lgpio.py"""", line 903, in gpio_read     return _u2i(_lgpio._gpio_read(handle&0xffff, gpio))            ^^^^^^^^^^^^^^^^^^^^^^^^^^^^^^^^^^^^^^^^^^^^   File """"/usr/lib/python3/dist-packages/lgpio.py"""", line 458, in _u2i     raise error(error_text(v)) lgpio.error: 'GPIO not allocated' ""","","","","","","","","","","","","","","","","","","","","","","","","","","","","","","","","","","","","","","","","",""
"194.657810858","2026-08-15 09:28:16.076896","/home/akatoki/SC-30/scripts/SC-30/2_phase/motordrive.py","move","150","","","","move: direction=w, power=0.7, duration=1.5","","","","","","","","","","","","","","","","","","","","","","","","","","","","","","","","","","","","","","","","","",""
"194.682291129","2026-08-15 09:28:16.101395","/home/akatoki/SC-30/scripts/SC-30/2_phase/motordrive.py","setup_motors","86","Motor Setup Error: 'GPIO not allocated'","","","","""Traceback (most recent call last):   File """"/home/akatoki/SC-30/scripts/SC-30/2_phase/motordrive.py"""", line 83, in setup_motors     setup_gpio() # LEDなども一緒に準備     ^^^^^^^^^^^^   File """"/home/akatoki/SC-30/scripts/SC-30/2_phase/motordrive.py"""", line 63, in setup_gpio     GPIO.setup(PIN_LED, GPIO.OUT)   File """"/usr/lib/python3/dist-packages/RPi/GPIO/__init__.py"""", line 704, in setup     initial = _check(lgpio.gpio_read(_chip, gpio))                      ^^^^^^^^^^^^^^^^^^^^^^^^^^^^   File """"/usr/lib/python3/dist-packages/lgpio.py"""", line 903, in gpio_read     return _u2i(_lgpio._gpio_read(handle&0xffff, gpio))            ^^^^^^^^^^^^^^^^^^^^^^^^^^^^^^^^^^^^^^^^^^^^   File """"/usr/lib/python3/dist-packages/lgpio.py"""", line 458, in _u2i     raise error(error_text(v)) lgpio.error: 'GPIO not allocated' ""","","","","","","","","","","","","","","","","","","","","","","","","","","","","","","","","","","","","","","","","",""
"194.837295098","2026-08-15 09:28:16.256381","/home/akatoki/SC-30/scripts/SC-30/2_phase/motordrive.py","move","150","","","","move: direction=e, power=0.7, duration=0.1","","","","","","","","","","","","","","","","","","","","","","","","","","","","","","","","","","","","","","","","","",""
"194.858273415","2026-08-15 09:28:16.277373","/home/akatoki/SC-30/scripts/SC-30/2_phase/motordrive.py","setup_motors","86","Motor Setup Error: 'GPIO not allocated'","","","","""Traceback (most recent call last):   File """"/home/akatoki/SC-30/scripts/SC-30/2_phase/motordrive.py"""", line 83, in setup_motors     setup_gpio() # LEDなども一緒に準備     ^^^^^^^^^^^^   File """"/home/akatoki/SC-30/scripts/SC-30/2_phase/motordrive.py"""", line 63, in setup_gpio     GPIO.setup(PIN_LED, GPIO.OUT)   File """"/usr/lib/python3/dist-packages/RPi/GPIO/__init__.py"""", line 704, in setup     initial = _check(lgpio.gpio_read(_chip, gpio))                      ^^^^^^^^^^^^^^^^^^^^^^^^^^^^   File """"/usr/lib/python3/dist-packages/lgpio.py"""", line 903, in gpio_read     return _u2i(_lgpio._gpio_read(handle&0xffff, gpio))            ^^^^^^^^^^^^^^^^^^^^^^^^^^^^^^^^^^^^^^^^^^^^   File """"/usr/lib/python3/dist-packages/lgpio.py"""", line 458, in _u2i     raise error(error_text(v)) lgpio.error: 'GPIO not allocated' ""","","","","","","","","","","","","","","","","","","","","","","","","","","","","","","","","","","","","","","","","",""
"194.874735515","2026-08-15 09:28:16.293822","/home/akatoki/SC-30/scripts/SC-30/2_phase/motordrive.py","move","150","","","","move: direction=w, power=0.7, duration=1.5","","","","","","","","","","","","","","","","","","","","","","","","","","","","","","","","","","","","","","","","","",""
"194.894148636","2026-08-15 09:28:16.313249","/home/akatoki/SC-30/scripts/SC-30/2_phase/motordrive.py","setup_motors","86","Motor Setup Error: 'GPIO not allocated'","","","","""Traceback (most recent call last):   File """"/home/akatoki/SC-30/scripts/SC-30/2_phase/motordrive.py"""", line 83, in setup_motors     setup_gpio() # LEDなども一緒に準備     ^^^^^^^^^^^^   File """"/home/akatoki/SC-30/scripts/SC-30/2_phase/motordrive.py"""", line 63, in setup_gpio     GPIO.setup(PIN_LED, GPIO.OUT)   File """"/usr/lib/python3/dist-packages/RPi/GPIO/__init__.py"""", line 704, in setup     initial = _check(lgpio.gpio_read(_chip, gpio))                      ^^^^^^^^^^^^^^^^^^^^^^^^^^^^   File """"/usr/lib/python3/dist-packages/lgpio.py"""", line 903, in gpio_read     return _u2i(_lgpio._gpio_read(handle&0xffff, gpio))            ^^^^^^^^^^^^^^^^^^^^^^^^^^^^^^^^^^^^^^^^^^^^   File """"/usr/lib/python3/dist-packages/lgpio.py"""", line 458, in _u2i     raise error(error_text(v)) lgpio.error: 'GPIO not allocated' ""","","","","","","","","","","","","","","","","","","","","","","","","","","","","","","","","","","","","","","","","",""
"195.061137728","2026-08-15 09:28:16.480224","/home/akatoki/SC-30/scripts/SC-30/2_phase/motordrive.py","move","150","","","","move: direction=e, power=0.7, duration=0.1","","","","","","","","","","","","","","","","","","","","","","","","","","","","","","","","","","","","","","","","","",""
"195.0786735","2026-08-15 09:28:16.497772","/home/akatoki/SC-30/scripts/SC-30/2_phase/motordrive.py","setup_motors","86","Motor Setup Error: 'GPIO not allocated'","","","","""Traceback (most recent call last):   File """"/home/akatoki/SC-30/scripts/SC-30/2_phase/motordrive.py"""", line 83, in setup_motors     setup_gpio() # LEDなども一緒に準備     ^^^^^^^^^^^^   File """"/home/akatoki/SC-30/scripts/SC-30/2_phase/motordrive.py"""", line 63, in setup_gpio     GPIO.setup(PIN_LED, GPIO.OUT)   File """"/usr/lib/python3/dist-packages/RPi/GPIO/__init__.py"""", line 704, in setup     initial = _check(lgpio.gpio_read(_chip, gpio))                      ^^^^^^^^^^^^^^^^^^^^^^^^^^^^   File """"/usr/lib/python3/dist-packages/lgpio.py"""", line 903, in gpio_read     return _u2i(_lgpio._gpio_read(handle&0xffff, gpio))            ^^^^^^^^^^^^^^^^^^^^^^^^^^^^^^^^^^^^^^^^^^^^   File """"/usr/lib/python3/dist-packages/lgpio.py"""", line 458, in _u2i     raise error(error_text(v)) lgpio.error: 'GPIO not allocated' ""","","","","","","","","","","","","","","","","","","","","","","","","","","","","","","","","","","","","","","","","",""
"195.091348279","2026-08-15 09:28:16.510434","/home/akatoki/SC-30/scripts/SC-30/2_phase/motordrive.py","move","150","","","","move: direction=w, power=0.7, duration=1.5","","","","","","","","","","","","","","","","","","","","","","","","","","","","","","","","","","","","","","","","","",""
"195.110282279","2026-08-15 09:28:16.529381","/home/akatoki/SC-30/scripts/SC-30/2_phase/motordrive.py","setup_motors","86","Motor Setup Error: 'GPIO not allocated'","","","","""Traceback (most recent call last):   File """"/home/akatoki/SC-30/scripts/SC-30/2_phase/motordrive.py"""", line 83, in setup_motors     setup_gpio() # LEDなども一緒に準備     ^^^^^^^^^^^^   File """"/home/akatoki/SC-30/scripts/SC-30/2_phase/motordrive.py"""", line 63, in setup_gpio     GPIO.setup(PIN_LED, GPIO.OUT)   File """"/usr/lib/python3/dist-packages/RPi/GPIO/__init__.py"""", line 704, in setup     initial = _check(lgpio.gpio_read(_chip, gpio))                      ^^^^^^^^^^^^^^^^^^^^^^^^^^^^   File """"/usr/lib/python3/dist-packages/lgpio.py"""", line 903, in gpio_read     return _u2i(_lgpio._gpio_read(handle&0xffff, gpio))            ^^^^^^^^^^^^^^^^^^^^^^^^^^^^^^^^^^^^^^^^^^^^   File """"/usr/lib/python3/dist-packages/lgpio.py"""", line 458, in _u2i     raise error(error_text(v)) lgpio.error: 'GPIO not allocated' ""","","","","","","","","","","","","","","","","","","","","","","","","","","","","","","","","","","","","","","","","",""
"195.272682822","2026-08-15 09:28:16.691770","/home/akatoki/SC-30/scripts/SC-30/2_phase/motordrive.py","move","150","","","","move: direction=w, power=0.7, duration=1.5","","","","","","","","","","","","","","","","","","","","","","","","","","","","","","","","","","","","","","","","","",""
"195.290826641","2026-08-15 09:28:16.709927","/home/akatoki/SC-30/scripts/SC-30/2_phase/motordrive.py","setup_motors","86","Motor Setup Error: 'GPIO not allocated'","","","","""Traceback (most recent call last):   File """"/home/akatoki/SC-30/scripts/SC-30/2_phase/motordrive.py"""", line 83, in setup_motors     setup_gpio() # LEDなども一緒に準備     ^^^^^^^^^^^^   File """"/home/akatoki/SC-30/scripts/SC-30/2_phase/motordrive.py"""", line 63, in setup_gpio     GPIO.setup(PIN_LED, GPIO.OUT)   File """"/usr/lib/python3/dist-packages/RPi/GPIO/__init__.py"""", line 704, in setup     initial = _check(lgpio.gpio_read(_chip, gpio))                      ^^^^^^^^^^^^^^^^^^^^^^^^^^^^   File """"/usr/lib/python3/dist-packages/lgpio.py"""", line 903, in gpio_read     return _u2i(_lgpio._gpio_read(handle&0xffff, gpio))            ^^^^^^^^^^^^^^^^^^^^^^^^^^^^^^^^^^^^^^^^^^^^   File """"/usr/lib/python3/dist-packages/lgpio.py"""", line 458, in _u2i     raise error(error_text(v)) lgpio.error: 'GPIO not allocated' ""","","","","","","","","","","","","","","","","","","","","","","","","","","","","","","","","","","","","","","","","",""
"195.450512388","2026-08-15 09:28:16.869597","/home/akatoki/SC-30/scripts/SC-30/2_phase/motordrive.py","move","150","","","","move: direction=w, power=0.7, duration=1.5","","","","","","","","","","","","","","","","","","","","","","","","","","","","","","","","","","","","","","","","","",""
"195.468371518","2026-08-15 09:28:16.887474","/home/akatoki/SC-30/scripts/SC-30/2_phase/motordrive.py","setup_motors","86","Motor Setup Error: 'GPIO not allocated'","","","","""Traceback (most recent call last):   File """"/home/akatoki/SC-30/scripts/SC-30/2_phase/motordrive.py"""", line 83, in setup_motors     setup_gpio() # LEDなども一緒に準備     ^^^^^^^^^^^^   File """"/home/akatoki/SC-30/scripts/SC-30/2_phase/motordrive.py"""", line 63, in setup_gpio     GPIO.setup(PIN_LED, GPIO.OUT)   File """"/usr/lib/python3/dist-packages/RPi/GPIO/__init__.py"""", line 704, in setup     initial = _check(lgpio.gpio_read(_chip, gpio))                      ^^^^^^^^^^^^^^^^^^^^^^^^^^^^   File """"/usr/lib/python3/dist-packages/lgpio.py"""", line 903, in gpio_read     return _u2i(_lgpio._gpio_read(handle&0xffff, gpio))            ^^^^^^^^^^^^^^^^^^^^^^^^^^^^^^^^^^^^^^^^^^^^   File """"/usr/lib/python3/dist-packages/lgpio.py"""", line 458, in _u2i     raise error(error_text(v)) lgpio.error: 'GPIO not allocated' ""","","","","","","","","","","","","","","","","","","","","","","","","","","","","","","","","","","","","","","","","",""
"195.625616766","2026-08-15 09:28:17.044703","/home/akatoki/SC-30/scripts/SC-30/2_phase/motordrive.py","move","150","","","","move: direction=q, power=0.7, duration=0.1","","","","","","","","","","","","","","","","","","","","","","","","","","","","","","","","","","","","","","","","","",""
"195.643773356","2026-08-15 09:28:17.062876","/home/akatoki/SC-30/scripts/SC-30/2_phase/motordrive.py","setup_motors","86","Motor Setup Error: 'GPIO not allocated'","","","","""Traceback (most recent call last):   File """"/home/akatoki/SC-30/scripts/SC-30/2_phase/motordrive.py"""", line 83, in setup_motors     setup_gpio() # LEDなども一緒に準備     ^^^^^^^^^^^^   File """"/home/akatoki/SC-30/scripts/SC-30/2_phase/motordrive.py"""", line 63, in setup_gpio     GPIO.setup(PIN_LED, GPIO.OUT)   File """"/usr/lib/python3/dist-packages/RPi/GPIO/__init__.py"""", line 704, in setup     initial = _check(lgpio.gpio_read(_chip, gpio))                      ^^^^^^^^^^^^^^^^^^^^^^^^^^^^   File """"/usr/lib/python3/dist-packages/lgpio.py"""", line 903, in gpio_read     return _u2i(_lgpio._gpio_read(handle&0xffff, gpio))            ^^^^^^^^^^^^^^^^^^^^^^^^^^^^^^^^^^^^^^^^^^^^   File """"/usr/lib/python3/dist-packages/lgpio.py"""", line 458, in _u2i     raise error(error_text(v)) lgpio.error: 'GPIO not allocated' ""","","","","","","","","","","","","","","","","","","","","","","","","","","","","","","","","","","","","","","","","",""
"195.655842522","2026-08-15 09:28:17.074928","/home/akatoki/SC-30/scripts/SC-30/2_phase/motordrive.py","move","150","","","","move: direction=w, power=0.7, duration=1.5","","","","","","","","","","","","","","","","","","","","","","","","","","","","","","","","","","","","","","","","","",""
"195.674147788","2026-08-15 09:28:17.093247","/home/akatoki/SC-30/scripts/SC-30/2_phase/motordrive.py","setup_motors","86","Motor Setup Error: 'GPIO not allocated'","","","","""Traceback (most recent call last):   File """"/home/akatoki/SC-30/scripts/SC-30/2_phase/motordrive.py"""", line 83, in setup_motors     setup_gpio() # LEDなども一緒に準備     ^^^^^^^^^^^^   File """"/home/akatoki/SC-30/scripts/SC-30/2_phase/motordrive.py"""", line 63, in setup_gpio     GPIO.setup(PIN_LED, GPIO.OUT)   File """"/usr/lib/python3/dist-packages/RPi/GPIO/__init__.py"""", line 704, in setup     initial = _check(lgpio.gpio_read(_chip, gpio))                      ^^^^^^^^^^^^^^^^^^^^^^^^^^^^   File """"/usr/lib/python3/dist-packages/lgpio.py"""", line 903, in gpio_read     return _u2i(_lgpio._gpio_read(handle&0xffff, gpio))            ^^^^^^^^^^^^^^^^^^^^^^^^^^^^^^^^^^^^^^^^^^^^   File """"/usr/lib/python3/dist-packages/lgpio.py"""", line 458, in _u2i     raise error(error_text(v)) lgpio.error: 'GPIO not allocated' ""","","","","","","","","","","","","","","","","","","","","","","","","","","","","","","","","","","","","","","","","",""
"195.850713847","2026-08-15 09:28:17.269800","/home/akatoki/SC-30/scripts/SC-30/2_phase/motordrive.py","move","150","","","","move: direction=q, power=0.7, duration=0.1","","","","","","","","","","","","","","","","","","","","","","","","","","","","","","","","","","","","","","","","","",""
"195.86937999","2026-08-15 09:28:17.288476","/home/akatoki/SC-30/scripts/SC-30/2_phase/motordrive.py","setup_motors","86","Motor Setup Error: 'GPIO not allocated'","","","","""Traceback (most recent call last):   File """"/home/akatoki/SC-30/scripts/SC-30/2_phase/motordrive.py"""", line 83, in setup_motors     setup_gpio() # LEDなども一緒に準備     ^^^^^^^^^^^^   File """"/home/akatoki/SC-30/scripts/SC-30/2_phase/motordrive.py"""", line 63, in setup_gpio     GPIO.setup(PIN_LED, GPIO.OUT)   File """"/usr/lib/python3/dist-packages/RPi/GPIO/__init__.py"""", line 704, in setup     initial = _check(lgpio.gpio_read(_chip, gpio))                      ^^^^^^^^^^^^^^^^^^^^^^^^^^^^   File """"/usr/lib/python3/dist-packages/lgpio.py"""", line 903, in gpio_read     return _u2i(_lgpio._gpio_read(handle&0xffff, gpio))            ^^^^^^^^^^^^^^^^^^^^^^^^^^^^^^^^^^^^^^^^^^^^   File """"/usr/lib/python3/dist-packages/lgpio.py"""", line 458, in _u2i     raise error(error_text(v)) lgpio.error: 'GPIO not allocated' ""","","","","","","","","","","","","","","","","","","","","","","","","","","","","","","","","","","","","","","","","",""
"195.88817412","2026-08-15 09:28:17.307259","/home/akatoki/SC-30/scripts/SC-30/2_phase/motordrive.py","move","150","","","","move: direction=w, power=0.7, duration=1.5","","","","","","","","","","","","","","","","","","","","","","","","","","","","","","","","","","","","","","","","","",""
"195.916631764","2026-08-15 09:28:17.335733","/home/akatoki/SC-30/scripts/SC-30/2_phase/motordrive.py","setup_motors","86","Motor Setup Error: 'GPIO not allocated'","","","","""Traceback (most recent call last):   File """"/home/akatoki/SC-30/scripts/SC-30/2_phase/motordrive.py"""", line 83, in setup_motors     setup_gpio() # LEDなども一緒に準備     ^^^^^^^^^^^^   File """"/home/akatoki/SC-30/scripts/SC-30/2_phase/motordrive.py"""", line 63, in setup_gpio     GPIO.setup(PIN_LED, GPIO.OUT)   File """"/usr/lib/python3/dist-packages/RPi/GPIO/__init__.py"""", line 704, in setup     initial = _check(lgpio.gpio_read(_chip, gpio))                      ^^^^^^^^^^^^^^^^^^^^^^^^^^^^   File """"/usr/lib/python3/dist-packages/lgpio.py"""", line 903, in gpio_read     return _u2i(_lgpio._gpio_read(handle&0xffff, gpio))            ^^^^^^^^^^^^^^^^^^^^^^^^^^^^^^^^^^^^^^^^^^^^   File """"/usr/lib/python3/dist-packages/lgpio.py"""", line 458, in _u2i     raise error(error_text(v)) lgpio.error: 'GPIO not allocated' ""","","","","","","","","","","","","","","","","","","","","","","","","","","","","","","","","","","","","","","","","",""
"196.070135242","2026-08-15 09:28:17.489221","/home/akatoki/SC-30/scripts/SC-30/2_phase/motordrive.py","move","150","","","","move: direction=w, power=0.7, duration=1.5","","","","","","","","","","","","","","","","","","","","","","","","","","","","","","","","","","","","","","","","","",""
"196.09412125","2026-08-15 09:28:17.513218","/home/akatoki/SC-30/scripts/SC-30/2_phase/motordrive.py","setup_motors","86","Motor Setup Error: 'GPIO not allocated'","","","","""Traceback (most recent call last):   File """"/home/akatoki/SC-30/scripts/SC-30/2_phase/motordrive.py"""", line 83, in setup_motors     setup_gpio() # LEDなども一緒に準備     ^^^^^^^^^^^^   File """"/home/akatoki/SC-30/scripts/SC-30/2_phase/motordrive.py"""", line 63, in setup_gpio     GPIO.setup(PIN_LED, GPIO.OUT)   File """"/usr/lib/python3/dist-packages/RPi/GPIO/__init__.py"""", line 704, in setup     initial = _check(lgpio.gpio_read(_chip, gpio))                      ^^^^^^^^^^^^^^^^^^^^^^^^^^^^   File """"/usr/lib/python3/dist-packages/lgpio.py"""", line 903, in gpio_read     return _u2i(_lgpio._gpio_read(handle&0xffff, gpio))            ^^^^^^^^^^^^^^^^^^^^^^^^^^^^^^^^^^^^^^^^^^^^   File """"/usr/lib/python3/dist-packages/lgpio.py"""", line 458, in _u2i     raise error(error_text(v)) lgpio.error: 'GPIO not allocated' ""","","","","","","","","","","","","","","","","","","","","","","","","","","","","","","","","","","","","","","","","",""
"196.257972265","2026-08-15 09:28:17.677060","/home/akatoki/SC-30/scripts/SC-30/2_phase/motordrive.py","move","150","","","","move: direction=w, power=0.7, duration=1.5","","","","","","","","","","","","","","","","","","","","","","","","","","","","","","","","","","","","","","","","","",""
"196.285686009","2026-08-15 09:28:17.704795","/home/akatoki/SC-30/scripts/SC-30/2_phase/motordrive.py","setup_motors","86","Motor Setup Error: 'GPIO not allocated'","","","","""Traceback (most recent call last):   File """"/home/akatoki/SC-30/scripts/SC-30/2_phase/motordrive.py"""", line 83, in setup_motors     setup_gpio() # LEDなども一緒に準備     ^^^^^^^^^^^^   File """"/home/akatoki/SC-30/scripts/SC-30/2_phase/motordrive.py"""", line 63, in setup_gpio     GPIO.setup(PIN_LED, GPIO.OUT)   File """"/usr/lib/python3/dist-packages/RPi/GPIO/__init__.py"""", line 704, in setup     initial = _check(lgpio.gpio_read(_chip, gpio))                      ^^^^^^^^^^^^^^^^^^^^^^^^^^^^   File """"/usr/lib/python3/dist-packages/lgpio.py"""", line 903, in gpio_read     return _u2i(_lgpio._gpio_read(handle&0xffff, gpio))            ^^^^^^^^^^^^^^^^^^^^^^^^^^^^^^^^^^^^^^^^^^^^   File """"/usr/lib/python3/dist-packages/lgpio.py"""", line 458, in _u2i     raise error(error_text(v)) lgpio.error: 'GPIO not allocated' ""","","","","","","","","","","","","","","","","","","","","","","","","","","","","","","","","","","","","","","","","",""
"196.451885561","2026-08-15 09:28:17.870974","/home/akatoki/SC-30/scripts/SC-30/2_phase/motordrive.py","move","150","","","","move: direction=w, power=0.7, duration=1.5","","","","","","","","","","","","","","","","","","","","","","","","","","","","","","","","","","","","","","","","","",""
"196.47175268","2026-08-15 09:28:17.890856","/home/akatoki/SC-30/scripts/SC-30/2_phase/motordrive.py","setup_motors","86","Motor Setup Error: 'GPIO not allocated'","","","","""Traceback (most recent call last):   File """"/home/akatoki/SC-30/scripts/SC-30/2_phase/motordrive.py"""", line 83, in setup_motors     setup_gpio() # LEDなども一緒に準備     ^^^^^^^^^^^^   File """"/home/akatoki/SC-30/scripts/SC-30/2_phase/motordrive.py"""", line 63, in setup_gpio     GPIO.setup(PIN_LED, GPIO.OUT)   File """"/usr/lib/python3/dist-packages/RPi/GPIO/__init__.py"""", line 704, in setup     initial = _check(lgpio.gpio_read(_chip, gpio))                      ^^^^^^^^^^^^^^^^^^^^^^^^^^^^   File """"/usr/lib/python3/dist-packages/lgpio.py"""", line 903, in gpio_read     return _u2i(_lgpio._gpio_read(handle&0xffff, gpio))            ^^^^^^^^^^^^^^^^^^^^^^^^^^^^^^^^^^^^^^^^^^^^   File """"/usr/lib/python3/dist-packages/lgpio.py"""", line 458, in _u2i     raise error(error_text(v)) lgpio.error: 'GPIO not allocated' ""","","","","","","","","","","","","","","","","","","","","","","","","","","","","","","","","","","","","","","","","",""
"196.638645091","2026-08-15 09:28:18.057732","/home/akatoki/SC-30/scripts/SC-30/2_phase/motordrive.py","move","150","","","","move: direction=w, power=0.7, duration=1.5","","","","","","","","","","","","","","","","","","","","","","","","","","","","","","","","","","","","","","","","","",""
"196.665033903","2026-08-15 09:28:18.084134","/home/akatoki/SC-30/scripts/SC-30/2_phase/motordrive.py","setup_motors","86","Motor Setup Error: 'GPIO not allocated'","","","","""Traceback (most recent call last):   File """"/home/akatoki/SC-30/scripts/SC-30/2_phase/motordrive.py"""", line 83, in setup_motors     setup_gpio() # LEDなども一緒に準備     ^^^^^^^^^^^^   File """"/home/akatoki/SC-30/scripts/SC-30/2_phase/motordrive.py"""", line 63, in setup_gpio     GPIO.setup(PIN_LED, GPIO.OUT)   File """"/usr/lib/python3/dist-packages/RPi/GPIO/__init__.py"""", line 704, in setup     initial = _check(lgpio.gpio_read(_chip, gpio))                      ^^^^^^^^^^^^^^^^^^^^^^^^^^^^   File """"/usr/lib/python3/dist-packages/lgpio.py"""", line 903, in gpio_read     return _u2i(_lgpio._gpio_read(handle&0xffff, gpio))            ^^^^^^^^^^^^^^^^^^^^^^^^^^^^^^^^^^^^^^^^^^^^   File """"/usr/lib/python3/dist-packages/lgpio.py"""", line 458, in _u2i     raise error(error_text(v)) lgpio.error: 'GPIO not allocated' ""","","","","","","","","","","","","","","","","","","","","","","","","","","","","","","","","","","","","","","","","",""
"196.824628665","2026-08-15 09:28:18.243713","/home/akatoki/SC-30/scripts/SC-30/2_phase/motordrive.py","move","150","","","","move: direction=w, power=0.7, duration=1.5","","","","","","","","","","","","","","","","","","","","","","","","","","","","","","","","","","","","","","","","","",""
"196.842285147","2026-08-15 09:28:18.261382","/home/akatoki/SC-30/scripts/SC-30/2_phase/motordrive.py","setup_motors","86","Motor Setup Error: 'GPIO not allocated'","","","","""Traceback (most recent call last):   File """"/home/akatoki/SC-30/scripts/SC-30/2_phase/motordrive.py"""", line 83, in setup_motors     setup_gpio() # LEDなども一緒に準備     ^^^^^^^^^^^^   File """"/home/akatoki/SC-30/scripts/SC-30/2_phase/motordrive.py"""", line 63, in setup_gpio     GPIO.setup(PIN_LED, GPIO.OUT)   File """"/usr/lib/python3/dist-packages/RPi/GPIO/__init__.py"""", line 704, in setup     initial = _check(lgpio.gpio_read(_chip, gpio))                      ^^^^^^^^^^^^^^^^^^^^^^^^^^^^   File """"/usr/lib/python3/dist-packages/lgpio.py"""", line 903, in gpio_read     return _u2i(_lgpio._gpio_read(handle&0xffff, gpio))            ^^^^^^^^^^^^^^^^^^^^^^^^^^^^^^^^^^^^^^^^^^^^   File """"/usr/lib/python3/dist-packages/lgpio.py"""", line 458, in _u2i     raise error(error_text(v)) lgpio.error: 'GPIO not allocated' ""","","","","","","","","","","","","","","","","","","","","","","","","","","","","","","","","","","","","","","","","",""
"196.997336642","2026-08-15 09:28:18.416422","/home/akatoki/SC-30/scripts/SC-30/2_phase/motordrive.py","move","150","","","","move: direction=q, power=0.7, duration=0.1","","","","","","","","","","","","","","","","","","","","","","","","","","","","","","","","","","","","","","","","","",""
"197.01459744","2026-08-15 09:28:18.433700","/home/akatoki/SC-30/scripts/SC-30/2_phase/motordrive.py","setup_motors","86","Motor Setup Error: 'GPIO not allocated'","","","","""Traceback (most recent call last):   File """"/home/akatoki/SC-30/scripts/SC-30/2_phase/motordrive.py"""", line 83, in setup_motors     setup_gpio() # LEDなども一緒に準備     ^^^^^^^^^^^^   File """"/home/akatoki/SC-30/scripts/SC-30/2_phase/motordrive.py"""", line 63, in setup_gpio     GPIO.setup(PIN_LED, GPIO.OUT)   File """"/usr/lib/python3/dist-packages/RPi/GPIO/__init__.py"""", line 704, in setup     initial = _check(lgpio.gpio_read(_chip, gpio))                      ^^^^^^^^^^^^^^^^^^^^^^^^^^^^   File """"/usr/lib/python3/dist-packages/lgpio.py"""", line 903, in gpio_read     return _u2i(_lgpio._gpio_read(handle&0xffff, gpio))            ^^^^^^^^^^^^^^^^^^^^^^^^^^^^^^^^^^^^^^^^^^^^   File """"/usr/lib/python3/dist-packages/lgpio.py"""", line 458, in _u2i     raise error(error_text(v)) lgpio.error: 'GPIO not allocated' ""","","","","","","","","","","","","","","","","","","","","","","","","","","","","","","","","","","","","","","","","",""
"197.032525686","2026-08-15 09:28:18.451612","/home/akatoki/SC-30/scripts/SC-30/2_phase/motordrive.py","move","150","","","","move: direction=w, power=0.7, duration=1.5","","","","","","","","","","","","","","","","","","","","","","","","","","","","","","","","","","","","","","","","","",""
"197.050556644","2026-08-15 09:28:18.469655","/home/akatoki/SC-30/scripts/SC-30/2_phase/motordrive.py","setup_motors","86","Motor Setup Error: 'GPIO not allocated'","","","","""Traceback (most recent call last):   File """"/home/akatoki/SC-30/scripts/SC-30/2_phase/motordrive.py"""", line 83, in setup_motors     setup_gpio() # LEDなども一緒に準備     ^^^^^^^^^^^^   File """"/home/akatoki/SC-30/scripts/SC-30/2_phase/motordrive.py"""", line 63, in setup_gpio     GPIO.setup(PIN_LED, GPIO.OUT)   File """"/usr/lib/python3/dist-packages/RPi/GPIO/__init__.py"""", line 704, in setup     initial = _check(lgpio.gpio_read(_chip, gpio))                      ^^^^^^^^^^^^^^^^^^^^^^^^^^^^   File """"/usr/lib/python3/dist-packages/lgpio.py"""", line 903, in gpio_read     return _u2i(_lgpio._gpio_read(handle&0xffff, gpio))            ^^^^^^^^^^^^^^^^^^^^^^^^^^^^^^^^^^^^^^^^^^^^   File """"/usr/lib/python3/dist-packages/lgpio.py"""", line 458, in _u2i     raise error(error_text(v)) lgpio.error: 'GPIO not allocated' ""","","","","","","","","","","","","","","","","","","","","","","","","","","","","","","","","","","","","","","","","",""
"197.206583151","2026-08-15 09:28:18.625668","/home/akatoki/SC-30/scripts/SC-30/2_phase/motordrive.py","move","150","","","","move: direction=q, power=0.7, duration=0.1","","","","","","","","","","","","","","","","","","","","","","","","","","","","","","","","","","","","","","","","","",""
"197.22615167","2026-08-15 09:28:18.645254","/home/akatoki/SC-30/scripts/SC-30/2_phase/motordrive.py","setup_motors","86","Motor Setup Error: 'GPIO not allocated'","","","","""Traceback (most recent call last):   File """"/home/akatoki/SC-30/scripts/SC-30/2_phase/motordrive.py"""", line 83, in setup_motors     setup_gpio() # LEDなども一緒に準備     ^^^^^^^^^^^^   File """"/home/akatoki/SC-30/scripts/SC-30/2_phase/motordrive.py"""", line 63, in setup_gpio     GPIO.setup(PIN_LED, GPIO.OUT)   File """"/usr/lib/python3/dist-packages/RPi/GPIO/__init__.py"""", line 704, in setup     initial = _check(lgpio.gpio_read(_chip, gpio))                      ^^^^^^^^^^^^^^^^^^^^^^^^^^^^   File """"/usr/lib/python3/dist-packages/lgpio.py"""", line 903, in gpio_read     return _u2i(_lgpio._gpio_read(handle&0xffff, gpio))            ^^^^^^^^^^^^^^^^^^^^^^^^^^^^^^^^^^^^^^^^^^^^   File """"/usr/lib/python3/dist-packages/lgpio.py"""", line 458, in _u2i     raise error(error_text(v)) lgpio.error: 'GPIO not allocated' ""","","","","","","","","","","","","","","","","","","","","","","","","","","","","","","","","","","","","","","","","",""
"197.238387218","2026-08-15 09:28:18.657474","/home/akatoki/SC-30/scripts/SC-30/2_phase/motordrive.py","move","150","","","","move: direction=w, power=0.7, duration=1.5","","","","","","","","","","","","","","","","","","","","","","","","","","","","","","","","","","","","","","","","","",""
"197.262844713","2026-08-15 09:28:18.681945","/home/akatoki/SC-30/scripts/SC-30/2_phase/motordrive.py","setup_motors","86","Motor Setup Error: 'GPIO not allocated'","","","","""Traceback (most recent call last):   File """"/home/akatoki/SC-30/scripts/SC-30/2_phase/motordrive.py"""", line 83, in setup_motors     setup_gpio() # LEDなども一緒に準備     ^^^^^^^^^^^^   File """"/home/akatoki/SC-30/scripts/SC-30/2_phase/motordrive.py"""", line 63, in setup_gpio     GPIO.setup(PIN_LED, GPIO.OUT)   File """"/usr/lib/python3/dist-packages/RPi/GPIO/__init__.py"""", line 704, in setup     initial = _check(lgpio.gpio_read(_chip, gpio))                      ^^^^^^^^^^^^^^^^^^^^^^^^^^^^   File """"/usr/lib/python3/dist-packages/lgpio.py"""", line 903, in gpio_read     return _u2i(_lgpio._gpio_read(handle&0xffff, gpio))            ^^^^^^^^^^^^^^^^^^^^^^^^^^^^^^^^^^^^^^^^^^^^   File """"/usr/lib/python3/dist-packages/lgpio.py"""", line 458, in _u2i     raise error(error_text(v)) lgpio.error: 'GPIO not allocated' ""","","","","","","","","","","","","","","","","","","","","","","","","","","","","","","","","","","","","","","","","",""
"197.417246425","2026-08-15 09:28:18.836331","/home/akatoki/SC-30/scripts/SC-30/2_phase/motordrive.py","move","150","","","","move: direction=q, power=0.7, duration=0.1","","","","","","","","","","","","","","","","","","","","","","","","","","","","","","","","","","","","","","","","","",""
"197.435287702","2026-08-15 09:28:18.854389","/home/akatoki/SC-30/scripts/SC-30/2_phase/motordrive.py","setup_motors","86","Motor Setup Error: 'GPIO not allocated'","","","","""Traceback (most recent call last):   File """"/home/akatoki/SC-30/scripts/SC-30/2_phase/motordrive.py"""", line 83, in setup_motors     setup_gpio() # LEDなども一緒に準備     ^^^^^^^^^^^^   File """"/home/akatoki/SC-30/scripts/SC-30/2_phase/motordrive.py"""", line 63, in setup_gpio     GPIO.setup(PIN_LED, GPIO.OUT)   File """"/usr/lib/python3/dist-packages/RPi/GPIO/__init__.py"""", line 704, in setup     initial = _check(lgpio.gpio_read(_chip, gpio))                      ^^^^^^^^^^^^^^^^^^^^^^^^^^^^   File """"/usr/lib/python3/dist-packages/lgpio.py"""", line 903, in gpio_read     return _u2i(_lgpio._gpio_read(handle&0xffff, gpio))            ^^^^^^^^^^^^^^^^^^^^^^^^^^^^^^^^^^^^^^^^^^^^   File """"/usr/lib/python3/dist-packages/lgpio.py"""", line 458, in _u2i     raise error(error_text(v)) lgpio.error: 'GPIO not allocated' ""","","","","","","","","","","","","","","","","","","","","","","","","","","","","","","","","","","","","","","","","",""
"197.447386769","2026-08-15 09:28:18.866477","/home/akatoki/SC-30/scripts/SC-30/2_phase/motordrive.py","move","150","","","","move: direction=w, power=0.7, duration=1.5","","","","","","","","","","","","","","","","","","","","","","","","","","","","","","","","","","","","","","","","","",""
"197.467748117","2026-08-15 09:28:18.886850","/home/akatoki/SC-30/scripts/SC-30/2_phase/motordrive.py","setup_motors","86","Motor Setup Error: 'GPIO not allocated'","","","","""Traceback (most recent call last):   File """"/home/akatoki/SC-30/scripts/SC-30/2_phase/motordrive.py"""", line 83, in setup_motors     setup_gpio() # LEDなども一緒に準備     ^^^^^^^^^^^^   File """"/home/akatoki/SC-30/scripts/SC-30/2_phase/motordrive.py"""", line 63, in setup_gpio     GPIO.setup(PIN_LED, GPIO.OUT)   File """"/usr/lib/python3/dist-packages/RPi/GPIO/__init__.py"""", line 704, in setup     initial = _check(lgpio.gpio_read(_chip, gpio))                      ^^^^^^^^^^^^^^^^^^^^^^^^^^^^   File """"/usr/lib/python3/dist-packages/lgpio.py"""", line 903, in gpio_read     return _u2i(_lgpio._gpio_read(handle&0xffff, gpio))            ^^^^^^^^^^^^^^^^^^^^^^^^^^^^^^^^^^^^^^^^^^^^   File """"/usr/lib/python3/dist-packages/lgpio.py"""", line 458, in _u2i     raise error(error_text(v)) lgpio.error: 'GPIO not allocated' ""","","","","","","","","","","","","","","","","","","","","","","","","","","","","","","","","","","","","","","","","",""
"197.624839331","2026-08-15 09:28:19.043926","/home/akatoki/SC-30/scripts/SC-30/2_phase/motordrive.py","move","150","","","","move: direction=q, power=0.7, duration=0.1","","","","","","","","","","","","","","","","","","","","","","","","","","","","","","","","","","","","","","","","","",""
"197.644078721","2026-08-15 09:28:19.063185","/home/akatoki/SC-30/scripts/SC-30/2_phase/motordrive.py","setup_motors","86","Motor Setup Error: 'GPIO not allocated'","","","","""Traceback (most recent call last):   File """"/home/akatoki/SC-30/scripts/SC-30/2_phase/motordrive.py"""", line 83, in setup_motors     setup_gpio() # LEDなども一緒に準備     ^^^^^^^^^^^^   File """"/home/akatoki/SC-30/scripts/SC-30/2_phase/motordrive.py"""", line 63, in setup_gpio     GPIO.setup(PIN_LED, GPIO.OUT)   File """"/usr/lib/python3/dist-packages/RPi/GPIO/__init__.py"""", line 704, in setup     initial = _check(lgpio.gpio_read(_chip, gpio))                      ^^^^^^^^^^^^^^^^^^^^^^^^^^^^   File """"/usr/lib/python3/dist-packages/lgpio.py"""", line 903, in gpio_read     return _u2i(_lgpio._gpio_read(handle&0xffff, gpio))            ^^^^^^^^^^^^^^^^^^^^^^^^^^^^^^^^^^^^^^^^^^^^   File """"/usr/lib/python3/dist-packages/lgpio.py"""", line 458, in _u2i     raise error(error_text(v)) lgpio.error: 'GPIO not allocated' ""","","","","","","","","","","","","","","","","","","","","","","","","","","","","","","","","","","","","","","","","",""
"197.662468432","2026-08-15 09:28:19.081553","/home/akatoki/SC-30/scripts/SC-30/2_phase/motordrive.py","move","150","","","","move: direction=w, power=0.7, duration=1.5","","","","","","","","","","","","","","","","","","","","","","","","","","","","","","","","","","","","","","","","","",""
"197.68033687","2026-08-15 09:28:19.099438","/home/akatoki/SC-30/scripts/SC-30/2_phase/motordrive.py","setup_motors","86","Motor Setup Error: 'GPIO not allocated'","","","","""Traceback (most recent call last):   File """"/home/akatoki/SC-30/scripts/SC-30/2_phase/motordrive.py"""", line 83, in setup_motors     setup_gpio() # LEDなども一緒に準備     ^^^^^^^^^^^^   File """"/home/akatoki/SC-30/scripts/SC-30/2_phase/motordrive.py"""", line 63, in setup_gpio     GPIO.setup(PIN_LED, GPIO.OUT)   File """"/usr/lib/python3/dist-packages/RPi/GPIO/__init__.py"""", line 704, in setup     initial = _check(lgpio.gpio_read(_chip, gpio))                      ^^^^^^^^^^^^^^^^^^^^^^^^^^^^   File """"/usr/lib/python3/dist-packages/lgpio.py"""", line 903, in gpio_read     return _u2i(_lgpio._gpio_read(handle&0xffff, gpio))            ^^^^^^^^^^^^^^^^^^^^^^^^^^^^^^^^^^^^^^^^^^^^   File """"/usr/lib/python3/dist-packages/lgpio.py"""", line 458, in _u2i     raise error(error_text(v)) lgpio.error: 'GPIO not allocated' ""","","","","","","","","","","","","","","","","","","","","","","","","","","","","","","","","","","","","","","","","",""
"197.842073265","2026-08-15 09:28:19.261160","/home/akatoki/SC-30/scripts/SC-30/2_phase/motordrive.py","move","150","","","","move: direction=q, power=0.7, duration=0.1","","","","","","","","","","","","","","","","","","","","","","","","","","","","","","","","","","","","","","","","","",""
"197.862263223","2026-08-15 09:28:19.281363","/home/akatoki/SC-30/scripts/SC-30/2_phase/motordrive.py","setup_motors","86","Motor Setup Error: 'GPIO not allocated'","","","","""Traceback (most recent call last):   File """"/home/akatoki/SC-30/scripts/SC-30/2_phase/motordrive.py"""", line 83, in setup_motors     setup_gpio() # LEDなども一緒に準備     ^^^^^^^^^^^^   File """"/home/akatoki/SC-30/scripts/SC-30/2_phase/motordrive.py"""", line 63, in setup_gpio     GPIO.setup(PIN_LED, GPIO.OUT)   File """"/usr/lib/python3/dist-packages/RPi/GPIO/__init__.py"""", line 704, in setup     initial = _check(lgpio.gpio_read(_chip, gpio))                      ^^^^^^^^^^^^^^^^^^^^^^^^^^^^   File """"/usr/lib/python3/dist-packages/lgpio.py"""", line 903, in gpio_read     return _u2i(_lgpio._gpio_read(handle&0xffff, gpio))            ^^^^^^^^^^^^^^^^^^^^^^^^^^^^^^^^^^^^^^^^^^^^   File """"/usr/lib/python3/dist-packages/lgpio.py"""", line 458, in _u2i     raise error(error_text(v)) lgpio.error: 'GPIO not allocated' ""","","","","","","","","","","","","","","","","","","","","","","","","","","","","","","","","","","","","","","","","",""
"197.87685822","2026-08-15 09:28:19.295943","/home/akatoki/SC-30/scripts/SC-30/2_phase/motordrive.py","move","150","","","","move: direction=w, power=0.7, duration=1.5","","","","","","","","","","","","","","","","","","","","","","","","","","","","","","","","","","","","","","","","","",""
"197.895066217","2026-08-15 09:28:19.314164","/home/akatoki/SC-30/scripts/SC-30/2_phase/motordrive.py","setup_motors","86","Motor Setup Error: 'GPIO not allocated'","","","","""Traceback (most recent call last):   File """"/home/akatoki/SC-30/scripts/SC-30/2_phase/motordrive.py"""", line 83, in setup_motors     setup_gpio() # LEDなども一緒に準備     ^^^^^^^^^^^^   File """"/home/akatoki/SC-30/scripts/SC-30/2_phase/motordrive.py"""", line 63, in setup_gpio     GPIO.setup(PIN_LED, GPIO.OUT)   File """"/usr/lib/python3/dist-packages/RPi/GPIO/__init__.py"""", line 704, in setup     initial = _check(lgpio.gpio_read(_chip, gpio))                      ^^^^^^^^^^^^^^^^^^^^^^^^^^^^   File """"/usr/lib/python3/dist-packages/lgpio.py"""", line 903, in gpio_read     return _u2i(_lgpio._gpio_read(handle&0xffff, gpio))            ^^^^^^^^^^^^^^^^^^^^^^^^^^^^^^^^^^^^^^^^^^^^   File """"/usr/lib/python3/dist-packages/lgpio.py"""", line 458, in _u2i     raise error(error_text(v)) lgpio.error: 'GPIO not allocated' ""","","","","","","","","","","","","","","","","","","","","","","","","","","","","","","","","","","","","","","","","",""
"198.057670009","2026-08-15 09:28:19.476756","/home/akatoki/SC-30/scripts/SC-30/2_phase/motordrive.py","move","150","","","","move: direction=q, power=0.7, duration=0.1","","","","","","","","","","","","","","","","","","","","","","","","","","","","","","","","","","","","","","","","","",""
"198.075765759","2026-08-15 09:28:19.494868","/home/akatoki/SC-30/scripts/SC-30/2_phase/motordrive.py","setup_motors","86","Motor Setup Error: 'GPIO not allocated'","","","","""Traceback (most recent call last):   File """"/home/akatoki/SC-30/scripts/SC-30/2_phase/motordrive.py"""", line 83, in setup_motors     setup_gpio() # LEDなども一緒に準備     ^^^^^^^^^^^^   File """"/home/akatoki/SC-30/scripts/SC-30/2_phase/motordrive.py"""", line 63, in setup_gpio     GPIO.setup(PIN_LED, GPIO.OUT)   File """"/usr/lib/python3/dist-packages/RPi/GPIO/__init__.py"""", line 704, in setup     initial = _check(lgpio.gpio_read(_chip, gpio))                      ^^^^^^^^^^^^^^^^^^^^^^^^^^^^   File """"/usr/lib/python3/dist-packages/lgpio.py"""", line 903, in gpio_read     return _u2i(_lgpio._gpio_read(handle&0xffff, gpio))            ^^^^^^^^^^^^^^^^^^^^^^^^^^^^^^^^^^^^^^^^^^^^   File """"/usr/lib/python3/dist-packages/lgpio.py"""", line 458, in _u2i     raise error(error_text(v)) lgpio.error: 'GPIO not allocated' ""","","","","","","","","","","","","","","","","","","","","","","","","","","","","","","","","","","","","","","","","",""
"198.089026126","2026-08-15 09:28:19.508114","/home/akatoki/SC-30/scripts/SC-30/2_phase/motordrive.py","move","150","","","","move: direction=w, power=0.7, duration=1.5","","","","","","","","","","","","","","","","","","","","","","","","","","","","","","","","","","","","","","","","","",""
"198.106137331","2026-08-15 09:28:19.525236","/home/akatoki/SC-30/scripts/SC-30/2_phase/motordrive.py","setup_motors","86","Motor Setup Error: 'GPIO not allocated'","","","","""Traceback (most recent call last):   File """"/home/akatoki/SC-30/scripts/SC-30/2_phase/motordrive.py"""", line 83, in setup_motors     setup_gpio() # LEDなども一緒に準備     ^^^^^^^^^^^^   File """"/home/akatoki/SC-30/scripts/SC-30/2_phase/motordrive.py"""", line 63, in setup_gpio     GPIO.setup(PIN_LED, GPIO.OUT)   File """"/usr/lib/python3/dist-packages/RPi/GPIO/__init__.py"""", line 704, in setup     initial = _check(lgpio.gpio_read(_chip, gpio))                      ^^^^^^^^^^^^^^^^^^^^^^^^^^^^   File """"/usr/lib/python3/dist-packages/lgpio.py"""", line 903, in gpio_read     return _u2i(_lgpio._gpio_read(handle&0xffff, gpio))            ^^^^^^^^^^^^^^^^^^^^^^^^^^^^^^^^^^^^^^^^^^^^   File """"/usr/lib/python3/dist-packages/lgpio.py"""", line 458, in _u2i     raise error(error_text(v)) lgpio.error: 'GPIO not allocated' ""","","","","","","","","","","","","","","","","","","","","","","","","","","","","","","","","","","","","","","","","",""
"198.266671511","2026-08-15 09:28:19.685796","/home/akatoki/SC-30/scripts/SC-30/2_phase/motordrive.py","move","150","","","","move: direction=w, power=0.7, duration=1.5","","","","","","","","","","","","","","","","","","","","","","","","","","","","","","","","","","","","","","","","","",""
"198.283326739","2026-08-15 09:28:19.702426","/home/akatoki/SC-30/scripts/SC-30/2_phase/motordrive.py","setup_motors","86","Motor Setup Error: 'GPIO not allocated'","","","","""Traceback (most recent call last):   File """"/home/akatoki/SC-30/scripts/SC-30/2_phase/motordrive.py"""", line 83, in setup_motors     setup_gpio() # LEDなども一緒に準備     ^^^^^^^^^^^^   File """"/home/akatoki/SC-30/scripts/SC-30/2_phase/motordrive.py"""", line 63, in setup_gpio     GPIO.setup(PIN_LED, GPIO.OUT)   File """"/usr/lib/python3/dist-packages/RPi/GPIO/__init__.py"""", line 704, in setup     initial = _check(lgpio.gpio_read(_chip, gpio))                      ^^^^^^^^^^^^^^^^^^^^^^^^^^^^   File """"/usr/lib/python3/dist-packages/lgpio.py"""", line 903, in gpio_read     return _u2i(_lgpio._gpio_read(handle&0xffff, gpio))            ^^^^^^^^^^^^^^^^^^^^^^^^^^^^^^^^^^^^^^^^^^^^   File """"/usr/lib/python3/dist-packages/lgpio.py"""", line 458, in _u2i     raise error(error_text(v)) lgpio.error: 'GPIO not allocated' ""","","","","","","","","","","","","","","","","","","","","","","","","","","","","","","","","","","","","","","","","",""
"198.439131793","2026-08-15 09:28:19.858219","/home/akatoki/SC-30/scripts/SC-30/2_phase/motordrive.py","move","150","","","","move: direction=e, power=0.7, duration=0.1","","","","","","","","","","","","","","","","","","","","","","","","","","","","","","","","","","","","","","","","","",""
"198.458296299","2026-08-15 09:28:19.877398","/home/akatoki/SC-30/scripts/SC-30/2_phase/motordrive.py","setup_motors","86","Motor Setup Error: 'GPIO not allocated'","","","","""Traceback (most recent call last):   File """"/home/akatoki/SC-30/scripts/SC-30/2_phase/motordrive.py"""", line 83, in setup_motors     setup_gpio() # LEDなども一緒に準備     ^^^^^^^^^^^^   File """"/home/akatoki/SC-30/scripts/SC-30/2_phase/motordrive.py"""", line 63, in setup_gpio     GPIO.setup(PIN_LED, GPIO.OUT)   File """"/usr/lib/python3/dist-packages/RPi/GPIO/__init__.py"""", line 704, in setup     initial = _check(lgpio.gpio_read(_chip, gpio))                      ^^^^^^^^^^^^^^^^^^^^^^^^^^^^   File """"/usr/lib/python3/dist-packages/lgpio.py"""", line 903, in gpio_read     return _u2i(_lgpio._gpio_read(handle&0xffff, gpio))            ^^^^^^^^^^^^^^^^^^^^^^^^^^^^^^^^^^^^^^^^^^^^   File """"/usr/lib/python3/dist-packages/lgpio.py"""", line 458, in _u2i     raise error(error_text(v)) lgpio.error: 'GPIO not allocated' ""","","","","","","","","","","","","","","","","","","","","","","","","","","","","","","","","","","","","","","","","",""
"198.619691303","2026-08-15 09:28:20.038778","/home/akatoki/SC-30/scripts/SC-30/2_phase/motordrive.py","move","150","","","","move: direction=q, power=0.7, duration=0.1","","","","","","","","","","","","","","","","","","","","","","","","","","","","","","","","","","","","","","","","","",""
"198.64169282","2026-08-15 09:28:20.060793","/home/akatoki/SC-30/scripts/SC-30/2_phase/motordrive.py","setup_motors","86","Motor Setup Error: 'GPIO not allocated'","","","","""Traceback (most recent call last):   File """"/home/akatoki/SC-30/scripts/SC-30/2_phase/motordrive.py"""", line 83, in setup_motors     setup_gpio() # LEDなども一緒に準備     ^^^^^^^^^^^^   File """"/home/akatoki/SC-30/scripts/SC-30/2_phase/motordrive.py"""", line 63, in setup_gpio     GPIO.setup(PIN_LED, GPIO.OUT)   File """"/usr/lib/python3/dist-packages/RPi/GPIO/__init__.py"""", line 704, in setup     initial = _check(lgpio.gpio_read(_chip, gpio))                      ^^^^^^^^^^^^^^^^^^^^^^^^^^^^   File """"/usr/lib/python3/dist-packages/lgpio.py"""", line 903, in gpio_read     return _u2i(_lgpio._gpio_read(handle&0xffff, gpio))            ^^^^^^^^^^^^^^^^^^^^^^^^^^^^^^^^^^^^^^^^^^^^   File """"/usr/lib/python3/dist-packages/lgpio.py"""", line 458, in _u2i     raise error(error_text(v)) lgpio.error: 'GPIO not allocated' ""","","","","","","","","","","","","","","","","","","","","","","","","","","","","","","","","","","","","","","","","",""
"198.658412903","2026-08-15 09:28:20.077500","/home/akatoki/SC-30/scripts/SC-30/2_phase/motordrive.py","move","150","","","","move: direction=w, power=0.7, duration=1.5","","","","","","","","","","","","","","","","","","","","","","","","","","","","","","","","","","","","","","","","","",""
"198.679079952","2026-08-15 09:28:20.098181","/home/akatoki/SC-30/scripts/SC-30/2_phase/motordrive.py","setup_motors","86","Motor Setup Error: 'GPIO not allocated'","","","","""Traceback (most recent call last):   File """"/home/akatoki/SC-30/scripts/SC-30/2_phase/motordrive.py"""", line 83, in setup_motors     setup_gpio() # LEDなども一緒に準備     ^^^^^^^^^^^^   File """"/home/akatoki/SC-30/scripts/SC-30/2_phase/motordrive.py"""", line 63, in setup_gpio     GPIO.setup(PIN_LED, GPIO.OUT)   File """"/usr/lib/python3/dist-packages/RPi/GPIO/__init__.py"""", line 704, in setup     initial = _check(lgpio.gpio_read(_chip, gpio))                      ^^^^^^^^^^^^^^^^^^^^^^^^^^^^   File """"/usr/lib/python3/dist-packages/lgpio.py"""", line 903, in gpio_read     return _u2i(_lgpio._gpio_read(handle&0xffff, gpio))            ^^^^^^^^^^^^^^^^^^^^^^^^^^^^^^^^^^^^^^^^^^^^   File """"/usr/lib/python3/dist-packages/lgpio.py"""", line 458, in _u2i     raise error(error_text(v)) lgpio.error: 'GPIO not allocated' ""","","","","","","","","","","","","","","","","","","","","","","","","","","","","","","","","","","","","","","","","",""
"198.838489564","2026-08-15 09:28:20.257575","/home/akatoki/SC-30/scripts/SC-30/2_phase/motordrive.py","move","150","","","","move: direction=q, power=0.7, duration=0.1","","","","","","","","","","","","","","","","","","","","","","","","","","","","","","","","","","","","","","","","","",""
"198.858315693","2026-08-15 09:28:20.277413","/home/akatoki/SC-30/scripts/SC-30/2_phase/motordrive.py","setup_motors","86","Motor Setup Error: 'GPIO not allocated'","","","","""Traceback (most recent call last):   File """"/home/akatoki/SC-30/scripts/SC-30/2_phase/motordrive.py"""", line 83, in setup_motors     setup_gpio() # LEDなども一緒に準備     ^^^^^^^^^^^^   File """"/home/akatoki/SC-30/scripts/SC-30/2_phase/motordrive.py"""", line 63, in setup_gpio     GPIO.setup(PIN_LED, GPIO.OUT)   File """"/usr/lib/python3/dist-packages/RPi/GPIO/__init__.py"""", line 704, in setup     initial = _check(lgpio.gpio_read(_chip, gpio))                      ^^^^^^^^^^^^^^^^^^^^^^^^^^^^   File """"/usr/lib/python3/dist-packages/lgpio.py"""", line 903, in gpio_read     return _u2i(_lgpio._gpio_read(handle&0xffff, gpio))            ^^^^^^^^^^^^^^^^^^^^^^^^^^^^^^^^^^^^^^^^^^^^   File """"/usr/lib/python3/dist-packages/lgpio.py"""", line 458, in _u2i     raise error(error_text(v)) lgpio.error: 'GPIO not allocated' ""","","","","","","","","","","","","","","","","","","","","","","","","","","","","","","","","","","","","","","","","",""
"198.872492481","2026-08-15 09:28:20.291579","/home/akatoki/SC-30/scripts/SC-30/2_phase/motordrive.py","move","150","","","","move: direction=w, power=0.7, duration=1.5","","","","","","","","","","","","","","","","","","","","","","","","","","","","","","","","","","","","","","","","","",""
"198.891885668","2026-08-15 09:28:20.310985","/home/akatoki/SC-30/scripts/SC-30/2_phase/motordrive.py","setup_motors","86","Motor Setup Error: 'GPIO not allocated'","","","","""Traceback (most recent call last):   File """"/home/akatoki/SC-30/scripts/SC-30/2_phase/motordrive.py"""", line 83, in setup_motors     setup_gpio() # LEDなども一緒に準備     ^^^^^^^^^^^^   File """"/home/akatoki/SC-30/scripts/SC-30/2_phase/motordrive.py"""", line 63, in setup_gpio     GPIO.setup(PIN_LED, GPIO.OUT)   File """"/usr/lib/python3/dist-packages/RPi/GPIO/__init__.py"""", line 704, in setup     initial = _check(lgpio.gpio_read(_chip, gpio))                      ^^^^^^^^^^^^^^^^^^^^^^^^^^^^   File """"/usr/lib/python3/dist-packages/lgpio.py"""", line 903, in gpio_read     return _u2i(_lgpio._gpio_read(handle&0xffff, gpio))            ^^^^^^^^^^^^^^^^^^^^^^^^^^^^^^^^^^^^^^^^^^^^   File """"/usr/lib/python3/dist-packages/lgpio.py"""", line 458, in _u2i     raise error(error_text(v)) lgpio.error: 'GPIO not allocated' ""","","","","","","","","","","","","","","","","","","","","","","","","","","","","","","","","","","","","","","","","",""
"199.054908108","2026-08-15 09:28:20.473995","/home/akatoki/SC-30/scripts/SC-30/2_phase/motordrive.py","move","150","","","","move: direction=e, power=0.7, duration=0.1","","","","","","","","","","","","","","","","","","","","","","","","","","","","","","","","","","","","","","","","","",""
"199.073694563","2026-08-15 09:28:20.492793","/home/akatoki/SC-30/scripts/SC-30/2_phase/motordrive.py","setup_motors","86","Motor Setup Error: 'GPIO not allocated'","","","","""Traceback (most recent call last):   File """"/home/akatoki/SC-30/scripts/SC-30/2_phase/motordrive.py"""", line 83, in setup_motors     setup_gpio() # LEDなども一緒に準備     ^^^^^^^^^^^^   File """"/home/akatoki/SC-30/scripts/SC-30/2_phase/motordrive.py"""", line 63, in setup_gpio     GPIO.setup(PIN_LED, GPIO.OUT)   File """"/usr/lib/python3/dist-packages/RPi/GPIO/__init__.py"""", line 704, in setup     initial = _check(lgpio.gpio_read(_chip, gpio))                      ^^^^^^^^^^^^^^^^^^^^^^^^^^^^   File """"/usr/lib/python3/dist-packages/lgpio.py"""", line 903, in gpio_read     return _u2i(_lgpio._gpio_read(handle&0xffff, gpio))            ^^^^^^^^^^^^^^^^^^^^^^^^^^^^^^^^^^^^^^^^^^^^   File """"/usr/lib/python3/dist-packages/lgpio.py"""", line 458, in _u2i     raise error(error_text(v)) lgpio.error: 'GPIO not allocated' ""","","","","","","","","","","","","","","","","","","","","","","","","","","","","","","","","","","","","","","","","",""
"199.227579903","2026-08-15 09:28:20.646670","/home/akatoki/SC-30/scripts/SC-30/2_phase/motordrive.py","move","150","","","","move: direction=e, power=0.7, duration=0.1","","","","","","","","","","","","","","","","","","","","","","","","","","","","","","","","","","","","","","","","","",""
"199.248603498","2026-08-15 09:28:20.667705","/home/akatoki/SC-30/scripts/SC-30/2_phase/motordrive.py","setup_motors","86","Motor Setup Error: 'GPIO not allocated'","","","","""Traceback (most recent call last):   File """"/home/akatoki/SC-30/scripts/SC-30/2_phase/motordrive.py"""", line 83, in setup_motors     setup_gpio() # LEDなども一緒に準備     ^^^^^^^^^^^^   File """"/home/akatoki/SC-30/scripts/SC-30/2_phase/motordrive.py"""", line 63, in setup_gpio     GPIO.setup(PIN_LED, GPIO.OUT)   File """"/usr/lib/python3/dist-packages/RPi/GPIO/__init__.py"""", line 704, in setup     initial = _check(lgpio.gpio_read(_chip, gpio))                      ^^^^^^^^^^^^^^^^^^^^^^^^^^^^   File """"/usr/lib/python3/dist-packages/lgpio.py"""", line 903, in gpio_read     return _u2i(_lgpio._gpio_read(handle&0xffff, gpio))            ^^^^^^^^^^^^^^^^^^^^^^^^^^^^^^^^^^^^^^^^^^^^   File """"/usr/lib/python3/dist-packages/lgpio.py"""", line 458, in _u2i     raise error(error_text(v)) lgpio.error: 'GPIO not allocated' ""","","","","","","","","","","","","","","","","","","","","","","","","","","","","","","","","","","","","","","","","",""
"199.408652725","2026-08-15 09:28:20.827738","/home/akatoki/SC-30/scripts/SC-30/2_phase/motordrive.py","move","150","","","","move: direction=e, power=0.7, duration=0.1","","","","","","","","","","","","","","","","","","","","","","","","","","","","","","","","","","","","","","","","","",""
"199.427620944","2026-08-15 09:28:20.846721","/home/akatoki/SC-30/scripts/SC-30/2_phase/motordrive.py","setup_motors","86","Motor Setup Error: 'GPIO not allocated'","","","","""Traceback (most recent call last):   File """"/home/akatoki/SC-30/scripts/SC-30/2_phase/motordrive.py"""", line 83, in setup_motors     setup_gpio() # LEDなども一緒に準備     ^^^^^^^^^^^^   File """"/home/akatoki/SC-30/scripts/SC-30/2_phase/motordrive.py"""", line 63, in setup_gpio     GPIO.setup(PIN_LED, GPIO.OUT)   File """"/usr/lib/python3/dist-packages/RPi/GPIO/__init__.py"""", line 704, in setup     initial = _check(lgpio.gpio_read(_chip, gpio))                      ^^^^^^^^^^^^^^^^^^^^^^^^^^^^   File """"/usr/lib/python3/dist-packages/lgpio.py"""", line 903, in gpio_read     return _u2i(_lgpio._gpio_read(handle&0xffff, gpio))            ^^^^^^^^^^^^^^^^^^^^^^^^^^^^^^^^^^^^^^^^^^^^   File """"/usr/lib/python3/dist-packages/lgpio.py"""", line 458, in _u2i     raise error(error_text(v)) lgpio.error: 'GPIO not allocated' ""","","","","","","","","","","","","","","","","","","","","","","","","","","","","","","","","","","","","","","","","",""
"199.586468837","2026-08-15 09:28:21.005559","/home/akatoki/SC-30/scripts/SC-30/2_phase/motordrive.py","move","150","","","","move: direction=e, power=0.7, duration=0.1","","","","","","","","","","","","","","","","","","","","","","","","","","","","","","","","","","","","","","","","","",""
"199.603260658","2026-08-15 09:28:21.022359","/home/akatoki/SC-30/scripts/SC-30/2_phase/motordrive.py","setup_motors","86","Motor Setup Error: 'GPIO not allocated'","","","","""Traceback (most recent call last):   File """"/home/akatoki/SC-30/scripts/SC-30/2_phase/motordrive.py"""", line 83, in setup_motors     setup_gpio() # LEDなども一緒に準備     ^^^^^^^^^^^^   File """"/home/akatoki/SC-30/scripts/SC-30/2_phase/motordrive.py"""", line 63, in setup_gpio     GPIO.setup(PIN_LED, GPIO.OUT)   File """"/usr/lib/python3/dist-packages/RPi/GPIO/__init__.py"""", line 704, in setup     initial = _check(lgpio.gpio_read(_chip, gpio))                      ^^^^^^^^^^^^^^^^^^^^^^^^^^^^   File """"/usr/lib/python3/dist-packages/lgpio.py"""", line 903, in gpio_read     return _u2i(_lgpio._gpio_read(handle&0xffff, gpio))            ^^^^^^^^^^^^^^^^^^^^^^^^^^^^^^^^^^^^^^^^^^^^   File """"/usr/lib/python3/dist-packages/lgpio.py"""", line 458, in _u2i     raise error(error_text(v)) lgpio.error: 'GPIO not allocated' ""","","","","","","","","","","","","","","","","","","","","","","","","","","","","","","","","","","","","","","","","",""
