time,date,file,func,line,serious_error,error,warning,msg,format_exception,phase,gnss_time,lat,lon,alt,alt_base_press,goal_lat,goal_lon,temp,press,camera_area,camera_order,camera_center_x,camera_center_y,camera_frame_size_x,camera_frame_size_y,motor_l,motor_r,goal_relative_x,goal_relative_y,goal_relative_angle_rad,goal_distance,accel_all_x,accel_all_y,accel_all_z,accel_line_x,accel_line_y,accel_line_z,mag_x,mag_y,mag_z,gyro_x,gyro_y,gyro_z,grav_x,grav_y,grav_z,euler_x,euler_y,euler_z,nmea
"4716.027416305","2026-08-14 12:19:49.005216","/home/akatoki/SC-30/scripts/SC-30/2_phase/EM.py","log_msg","90","","","","bnoセットアップ開始","","","","","","","","","","","","","","","","","","","","","","","","","","","","","","","","","","","","","","","","","",""
"4716.176809391","2026-08-14 12:19:49.154618","/home/akatoki/SC-30/scripts/SC-30/2_phase/EM.py","log_msg","90","","","","cameraセットアップ開始","","","","","","","","","","","","","","","","","","","","","","","","","","","","","","","","","","","","","","","","","",""
"4716.186465774","2026-08-14 12:19:49.164261","/home/akatoki/SC-30/scripts/SC-30/2_phase/EM.py","log_msg","90","","Camera Setup Error: Camera.__init__() got an unexpected keyword argument 'model_path'","","","""Traceback (most recent call last):   File """"/home/akatoki/SC-30/scripts/SC-30/2_phase/EM.py"""", line 209, in setup_sensors     cam = Camera(model_path=""""./my_custom_model.pt"""", debug=True)           ^^^^^^^^^^^^^^^^^^^^^^^^^^^^^^^^^^^^^^^^^^^^^^^^^^^^^ TypeError: Camera.__init__() got an unexpected keyword argument 'model_path' ""","","","","","","","","","","","","","","","","","","","","","","","","","","","","","","","","","","","","","","","","",""
"4716.198097643","2026-08-14 12:19:49.175895","/home/akatoki/SC-30/scripts/SC-30/2_phase/EM.py","log_msg","90","","","","bmeセットアップ開始","","","","","","","","","","","","","","","","","","","","","","","","","","","","","","","","","","","","","","","","","",""
"4716.724586365","2026-08-14 12:19:49.702382","/home/akatoki/SC-30/scripts/SC-30/2_phase/EM.py","log_msg","90","","","","モータセットアップ開始","","","","","","","","","","","","","","","","","","","","","","","","","","","","","","","","","","","","","","","","","",""
"4716.754579535","2026-08-14 12:19:49.732376","/home/akatoki/SC-30/scripts/SC-30/2_phase/EM.py","log_msg","90","","","","GPIOセットアップ開始","","","","","","","","","","","","","","","","","","","","","","","","","","","","","","","","","","","","","","","","","",""
"4716.760476824","2026-08-14 12:19:49.738268","/home/akatoki/SC-30/scripts/SC-30/2_phase/EM.py","log_msg","90","","","","","","","","","","0.0","","","","","","","","","","","","","","","","","","","","","","","","","","","","","","","","","","","",""
"4716.763610861","2026-08-14 12:19:49.741401","/home/akatoki/SC-30/scripts/SC-30/2_phase/EM.py","log_msg","90","","","","[待機] alt=0.000 m","","","","","","","","","","","","","","","","","","","","","","","","","","","","","","","","","","","","","","","","","",""
"4717.870099485","2026-08-14 12:19:50.847884","/home/akatoki/SC-30/scripts/SC-30/2_phase/EM.py","log_msg","90","","","","","","","","","","-0.8289463285179011","","","","","","","","","","","","","","","","","","","","","","","","","","","","","","","","","","","",""
"4717.879200968","2026-08-14 12:19:50.856990","/home/akatoki/SC-30/scripts/SC-30/2_phase/EM.py","log_msg","90","","","","[待機] alt=-0.829 m","","","","","","","","","","","","","","","","","","","","","","","","","","","","","","","","","","","","","","","","","",""
"4718.983846296","2026-08-14 12:19:51.961634","/home/akatoki/SC-30/scripts/SC-30/2_phase/EM.py","log_msg","90","","","","","","","","","","0.2730241894519403","","","","","","","","","","","","","","","","","","","","","","","","","","","","","","","","","","","",""
"4718.988395553","2026-08-14 12:19:51.966192","/home/akatoki/SC-30/scripts/SC-30/2_phase/EM.py","log_msg","90","","","","[待機] alt=0.273 m","","","","","","","","","","","","","","","","","","","","","","","","","","","","","","","","","","","","","","","","","",""
"4720.094872772","2026-08-14 12:19:53.072661","/home/akatoki/SC-30/scripts/SC-30/2_phase/EM.py","log_msg","90","","","","","","","","","","0.129260047253138","","","","","","","","","","","","","","","","","","","","","","","","","","","","","","","","","","","",""
"4720.09936281","2026-08-14 12:19:53.077157","/home/akatoki/SC-30/scripts/SC-30/2_phase/EM.py","log_msg","90","","","","[待機] alt=0.129 m","","","","","","","","","","","","","","","","","","","","","","","","","","","","","","","","","","","","","","","","","",""
"4721.204474028","2026-08-14 12:19:54.182262","/home/akatoki/SC-30/scripts/SC-30/2_phase/EM.py","log_msg","90","","","","","","","","","","-0.4840623266686306","","","","","","","","","","","","","","","","","","","","","","","","","","","","","","","","","","","",""
"4721.2089949","2026-08-14 12:19:54.186790","/home/akatoki/SC-30/scripts/SC-30/2_phase/EM.py","log_msg","90","","","","[待機] alt=-0.484 m","","","","","","","","","","","","","","","","","","","","","","","","","","","","","","","","","","","","","","","","","",""
"4722.314072316","2026-08-14 12:19:55.291860","/home/akatoki/SC-30/scripts/SC-30/2_phase/EM.py","log_msg","90","","","","","","","","","","-0.1610296440589032","","","","","","","","","","","","","","","","","","","","","","","","","","","","","","","","","","","",""
"4722.318557146","2026-08-14 12:19:55.296352","/home/akatoki/SC-30/scripts/SC-30/2_phase/EM.py","log_msg","90","","","","[待機] alt=-0.161 m","","","","","","","","","","","","","","","","","","","","","","","","","","","","","","","","","","","","","","","","","",""
"4723.423703834","2026-08-14 12:19:56.401492","/home/akatoki/SC-30/scripts/SC-30/2_phase/EM.py","log_msg","90","","","","","","","","","","-0.5012766226054466","","","","","","","","","","","","","","","","","","","","","","","","","","","","","","","","","","","",""
"4723.428311478","2026-08-14 12:19:56.406107","/home/akatoki/SC-30/scripts/SC-30/2_phase/EM.py","log_msg","90","","","","[待機] alt=-0.501 m","","","","","","","","","","","","","","","","","","","","","","","","","","","","","","","","","","","","","","","","","",""
"4724.533652491","2026-08-14 12:19:57.511441","/home/akatoki/SC-30/scripts/SC-30/2_phase/EM.py","log_msg","90","","","","","","","","","","0.20312441335763487","","","","","","","","","","","","","","","","","","","","","","","","","","","","","","","","","","","",""
"4724.542114802","2026-08-14 12:19:57.519912","/home/akatoki/SC-30/scripts/SC-30/2_phase/EM.py","log_msg","90","","","","[待機] alt=0.203 m","","","","","","","","","","","","","","","","","","","","","","","","","","","","","","","","","","","","","","","","","",""
"4725.647257481","2026-08-14 12:19:58.625046","/home/akatoki/SC-30/scripts/SC-30/2_phase/EM.py","log_msg","90","","","","","","","","","","-0.08438327790962763","","","","","","","","","","","","","","","","","","","","","","","","","","","","","","","","","","","",""
"4725.663207668","2026-08-14 12:19:58.641004","/home/akatoki/SC-30/scripts/SC-30/2_phase/EM.py","log_msg","90","","","","[待機] alt=-0.084 m","","","","","","","","","","","","","","","","","","","","","","","","","","","","","","","","","","","","","","","","","",""
"4726.76834316","2026-08-14 12:19:59.746132","/home/akatoki/SC-30/scripts/SC-30/2_phase/EM.py","log_msg","90","","","","","","","","","","0.07855244261268157","","","","","","","","","","","","","","","","","","","","","","","","","","","","","","","","","","","",""
"4726.772889345","2026-08-14 12:19:59.750685","/home/akatoki/SC-30/scripts/SC-30/2_phase/EM.py","log_msg","90","","","","[待機] alt=0.079 m","","","","","","","","","","","","","","","","","","","","","","","","","","","","","","","","","","","","","","","","","",""
"4727.877942597","2026-08-14 12:20:00.855731","/home/akatoki/SC-30/scripts/SC-30/2_phase/EM.py","log_msg","90","","","","","","","","","","-0.4629426157987582","","","","","","","","","","","","","","","","","","","","","","","","","","","","","","","","","","","",""
"4727.882409614","2026-08-14 12:20:00.860205","/home/akatoki/SC-30/scripts/SC-30/2_phase/EM.py","log_msg","90","","","","[待機] alt=-0.463 m","","","","","","","","","","","","","","","","","","","","","","","","","","","","","","","","","","","","","","","","","",""
"4728.992820308","2026-08-14 12:20:01.970609","/home/akatoki/SC-30/scripts/SC-30/2_phase/EM.py","log_msg","90","","","","","","","","","","-0.625868074258904","","","","","","","","","","","","","","","","","","","","","","","","","","","","","","","","","","","",""
"4728.997289044","2026-08-14 12:20:01.975083","/home/akatoki/SC-30/scripts/SC-30/2_phase/EM.py","log_msg","90","","","","[待機] alt=-0.626 m","","","","","","","","","","","","","","","","","","","","","","","","","","","","","","","","","","","","","","","","","",""
"4730.102315526","2026-08-14 12:20:03.080103","/home/akatoki/SC-30/scripts/SC-30/2_phase/EM.py","log_msg","90","","","","","","","","","","-0.4821142168798298","","","","","","","","","","","","","","","","","","","","","","","","","","","","","","","","","","","",""
"4730.106780981","2026-08-14 12:20:03.084576","/home/akatoki/SC-30/scripts/SC-30/2_phase/EM.py","log_msg","90","","","","[待機] alt=-0.482 m","","","","","","","","","","","","","","","","","","","","","","","","","","","","","","","","","","","","","","","","","",""
"4731.211861943","2026-08-14 12:20:04.189649","/home/akatoki/SC-30/scripts/SC-30/2_phase/EM.py","log_msg","90","","","","","","","","","","-0.08438327790962763","","","","","","","","","","","","","","","","","","","","","","","","","","","","","","","","","","","",""
"4731.259048072","2026-08-14 12:20:04.236847","/home/akatoki/SC-30/scripts/SC-30/2_phase/EM.py","log_msg","90","","","","[待機] alt=-0.084 m","","","","","","","","","","","","","","","","","","","","","","","","","","","","","","","","","","","","","","","","","",""
"4732.40111466","2026-08-14 12:20:05.378903","/home/akatoki/SC-30/scripts/SC-30/2_phase/EM.py","log_msg","90","","","","","","","","","","-0.5012766226054466","","","","","","","","","","","","","","","","","","","","","","","","","","","","","","","","","","","",""
"4732.405670532","2026-08-14 12:20:05.383465","/home/akatoki/SC-30/scripts/SC-30/2_phase/EM.py","log_msg","90","","","","[待機] alt=-0.501 m","","","","","","","","","","","","","","","","","","","","","","","","","","","","","","","","","","","","","","","","","",""
"4733.510709516","2026-08-14 12:20:06.488497","/home/akatoki/SC-30/scripts/SC-30/2_phase/EM.py","log_msg","90","","","","","","","","","","0.1839533591569864","","","","","","","","","","","","","","","","","","","","","","","","","","","","","","","","","","","",""
"4733.5151882","2026-08-14 12:20:06.492983","/home/akatoki/SC-30/scripts/SC-30/2_phase/EM.py","log_msg","90","","","","[待機] alt=0.184 m","","","","","","","","","","","","","","","","","","","","","","","","","","","","","","","","","","","","","","","","","",""
"4734.620342238","2026-08-14 12:20:07.598131","/home/akatoki/SC-30/scripts/SC-30/2_phase/EM.py","log_msg","90","","","","","","","","","","-0.7552139735046115","","","","","","","","","","","","","","","","","","","","","","","","","","","","","","","","","","","",""
"4734.624849672","2026-08-14 12:20:07.602645","/home/akatoki/SC-30/scripts/SC-30/2_phase/EM.py","log_msg","90","","","","[待機] alt=-0.755 m","","","","","","","","","","","","","","","","","","","","","","","","","","","","","","","","","","","","","","","","","",""
"4735.729914751","2026-08-14 12:20:08.707703","/home/akatoki/SC-30/scripts/SC-30/2_phase/EM.py","log_msg","90","","","","","","","","","","-0.23291022149379392","","","","","","","","","","","","","","","","","","","","","","","","","","","","","","","","","","","",""
"4735.734437498","2026-08-14 12:20:08.712233","/home/akatoki/SC-30/scripts/SC-30/2_phase/EM.py","log_msg","90","","","","[待機] alt=-0.233 m","","","","","","","","","","","","","","","","","","","","","","","","","","","","","","","","","","","","","","","","","",""
"4736.844133606","2026-08-14 12:20:09.821921","/home/akatoki/SC-30/scripts/SC-30/2_phase/EM.py","log_msg","90","","","","","","","","","","-0.17740356587134576","","","","","","","","","","","","","","","","","","","","","","","","","","","","","","","","","","","",""
"4736.849400422","2026-08-14 12:20:09.827197","/home/akatoki/SC-30/scripts/SC-30/2_phase/EM.py","log_msg","90","","","","[待機] alt=-0.177 m","","","","","","","","","","","","","","","","","","","","","","","","","","","","","","","","","","","","","","","","","",""
"4737.954410189","2026-08-14 12:20:10.932199","/home/akatoki/SC-30/scripts/SC-30/2_phase/EM.py","log_msg","90","","","","","","","","","","-0.5750695887011581","","","","","","","","","","","","","","","","","","","","","","","","","","","","","","","","","","","",""
"4737.95890705","2026-08-14 12:20:10.936703","/home/akatoki/SC-30/scripts/SC-30/2_phase/EM.py","log_msg","90","","","","[待機] alt=-0.575 m","","","","","","","","","","","","","","","","","","","","","","","","","","","","","","","","","","","","","","","","","",""
"4739.063942964","2026-08-14 12:20:12.041731","/home/akatoki/SC-30/scripts/SC-30/2_phase/EM.py","log_msg","90","","","","","","","","","","0.18200882807890562","","","","","","","","","","","","","","","","","","","","","","","","","","","","","","","","","","","",""
"4739.073391533","2026-08-14 12:20:12.051187","/home/akatoki/SC-30/scripts/SC-30/2_phase/EM.py","log_msg","90","","","","[待機] alt=0.182 m","","","","","","","","","","","","","","","","","","","","","","","","","","","","","","","","","","","","","","","","","",""
"4740.178349427","2026-08-14 12:20:13.156137","/home/akatoki/SC-30/scripts/SC-30/2_phase/EM.py","log_msg","90","","","","","","","","","","-0.6851778397177477","","","","","","","","","","","","","","","","","","","","","","","","","","","","","","","","","","","",""
"4740.182815923","2026-08-14 12:20:13.160610","/home/akatoki/SC-30/scripts/SC-30/2_phase/EM.py","log_msg","90","","","","[待機] alt=-0.685 m","","","","","","","","","","","","","","","","","","","","","","","","","","","","","","","","","","","","","","","","","",""
"4741.287840848","2026-08-14 12:20:14.265629","/home/akatoki/SC-30/scripts/SC-30/2_phase/EM.py","log_msg","90","","","","","","","","","","-0.46952308460337155","","","","","","","","","","","","","","","","","","","","","","","","","","","","","","","","","","","",""
"4741.292358022","2026-08-14 12:20:14.270154","/home/akatoki/SC-30/scripts/SC-30/2_phase/EM.py","log_msg","90","","","","[待機] alt=-0.470 m","","","","","","","","","","","","","","","","","","","","","","","","","","","","","","","","","","","","","","","","","",""
"4742.397508626","2026-08-14 12:20:15.375297","/home/akatoki/SC-30/scripts/SC-30/2_phase/EM.py","log_msg","90","","","","","","","","","","-0.5605052054525106","","","","","","","","","","","","","","","","","","","","","","","","","","","","","","","","","","","",""
"4742.40205481","2026-08-14 12:20:15.379849","/home/akatoki/SC-30/scripts/SC-30/2_phase/EM.py","log_msg","90","","","","[待機] alt=-0.561 m","","","","","","","","","","","","","","","","","","","","","","","","","","","","","","","","","","","","","","","","","",""
"4743.5071413","2026-08-14 12:20:16.484929","/home/akatoki/SC-30/scripts/SC-30/2_phase/EM.py","log_msg","90","","","","","","","","","","0.17745573423684768","","","","","","","","","","","","","","","","","","","","","","","","","","","","","","","","","","","",""
"4743.511586858","2026-08-14 12:20:16.489382","/home/akatoki/SC-30/scripts/SC-30/2_phase/EM.py","log_msg","90","","","","[待機] alt=0.177 m","","","","","","","","","","","","","","","","","","","","","","","","","","","","","","","","","","","","","","","","","",""
"4744.616672359","2026-08-14 12:20:17.594461","/home/akatoki/SC-30/scripts/SC-30/2_phase/EM.py","log_msg","90","","","","","","","","","","-0.7233668413657779","","","","","","","","","","","","","","","","","","","","","","","","","","","","","","","","","","","",""
"4744.621152605","2026-08-14 12:20:17.598948","/home/akatoki/SC-30/scripts/SC-30/2_phase/EM.py","log_msg","90","","","","[待機] alt=-0.723 m","","","","","","","","","","","","","","","","","","","","","","","","","","","","","","","","","","","","","","","","","",""
"4745.727111499","2026-08-14 12:20:18.704900","/home/akatoki/SC-30/scripts/SC-30/2_phase/EM.py","log_msg","90","","","","","","","","","","-1.1928472717864813","","","","","","","","","","","","","","","","","","","","","","","","","","","","","","","","","","","",""
"4745.731571953","2026-08-14 12:20:18.709367","/home/akatoki/SC-30/scripts/SC-30/2_phase/EM.py","log_msg","90","","","","[待機] alt=-1.193 m","","","","","","","","","","","","","","","","","","","","","","","","","","","","","","","","","","","","","","","","","",""
"4746.836677038","2026-08-14 12:20:19.814464","/home/akatoki/SC-30/scripts/SC-30/2_phase/EM.py","log_msg","90","","","","","","","","","","-0.6514800295393419","","","","","","","","","","","","","","","","","","","","","","","","","","","","","","","","","","","",""
"4746.84588821","2026-08-14 12:20:19.823684","/home/akatoki/SC-30/scripts/SC-30/2_phase/EM.py","log_msg","90","","","","[待機] alt=-0.651 m","","","","","","","","","","","","","","","","","","","","","","","","","","","","","","","","","","","","","","","","","",""
"4747.950883346","2026-08-14 12:20:20.928669","/home/akatoki/SC-30/scripts/SC-30/2_phase/EM.py","log_msg","90","","","","","","","","","","0.35942725339484505","","","","","","","","","","","","","","","","","","","","","","","","","","","","","","","","","","","",""
"4747.962117608","2026-08-14 12:20:20.939912","/home/akatoki/SC-30/scripts/SC-30/2_phase/EM.py","log_msg","90","","","","[待機] alt=0.359 m","","","","","","","","","","","","","","","","","","","","","","","","","","","","","","","","","","","","","","","","","",""
"4749.073942855","2026-08-14 12:20:22.051732","/home/akatoki/SC-30/scripts/SC-30/2_phase/EM.py","log_msg","90","","","","","","","","","","-0.11009310210699397","","","","","","","","","","","","","","","","","","","","","","","","","","","","","","","","","","","",""
"4749.078472529","2026-08-14 12:20:22.056268","/home/akatoki/SC-30/scripts/SC-30/2_phase/EM.py","log_msg","90","","","","[待機] alt=-0.110 m","","","","","","","","","","","","","","","","","","","","","","","","","","","","","","","","","","","","","","","","","",""
"4750.188714586","2026-08-14 12:20:23.166502","/home/akatoki/SC-30/scripts/SC-30/2_phase/EM.py","log_msg","90","","","","","","","","","","-0.34484558871399784","","","","","","","","","","","","","","","","","","","","","","","","","","","","","","","","","","","",""
"4750.193247541","2026-08-14 12:20:23.171043","/home/akatoki/SC-30/scripts/SC-30/2_phase/EM.py","log_msg","90","","","","[待機] alt=-0.345 m","","","","","","","","","","","","","","","","","","","","","","","","","","","","","","","","","","","","","","","","","",""
"4751.298393983","2026-08-14 12:20:24.276182","/home/akatoki/SC-30/scripts/SC-30/2_phase/EM.py","log_msg","90","","","","","","","","","","0.43131351249397487","","","","","","","","","","","","","","","","","","","","","","","","","","","","","","","","","","","",""
"4751.302870271","2026-08-14 12:20:24.280666","/home/akatoki/SC-30/scripts/SC-30/2_phase/EM.py","log_msg","90","","","","[待機] alt=0.431 m","","","","","","","","","","","","","","","","","","","","","","","","","","","","","","","","","","","","","","","","","",""
"4752.407919368","2026-08-14 12:20:25.385707","/home/akatoki/SC-30/scripts/SC-30/2_phase/EM.py","log_msg","90","","","","","","","","","","-0.11009310210699397","","","","","","","","","","","","","","","","","","","","","","","","","","","","","","","","","","","",""
"4752.417082779","2026-08-14 12:20:25.394879","/home/akatoki/SC-30/scripts/SC-30/2_phase/EM.py","log_msg","90","","","","[待機] alt=-0.110 m","","","","","","","","","","","","","","","","","","","","","","","","","","","","","","","","","","","","","","","","","",""
"4753.52210745","2026-08-14 12:20:26.499895","/home/akatoki/SC-30/scripts/SC-30/2_phase/EM.py","log_msg","90","","","","","","","","","","-0.11009310210699397","","","","","","","","","","","","","","","","","","","","","","","","","","","","","","","","","","","",""
"4753.527651351","2026-08-14 12:20:26.505448","/home/akatoki/SC-30/scripts/SC-30/2_phase/EM.py","log_msg","90","","","","[待機] alt=-0.110 m","","","","","","","","","","","","","","","","","","","","","","","","","","","","","","","","","","","","","","","","","",""
"4754.632914827","2026-08-14 12:20:27.610704","/home/akatoki/SC-30/scripts/SC-30/2_phase/EM.py","log_msg","90","","","","","","","","","","-0.34484558871399784","","","","","","","","","","","","","","","","","","","","","","","","","","","","","","","","","","","",""
"4754.637512001","2026-08-14 12:20:27.615307","/home/akatoki/SC-30/scripts/SC-30/2_phase/EM.py","log_msg","90","","","","[待機] alt=-0.345 m","","","","","","","","","","","","","","","","","","","","","","","","","","","","","","","","","","","","","","","","","",""
"4755.742681779","2026-08-14 12:20:28.720470","/home/akatoki/SC-30/scripts/SC-30/2_phase/EM.py","log_msg","90","","","","","","","","","","-0.5077055974613875","","","","","","","","","","","","","","","","","","","","","","","","","","","","","","","","","","","",""
"4755.747195983","2026-08-14 12:20:28.724991","/home/akatoki/SC-30/scripts/SC-30/2_phase/EM.py","log_msg","90","","","","[待機] alt=-0.508 m","","","","","","","","","","","","","","","","","","","","","","","","","","","","","","","","","","","","","","","","","",""
"4756.852334771","2026-08-14 12:20:29.830123","/home/akatoki/SC-30/scripts/SC-30/2_phase/EM.py","log_msg","90","","","","","","","","","","-0.3639300875883178","","","","","","","","","","","","","","","","","","","","","","","","","","","","","","","","","","","",""
"4756.856938769","2026-08-14 12:20:29.834736","/home/akatoki/SC-30/scripts/SC-30/2_phase/EM.py","log_msg","90","","","","[待機] alt=-0.364 m","","","","","","","","","","","","","","","","","","","","","","","","","","","","","","","","","","","","","","","","","",""
"4757.966785357","2026-08-14 12:20:30.944574","/home/akatoki/SC-30/scripts/SC-30/2_phase/EM.py","log_msg","90","","","","","","","","","","-0.20107116355583932","","","","","","","","","","","","","","","","","","","","","","","","","","","","","","","","","","","",""
"4757.971249666","2026-08-14 12:20:30.949046","/home/akatoki/SC-30/scripts/SC-30/2_phase/EM.py","log_msg","90","","","","[待機] alt=-0.201 m","","","","","","","","","","","","","","","","","","","","","","","","","","","","","","","","","","","","","","","","","",""
"4759.076358611","2026-08-14 12:20:32.054146","/home/akatoki/SC-30/scripts/SC-30/2_phase/EM.py","log_msg","90","","","","","","","","","","-0.43581797723939886","","","","","","","","","","","","","","","","","","","","","","","","","","","","","","","","","","","",""
"4759.080853597","2026-08-14 12:20:32.058649","/home/akatoki/SC-30/scripts/SC-30/2_phase/EM.py","log_msg","90","","","","[待機] alt=-0.436 m","","","","","","","","","","","","","","","","","","","","","","","","","","","","","","","","","","","","","","","","","",""
"4760.186002126","2026-08-14 12:20:33.163791","/home/akatoki/SC-30/scripts/SC-30/2_phase/EM.py","log_msg","90","","","","","","","","","","-0.3639300875883178","","","","","","","","","","","","","","","","","","","","","","","","","","","","","","","","","","","",""
"4760.190736802","2026-08-14 12:20:33.168532","/home/akatoki/SC-30/scripts/SC-30/2_phase/EM.py","log_msg","90","","","","[待機] alt=-0.364 m","","","","","","","","","","","","","","","","","","","","","","","","","","","","","","","","","","","","","","","","","",""
"4761.295883196","2026-08-14 12:20:34.273673","/home/akatoki/SC-30/scripts/SC-30/2_phase/EM.py","log_msg","90","","","","","","","","","","-0.6705596641023215","","","","","","","","","","","","","","","","","","","","","","","","","","","","","","","","","","","",""
"4761.300453079","2026-08-14 12:20:34.278249","/home/akatoki/SC-30/scripts/SC-30/2_phase/EM.py","log_msg","90","","","","[待機] alt=-0.671 m","","","","","","","","","","","","","","","","","","","","","","","","","","","","","","","","","","","","","","","","","",""
"4762.411247021","2026-08-14 12:20:35.389035","/home/akatoki/SC-30/scripts/SC-30/2_phase/EM.py","log_msg","90","","","","","","","","","","-0.5267830695438702","","","","","","","","","","","","","","","","","","","","","","","","","","","","","","","","","","","",""
"4762.415747528","2026-08-14 12:20:35.393543","/home/akatoki/SC-30/scripts/SC-30/2_phase/EM.py","log_msg","90","","","","[待機] alt=-0.527 m","","","","","","","","","","","","","","","","","","","","","","","","","","","","","","","","","","","","","","","","","",""
"4763.52090658","2026-08-14 12:20:36.498694","/home/akatoki/SC-30/scripts/SC-30/2_phase/EM.py","log_msg","90","","","","","","","","","","-0.6705596641023215","","","","","","","","","","","","","","","","","","","","","","","","","","","","","","","","","","","",""
"4763.525399222","2026-08-14 12:20:36.503195","/home/akatoki/SC-30/scripts/SC-30/2_phase/EM.py","log_msg","90","","","","[待機] alt=-0.671 m","","","","","","","","","","","","","","","","","","","","","","","","","","","","","","","","","","","","","","","","","",""
"4764.630483222","2026-08-14 12:20:37.608272","/home/akatoki/SC-30/scripts/SC-30/2_phase/EM.py","log_msg","90","","","","","","","","","","-0.9052962243906881","","","","","","","","","","","","","","","","","","","","","","","","","","","","","","","","","","","",""
"4764.634974249","2026-08-14 12:20:37.612769","/home/akatoki/SC-30/scripts/SC-30/2_phase/EM.py","log_msg","90","","","","[待機] alt=-0.905 m","","","","","","","","","","","","","","","","","","","","","","","","","","","","","","","","","","","","","","","","","",""
"4765.74462209","2026-08-14 12:20:38.722410","/home/akatoki/SC-30/scripts/SC-30/2_phase/EM.py","log_msg","90","","","","","","","","","","-0.8334077889025671","","","","","","","","","","","","","","","","","","","","","","","","","","","","","","","","","","","",""
"4765.749081659","2026-08-14 12:20:38.726877","/home/akatoki/SC-30/scripts/SC-30/2_phase/EM.py","log_msg","90","","","","[待機] alt=-0.833 m","","","","","","","","","","","","","","","","","","","","","","","","","","","","","","","","","","","","","","","","","",""
"4766.854106492","2026-08-14 12:20:39.831896","/home/akatoki/SC-30/scripts/SC-30/2_phase/EM.py","log_msg","90","","","","","","","","","","-0.43581797723939886","","","","","","","","","","","","","","","","","","","","","","","","","","","","","","","","","","","",""
"4766.858610541","2026-08-14 12:20:39.836408","/home/akatoki/SC-30/scripts/SC-30/2_phase/EM.py","log_msg","90","","","","[待機] alt=-0.436 m","","","","","","","","","","","","","","","","","","","","","","","","","","","","","","","","","","","","","","","","","",""
"4767.963663031","2026-08-14 12:20:40.941451","/home/akatoki/SC-30/scripts/SC-30/2_phase/EM.py","log_msg","90","","","","","","","","","","-0.5986715015277988","","","","","","","","","","","","","","","","","","","","","","","","","","","","","","","","","","","",""
"4767.968211872","2026-08-14 12:20:40.946008","/home/akatoki/SC-30/scripts/SC-30/2_phase/EM.py","log_msg","90","","","","[待機] alt=-0.599 m","","","","","","","","","","","","","","","","","","","","","","","","","","","","","","","","","","","","","","","","","",""
"4769.073261238","2026-08-14 12:20:42.051050","/home/akatoki/SC-30/scripts/SC-30/2_phase/EM.py","log_msg","90","","","","","","","","","","-0.6896301096784208","","","","","","","","","","","","","","","","","","","","","","","","","","","","","","","","","","","",""
"4769.082819704","2026-08-14 12:20:42.060616","/home/akatoki/SC-30/scripts/SC-30/2_phase/EM.py","log_msg","90","","","","[待機] alt=-0.690 m","","","","","","","","","","","","","","","","","","","","","","","","","","","","","","","","","","","","","","","","","",""
"4770.187796674","2026-08-14 12:20:43.165585","/home/akatoki/SC-30/scripts/SC-30/2_phase/EM.py","log_msg","90","","","","","","","","","","-0.8334077889025671","","","","","","","","","","","","","","","","","","","","","","","","","","","","","","","","","","","",""
"4770.192317962","2026-08-14 12:20:43.170114","/home/akatoki/SC-30/scripts/SC-30/2_phase/EM.py","log_msg","90","","","","[待機] alt=-0.833 m","","","","","","","","","","","","","","","","","","","","","","","","","","","","","","","","","","","","","","","","","",""
"4771.298739164","2026-08-14 12:20:44.276527","/home/akatoki/SC-30/scripts/SC-30/2_phase/EM.py","log_msg","90","","","","","","","","","","-0.2920419285179876","","","","","","","","","","","","","","","","","","","","","","","","","","","","","","","","","","","",""
"4771.303220139","2026-08-14 12:20:44.281017","/home/akatoki/SC-30/scripts/SC-30/2_phase/EM.py","log_msg","90","","","","[待機] alt=-0.292 m","","","","","","","","","","","","","","","","","","","","","","","","","","","","","","","","","","","","","","","","","",""
"4772.408294767","2026-08-14 12:20:45.386083","/home/akatoki/SC-30/scripts/SC-30/2_phase/EM.py","log_msg","90","","","","","","","","","","-0.6705596641023215","","","","","","","","","","","","","","","","","","","","","","","","","","","","","","","","","","","",""
"4772.412786732","2026-08-14 12:20:45.390583","/home/akatoki/SC-30/scripts/SC-30/2_phase/EM.py","log_msg","90","","","","[待機] alt=-0.671 m","","","","","","","","","","","","","","","","","","","","","","","","","","","","","","","","","","","","","","","","","",""
"4773.522559057","2026-08-14 12:20:46.500349","/home/akatoki/SC-30/scripts/SC-30/2_phase/EM.py","log_msg","90","","","","","","","","","","-0.7615190839853536","","","","","","","","","","","","","","","","","","","","","","","","","","","","","","","","","","","",""
"4773.527862175","2026-08-14 12:20:46.505664","/home/akatoki/SC-30/scripts/SC-30/2_phase/EM.py","log_msg","90","","","","[待機] alt=-0.762 m","","","","","","","","","","","","","","","","","","","","","","","","","","","","","","","","","","","","","","","","","",""
"4774.633565819","2026-08-14 12:20:47.611354","/home/akatoki/SC-30/scripts/SC-30/2_phase/EM.py","log_msg","90","","","","","","","","","","-0.8334077889025671","","","","","","","","","","","","","","","","","","","","","","","","","","","","","","","","","","","",""
"4774.638139087","2026-08-14 12:20:47.615934","/home/akatoki/SC-30/scripts/SC-30/2_phase/EM.py","log_msg","90","","","","[待機] alt=-0.833 m","","","","","","","","","","","","","","","","","","","","","","","","","","","","","","","","","","","","","","","","","",""
"4775.743181633","2026-08-14 12:20:48.720970","/home/akatoki/SC-30/scripts/SC-30/2_phase/EM.py","log_msg","90","","","","","","","","","","-0.5986715015277988","","","","","","","","","","","","","","","","","","","","","","","","","","","","","","","","","","","",""
"4775.747654796","2026-08-14 12:20:48.725450","/home/akatoki/SC-30/scripts/SC-30/2_phase/EM.py","log_msg","90","","","","[待機] alt=-0.599 m","","","","","","","","","","","","","","","","","","","","","","","","","","","","","","","","","","","","","","","","","",""
"4776.852756197","2026-08-14 12:20:49.830544","/home/akatoki/SC-30/scripts/SC-30/2_phase/EM.py","log_msg","90","","","","","","","","","","-0.6896301096784208","","","","","","","","","","","","","","","","","","","","","","","","","","","","","","","","","","","",""
"4776.862183673","2026-08-14 12:20:49.839979","/home/akatoki/SC-30/scripts/SC-30/2_phase/EM.py","log_msg","90","","","","[待機] alt=-0.690 m","","","","","","","","","","","","","","","","","","","","","","","","","","","","","","","","","","","","","","","","","",""
"4777.967183042","2026-08-14 12:20:50.944972","/home/akatoki/SC-30/scripts/SC-30/2_phase/EM.py","log_msg","90","","","","","","","","","","-0.7615190839853536","","","","","","","","","","","","","","","","","","","","","","","","","","","","","","","","","","","",""
"4777.971659903","2026-08-14 12:20:50.949457","/home/akatoki/SC-30/scripts/SC-30/2_phase/EM.py","log_msg","90","","","","[待機] alt=-0.762 m","","","","","","","","","","","","","","","","","","","","","","","","","","","","","","","","","","","","","","","","","",""
"4779.076865733","2026-08-14 12:20:52.054655","/home/akatoki/SC-30/scripts/SC-30/2_phase/EM.py","log_msg","90","","","","","","","","","","-0.3639300875883178","","","","","","","","","","","","","","","","","","","","","","","","","","","","","","","","","","","",""
"4779.082860159","2026-08-14 12:20:52.060659","/home/akatoki/SC-30/scripts/SC-30/2_phase/EM.py","log_msg","90","","","","[待機] alt=-0.364 m","","","","","","","","","","","","","","","","","","","","","","","","","","","","","","","","","","","","","","","","","",""
"4780.188063594","2026-08-14 12:20:53.165853","/home/akatoki/SC-30/scripts/SC-30/2_phase/EM.py","log_msg","90","","","","","","","","","","-0.8334077889025671","","","","","","","","","","","","","","","","","","","","","","","","","","","","","","","","","","","",""
"4780.192536601","2026-08-14 12:20:53.170332","/home/akatoki/SC-30/scripts/SC-30/2_phase/EM.py","log_msg","90","","","","[待機] alt=-0.833 m","","","","","","","","","","","","","","","","","","","","","","","","","","","","","","","","","","","","","","","","","",""
"4781.302239449","2026-08-14 12:20:54.280028","/home/akatoki/SC-30/scripts/SC-30/2_phase/EM.py","log_msg","90","","","","","","","","","","-0.7615190839853536","","","","","","","","","","","","","","","","","","","","","","","","","","","","","","","","","","","",""
"4781.306971833","2026-08-14 12:20:54.284768","/home/akatoki/SC-30/scripts/SC-30/2_phase/EM.py","log_msg","90","","","","[待機] alt=-0.762 m","","","","","","","","","","","","","","","","","","","","","","","","","","","","","","","","","","","","","","","","","",""
"4782.412190581","2026-08-14 12:20:55.389979","/home/akatoki/SC-30/scripts/SC-30/2_phase/EM.py","log_msg","90","","","","","","","","","","-0.6896301096784208","","","","","","","","","","","","","","","","","","","","","","","","","","","","","","","","","","","",""
"4782.416819214","2026-08-14 12:20:55.394614","/home/akatoki/SC-30/scripts/SC-30/2_phase/EM.py","log_msg","90","","","","[待機] alt=-0.690 m","","","","","","","","","","","","","","","","","","","","","","","","","","","","","","","","","","","","","","","","","",""
"4783.521921764","2026-08-14 12:20:56.499709","/home/akatoki/SC-30/scripts/SC-30/2_phase/EM.py","log_msg","90","","","","","","","","","","-0.7615190839853536","","","","","","","","","","","","","","","","","","","","","","","","","","","","","","","","","","","",""
"4783.526409823","2026-08-14 12:20:56.504207","/home/akatoki/SC-30/scripts/SC-30/2_phase/EM.py","log_msg","90","","","","[待機] alt=-0.762 m","","","","","","","","","","","","","","","","","","","","","","","","","","","","","","","","","","","","","","","","","",""
"4784.631445289","2026-08-14 12:20:57.609233","/home/akatoki/SC-30/scripts/SC-30/2_phase/EM.py","log_msg","90","","","","","","","","","","-0.38300539736748185","","","","","","","","","","","","","","","","","","","","","","","","","","","","","","","","","","","",""
"4784.641185632","2026-08-14 12:20:57.618983","/home/akatoki/SC-30/scripts/SC-30/2_phase/EM.py","log_msg","90","","","","[待機] alt=-0.383 m","","","","","","","","","","","","","","","","","","","","","","","","","","","","","","","","","","","","","","","","","",""
"4785.746199901","2026-08-14 12:20:58.723988","/home/akatoki/SC-30/scripts/SC-30/2_phase/EM.py","log_msg","90","","","","","","","","","","-0.924360724887674","","","","","","","","","","","","","","","","","","","","","","","","","","","","","","","","","","","",""
"4785.750750096","2026-08-14 12:20:58.728546","/home/akatoki/SC-30/scripts/SC-30/2_phase/EM.py","log_msg","90","","","","[待機] alt=-0.924 m","","","","","","","","","","","","","","","","","","","","","","","","","","","","","","","","","","","","","","","","","",""
"4786.855785616","2026-08-14 12:20:59.833574","/home/akatoki/SC-30/scripts/SC-30/2_phase/EM.py","log_msg","90","","","","","","","","","","-0.5458513528953968","","","","","","","","","","","","","","","","","","","","","","","","","","","","","","","","","","","",""
"4786.860310862","2026-08-14 12:20:59.838107","/home/akatoki/SC-30/scripts/SC-30/2_phase/EM.py","log_msg","90","","","","[待機] alt=-0.546 m","","","","","","","","","","","","","","","","","","","","","","","","","","","","","","","","","","","","","","","","","",""
"4787.968337449","2026-08-14 12:21:00.946126","/home/akatoki/SC-30/scripts/SC-30/2_phase/EM.py","log_msg","90","","","","","","","","","","-0.5267830695438702","","","","","","","","","","","","","","","","","","","","","","","","","","","","","","","","","","","",""
"4787.97792352","2026-08-14 12:21:00.955719","/home/akatoki/SC-30/scripts/SC-30/2_phase/EM.py","log_msg","90","","","","[待機] alt=-0.527 m","","","","","","","","","","","","","","","","","","","","","","","","","","","","","","","","","","","","","","","","","",""
"4789.082909718","2026-08-14 12:21:02.060698","/home/akatoki/SC-30/scripts/SC-30/2_phase/EM.py","log_msg","90","","","","","","","","","","-0.6896301096784208","","","","","","","","","","","","","","","","","","","","","","","","","","","","","","","","","","","",""
"4789.087368297","2026-08-14 12:21:02.065164","/home/akatoki/SC-30/scripts/SC-30/2_phase/EM.py","log_msg","90","","","","[待機] alt=-0.690 m","","","","","","","","","","","","","","","","","","","","","","","","","","","","","","","","","","","","","","","","","",""
"4790.192503767","2026-08-14 12:21:03.170292","/home/akatoki/SC-30/scripts/SC-30/2_phase/EM.py","log_msg","90","","","","","","","","","","-0.2920419285179876","","","","","","","","","","","","","","","","","","","","","","","","","","","","","","","","","","","",""
"4790.197015211","2026-08-14 12:21:03.174811","/home/akatoki/SC-30/scripts/SC-30/2_phase/EM.py","log_msg","90","","","","[待機] alt=-0.292 m","","","","","","","","","","","","","","","","","","","","","","","","","","","","","","","","","","","","","","","","","",""
"4791.30209115","2026-08-14 12:21:04.279878","/home/akatoki/SC-30/scripts/SC-30/2_phase/EM.py","log_msg","90","","","","","","","","","","-0.8334077889025671","","","","","","","","","","","","","","","","","","","","","","","","","","","","","","","","","","","",""
"4791.306530146","2026-08-14 12:21:04.284325","/home/akatoki/SC-30/scripts/SC-30/2_phase/EM.py","log_msg","90","","","","[待機] alt=-0.833 m","","","","","","","","","","","","","","","","","","","","","","","","","","","","","","","","","","","","","","","","","",""
"4792.416245656","2026-08-14 12:21:05.394035","/home/akatoki/SC-30/scripts/SC-30/2_phase/EM.py","log_msg","90","","","","","","","","","","-0.5267830695438702","","","","","","","","","","","","","","","","","","","","","","","","","","","","","","","","","","","",""
"4792.420711371","2026-08-14 12:21:05.398507","/home/akatoki/SC-30/scripts/SC-30/2_phase/EM.py","log_msg","90","","","","[待機] alt=-0.527 m","","","","","","","","","","","","","","","","","","","","","","","","","","","","","","","","","","","","","","","","","",""
"4793.525695539","2026-08-14 12:21:06.503483","/home/akatoki/SC-30/scripts/SC-30/2_phase/EM.py","log_msg","90","","","","","","","","","","-0.5267830695438702","","","","","","","","","","","","","","","","","","","","","","","","","","","","","","","","","","","",""
"4793.530148545","2026-08-14 12:21:06.507943","/home/akatoki/SC-30/scripts/SC-30/2_phase/EM.py","log_msg","90","","","","[待機] alt=-0.527 m","","","","","","","","","","","","","","","","","","","","","","","","","","","","","","","","","","","","","","","","","",""
"4794.635155005","2026-08-14 12:21:07.612941","/home/akatoki/SC-30/scripts/SC-30/2_phase/EM.py","log_msg","90","","","","","","","","","","-0.8334077889025671","","","","","","","","","","","","","","","","","","","","","","","","","","","","","","","","","","","",""
"4794.639564939","2026-08-14 12:21:07.617361","/home/akatoki/SC-30/scripts/SC-30/2_phase/EM.py","log_msg","90","","","","[待機] alt=-0.833 m","","","","","","","","","","","","","","","","","","","","","","","","","","","","","","","","","","","","","","","","","",""
"4795.744585201","2026-08-14 12:21:08.722373","/home/akatoki/SC-30/scripts/SC-30/2_phase/EM.py","log_msg","90","","","","","","","","","","-0.2920419285179876","","","","","","","","","","","","","","","","","","","","","","","","","","","","","","","","","","","",""
"4795.755041124","2026-08-14 12:21:08.732839","/home/akatoki/SC-30/scripts/SC-30/2_phase/EM.py","log_msg","90","","","","[待機] alt=-0.292 m","","","","","","","","","","","","","","","","","","","","","","","","","","","","","","","","","","","","","","","","","",""
"4796.860098314","2026-08-14 12:21:09.837886","/home/akatoki/SC-30/scripts/SC-30/2_phase/EM.py","log_msg","90","","","","","","","","","","-0.7615190839853536","","","","","","","","","","","","","","","","","","","","","","","","","","","","","","","","","","","",""
"4796.864606634","2026-08-14 12:21:09.842402","/home/akatoki/SC-30/scripts/SC-30/2_phase/EM.py","log_msg","90","","","","[待機] alt=-0.762 m","","","","","","","","","","","","","","","","","","","","","","","","","","","","","","","","","","","","","","","","","",""
"4797.969655492","2026-08-14 12:21:10.947445","/home/akatoki/SC-30/scripts/SC-30/2_phase/EM.py","log_msg","90","","","","","","","","","","-1.230975734207722","","","","","","","","","","","","","","","","","","","","","","","","","","","","","","","","","","","",""
"4797.97417204","2026-08-14 12:21:10.951967","/home/akatoki/SC-30/scripts/SC-30/2_phase/EM.py","log_msg","90","","","","[待機] alt=-1.231 m","","","","","","","","","","","","","","","","","","","","","","","","","","","","","","","","","","","","","","","","","",""
"4799.084247869","2026-08-14 12:21:12.062035","/home/akatoki/SC-30/scripts/SC-30/2_phase/EM.py","log_msg","90","","","","","","","","","","-0.45489436815053574","","","","","","","","","","","","","","","","","","","","","","","","","","","","","","","","","","","",""
"4799.088741084","2026-08-14 12:21:12.066537","/home/akatoki/SC-30/scripts/SC-30/2_phase/EM.py","log_msg","90","","","","[待機] alt=-0.455 m","","","","","","","","","","","","","","","","","","","","","","","","","","","","","","","","","","","","","","","","","",""
"4800.193866193","2026-08-14 12:21:13.171654","/home/akatoki/SC-30/scripts/SC-30/2_phase/EM.py","log_msg","90","","","","","","","","","","-0.7615190839853536","","","","","","","","","","","","","","","","","","","","","","","","","","","","","","","","","","","",""
"4800.198398888","2026-08-14 12:21:13.176195","/home/akatoki/SC-30/scripts/SC-30/2_phase/EM.py","log_msg","90","","","","[待機] alt=-0.762 m","","","","","","","","","","","","","","","","","","","","","","","","","","","","","","","","","","","","","","","","","",""
"4801.303462175","2026-08-14 12:21:14.281250","/home/akatoki/SC-30/scripts/SC-30/2_phase/EM.py","log_msg","90","","","","","","","","","","-0.7615190839853536","","","","","","","","","","","","","","","","","","","","","","","","","","","","","","","","","","","",""
"4801.307946484","2026-08-14 12:21:14.285740","/home/akatoki/SC-30/scripts/SC-30/2_phase/EM.py","log_msg","90","","","","[待機] alt=-0.762 m","","","","","","","","","","","","","","","","","","","","","","","","","","","","","","","","","","","","","","","","","",""
"4802.41301826","2026-08-14 12:21:15.390806","/home/akatoki/SC-30/scripts/SC-30/2_phase/EM.py","log_msg","90","","","","","","","","","","-0.5267830695438702","","","","","","","","","","","","","","","","","","","","","","","","","","","","","","","","","","","",""
"4802.42236886","2026-08-14 12:21:15.400164","/home/akatoki/SC-30/scripts/SC-30/2_phase/EM.py","log_msg","90","","","","[待機] alt=-0.527 m","","","","","","","","","","","","","","","","","","","","","","","","","","","","","","","","","","","","","","","","","",""
"4803.527374491","2026-08-14 12:21:16.505162","/home/akatoki/SC-30/scripts/SC-30/2_phase/EM.py","log_msg","90","","","","","","","","","","-0.8334077889025671","","","","","","","","","","","","","","","","","","","","","","","","","","","","","","","","","","","",""
"4803.53195479","2026-08-14 12:21:16.509749","/home/akatoki/SC-30/scripts/SC-30/2_phase/EM.py","log_msg","90","","","","[待機] alt=-0.833 m","","","","","","","","","","","","","","","","","","","","","","","","","","","","","","","","","","","","","","","","","",""
"4804.637126309","2026-08-14 12:21:17.614914","/home/akatoki/SC-30/scripts/SC-30/2_phase/EM.py","log_msg","90","","","","","","","","","","-0.5077055974613875","","","","","","","","","","","","","","","","","","","","","","","","","","","","","","","","","","","",""
"4804.643098599","2026-08-14 12:21:17.620896","/home/akatoki/SC-30/scripts/SC-30/2_phase/EM.py","log_msg","90","","","","[待機] alt=-0.508 m","","","","","","","","","","","","","","","","","","","","","","","","","","","","","","","","","","","","","","","","","",""
"4805.763088316","2026-08-14 12:21:18.740876","/home/akatoki/SC-30/scripts/SC-30/2_phase/EM.py","log_msg","90","","","","","","","","","","-0.2920419285179876","","","","","","","","","","","","","","","","","","","","","","","","","","","","","","","","","","","",""
"4805.771855578","2026-08-14 12:21:18.749653","/home/akatoki/SC-30/scripts/SC-30/2_phase/EM.py","log_msg","90","","","","[待機] alt=-0.292 m","","","","","","","","","","","","","","","","","","","","","","","","","","","","","","","","","","","","","","","","","",""
"4806.876911002","2026-08-14 12:21:19.854699","/home/akatoki/SC-30/scripts/SC-30/2_phase/EM.py","log_msg","90","","","","","","","","","","-0.8334077889025671","","","","","","","","","","","","","","","","","","","","","","","","","","","","","","","","","","","",""
"4806.881392342","2026-08-14 12:21:19.859187","/home/akatoki/SC-30/scripts/SC-30/2_phase/EM.py","log_msg","90","","","","[待機] alt=-0.833 m","","","","","","","","","","","","","","","","","","","","","","","","","","","","","","","","","","","","","","","","","",""
"4807.986408079","2026-08-14 12:21:20.964196","/home/akatoki/SC-30/scripts/SC-30/2_phase/EM.py","log_msg","90","","","","","","","","","","-0.5986715015277988","","","","","","","","","","","","","","","","","","","","","","","","","","","","","","","","","","","",""
"4807.990867857","2026-08-14 12:21:20.968664","/home/akatoki/SC-30/scripts/SC-30/2_phase/EM.py","log_msg","90","","","","[待機] alt=-0.599 m","","","","","","","","","","","","","","","","","","","","","","","","","","","","","","","","","","","","","","","","","",""
"4809.095927032","2026-08-14 12:21:22.073715","/home/akatoki/SC-30/scripts/SC-30/2_phase/EM.py","log_msg","90","","","","","","","","","","-0.5986715015277988","","","","","","","","","","","","","","","","","","","","","","","","","","","","","","","","","","","",""
"4809.100475144","2026-08-14 12:21:22.078270","/home/akatoki/SC-30/scripts/SC-30/2_phase/EM.py","log_msg","90","","","","[待機] alt=-0.599 m","","","","","","","","","","","","","","","","","","","","","","","","","","","","","","","","","","","","","","","","","",""
"4810.205582445","2026-08-14 12:21:23.183371","/home/akatoki/SC-30/scripts/SC-30/2_phase/EM.py","log_msg","90","","","","","","","","","","0.5750868389844332","","","","","","","","","","","","","","","","","","","","","","","","","","","","","","","","","","","",""
"4810.215076171","2026-08-14 12:21:23.192873","/home/akatoki/SC-30/scripts/SC-30/2_phase/EM.py","log_msg","90","","","","[待機] alt=0.575 m","","","","","","","","","","","","","","","","","","","","","","","","","","","","","","","","","","","","","","","","","",""
"4811.320145556","2026-08-14 12:21:24.297934","/home/akatoki/SC-30/scripts/SC-30/2_phase/EM.py","log_msg","90","","","","","","","","","","-0.20107116355583932","","","","","","","","","","","","","","","","","","","","","","","","","","","","","","","","","","","",""
"4811.324638927","2026-08-14 12:21:24.302434","/home/akatoki/SC-30/scripts/SC-30/2_phase/EM.py","log_msg","90","","","","[待機] alt=-0.201 m","","","","","","","","","","","","","","","","","","","","","","","","","","","","","","","","","","","","","","","","","",""
"4812.429664666","2026-08-14 12:21:25.407453","/home/akatoki/SC-30/scripts/SC-30/2_phase/EM.py","log_msg","90","","","","","","","","","","-0.5077055974613875","","","","","","","","","","","","","","","","","","","","","","","","","","","","","","","","","","","",""
"4812.434168923","2026-08-14 12:21:25.411963","/home/akatoki/SC-30/scripts/SC-30/2_phase/EM.py","log_msg","90","","","","[待機] alt=-0.508 m","","","","","","","","","","","","","","","","","","","","","","","","","","","","","","","","","","","","","","","","","",""
"4813.540594987","2026-08-14 12:21:26.518384","/home/akatoki/SC-30/scripts/SC-30/2_phase/EM.py","log_msg","90","","","","","","","","","","-0.5986715015277988","","","","","","","","","","","","","","","","","","","","","","","","","","","","","","","","","","","",""
"4813.549978921","2026-08-14 12:21:26.527774","/home/akatoki/SC-30/scripts/SC-30/2_phase/EM.py","log_msg","90","","","","[待機] alt=-0.599 m","","","","","","","","","","","","","","","","","","","","","","","","","","","","","","","","","","","","","","","","","",""
"4814.654962264","2026-08-14 12:21:27.632751","/home/akatoki/SC-30/scripts/SC-30/2_phase/EM.py","log_msg","90","","","","","","","","","","-0.43581797723939886","","","","","","","","","","","","","","","","","","","","","","","","","","","","","","","","","","","",""
"4814.659437094","2026-08-14 12:21:27.637233","/home/akatoki/SC-30/scripts/SC-30/2_phase/EM.py","log_msg","90","","","","[待機] alt=-0.436 m","","","","","","","","","","","","","","","","","","","","","","","","","","","","","","","","","","","","","","","","","",""
"4815.764569971","2026-08-14 12:21:28.742358","/home/akatoki/SC-30/scripts/SC-30/2_phase/EM.py","log_msg","90","","","","","","","","","","-0.5077055974613875","","","","","","","","","","","","","","","","","","","","","","","","","","","","","","","","","","","",""
"4815.769084697","2026-08-14 12:21:28.746880","/home/akatoki/SC-30/scripts/SC-30/2_phase/EM.py","log_msg","90","","","","[待機] alt=-0.508 m","","","","","","","","","","","","","","","","","","","","","","","","","","","","","","","","","","","","","","","","","",""
"4816.874098302","2026-08-14 12:21:29.851886","/home/akatoki/SC-30/scripts/SC-30/2_phase/EM.py","log_msg","90","","","","","","","","","","-0.5077055974613875","","","","","","","","","","","","","","","","","","","","","","","","","","","","","","","","","","","",""
"4816.878572663","2026-08-14 12:21:29.856370","/home/akatoki/SC-30/scripts/SC-30/2_phase/EM.py","log_msg","90","","","","[待機] alt=-0.508 m","","","","","","","","","","","","","","","","","","","","","","","","","","","","","","","","","","","","","","","","","",""
"4817.983652884","2026-08-14 12:21:30.961441","/home/akatoki/SC-30/scripts/SC-30/2_phase/EM.py","log_msg","90","","","","","","","","","","-0.34484558871399784","","","","","","","","","","","","","","","","","","","","","","","","","","","","","","","","","","","",""
"4818.003234196","2026-08-14 12:21:30.981030","/home/akatoki/SC-30/scripts/SC-30/2_phase/EM.py","log_msg","90","","","","[待機] alt=-0.345 m","","","","","","","","","","","","","","","","","","","","","","","","","","","","","","","","","","","","","","","","","",""
"4819.108238427","2026-08-14 12:21:32.086027","/home/akatoki/SC-30/scripts/SC-30/2_phase/EM.py","log_msg","90","","","","","","","","","","-0.7424475572379086","","","","","","","","","","","","","","","","","","","","","","","","","","","","","","","","","","","",""
"4819.112697892","2026-08-14 12:21:32.090493","/home/akatoki/SC-30/scripts/SC-30/2_phase/EM.py","log_msg","90","","","","[待機] alt=-0.742 m","","","","","","","","","","","","","","","","","","","","","","","","","","","","","","","","","","","","","","","","","",""
"4820.217705092","2026-08-14 12:21:33.195493","/home/akatoki/SC-30/scripts/SC-30/2_phase/EM.py","log_msg","90","","","","","","","","","","-0.7424475572379086","","","","","","","","","","","","","","","","","","","","","","","","","","","","","","","","","","","",""
"4820.22220086","2026-08-14 12:21:33.199997","/home/akatoki/SC-30/scripts/SC-30/2_phase/EM.py","log_msg","90","","","","[待機] alt=-0.742 m","","","","","","","","","","","","","","","","","","","","","","","","","","","","","","","","","","","","","","","","","",""
"4821.327260352","2026-08-14 12:21:34.305048","/home/akatoki/SC-30/scripts/SC-30/2_phase/EM.py","log_msg","90","","","","","","","","","","-0.8862225351430597","","","","","","","","","","","","","","","","","","","","","","","","","","","","","","","","","","","",""
"4821.337784504","2026-08-14 12:21:34.315584","/home/akatoki/SC-30/scripts/SC-30/2_phase/EM.py","log_msg","90","","","","[待機] alt=-0.886 m","","","","","","","","","","","","","","","","","","","","","","","","","","","","","","","","","","","","","","","","","",""
"4822.442768945","2026-08-14 12:21:35.420557","/home/akatoki/SC-30/scripts/SC-30/2_phase/EM.py","log_msg","90","","","","","","","","","","-0.11009310210699397","","","","","","","","","","","","","","","","","","","","","","","","","","","","","","","","","","","",""
"4822.447244452","2026-08-14 12:21:35.425040","/home/akatoki/SC-30/scripts/SC-30/2_phase/EM.py","log_msg","90","","","","[待機] alt=-0.110 m","","","","","","","","","","","","","","","","","","","","","","","","","","","","","","","","","","","","","","","","","",""
"4823.552305039","2026-08-14 12:21:36.530094","/home/akatoki/SC-30/scripts/SC-30/2_phase/EM.py","log_msg","90","","","","","","","","","","-0.5795929482345974","","","","","","","","","","","","","","","","","","","","","","","","","","","","","","","","","","","",""
"4823.556779921","2026-08-14 12:21:36.534575","/home/akatoki/SC-30/scripts/SC-30/2_phase/EM.py","log_msg","90","","","","[待機] alt=-0.580 m","","","","","","","","","","","","","","","","","","","","","","","","","","","","","","","","","","","","","","","","","",""
"4824.661870926","2026-08-14 12:21:37.639659","/home/akatoki/SC-30/scripts/SC-30/2_phase/EM.py","log_msg","90","","","","","","","","","","-0.4167323971149872","","","","","","","","","","","","","","","","","","","","","","","","","","","","","","","","","","","",""
"4824.66639086","2026-08-14 12:21:37.644185","/home/akatoki/SC-30/scripts/SC-30/2_phase/EM.py","log_msg","90","","","","[待機] alt=-0.417 m","","","","","","","","","","","","","","","","","","","","","","","","","","","","","","","","","","","","","","","","","",""
"4825.771403532","2026-08-14 12:21:38.749192","/home/akatoki/SC-30/scripts/SC-30/2_phase/EM.py","log_msg","90","","","","","","","","","","-0.4886189360278248","","","","","","","","","","","","","","","","","","","","","","","","","","","","","","","","","","","",""
"4825.780848768","2026-08-14 12:21:38.758644","/home/akatoki/SC-30/scripts/SC-30/2_phase/EM.py","log_msg","90","","","","[待機] alt=-0.489 m","","","","","","","","","","","","","","","","","","","","","","","","","","","","","","","","","","","","","","","","","",""
"4826.885907378","2026-08-14 12:21:39.863696","/home/akatoki/SC-30/scripts/SC-30/2_phase/EM.py","log_msg","90","","","","","","","","","","-0.25386590359362415","","","","","","","","","","","","","","","","","","","","","","","","","","","","","","","","","","","",""
"4826.890483354","2026-08-14 12:21:39.868281","/home/akatoki/SC-30/scripts/SC-30/2_phase/EM.py","log_msg","90","","","","[待機] alt=-0.254 m","","","","","","","","","","","","","","","","","","","","","","","","","","","","","","","","","","","","","","","","","",""
"4827.995617538","2026-08-14 12:21:40.973406","/home/akatoki/SC-30/scripts/SC-30/2_phase/EM.py","log_msg","90","","","","","","","","","","-0.7952533836942188","","","","","","","","","","","","","","","","","","","","","","","","","","","","","","","","","","","",""
"4828.000164764","2026-08-14 12:21:40.977961","/home/akatoki/SC-30/scripts/SC-30/2_phase/EM.py","log_msg","90","","","","[待機] alt=-0.795 m","","","","","","","","","","","","","","","","","","","","","","","","","","","","","","","","","","","","","","","","","",""
"4829.10521676","2026-08-14 12:21:42.083005","/home/akatoki/SC-30/scripts/SC-30/2_phase/EM.py","log_msg","90","","","","","","","","","","-0.7952533836942188","","","","","","","","","","","","","","","","","","","","","","","","","","","","","","","","","","","",""
"4829.114718404","2026-08-14 12:21:42.092515","/home/akatoki/SC-30/scripts/SC-30/2_phase/EM.py","log_msg","90","","","","[待機] alt=-0.795 m","","","","","","","","","","","","","","","","","","","","","","","","","","","","","","","","","","","","","","","","","",""
"4830.221438591","2026-08-14 12:21:43.199227","/home/akatoki/SC-30/scripts/SC-30/2_phase/EM.py","log_msg","90","","","","","","","","","","-0.4886189360278248","","","","","","","","","","","","","","","","","","","","","","","","","","","","","","","","","","","",""
"4830.225987797","2026-08-14 12:21:43.203784","/home/akatoki/SC-30/scripts/SC-30/2_phase/EM.py","log_msg","90","","","","[待機] alt=-0.489 m","","","","","","","","","","","","","","","","","","","","","","","","","","","","","","","","","","","","","","","","","",""
"4831.331017658","2026-08-14 12:21:44.308806","/home/akatoki/SC-30/scripts/SC-30/2_phase/EM.py","log_msg","90","","","","","","","","","","-0.7952533836942188","","","","","","","","","","","","","","","","","","","","","","","","","","","","","","","","","","","",""
"4831.335503269","2026-08-14 12:21:44.313299","/home/akatoki/SC-30/scripts/SC-30/2_phase/EM.py","log_msg","90","","","","[待機] alt=-0.795 m","","","","","","","","","","","","","","","","","","","","","","","","","","","","","","","","","","","","","","","","","",""
"4832.440685997","2026-08-14 12:21:45.418475","/home/akatoki/SC-30/scripts/SC-30/2_phase/EM.py","log_msg","90","","","","","","","","","","-0.3257519001145548","","","","","","","","","","","","","","","","","","","","","","","","","","","","","","","","","","","",""
"4832.445176452","2026-08-14 12:21:45.422973","/home/akatoki/SC-30/scripts/SC-30/2_phase/EM.py","log_msg","90","","","","[待機] alt=-0.326 m","","","","","","","","","","","","","","","","","","","","","","","","","","","","","","","","","","","","","","","","","",""
"4833.554817343","2026-08-14 12:21:46.532605","/home/akatoki/SC-30/scripts/SC-30/2_phase/EM.py","log_msg","90","","","","","","","","","","-0.8671396565049783","","","","","","","","","","","","","","","","","","","","","","","","","","","","","","","","","","","",""
"4833.559287016","2026-08-14 12:21:46.537081","/home/akatoki/SC-30/scripts/SC-30/2_phase/EM.py","log_msg","90","","","","[待機] alt=-0.867 m","","","","","","","","","","","","","","","","","","","","","","","","","","","","","","","","","","","","","","","","","",""
"4834.664343494","2026-08-14 12:21:47.642132","/home/akatoki/SC-30/scripts/SC-30/2_phase/EM.py","log_msg","90","","","","","","","","","","-0.3976376271178039","","","","","","","","","","","","","","","","","","","","","","","","","","","","","","","","","","","",""
"4834.668828376","2026-08-14 12:21:47.646625","/home/akatoki/SC-30/scripts/SC-30/2_phase/EM.py","log_msg","90","","","","[待機] alt=-0.398 m","","","","","","","","","","","","","","","","","","","","","","","","","","","","","","","","","","","","","","","","","",""
"4835.773859697","2026-08-14 12:21:48.751648","/home/akatoki/SC-30/scripts/SC-30/2_phase/EM.py","log_msg","90","","","","","","","","","","-0.9390256597783697","","","","","","","","","","","","","","","","","","","","","","","","","","","","","","","","","","","",""
"4835.77831812","2026-08-14 12:21:48.756112","/home/akatoki/SC-30/scripts/SC-30/2_phase/EM.py","log_msg","90","","","","[待機] alt=-0.939 m","","","","","","","","","","","","","","","","","","","","","","","","","","","","","","","","","","","","","","","","","",""
"4836.883324338","2026-08-14 12:21:49.861112","/home/akatoki/SC-30/scripts/SC-30/2_phase/EM.py","log_msg","90","","","","","","","","","","-0.3257519001145548","","","","","","","","","","","","","","","","","","","","","","","","","","","","","","","","","","","",""
"4836.892773377","2026-08-14 12:21:49.870570","/home/akatoki/SC-30/scripts/SC-30/2_phase/EM.py","log_msg","90","","","","[待機] alt=-0.326 m","","","","","","","","","","","","","","","","","","","","","","","","","","","","","","","","","","","","","","","","","",""
"4837.997717563","2026-08-14 12:21:50.975507","/home/akatoki/SC-30/scripts/SC-30/2_phase/EM.py","log_msg","90","","","","","","","","","","-0.46952308460337155","","","","","","","","","","","","","","","","","","","","","","","","","","","","","","","","","","","",""
"4838.002203122","2026-08-14 12:21:50.979998","/home/akatoki/SC-30/scripts/SC-30/2_phase/EM.py","log_msg","90","","","","[待機] alt=-0.470 m","","","","","","","","","","","","","","","","","","","","","","","","","","","","","","","","","","","","","","","","","",""
"4839.108863781","2026-08-14 12:21:52.086652","/home/akatoki/SC-30/scripts/SC-30/2_phase/EM.py","log_msg","90","","","","","","","","","","-0.9390256597783697","","","","","","","","","","","","","","","","","","","","","","","","","","","","","","","","","","","",""
"4839.113377049","2026-08-14 12:21:52.091173","/home/akatoki/SC-30/scripts/SC-30/2_phase/EM.py","log_msg","90","","","","[待機] alt=-0.939 m","","","","","","","","","","","","","","","","","","","","","","","","","","","","","","","","","","","","","","","","","",""
"4840.218417226","2026-08-14 12:21:53.196204","/home/akatoki/SC-30/scripts/SC-30/2_phase/EM.py","log_msg","90","","","","","","","","","","-0.46952308460337155","","","","","","","","","","","","","","","","","","","","","","","","","","","","","","","","","","","",""
"4840.227721785","2026-08-14 12:21:53.205517","/home/akatoki/SC-30/scripts/SC-30/2_phase/EM.py","log_msg","90","","","","[待機] alt=-0.470 m","","","","","","","","","","","","","","","","","","","","","","","","","","","","","","","","","","","","","","","","","",""
"4841.332688368","2026-08-14 12:21:54.310477","/home/akatoki/SC-30/scripts/SC-30/2_phase/EM.py","log_msg","90","","","","","","","","","","-0.07188464214068935","","","","","","","","","","","","","","","","","","","","","","","","","","","","","","","","","","","",""
"4841.337146896","2026-08-14 12:21:54.314942","/home/akatoki/SC-30/scripts/SC-30/2_phase/EM.py","log_msg","90","","","","[待機] alt=-0.072 m","","","","","","","","","","","","","","","","","","","","","","","","","","","","","","","","","","","","","","","","","",""
"4842.442208116","2026-08-14 12:21:55.419996","/home/akatoki/SC-30/scripts/SC-30/2_phase/EM.py","log_msg","90","","","","","","","","","","-0.541408272541728","","","","","","","","","","","","","","","","","","","","","","","","","","","","","","","","","","","",""
"4842.446701071","2026-08-14 12:21:55.424497","/home/akatoki/SC-30/scripts/SC-30/2_phase/EM.py","log_msg","90","","","","[待機] alt=-0.541 m","","","","","","","","","","","","","","","","","","","","","","","","","","","","","","","","","","","","","","","","","",""
"4843.551750364","2026-08-14 12:21:56.529538","/home/akatoki/SC-30/scripts/SC-30/2_phase/EM.py","log_msg","90","","","","","","","","","","-0.8480475878464766","","","","","","","","","","","","","","","","","","","","","","","","","","","","","","","","","","","",""
"4843.556271549","2026-08-14 12:21:56.534068","/home/akatoki/SC-30/scripts/SC-30/2_phase/EM.py","log_msg","90","","","","[待機] alt=-0.848 m","","","","","","","","","","","","","","","","","","","","","","","","","","","","","","","","","","","","","","","","","",""
"4844.661254175","2026-08-14 12:21:57.639043","/home/akatoki/SC-30/scripts/SC-30/2_phase/EM.py","log_msg","90","","","","","","","","","","-0.6132931909131867","","","","","","","","","","","","","","","","","","","","","","","","","","","","","","","","","","","",""
"4844.67062613","2026-08-14 12:21:57.648421","/home/akatoki/SC-30/scripts/SC-30/2_phase/EM.py","log_msg","90","","","","[待機] alt=-0.613 m","","","","","","","","","","","","","","","","","","","","","","","","","","","","","","","","","","","","","","","","","",""
"4845.775552924","2026-08-14 12:21:58.753340","/home/akatoki/SC-30/scripts/SC-30/2_phase/EM.py","log_msg","90","","","","","","","","","","-0.6323912053595149","","","","","","","","","","","","","","","","","","","","","","","","","","","","","","","","","","","",""
"4845.780103535","2026-08-14 12:21:58.757899","/home/akatoki/SC-30/scripts/SC-30/2_phase/EM.py","log_msg","90","","","","[待機] alt=-0.632 m","","","","","","","","","","","","","","","","","","","","","","","","","","","","","","","","","","","","","","","","","",""
"4846.885117309","2026-08-14 12:21:59.862905","/home/akatoki/SC-30/scripts/SC-30/2_phase/EM.py","log_msg","90","","","","","","","","","","-0.7761623965712627","","","","","","","","","","","","","","","","","","","","","","","","","","","","","","","","","","","",""
"4846.892379766","2026-08-14 12:21:59.870178","/home/akatoki/SC-30/scripts/SC-30/2_phase/EM.py","log_msg","90","","","","[待機] alt=-0.776 m","","","","","","","","","","","","","","","","","","","","","","","","","","","","","","","","","","","","","","","","","",""
"4847.997578803","2026-08-14 12:22:00.975366","/home/akatoki/SC-30/scripts/SC-30/2_phase/EM.py","log_msg","90","","","","","","","","","","-0.541408272541728","","","","","","","","","","","","","","","","","","","","","","","","","","","","","","","","","","","",""
"4848.007028831","2026-08-14 12:22:00.984825","/home/akatoki/SC-30/scripts/SC-30/2_phase/EM.py","log_msg","90","","","","[待機] alt=-0.541 m","","","","","","","","","","","","","","","","","","","","","","","","","","","","","","","","","","","","","","","","","",""
"4849.112102502","2026-08-14 12:22:02.089891","/home/akatoki/SC-30/scripts/SC-30/2_phase/EM.py","log_msg","90","","","","","","","","","","0.1628848647328196","","","","","","","","","","","","","","","","","","","","","","","","","","","","","","","","","","","",""
"4849.116569675","2026-08-14 12:22:02.094366","/home/akatoki/SC-30/scripts/SC-30/2_phase/EM.py","log_msg","90","","","","[待機] alt=0.163 m","","","","","","","","","","","","","","","","","","","","","","","","","","","","","","","","","","","","","","","","","",""
"4850.221698295","2026-08-14 12:22:03.199486","/home/akatoki/SC-30/scripts/SC-30/2_phase/EM.py","log_msg","90","","","","","","","","","","-0.6132931909131867","","","","","","","","","","","","","","","","","","","","","","","","","","","","","","","","","","","",""
"4850.2261675","2026-08-14 12:22:03.203962","/home/akatoki/SC-30/scripts/SC-30/2_phase/EM.py","log_msg","90","","","","[待機] alt=-0.613 m","","","","","","","","","","","","","","","","","","","","","","","","","","","","","","","","","","","","","","","","","",""
"4851.331180338","2026-08-14 12:22:04.308968","/home/akatoki/SC-30/scripts/SC-30/2_phase/EM.py","log_msg","90","","","","","","","","","","-0.6851778397177477","","","","","","","","","","","","","","","","","","","","","","","","","","","","","","","","","","","",""
"4851.335880846","2026-08-14 12:22:04.313677","/home/akatoki/SC-30/scripts/SC-30/2_phase/EM.py","log_msg","90","","","","[待機] alt=-0.685 m","","","","","","","","","","","","","","","","","","","","","","","","","","","","","","","","","","","","","","","","","",""
"4852.441027071","2026-08-14 12:22:05.418816","/home/akatoki/SC-30/scripts/SC-30/2_phase/EM.py","log_msg","90","","","","","","","","","","-0.14376901472432424","","","","","","","","","","","","","","","","","","","","","","","","","","","","","","","","","","","",""
"4852.45065132","2026-08-14 12:22:05.428447","/home/akatoki/SC-30/scripts/SC-30/2_phase/EM.py","log_msg","90","","","","[待機] alt=-0.144 m","","","","","","","","","","","","","","","","","","","","","","","","","","","","","","","","","","","","","","","","","",""
"4853.555617127","2026-08-14 12:22:06.533405","/home/akatoki/SC-30/scripts/SC-30/2_phase/EM.py","log_msg","90","","","","","","","","","","-0.6132931909131867","","","","","","","","","","","","","","","","","","","","","","","","","","","","","","","","","","","",""
"4853.560178155","2026-08-14 12:22:06.537973","/home/akatoki/SC-30/scripts/SC-30/2_phase/EM.py","log_msg","90","","","","[待機] alt=-0.613 m","","","","","","","","","","","","","","","","","","","","","","","","","","","","","","","","","","","","","","","","","",""
"4854.665233495","2026-08-14 12:22:07.643023","/home/akatoki/SC-30/scripts/SC-30/2_phase/EM.py","log_msg","90","","","","","","","","","","-0.8480475878464766","","","","","","","","","","","","","","","","","","","","","","","","","","","","","","","","","","","",""
"4854.669714887","2026-08-14 12:22:07.647511","/home/akatoki/SC-30/scripts/SC-30/2_phase/EM.py","log_msg","90","","","","[待機] alt=-0.848 m","","","","","","","","","","","","","","","","","","","","","","","","","","","","","","","","","","","","","","","","","",""
"4855.776090343","2026-08-14 12:22:08.753879","/home/akatoki/SC-30/scripts/SC-30/2_phase/EM.py","log_msg","90","","","","","","","","","","-0.46952308460337155","","","","","","","","","","","","","","","","","","","","","","","","","","","","","","","","","","","",""
"4855.785457141","2026-08-14 12:22:08.763251","/home/akatoki/SC-30/scripts/SC-30/2_phase/EM.py","log_msg","90","","","","[待機] alt=-0.470 m","","","","","","","","","","","","","","","","","","","","","","","","","","","","","","","","","","","","","","","","","",""
"4856.890409356","2026-08-14 12:22:09.868198","/home/akatoki/SC-30/scripts/SC-30/2_phase/EM.py","log_msg","90","","","","","","","","","","-0.6851778397177477","","","","","","","","","","","","","","","","","","","","","","","","","","","","","","","","","","","",""
"4856.894893821","2026-08-14 12:22:09.872690","/home/akatoki/SC-30/scripts/SC-30/2_phase/EM.py","log_msg","90","","","","[待機] alt=-0.685 m","","","","","","","","","","","","","","","","","","","","","","","","","","","","","","","","","","","","","","","","","",""
"4857.99993963","2026-08-14 12:22:10.977729","/home/akatoki/SC-30/scripts/SC-30/2_phase/EM.py","log_msg","90","","","","","","","","","","-0.21565311774106144","","","","","","","","","","","","","","","","","","","","","","","","","","","","","","","","","","","",""
"4858.004445138","2026-08-14 12:22:10.982242","/home/akatoki/SC-30/scripts/SC-30/2_phase/EM.py","log_msg","90","","","","[待機] alt=-0.216 m","","","","","","","","","","","","","","","","","","","","","","","","","","","","","","","","","","","","","","","","","",""
"4859.109495114","2026-08-14 12:22:12.087284","/home/akatoki/SC-30/scripts/SC-30/2_phase/EM.py","log_msg","90","","","","","","","","","","-0.6851778397177477","","","","","","","","","","","","","","","","","","","","","","","","","","","","","","","","","","","",""
"4859.11940999","2026-08-14 12:22:12.097207","/home/akatoki/SC-30/scripts/SC-30/2_phase/EM.py","log_msg","90","","","","[待機] alt=-0.685 m","","","","","","","","","","","","","","","","","","","","","","","","","","","","","","","","","","","","","","","","","",""
"4860.224409238","2026-08-14 12:22:13.202197","/home/akatoki/SC-30/scripts/SC-30/2_phase/EM.py","log_msg","90","","","","","","","","","","-0.8289463285179011","","","","","","","","","","","","","","","","","","","","","","","","","","","","","","","","","","","",""
"4860.228915734","2026-08-14 12:22:13.206712","/home/akatoki/SC-30/scripts/SC-30/2_phase/EM.py","log_msg","90","","","","[待機] alt=-0.829 m","","","","","","","","","","","","","","","","","","","","","","","","","","","","","","","","","","","","","","","","","",""
"4861.334095036","2026-08-14 12:22:14.311883","/home/akatoki/SC-30/scripts/SC-30/2_phase/EM.py","log_msg","90","","","","","","","","","","-0.9918171616273086","","","","","","","","","","","","","","","","","","","","","","","","","","","","","","","","","","","",""
"4861.338614918","2026-08-14 12:22:14.316411","/home/akatoki/SC-30/scripts/SC-30/2_phase/EM.py","log_msg","90","","","","[待機] alt=-0.992 m","","","","","","","","","","","","","","","","","","","","","","","","","","","","","","","","","","","","","","","","","",""
"4862.443683282","2026-08-14 12:22:15.421472","/home/akatoki/SC-30/scripts/SC-30/2_phase/EM.py","log_msg","90","","","","","","","","","","-0.05276662561596979","","","","","","","","","","","","","","","","","","","","","","","","","","","","","","","","","","","",""
"4862.448256862","2026-08-14 12:22:15.426052","/home/akatoki/SC-30/scripts/SC-30/2_phase/EM.py","log_msg","90","","","","[待機] alt=-0.053 m","","","","","","","","","","","","","","","","","","","","","","","","","","","","","","","","","","","","","","","","","",""
"4863.557957349","2026-08-14 12:22:16.535746","/home/akatoki/SC-30/scripts/SC-30/2_phase/EM.py","log_msg","90","","","","","","","","","","-0.05276662561596979","","","","","","","","","","","","","","","","","","","","","","","","","","","","","","","","","","","",""
"4863.563790472","2026-08-14 12:22:16.541589","/home/akatoki/SC-30/scripts/SC-30/2_phase/EM.py","log_msg","90","","","","[待機] alt=-0.053 m","","","","","","","","","","","","","","","","","","","","","","","","","","","","","","","","","","","","","","","","","",""
"4864.669002535","2026-08-14 12:22:17.646791","/home/akatoki/SC-30/scripts/SC-30/2_phase/EM.py","log_msg","90","","","","","","","","","","-0.28753695117121447","","","","","","","","","","","","","","","","","","","","","","","","","","","","","","","","","","","",""
"4864.673500438","2026-08-14 12:22:17.651297","/home/akatoki/SC-30/scripts/SC-30/2_phase/EM.py","log_msg","90","","","","[待機] alt=-0.288 m","","","","","","","","","","","","","","","","","","","","","","","","","","","","","","","","","","","","","","","","","",""
"4865.778590834","2026-08-14 12:22:18.756379","/home/akatoki/SC-30/scripts/SC-30/2_phase/EM.py","log_msg","90","","","","","","","","","","0.019116934925192952","","","","","","","","","","","","","","","","","","","","","","","","","","","","","","","","","","","",""
"4865.783043737","2026-08-14 12:22:18.760839","/home/akatoki/SC-30/scripts/SC-30/2_phase/EM.py","log_msg","90","","","","[待機] alt=0.019 m","","","","","","","","","","","","","","","","","","","","","","","","","","","","","","","","","","","","","","","","","",""
"4866.888128769","2026-08-14 12:22:19.865916","/home/akatoki/SC-30/scripts/SC-30/2_phase/EM.py","log_msg","90","","","","","","","","","","-0.28753695117121447","","","","","","","","","","","","","","","","","","","","","","","","","","","","","","","","","","","",""
"4866.89763411","2026-08-14 12:22:19.875430","/home/akatoki/SC-30/scripts/SC-30/2_phase/EM.py","log_msg","90","","","","[待機] alt=-0.288 m","","","","","","","","","","","","","","","","","","","","","","","","","","","","","","","","","","","","","","","","","",""
"4868.00277982","2026-08-14 12:22:20.980568","/home/akatoki/SC-30/scripts/SC-30/2_phase/EM.py","log_msg","90","","","","","","","","","","-0.05276662561596979","","","","","","","","","","","","","","","","","","","","","","","","","","","","","","","","","","","",""
"4868.007524809","2026-08-14 12:22:20.985342","/home/akatoki/SC-30/scripts/SC-30/2_phase/EM.py","log_msg","90","","","","[待機] alt=-0.053 m","","","","","","","","","","","","","","","","","","","","","","","","","","","","","","","","","","","","","","","","","",""
"4869.113865998","2026-08-14 12:22:22.091655","/home/akatoki/SC-30/scripts/SC-30/2_phase/EM.py","log_msg","90","","","","","","","","","","-0.28753695117121447","","","","","","","","","","","","","","","","","","","","","","","","","","","","","","","","","","","",""
"4869.118335463","2026-08-14 12:22:22.096132","/home/akatoki/SC-30/scripts/SC-30/2_phase/EM.py","log_msg","90","","","","[待機] alt=-0.288 m","","","","","","","","","","","","","","","","","","","","","","","","","","","","","","","","","","","","","","","","","",""
"4870.223353308","2026-08-14 12:22:23.201141","/home/akatoki/SC-30/scripts/SC-30/2_phase/EM.py","log_msg","90","","","","","","","","","","-0.8289463285179011","","","","","","","","","","","","","","","","","","","","","","","","","","","","","","","","","","","",""
"4870.227848086","2026-08-14 12:22:23.205644","/home/akatoki/SC-30/scripts/SC-30/2_phase/EM.py","log_msg","90","","","","[待機] alt=-0.829 m","","","","","","","","","","","","","","","","","","","","","","","","","","","","","","","","","","","","","","","","","",""
"4871.33756842","2026-08-14 12:22:24.315356","/home/akatoki/SC-30/scripts/SC-30/2_phase/EM.py","log_msg","90","","","","","","","","","","0.1101258100280822","","","","","","","","","","","","","","","","","","","","","","","","","","","","","","","","","","","",""
"4871.342027312","2026-08-14 12:22:24.319824","/home/akatoki/SC-30/scripts/SC-30/2_phase/EM.py","log_msg","90","","","","[待機] alt=0.110 m","","","","","","","","","","","","","","","","","","","","","","","","","","","","","","","","","","","","","","","","","",""
"4872.448396836","2026-08-14 12:22:25.426185","/home/akatoki/SC-30/scripts/SC-30/2_phase/EM.py","log_msg","90","","","","","","","","","","-0.1246499165557835","","","","","","","","","","","","","","","","","","","","","","","","","","","","","","","","","","","",""
"4872.452908281","2026-08-14 12:22:25.430704","/home/akatoki/SC-30/scripts/SC-30/2_phase/EM.py","log_msg","90","","","","[待機] alt=-0.125 m","","","","","","","","","","","","","","","","","","","","","","","","","","","","","","","","","","","","","","","","","",""
"4873.557928888","2026-08-14 12:22:26.535717","/home/akatoki/SC-30/scripts/SC-30/2_phase/EM.py","log_msg","90","","","","","","","","","","-0.3594205150049401","","","","","","","","","","","","","","","","","","","","","","","","","","","","","","","","","","","",""
"4873.562441739","2026-08-14 12:22:26.540239","/home/akatoki/SC-30/scripts/SC-30/2_phase/EM.py","log_msg","90","","","","[待機] alt=-0.359 m","","","","","","","","","","","","","","","","","","","","","","","","","","","","","","","","","","","","","","","","","",""
"4874.667573753","2026-08-14 12:22:27.645362","/home/akatoki/SC-30/scripts/SC-30/2_phase/EM.py","log_msg","90","","","","","","","","","","-0.8289463285179011","","","","","","","","","","","","","","","","","","","","","","","","","","","","","","","","","","","",""
"4874.677156491","2026-08-14 12:22:27.654954","/home/akatoki/SC-30/scripts/SC-30/2_phase/EM.py","log_msg","90","","","","[待機] alt=-0.829 m","","","","","","","","","","","","","","","","","","","","","","","","","","","","","","","","","","","","","","","","","",""
"4875.782123453","2026-08-14 12:22:28.759912","/home/akatoki/SC-30/scripts/SC-30/2_phase/EM.py","log_msg","90","","","","","","","","","","-0.3594205150049401","","","","","","","","","","","","","","","","","","","","","","","","","","","","","","","","","","","",""
"4875.786599428","2026-08-14 12:22:28.764395","/home/akatoki/SC-30/scripts/SC-30/2_phase/EM.py","log_msg","90","","","","[待機] alt=-0.359 m","","","","","","","","","","","","","","","","","","","","","","","","","","","","","","","","","","","","","","","","","",""
"4876.891675073","2026-08-14 12:22:29.869464","/home/akatoki/SC-30/scripts/SC-30/2_phase/EM.py","log_msg","90","","","","","","","","","","-0.9918171616273086","","","","","","","","","","","","","","","","","","","","","","","","","","","","","","","","","","","",""
"4876.896414731","2026-08-14 12:22:29.874211","/home/akatoki/SC-30/scripts/SC-30/2_phase/EM.py","log_msg","90","","","","[待機] alt=-0.992 m","","","","","","","","","","","","","","","","","","","","","","","","","","","","","","","","","","","","","","","","","",""
"4878.001469732","2026-08-14 12:22:30.979258","/home/akatoki/SC-30/scripts/SC-30/2_phase/EM.py","log_msg","90","","","","","","","","","","-1.6050812527909364","","","","","","","","","","","","","","","","","","","","","","","","","","","","","","","","","","","",""
"4878.005995868","2026-08-14 12:22:30.983791","/home/akatoki/SC-30/scripts/SC-30/2_phase/EM.py","log_msg","90","","","","[待機] alt=-1.605 m","","","","","","","","","","","","","","","","","","","","","","","","","","","","","","","","","","","","","","","","","",""
"4879.115632571","2026-08-14 12:22:32.093421","/home/akatoki/SC-30/scripts/SC-30/2_phase/EM.py","log_msg","90","","","","","","","","","","-1.3703360182973157","","","","","","","","","","","","","","","","","","","","","","","","","","","","","","","","","","","",""
"4879.120183968","2026-08-14 12:22:32.097981","/home/akatoki/SC-30/scripts/SC-30/2_phase/EM.py","log_msg","90","","","","[待機] alt=-1.370 m","","","","","","","","","","","","","","","","","","","","","","","","","","","","","","","","","","","","","","","","","",""
"4880.225215702","2026-08-14 12:22:33.203005","/home/akatoki/SC-30/scripts/SC-30/2_phase/EM.py","log_msg","90","","","","","","","","","","-1.5141039807795686","","","","","","","","","","","","","","","","","","","","","","","","","","","","","","","","","","","",""
"4880.229670643","2026-08-14 12:22:33.207465","/home/akatoki/SC-30/scripts/SC-30/2_phase/EM.py","log_msg","90","","","","[待機] alt=-1.514 m","","","","","","","","","","","","","","","","","","","","","","","","","","","","","","","","","","","","","","","","","",""
"4881.335987313","2026-08-14 12:22:34.313814","/home/akatoki/SC-30/scripts/SC-30/2_phase/EM.py","log_msg","90","","","","","","","","","","-0.9727137388240692","","","","","","","","","","","","","","","","","","","","","","","","","","","","","","","","","","","",""
"4881.340481472","2026-08-14 12:22:34.318277","/home/akatoki/SC-30/scripts/SC-30/2_phase/EM.py","log_msg","90","","","","[待機] alt=-0.973 m","","","","","","","","","","","","","","","","","","","","","","","","","","","","","","","","","","","","","","","","","",""
"4882.450575722","2026-08-14 12:22:35.428364","/home/akatoki/SC-30/scripts/SC-30/2_phase/EM.py","log_msg","90","","","","","","","","","","-0.9727137388240692","","","","","","","","","","","","","","","","","","","","","","","","","","","","","","","","","","","",""
"4882.464774172","2026-08-14 12:22:35.442571","/home/akatoki/SC-30/scripts/SC-30/2_phase/EM.py","log_msg","90","","","","[待機] alt=-0.973 m","","","","","","","","","","","","","","","","","","","","","","","","","","","","","","","","","","","","","","","","","",""
"4883.569816276","2026-08-14 12:22:36.547604","/home/akatoki/SC-30/scripts/SC-30/2_phase/EM.py","log_msg","90","","","","","","","","","","-0.9727137388240692","","","","","","","","","","","","","","","","","","","","","","","","","","","","","","","","","","","",""
"4883.574266322","2026-08-14 12:22:36.552062","/home/akatoki/SC-30/scripts/SC-30/2_phase/EM.py","log_msg","90","","","","[待機] alt=-0.973 m","","","","","","","","","","","","","","","","","","","","","","","","","","","","","","","","","","","","","","","","","",""
"4884.679294434","2026-08-14 12:22:37.657083","/home/akatoki/SC-30/scripts/SC-30/2_phase/EM.py","log_msg","90","","","","","","","","","","-0.5750695887011581","","","","","","","","","","","","","","","","","","","","","","","","","","","","","","","","","","","",""
"4884.683743438","2026-08-14 12:22:37.661539","/home/akatoki/SC-30/scripts/SC-30/2_phase/EM.py","log_msg","90","","","","[待機] alt=-0.575 m","","","","","","","","","","","","","","","","","","","","","","","","","","","","","","","","","","","","","","","","","",""
"4885.788823911","2026-08-14 12:22:38.766613","/home/akatoki/SC-30/scripts/SC-30/2_phase/EM.py","log_msg","90","","","","","","","","","","-1.2793530736873304","","","","","","","","","","","","","","","","","","","","","","","","","","","","","","","","","","","",""
"4885.793321769","2026-08-14 12:22:38.771117","/home/akatoki/SC-30/scripts/SC-30/2_phase/EM.py","log_msg","90","","","","[待機] alt=-1.279 m","","","","","","","","","","","","","","","","","","","","","","","","","","","","","","","","","","","","","","","","","",""
"4886.903063968","2026-08-14 12:22:39.880853","/home/akatoki/SC-30/scripts/SC-30/2_phase/EM.py","log_msg","90","","","","","","","","","","-1.7488497610019538","","","","","","","","","","","","","","","","","","","","","","","","","","","","","","","","","","","",""
"4886.907538181","2026-08-14 12:22:39.885332","/home/akatoki/SC-30/scripts/SC-30/2_phase/EM.py","log_msg","90","","","","[待機] alt=-1.749 m","","","","","","","","","","","","","","","","","","","","","","","","","","","","","","","","","","","","","","","","","",""
"4888.012711865","2026-08-14 12:22:40.990500","/home/akatoki/SC-30/scripts/SC-30/2_phase/EM.py","log_msg","90","","","","","","","","","","-1.207469500158016","","","","","","","","","","","","","","","","","","","","","","","","","","","","","","","","","","","",""
"4888.017252378","2026-08-14 12:22:40.995047","/home/akatoki/SC-30/scripts/SC-30/2_phase/EM.py","log_msg","90","","","","[待機] alt=-1.207 m","","","","","","","","","","","","","","","","","","","","","","","","","","","","","","","","","","","","","","","","","",""
"4889.124116148","2026-08-14 12:22:42.101903","/home/akatoki/SC-30/scripts/SC-30/2_phase/EM.py","log_msg","90","","","","","","","","","","-1.2793530736873304","","","","","","","","","","","","","","","","","","","","","","","","","","","","","","","","","","","",""
"4889.129777208","2026-08-14 12:22:42.107571","/home/akatoki/SC-30/scripts/SC-30/2_phase/EM.py","log_msg","90","","","","[待機] alt=-1.279 m","","","","","","","","","","","","","","","","","","","","","","","","","","","","","","","","","","","","","","","","","",""
"4890.239094322","2026-08-14 12:22:43.216883","/home/akatoki/SC-30/scripts/SC-30/2_phase/EM.py","log_msg","90","","","","","","","","","","-1.116480070468917","","","","","","","","","","","","","","","","","","","","","","","","","","","","","","","","","","","",""
"4890.243590619","2026-08-14 12:22:43.221385","/home/akatoki/SC-30/scripts/SC-30/2_phase/EM.py","log_msg","90","","","","[待機] alt=-1.116 m","","","","","","","","","","","","","","","","","","","","","","","","","","","","","","","","","","","","","","","","","",""
"4891.348713946","2026-08-14 12:22:44.326502","/home/akatoki/SC-30/scripts/SC-30/2_phase/EM.py","log_msg","90","","","","","","","","","","-0.7188342894987576","","","","","","","","","","","","","","","","","","","","","","","","","","","","","","","","","","","",""
"4891.353232014","2026-08-14 12:22:44.331027","/home/akatoki/SC-30/scripts/SC-30/2_phase/EM.py","log_msg","90","","","","[待機] alt=-0.719 m","","","","","","","","","","","","","","","","","","","","","","","","","","","","","","","","","","","","","","","","","",""
"4892.458351557","2026-08-14 12:22:45.436139","/home/akatoki/SC-30/scripts/SC-30/2_phase/EM.py","log_msg","90","","","","","","","","","","-0.9199325095351063","","","","","","","","","","","","","","","","","","","","","","","","","","","","","","","","","","","",""
"4892.462916706","2026-08-14 12:22:45.440712","/home/akatoki/SC-30/scripts/SC-30/2_phase/EM.py","log_msg","90","","","","[待機] alt=-0.920 m","","","","","","","","","","","","","","","","","","","","","","","","","","","","","","","","","","","","","","","","","",""
"4893.572743028","2026-08-14 12:22:46.550531","/home/akatoki/SC-30/scripts/SC-30/2_phase/EM.py","log_msg","90","","","","","","","","","","-0.8480475878464766","","","","","","","","","","","","","","","","","","","","","","","","","","","","","","","","","","","",""
"4893.577232138","2026-08-14 12:22:46.555027","/home/akatoki/SC-30/scripts/SC-30/2_phase/EM.py","log_msg","90","","","","[待機] alt=-0.848 m","","","","","","","","","","","","","","","","","","","","","","","","","","","","","","","","","","","","","","","","","",""
"4894.68233458","2026-08-14 12:22:47.660123","/home/akatoki/SC-30/scripts/SC-30/2_phase/EM.py","log_msg","90","","","","","","","","","","-1.5141039807795686","","","","","","","","","","","","","","","","","","","","","","","","","","","","","","","","","","","",""
"4894.686939782","2026-08-14 12:22:47.664734","/home/akatoki/SC-30/scripts/SC-30/2_phase/EM.py","log_msg","90","","","","[待機] alt=-1.514 m","","","","","","","","","","","","","","","","","","","","","","","","","","","","","","","","","","","","","","","","","",""
"4895.792105677","2026-08-14 12:22:48.769894","/home/akatoki/SC-30/scripts/SC-30/2_phase/EM.py","log_msg","90","","","","","","","","","","-1.5141039807795686","","","","","","","","","","","","","","","","","","","","","","","","","","","","","","","","","","","",""
"4895.796677182","2026-08-14 12:22:48.774474","/home/akatoki/SC-30/scripts/SC-30/2_phase/EM.py","log_msg","90","","","","[待機] alt=-1.514 m","","","","","","","","","","","","","","","","","","","","","","","","","","","","","","","","","","","","","","","","","",""
"4896.901820386","2026-08-14 12:22:49.879609","/home/akatoki/SC-30/scripts/SC-30/2_phase/EM.py","log_msg","90","","","","","","","","","","-1.5141039807795686","","","","","","","","","","","","","","","","","","","","","","","","","","","","","","","","","","","",""
"4896.906354392","2026-08-14 12:22:49.884148","/home/akatoki/SC-30/scripts/SC-30/2_phase/EM.py","log_msg","90","","","","[待機] alt=-1.514 m","","","","","","","","","","","","","","","","","","","","","","","","","","","","","","","","","","","","","","","","","",""
"4898.027909147","2026-08-14 12:22:51.005697","/home/akatoki/SC-30/scripts/SC-30/2_phase/EM.py","log_msg","90","","","","","","","","","","-0.46952308460337155","","","","","","","","","","","","","","","","","","","","","","","","","","","","","","","","","","","",""
"4898.032447372","2026-08-14 12:22:51.010243","/home/akatoki/SC-30/scripts/SC-30/2_phase/EM.py","log_msg","90","","","","[待機] alt=-0.470 m","","","","","","","","","","","","","","","","","","","","","","","","","","","","","","","","","","","","","","","","","",""
"4899.137547596","2026-08-14 12:22:52.115337","/home/akatoki/SC-30/scripts/SC-30/2_phase/EM.py","log_msg","90","","","","","","","","","","-1.2793530736873304","","","","","","","","","","","","","","","","","","","","","","","","","","","","","","","","","","","",""
"4899.142062332","2026-08-14 12:22:52.119856","/home/akatoki/SC-30/scripts/SC-30/2_phase/EM.py","log_msg","90","","","","[待機] alt=-1.279 m","","","","","","","","","","","","","","","","","","","","","","","","","","","","","","","","","","","","","","","","","",""
"4900.247150021","2026-08-14 12:22:53.224938","/home/akatoki/SC-30/scripts/SC-30/2_phase/EM.py","log_msg","90","","","","","","","","","","-1.2793530736873304","","","","","","","","","","","","","","","","","","","","","","","","","","","","","","","","","","","",""
"4900.251625748","2026-08-14 12:22:53.229421","/home/akatoki/SC-30/scripts/SC-30/2_phase/EM.py","log_msg","90","","","","[待機] alt=-1.279 m","","","","","","","","","","","","","","","","","","","","","","","","","","","","","","","","","","","","","","","","","",""
"4901.361338551","2026-08-14 12:22:54.339126","/home/akatoki/SC-30/scripts/SC-30/2_phase/EM.py","log_msg","90","","","","","","","","","","-0.9008301684938069","","","","","","","","","","","","","","","","","","","","","","","","","","","","","","","","","","","",""
"4901.365797716","2026-08-14 12:22:54.343593","/home/akatoki/SC-30/scripts/SC-30/2_phase/EM.py","log_msg","90","","","","[待機] alt=-0.901 m","","","","","","","","","","","","","","","","","","","","","","","","","","","","","","","","","","","","","","","","","",""
"4902.470824293","2026-08-14 12:22:55.448613","/home/akatoki/SC-30/scripts/SC-30/2_phase/EM.py","log_msg","90","","","","","","","","","","-1.207469500158016","","","","","","","","","","","","","","","","","","","","","","","","","","","","","","","","","","","",""
"4902.475300437","2026-08-14 12:22:55.453096","/home/akatoki/SC-30/scripts/SC-30/2_phase/EM.py","log_msg","90","","","","[待機] alt=-1.207 m","","","","","","","","","","","","","","","","","","","","","","","","","","","","","","","","","","","","","","","","","",""
"4903.580354998","2026-08-14 12:22:56.558144","/home/akatoki/SC-30/scripts/SC-30/2_phase/EM.py","log_msg","90","","","","","","","","","","-1.5141039807795686","","","","","","","","","","","","","","","","","","","","","","","","","","","","","","","","","","","",""
"4903.584826767","2026-08-14 12:22:56.562622","/home/akatoki/SC-30/scripts/SC-30/2_phase/EM.py","log_msg","90","","","","[待機] alt=-1.514 m","","","","","","","","","","","","","","","","","","","","","","","","","","","","","","","","","","","","","","","","","",""
"4904.68987051","2026-08-14 12:22:57.667658","/home/akatoki/SC-30/scripts/SC-30/2_phase/EM.py","log_msg","90","","","","","","","","","","-0.5750695887011581","","","","","","","","","","","","","","","","","","","","","","","","","","","","","","","","","","","",""
"4904.694336082","2026-08-14 12:22:57.672132","/home/akatoki/SC-30/scripts/SC-30/2_phase/EM.py","log_msg","90","","","","[待機] alt=-0.575 m","","","","","","","","","","","","","","","","","","","","","","","","","","","","","","","","","","","","","","","","","",""
"4905.804138584","2026-08-14 12:22:58.781927","/home/akatoki/SC-30/scripts/SC-30/2_phase/EM.py","log_msg","90","","","","","","","","","","-1.3703360182973157","","","","","","","","","","","","","","","","","","","","","","","","","","","","","","","","","","","",""
"4905.809936677","2026-08-14 12:22:58.787734","/home/akatoki/SC-30/scripts/SC-30/2_phase/EM.py","log_msg","90","","","","[待機] alt=-1.370 m","","","","","","","","","","","","","","","","","","","","","","","","","","","","","","","","","","","","","","","","","",""
"4906.915044668","2026-08-14 12:22:59.892833","/home/akatoki/SC-30/scripts/SC-30/2_phase/EM.py","log_msg","90","","","","","","","","","","-1.0445970394890014","","","","","","","","","","","","","","","","","","","","","","","","","","","","","","","","","","","",""
"4906.919514355","2026-08-14 12:22:59.897310","/home/akatoki/SC-30/scripts/SC-30/2_phase/EM.py","log_msg","90","","","","[待機] alt=-1.045 m","","","","","","","","","","","","","","","","","","","","","","","","","","","","","","","","","","","","","","","","","",""
"4908.024598509","2026-08-14 12:23:01.002387","/home/akatoki/SC-30/scripts/SC-30/2_phase/EM.py","log_msg","90","","","","","","","","","","-1.5331965941923542","","","","","","","","","","","","","","","","","","","","","","","","","","","","","","","","","","","",""
"4908.029061581","2026-08-14 12:23:01.006858","/home/akatoki/SC-30/scripts/SC-30/2_phase/EM.py","log_msg","90","","","","[待機] alt=-1.533 m","","","","","","","","","","","","","","","","","","","","","","","","","","","","","","","","","","","","","","","","","",""
"4909.138724139","2026-08-14 12:23:02.116513","/home/akatoki/SC-30/scripts/SC-30/2_phase/EM.py","log_msg","90","","","","","","","","","","-1.3703360182973157","","","","","","","","","","","","","","","","","","","","","","","","","","","","","","","","","","","",""
"4909.143155598","2026-08-14 12:23:02.120951","/home/akatoki/SC-30/scripts/SC-30/2_phase/EM.py","log_msg","90","","","","[待機] alt=-1.370 m","","","","","","","","","","","","","","","","","","","","","","","","","","","","","","","","","","","","","","","","","",""
"4910.248213017","2026-08-14 12:23:03.226002","/home/akatoki/SC-30/scripts/SC-30/2_phase/EM.py","log_msg","90","","","","","","","","","","-1.3703360182973157","","","","","","","","","","","","","","","","","","","","","","","","","","","","","","","","","","","",""
"4910.252701194","2026-08-14 12:23:03.230498","/home/akatoki/SC-30/scripts/SC-30/2_phase/EM.py","log_msg","90","","","","[待機] alt=-1.370 m","","","","","","","","","","","","","","","","","","","","","","","","","","","","","","","","","","","","","","","","","",""
"4911.357766128","2026-08-14 12:23:04.335555","/home/akatoki/SC-30/scripts/SC-30/2_phase/EM.py","log_msg","90","","","","","","","","","","-1.5141039807795686","","","","","","","","","","","","","","","","","","","","","","","","","","","","","","","","","","","",""
"4911.362249983","2026-08-14 12:23:04.340045","/home/akatoki/SC-30/scripts/SC-30/2_phase/EM.py","log_msg","90","","","","[待機] alt=-1.514 m","","","","","","","","","","","","","","","","","","","","","","","","","","","","","","","","","","","","","","","","","",""
"4912.467261756","2026-08-14 12:23:05.445052","/home/akatoki/SC-30/scripts/SC-30/2_phase/EM.py","log_msg","90","","","","","","","","","","-1.3703360182973157","","","","","","","","","","","","","","","","","","","","","","","","","","","","","","","","","","","",""
"4912.476668569","2026-08-14 12:23:05.454464","/home/akatoki/SC-30/scripts/SC-30/2_phase/EM.py","log_msg","90","","","","[待機] alt=-1.370 m","","","","","","","","","","","","","","","","","","","","","","","","","","","","","","","","","","","","","","","","","",""
"4913.581603119","2026-08-14 12:23:06.559392","/home/akatoki/SC-30/scripts/SC-30/2_phase/EM.py","log_msg","90","","","","","","","","","","-0.4313038092127086","","","","","","","","","","","","","","","","","","","","","","","","","","","","","","","","","","","",""
"4913.586152546","2026-08-14 12:23:06.563948","/home/akatoki/SC-30/scripts/SC-30/2_phase/EM.py","log_msg","90","","","","[待機] alt=-0.431 m","","","","","","","","","","","","","","","","","","","","","","","","","","","","","","","","","","","","","","","","","",""
"4914.691172108","2026-08-14 12:23:07.668961","/home/akatoki/SC-30/scripts/SC-30/2_phase/EM.py","log_msg","90","","","","","","","","","","-1.1355856569535283","","","","","","","","","","","","","","","","","","","","","","","","","","","","","","","","","","","",""
"4914.697088951","2026-08-14 12:23:07.674888","/home/akatoki/SC-30/scripts/SC-30/2_phase/EM.py","log_msg","90","","","","[待機] alt=-1.136 m","","","","","","","","","","","","","","","","","","","","","","","","","","","","","","","","","","","","","","","","","",""
"4915.802225295","2026-08-14 12:23:08.780014","/home/akatoki/SC-30/scripts/SC-30/2_phase/EM.py","log_msg","90","","","","","","","","","","-1.3703360182973157","","","","","","","","","","","","","","","","","","","","","","","","","","","","","","","","","","","",""
"4915.811670547","2026-08-14 12:23:08.789468","/home/akatoki/SC-30/scripts/SC-30/2_phase/EM.py","log_msg","90","","","","[待機] alt=-1.370 m","","","","","","","","","","","","","","","","","","","","","","","","","","","","","","","","","","","","","","","","","",""
"4916.917256479","2026-08-14 12:23:09.895045","/home/akatoki/SC-30/scripts/SC-30/2_phase/EM.py","log_msg","90","","","","","","","","","","-1.3703360182973157","","","","","","","","","","","","","","","","","","","","","","","","","","","","","","","","","","","",""
"4916.921755856","2026-08-14 12:23:09.899553","/home/akatoki/SC-30/scripts/SC-30/2_phase/EM.py","log_msg","90","","","","[待機] alt=-1.370 m","","","","","","","","","","","","","","","","","","","","","","","","","","","","","","","","","","","","","","","","","",""
"4918.026841032","2026-08-14 12:23:11.004630","/home/akatoki/SC-30/scripts/SC-30/2_phase/EM.py","log_msg","90","","","","","","","","","","-1.4613116659579717","","","","","","","","","","","","","","","","","","","","","","","","","","","","","","","","","","","",""
"4918.031301138","2026-08-14 12:23:11.009097","/home/akatoki/SC-30/scripts/SC-30/2_phase/EM.py","log_msg","90","","","","[待機] alt=-1.461 m","","","","","","","","","","","","","","","","","","","","","","","","","","","","","","","","","","","","","","","","","",""
"4919.136474926","2026-08-14 12:23:12.114264","/home/akatoki/SC-30/scripts/SC-30/2_phase/EM.py","log_msg","90","","","","","","","","","","-1.1355856569535283","","","","","","","","","","","","","","","","","","","","","","","","","","","","","","","","","","","",""
"4919.140981178","2026-08-14 12:23:12.118779","/home/akatoki/SC-30/scripts/SC-30/2_phase/EM.py","log_msg","90","","","","[待機] alt=-1.136 m","","","","","","","","","","","","","","","","","","","","","","","","","","","","","","","","","","","","","","","","","",""
"4920.246077116","2026-08-14 12:23:13.223865","/home/akatoki/SC-30/scripts/SC-30/2_phase/EM.py","log_msg","90","","","","","","","","","","-0.9918171616273086","","","","","","","","","","","","","","","","","","","","","","","","","","","","","","","","","","","",""
"4920.255512058","2026-08-14 12:23:13.233308","/home/akatoki/SC-30/scripts/SC-30/2_phase/EM.py","log_msg","90","","","","[待機] alt=-0.992 m","","","","","","","","","","","","","","","","","","","","","","","","","","","","","","","","","","","","","","","","","",""
"4921.360599365","2026-08-14 12:23:14.338388","/home/akatoki/SC-30/scripts/SC-30/2_phase/EM.py","log_msg","90","","","","","","","","","","-1.2265669772128018","","","","","","","","","","","","","","","","","","","","","","","","","","","","","","","","","","","",""
"4921.365086138","2026-08-14 12:23:14.342883","/home/akatoki/SC-30/scripts/SC-30/2_phase/EM.py","log_msg","90","","","","[待機] alt=-1.227 m","","","","","","","","","","","","","","","","","","","","","","","","","","","","","","","","","","","","","","","","","",""
"4922.470103616","2026-08-14 12:23:15.447892","/home/akatoki/SC-30/scripts/SC-30/2_phase/EM.py","log_msg","90","","","","","","","","","","-0.9199325095351063","","","","","","","","","","","","","","","","","","","","","","","","","","","","","","","","","","","",""
"4922.474584505","2026-08-14 12:23:15.452380","/home/akatoki/SC-30/scripts/SC-30/2_phase/EM.py","log_msg","90","","","","[待機] alt=-0.920 m","","","","","","","","","","","","","","","","","","","","","","","","","","","","","","","","","","","","","","","","","",""
"4923.585564153","2026-08-14 12:23:16.563352","/home/akatoki/SC-30/scripts/SC-30/2_phase/EM.py","log_msg","90","","","","","","","","","","-0.9918171616273086","","","","","","","","","","","","","","","","","","","","","","","","","","","","","","","","","","","",""
"4923.590053792","2026-08-14 12:23:16.567850","/home/akatoki/SC-30/scripts/SC-30/2_phase/EM.py","log_msg","90","","","","[待機] alt=-0.992 m","","","","","","","","","","","","","","","","","","","","","","","","","","","","","","","","","","","","","","","","","",""
"4924.69511317","2026-08-14 12:23:17.672901","/home/akatoki/SC-30/scripts/SC-30/2_phase/EM.py","log_msg","90","","","","","","","","","","-1.6960512280990558","","","","","","","","","","","","","","","","","","","","","","","","","","","","","","","","","","","",""
"4924.699545362","2026-08-14 12:23:17.677340","/home/akatoki/SC-30/scripts/SC-30/2_phase/EM.py","log_msg","90","","","","[待機] alt=-1.696 m","","","","","","","","","","","","","","","","","","","","","","","","","","","","","","","","","","","","","","","","","",""
"4925.804680846","2026-08-14 12:23:18.782469","/home/akatoki/SC-30/scripts/SC-30/2_phase/EM.py","log_msg","90","","","","","","","","","","-0.7570622189258813","","","","","","","","","","","","","","","","","","","","","","","","","","","","","","","","","","","",""
"4925.809146058","2026-08-14 12:23:18.786941","/home/akatoki/SC-30/scripts/SC-30/2_phase/EM.py","log_msg","90","","","","[待機] alt=-0.757 m","","","","","","","","","","","","","","","","","","","","","","","","","","","","","","","","","","","","","","","","","",""
"4926.914160255","2026-08-14 12:23:19.891948","/home/akatoki/SC-30/scripts/SC-30/2_phase/EM.py","log_msg","90","","","","","","","","","","-0.3594205150049401","","","","","","","","","","","","","","","","","","","","","","","","","","","","","","","","","","","",""
"4926.918620207","2026-08-14 12:23:19.896415","/home/akatoki/SC-30/scripts/SC-30/2_phase/EM.py","log_msg","90","","","","[待機] alt=-0.359 m","","","","","","","","","","","","","","","","","","","","","","","","","","","","","","","","","","","","","","","","","",""
"4928.028367697","2026-08-14 12:23:21.006157","/home/akatoki/SC-30/scripts/SC-30/2_phase/EM.py","log_msg","90","","","","","","","","","","-1.0827968576638325","","","","","","","","","","","","","","","","","","","","","","","","","","","","","","","","","","","",""
"4928.032891867","2026-08-14 12:23:21.010687","/home/akatoki/SC-30/scripts/SC-30/2_phase/EM.py","log_msg","90","","","","[待機] alt=-1.083 m","","","","","","","","","","","","","","","","","","","","","","","","","","","","","","","","","","","","","","","","","",""
"4929.137925261","2026-08-14 12:23:22.115715","/home/akatoki/SC-30/scripts/SC-30/2_phase/EM.py","log_msg","90","","","","","","","","","","-1.2265669772128018","","","","","","","","","","","","","","","","","","","","","","","","","","","","","","","","","","","",""
"4929.142371725","2026-08-14 12:23:22.120167","/home/akatoki/SC-30/scripts/SC-30/2_phase/EM.py","log_msg","90","","","","[待機] alt=-1.227 m","","","","","","","","","","","","","","","","","","","","","","","","","","","","","","","","","","","","","","","","","",""
"4930.247415861","2026-08-14 12:23:23.225205","/home/akatoki/SC-30/scripts/SC-30/2_phase/EM.py","log_msg","90","","","","","","","","","","-1.0827968576638325","","","","","","","","","","","","","","","","","","","","","","","","","","","","","","","","","","","",""
"4930.25189248","2026-08-14 12:23:23.229687","/home/akatoki/SC-30/scripts/SC-30/2_phase/EM.py","log_msg","90","","","","[待機] alt=-1.083 m","","","","","","","","","","","","","","","","","","","","","","","","","","","","","","","","","","","","","","","","","",""
"4931.357076625","2026-08-14 12:23:24.334866","/home/akatoki/SC-30/scripts/SC-30/2_phase/EM.py","log_msg","90","","","","","","","","","","-1.389426468097632","","","","","","","","","","","","","","","","","","","","","","","","","","","","","","","","","","","",""
"4931.367410511","2026-08-14 12:23:24.345209","/home/akatoki/SC-30/scripts/SC-30/2_phase/EM.py","log_msg","90","","","","[待機] alt=-1.389 m","","","","","","","","","","","","","","","","","","","","","","","","","","","","","","","","","","","","","","","","","",""
"4932.472971066","2026-08-14 12:23:25.450759","/home/akatoki/SC-30/scripts/SC-30/2_phase/EM.py","log_msg","90","","","","","","","","","","-0.9199325095351063","","","","","","","","","","","","","","","","","","","","","","","","","","","","","","","","","","","",""
"4932.47742576","2026-08-14 12:23:25.455222","/home/akatoki/SC-30/scripts/SC-30/2_phase/EM.py","log_msg","90","","","","[待機] alt=-0.920 m","","","","","","","","","","","","","","","","","","","","","","","","","","","","","","","","","","","","","","","","","",""
"4933.582435974","2026-08-14 12:23:26.560225","/home/akatoki/SC-30/scripts/SC-30/2_phase/EM.py","log_msg","90","","","","","","","","","","-1.0827968576638325","","","","","","","","","","","","","","","","","","","","","","","","","","","","","","","","","","","",""
"4933.586898012","2026-08-14 12:23:26.564693","/home/akatoki/SC-30/scripts/SC-30/2_phase/EM.py","log_msg","90","","","","[待機] alt=-1.083 m","","","","","","","","","","","","","","","","","","","","","","","","","","","","","","","","","","","","","","","","","",""
"4934.691922404","2026-08-14 12:23:27.669711","/home/akatoki/SC-30/scripts/SC-30/2_phase/EM.py","log_msg","90","","","","","","","","","","-1.0827968576638325","","","","","","","","","","","","","","","","","","","","","","","","","","","","","","","","","","","",""
"4934.701168348","2026-08-14 12:23:27.678963","/home/akatoki/SC-30/scripts/SC-30/2_phase/EM.py","log_msg","90","","","","[待機] alt=-1.083 m","","","","","","","","","","","","","","","","","","","","","","","","","","","","","","","","","","","","","","","","","",""
"4935.806085723","2026-08-14 12:23:28.783875","/home/akatoki/SC-30/scripts/SC-30/2_phase/EM.py","log_msg","90","","","","","","","","","","-1.408507727582231","","","","","","","","","","","","","","","","","","","","","","","","","","","","","","","","","","","",""
"4935.810585677","2026-08-14 12:23:28.788381","/home/akatoki/SC-30/scripts/SC-30/2_phase/EM.py","log_msg","90","","","","[待機] alt=-1.409 m","","","","","","","","","","","","","","","","","","","","","","","","","","","","","","","","","","","","","","","","","",""
"4936.915621134","2026-08-14 12:23:29.893409","/home/akatoki/SC-30/scripts/SC-30/2_phase/EM.py","log_msg","90","","","","","","","","","","-0.9390256597783697","","","","","","","","","","","","","","","","","","","","","","","","","","","","","","","","","","","",""
"4936.920161452","2026-08-14 12:23:29.897957","/home/akatoki/SC-30/scripts/SC-30/2_phase/EM.py","log_msg","90","","","","[待機] alt=-0.939 m","","","","","","","","","","","","","","","","","","","","","","","","","","","","","","","","","","","","","","","","","",""
"4938.025183536","2026-08-14 12:23:31.002973","/home/akatoki/SC-30/scripts/SC-30/2_phase/EM.py","log_msg","90","","","","","","","","","","-1.0827968576638325","","","","","","","","","","","","","","","","","","","","","","","","","","","","","","","","","","","",""
"4938.029646512","2026-08-14 12:23:31.007444","/home/akatoki/SC-30/scripts/SC-30/2_phase/EM.py","log_msg","90","","","","[待機] alt=-1.083 m","","","","","","","","","","","","","","","","","","","","","","","","","","","","","","","","","","","","","","","","","",""
"4939.134685852","2026-08-14 12:23:32.112474","/home/akatoki/SC-30/scripts/SC-30/2_phase/EM.py","log_msg","90","","","","","","","","","","-0.9390256597783697","","","","","","","","","","","","","","","","","","","","","","","","","","","","","","","","","","","",""
"4939.144155542","2026-08-14 12:23:32.121951","/home/akatoki/SC-30/scripts/SC-30/2_phase/EM.py","log_msg","90","","","","[待機] alt=-0.939 m","","","","","","","","","","","","","","","","","","","","","","","","","","","","","","","","","","","","","","","","","",""
"4940.250826473","2026-08-14 12:23:33.228615","/home/akatoki/SC-30/scripts/SC-30/2_phase/EM.py","log_msg","90","","","","","","","","","","-1.6241657573644908","","","","","","","","","","","","","","","","","","","","","","","","","","","","","","","","","","","",""
"4940.255287783","2026-08-14 12:23:33.233083","/home/akatoki/SC-30/scripts/SC-30/2_phase/EM.py","log_msg","90","","","","[待機] alt=-1.624 m","","","","","","","","","","","","","","","","","","","","","","","","","","","","","","","","","","","","","","","","","",""
"4941.360374332","2026-08-14 12:23:34.338161","/home/akatoki/SC-30/scripts/SC-30/2_phase/EM.py","log_msg","90","","","","","","","","","","-0.9390256597783697","","","","","","","","","","","","","","","","","","","","","","","","","","","","","","","","","","","",""
"4941.365104594","2026-08-14 12:23:34.342902","/home/akatoki/SC-30/scripts/SC-30/2_phase/EM.py","log_msg","90","","","","[待機] alt=-0.939 m","","","","","","","","","","","","","","","","","","","","","","","","","","","","","","","","","","","","","","","","","",""
"4942.470159227","2026-08-14 12:23:35.447947","/home/akatoki/SC-30/scripts/SC-30/2_phase/EM.py","log_msg","90","","","","","","","","","","-0.9390256597783697","","","","","","","","","","","","","","","","","","","","","","","","","","","","","","","","","","","",""
"4942.479498349","2026-08-14 12:23:35.457294","/home/akatoki/SC-30/scripts/SC-30/2_phase/EM.py","log_msg","90","","","","[待機] alt=-0.939 m","","","","","","","","","","","","","","","","","","","","","","","","","","","","","","","","","","","","","","","","","",""
"4943.584527265","2026-08-14 12:23:36.562316","/home/akatoki/SC-30/scripts/SC-30/2_phase/EM.py","log_msg","90","","","","","","","","","","-1.480394007086392","","","","","","","","","","","","","","","","","","","","","","","","","","","","","","","","","","","",""
"4943.58901821","2026-08-14 12:23:36.566813","/home/akatoki/SC-30/scripts/SC-30/2_phase/EM.py","log_msg","90","","","","[待機] alt=-1.480 m","","","","","","","","","","","","","","","","","","","","","","","","","","","","","","","","","","","","","","","","","",""
"4944.6940037","2026-08-14 12:23:37.671792","/home/akatoki/SC-30/scripts/SC-30/2_phase/EM.py","log_msg","90","","","","","","","","","","-1.6432410718585655","","","","","","","","","","","","","","","","","","","","","","","","","","","","","","","","","","","",""
"4944.698481781","2026-08-14 12:23:37.676278","/home/akatoki/SC-30/scripts/SC-30/2_phase/EM.py","log_msg","90","","","","[待機] alt=-1.643 m","","","","","","","","","","","","","","","","","","","","","","","","","","","","","","","","","","","","","","","","","",""
"4945.80349702","2026-08-14 12:23:38.781285","/home/akatoki/SC-30/scripts/SC-30/2_phase/EM.py","log_msg","90","","","","","","","","","","-1.480394007086392","","","","","","","","","","","","","","","","","","","","","","","","","","","","","","","","","","","",""
"4945.807987341","2026-08-14 12:23:38.785819","/home/akatoki/SC-30/scripts/SC-30/2_phase/EM.py","log_msg","90","","","","[待機] alt=-1.480 m","","","","","","","","","","","","","","","","","","","","","","","","","","","","","","","","","","","","","","","","","",""
"4946.91306087","2026-08-14 12:23:39.890849","/home/akatoki/SC-30/scripts/SC-30/2_phase/EM.py","log_msg","90","","","","","","","","","","-1.3366211785210158","","","","","","","","","","","","","","","","","","","","","","","","","","","","","","","","","","","",""
"4946.922721498","2026-08-14 12:23:39.900516","/home/akatoki/SC-30/scripts/SC-30/2_phase/EM.py","log_msg","90","","","","[待機] alt=-1.337 m","","","","","","","","","","","","","","","","","","","","","","","","","","","","","","","","","","","","","","","","","",""
"4948.027677905","2026-08-14 12:23:41.005466","/home/akatoki/SC-30/scripts/SC-30/2_phase/EM.py","log_msg","90","","","","","","","","","","-1.3366211785210158","","","","","","","","","","","","","","","","","","","","","","","","","","","","","","","","","","","",""
"4948.032211663","2026-08-14 12:23:41.010007","/home/akatoki/SC-30/scripts/SC-30/2_phase/EM.py","log_msg","90","","","","[待機] alt=-1.337 m","","","","","","","","","","","","","","","","","","","","","","","","","","","","","","","","","","","","","","","","","",""
"4949.138723677","2026-08-14 12:23:42.116512","/home/akatoki/SC-30/scripts/SC-30/2_phase/EM.py","log_msg","90","","","","","","","","","","-1.101882980800275","","","","","","","","","","","","","","","","","","","","","","","","","","","","","","","","","","","",""
"4949.143187489","2026-08-14 12:23:42.120983","/home/akatoki/SC-30/scripts/SC-30/2_phase/EM.py","log_msg","90","","","","[待機] alt=-1.102 m","","","","","","","","","","","","","","","","","","","","","","","","","","","","","","","","","","","","","","","","","",""
"4950.248254127","2026-08-14 12:23:43.226043","/home/akatoki/SC-30/scripts/SC-30/2_phase/EM.py","log_msg","90","","","","","","","","","","-1.1737692569774216","","","","","","","","","","","","","","","","","","","","","","","","","","","","","","","","","","","",""
"4950.257639033","2026-08-14 12:23:43.235436","/home/akatoki/SC-30/scripts/SC-30/2_phase/EM.py","log_msg","90","","","","[待機] alt=-1.174 m","","","","","","","","","","","","","","","","","","","","","","","","","","","","","","","","","","","","","","","","","",""
"4951.362598444","2026-08-14 12:23:44.340387","/home/akatoki/SC-30/scripts/SC-30/2_phase/EM.py","log_msg","90","","","","","","","","","","-0.6323912053595149","","","","","","","","","","","","","","","","","","","","","","","","","","","","","","","","","","","",""
"4951.367084131","2026-08-14 12:23:44.344878","/home/akatoki/SC-30/scripts/SC-30/2_phase/EM.py","log_msg","90","","","","[待機] alt=-0.632 m","","","","","","","","","","","","","","","","","","","","","","","","","","","","","","","","","","","","","","","","","",""
"4952.472230058","2026-08-14 12:23:45.450019","/home/akatoki/SC-30/scripts/SC-30/2_phase/EM.py","log_msg","90","","","","","","","","","","-1.6432410718585655","","","","","","","","","","","","","","","","","","","","","","","","","","","","","","","","","","","",""
"4952.476750276","2026-08-14 12:23:45.454545","/home/akatoki/SC-30/scripts/SC-30/2_phase/EM.py","log_msg","90","","","","[待機] alt=-1.643 m","","","","","","","","","","","","","","","","","","","","","","","","","","","","","","","","","","","","","","","","","",""
"4953.581766163","2026-08-14 12:23:46.559555","/home/akatoki/SC-30/scripts/SC-30/2_phase/EM.py","log_msg","90","","","","","","","","","","-0.7952533836942188","","","","","","","","","","","","","","","","","","","","","","","","","","","","","","","","","","","",""
"4953.591335442","2026-08-14 12:23:46.569130","/home/akatoki/SC-30/scripts/SC-30/2_phase/EM.py","log_msg","90","","","","[待機] alt=-0.795 m","","","","","","","","","","","","","","","","","","","","","","","","","","","","","","","","","","","","","","","","","",""
"4954.696278996","2026-08-14 12:23:47.674068","/home/akatoki/SC-30/scripts/SC-30/2_phase/EM.py","log_msg","90","","","","","","","","","","-1.3366211785210158","","","","","","","","","","","","","","","","","","","","","","","","","","","","","","","","","","","",""
"4954.70073682","2026-08-14 12:23:47.678531","/home/akatoki/SC-30/scripts/SC-30/2_phase/EM.py","log_msg","90","","","","[待機] alt=-1.337 m","","","","","","","","","","","","","","","","","","","","","","","","","","","","","","","","","","","","","","","","","",""
"4955.805741788","2026-08-14 12:23:48.783532","/home/akatoki/SC-30/scripts/SC-30/2_phase/EM.py","log_msg","90","","","","","","","","","","-1.0299964350956037","","","","","","","","","","","","","","","","","","","","","","","","","","","","","","","","","","","",""
"4955.810198258","2026-08-14 12:23:48.787993","/home/akatoki/SC-30/scripts/SC-30/2_phase/EM.py","log_msg","90","","","","[待機] alt=-1.030 m","","","","","","","","","","","","","","","","","","","","","","","","","","","","","","","","","","","","","","","","","",""
"4956.915180736","2026-08-14 12:23:49.892968","/home/akatoki/SC-30/scripts/SC-30/2_phase/EM.py","log_msg","90","","","","","","","","","","-0.7952533836942188","","","","","","","","","","","","","","","","","","","","","","","","","","","","","","","","","","","",""
"4956.925654737","2026-08-14 12:23:49.903453","/home/akatoki/SC-30/scripts/SC-30/2_phase/EM.py","log_msg","90","","","","[待機] alt=-0.795 m","","","","","","","","","","","","","","","","","","","","","","","","","","","","","","","","","","","","","","","","","",""
"4958.030740869","2026-08-14 12:23:51.008529","/home/akatoki/SC-30/scripts/SC-30/2_phase/EM.py","log_msg","90","","","","","","","","","","-0.7952533836942188","","","","","","","","","","","","","","","","","","","","","","","","","","","","","","","","","","","",""
"4958.035210776","2026-08-14 12:23:51.013006","/home/akatoki/SC-30/scripts/SC-30/2_phase/EM.py","log_msg","90","","","","[待機] alt=-0.795 m","","","","","","","","","","","","","","","","","","","","","","","","","","","","","","","","","","","","","","","","","",""
"4959.140264266","2026-08-14 12:23:52.118053","/home/akatoki/SC-30/scripts/SC-30/2_phase/EM.py","log_msg","90","","","","","","","","","","-0.6514800295393419","","","","","","","","","","","","","","","","","","","","","","","","","","","","","","","","","","","",""
"4959.144703289","2026-08-14 12:23:52.122498","/home/akatoki/SC-30/scripts/SC-30/2_phase/EM.py","log_msg","90","","","","[待機] alt=-0.651 m","","","","","","","","","","","","","","","","","","","","","","","","","","","","","","","","","","","","","","","","","",""
"4960.249724653","2026-08-14 12:23:53.227513","/home/akatoki/SC-30/scripts/SC-30/2_phase/EM.py","log_msg","90","","","","","","","","","","-0.6514800295393419","","","","","","","","","","","","","","","","","","","","","","","","","","","","","","","","","","","",""
"4960.254220446","2026-08-14 12:23:53.232016","/home/akatoki/SC-30/scripts/SC-30/2_phase/EM.py","log_msg","90","","","","[待機] alt=-0.651 m","","","","","","","","","","","","","","","","","","","","","","","","","","","","","","","","","","","","","","","","","",""
"4961.359183173","2026-08-14 12:23:54.336972","/home/akatoki/SC-30/scripts/SC-30/2_phase/EM.py","log_msg","90","","","","","","","","","","-1.5904192934715145","","","","","","","","","","","","","","","","","","","","","","","","","","","","","","","","","","","",""
"4961.368577043","2026-08-14 12:23:54.346372","/home/akatoki/SC-30/scripts/SC-30/2_phase/EM.py","log_msg","90","","","","[待機] alt=-1.590 m","","","","","","","","","","","","","","","","","","","","","","","","","","","","","","","","","","","","","","","","","",""
"4962.473488583","2026-08-14 12:23:55.451277","/home/akatoki/SC-30/scripts/SC-30/2_phase/EM.py","log_msg","90","","","","","","","","","","-1.1928472717864813","","","","","","","","","","","","","","","","","","","","","","","","","","","","","","","","","","","",""
"4962.477976824","2026-08-14 12:23:55.455772","/home/akatoki/SC-30/scripts/SC-30/2_phase/EM.py","log_msg","90","","","","[待機] alt=-1.193 m","","","","","","","","","","","","","","","","","","","","","","","","","","","","","","","","","","","","","","","","","",""
"4963.582967328","2026-08-14 12:23:56.560755","/home/akatoki/SC-30/scripts/SC-30/2_phase/EM.py","log_msg","90","","","","","","","","","","-0.4167323971149872","","","","","","","","","","","","","","","","","","","","","","","","","","","","","","","","","","","",""
"4963.587441872","2026-08-14 12:23:56.565237","/home/akatoki/SC-30/scripts/SC-30/2_phase/EM.py","log_msg","90","","","","[待機] alt=-0.417 m","","","","","","","","","","","","","","","","","","","","","","","","","","","","","","","","","","","","","","","","","",""
"4964.692477749","2026-08-14 12:23:57.670266","/home/akatoki/SC-30/scripts/SC-30/2_phase/EM.py","log_msg","90","","","","","","","","","","-0.8143351809247168","","","","","","","","","","","","","","","","","","","","","","","","","","","","","","","","","","","",""
"4964.696974011","2026-08-14 12:23:57.674769","/home/akatoki/SC-30/scripts/SC-30/2_phase/EM.py","log_msg","90","","","","[待機] alt=-0.814 m","","","","","","","","","","","","","","","","","","","","","","","","","","","","","","","","","","","","","","","","","",""
"4965.807719727","2026-08-14 12:23:58.785508","/home/akatoki/SC-30/scripts/SC-30/2_phase/EM.py","log_msg","90","","","","","","","","","","-1.120959914152535","","","","","","","","","","","","","","","","","","","","","","","","","","","","","","","","","","","",""
"4965.812216771","2026-08-14 12:23:58.790014","/home/akatoki/SC-30/scripts/SC-30/2_phase/EM.py","log_msg","90","","","","[待機] alt=-1.121 m","","","","","","","","","","","","","","","","","","","","","","","","","","","","","","","","","","","","","","","","","",""
"4966.917201884","2026-08-14 12:23:59.894990","/home/akatoki/SC-30/scripts/SC-30/2_phase/EM.py","log_msg","90","","","","","","","","","","-1.049072287030437","","","","","","","","","","","","","","","","","","","","","","","","","","","","","","","","","","","",""
"4966.921677418","2026-08-14 12:23:59.899472","/home/akatoki/SC-30/scripts/SC-30/2_phase/EM.py","log_msg","90","","","","[待機] alt=-1.049 m","","","","","","","","","","","","","","","","","","","","","","","","","","","","","","","","","","","","","","","","","",""
"4968.026706235","2026-08-14 12:24:01.004494","/home/akatoki/SC-30/scripts/SC-30/2_phase/EM.py","log_msg","90","","","","","","","","","","-0.9771843904398736","","","","","","","","","","","","","","","","","","","","","","","","","","","","","","","","","","","",""
"4968.031182395","2026-08-14 12:24:01.008979","/home/akatoki/SC-30/scripts/SC-30/2_phase/EM.py","log_msg","90","","","","[待機] alt=-0.977 m","","","","","","","","","","","","","","","","","","","","","","","","","","","","","","","","","","","","","","","","","",""
"4969.136263047","2026-08-14 12:24:02.114052","/home/akatoki/SC-30/scripts/SC-30/2_phase/EM.py","log_msg","90","","","","","","","","","","-1.049072287030437","","","","","","","","","","","","","","","","","","","","","","","","","","","","","","","","","","","",""
"4969.145634577","2026-08-14 12:24:02.123430","/home/akatoki/SC-30/scripts/SC-30/2_phase/EM.py","log_msg","90","","","","[待機] alt=-1.049 m","","","","","","","","","","","","","","","","","","","","","","","","","","","","","","","","","","","","","","","","","",""
"4970.250552844","2026-08-14 12:24:03.228341","/home/akatoki/SC-30/scripts/SC-30/2_phase/EM.py","log_msg","90","","","","","","","","","","-0.8862225351430597","","","","","","","","","","","","","","","","","","","","","","","","","","","","","","","","","","","",""
"4970.254994109","2026-08-14 12:24:03.232789","/home/akatoki/SC-30/scripts/SC-30/2_phase/EM.py","log_msg","90","","","","[待機] alt=-0.886 m","","","","","","","","","","","","","","","","","","","","","","","","","","","","","","","","","","","","","","","","","",""
"4971.360078526","2026-08-14 12:24:04.337867","/home/akatoki/SC-30/scripts/SC-30/2_phase/EM.py","log_msg","90","","","","","","","","","","-0.5077055974613875","","","","","","","","","","","","","","","","","","","","","","","","","","","","","","","","","","","",""
"4971.364504895","2026-08-14 12:24:04.342300","/home/akatoki/SC-30/scripts/SC-30/2_phase/EM.py","log_msg","90","","","","[待機] alt=-0.508 m","","","","","","","","","","","","","","","","","","","","","","","","","","","","","","","","","","","","","","","","","",""
"4972.469494946","2026-08-14 12:24:05.447283","/home/akatoki/SC-30/scripts/SC-30/2_phase/EM.py","log_msg","90","","","","","","","","","","-1.049072287030437","","","","","","","","","","","","","","","","","","","","","","","","","","","","","","","","","","","",""
"4972.473981732","2026-08-14 12:24:05.451777","/home/akatoki/SC-30/scripts/SC-30/2_phase/EM.py","log_msg","90","","","","[待機] alt=-1.049 m","","","","","","","","","","","","","","","","","","","","","","","","","","","","","","","","","","","","","","","","","",""
"4973.578983196","2026-08-14 12:24:06.556772","/home/akatoki/SC-30/scripts/SC-30/2_phase/EM.py","log_msg","90","","","","","","","","","","-1.4466426781339892","","","","","","","","","","","","","","","","","","","","","","","","","","","","","","","","","","","",""
"4973.590227919","2026-08-14 12:24:06.568024","/home/akatoki/SC-30/scripts/SC-30/2_phase/EM.py","log_msg","90","","","","[待機] alt=-1.447 m","","","","","","","","","","","","","","","","","","","","","","","","","","","","","","","","","","","","","","","","","",""
"4974.695229339","2026-08-14 12:24:07.673018","/home/akatoki/SC-30/scripts/SC-30/2_phase/EM.py","log_msg","90","","","","","","","","","","-0.9052962243906881","","","","","","","","","","","","","","","","","","","","","","","","","","","","","","","","","","","",""
"4974.699641699","2026-08-14 12:24:07.677438","/home/akatoki/SC-30/scripts/SC-30/2_phase/EM.py","log_msg","90","","","","[待機] alt=-0.905 m","","","","","","","","","","","","","","","","","","","","","","","","","","","","","","","","","","","","","","","","","",""
"4975.804747342","2026-08-14 12:24:08.782536","/home/akatoki/SC-30/scripts/SC-30/2_phase/EM.py","log_msg","90","","","","","","","","","","-0.9771843904398736","","","","","","","","","","","","","","","","","","","","","","","","","","","","","","","","","","","",""
"4975.809262461","2026-08-14 12:24:08.787057","/home/akatoki/SC-30/scripts/SC-30/2_phase/EM.py","log_msg","90","","","","[待機] alt=-0.977 m","","","","","","","","","","","","","","","","","","","","","","","","","","","","","","","","","","","","","","","","","",""
"4976.914295352","2026-08-14 12:24:09.892084","/home/akatoki/SC-30/scripts/SC-30/2_phase/EM.py","log_msg","90","","","","","","","","","","-0.8334077889025671","","","","","","","","","","","","","","","","","","","","","","","","","","","","","","","","","","","",""
"4976.923645375","2026-08-14 12:24:09.901441","/home/akatoki/SC-30/scripts/SC-30/2_phase/EM.py","log_msg","90","","","","[待機] alt=-0.833 m","","","","","","","","","","","","","","","","","","","","","","","","","","","","","","","","","","","","","","","","","",""
"4978.02865343","2026-08-14 12:24:11.006441","/home/akatoki/SC-30/scripts/SC-30/2_phase/EM.py","log_msg","90","","","","","","","","","","-1.0681389499488603","","","","","","","","","","","","","","","","","","","","","","","","","","","","","","","","","","","",""
"4978.033113238","2026-08-14 12:24:11.010908","/home/akatoki/SC-30/scripts/SC-30/2_phase/EM.py","log_msg","90","","","","[待機] alt=-1.068 m","","","","","","","","","","","","","","","","","","","","","","","","","","","","","","","","","","","","","","","","","",""
"4979.138188855","2026-08-14 12:24:12.115977","/home/akatoki/SC-30/scripts/SC-30/2_phase/EM.py","log_msg","90","","","","","","","","","","-0.8334077889025671","","","","","","","","","","","","","","","","","","","","","","","","","","","","","","","","","","","",""
"4979.142670798","2026-08-14 12:24:12.120466","/home/akatoki/SC-30/scripts/SC-30/2_phase/EM.py","log_msg","90","","","","[待機] alt=-0.833 m","","","","","","","","","","","","","","","","","","","","","","","","","","","","","","","","","","","","","","","","","",""
"4980.247687724","2026-08-14 12:24:13.225476","/home/akatoki/SC-30/scripts/SC-30/2_phase/EM.py","log_msg","90","","","","","","","","","","-1.0681389499488603","","","","","","","","","","","","","","","","","","","","","","","","","","","","","","","","","","","",""
"4980.252286592","2026-08-14 12:24:13.230083","/home/akatoki/SC-30/scripts/SC-30/2_phase/EM.py","log_msg","90","","","","[待機] alt=-1.068 m","","","","","","","","","","","","","","","","","","","","","","","","","","","","","","","","","","","","","","","","","",""
"4981.357296806","2026-08-14 12:24:14.335085","/home/akatoki/SC-30/scripts/SC-30/2_phase/EM.py","log_msg","90","","","","","","","","","","-1.3028649849521323","","","","","","","","","","","","","","","","","","","","","","","","","","","","","","","","","","","",""
"4981.366991252","2026-08-14 12:24:14.344786","/home/akatoki/SC-30/scripts/SC-30/2_phase/EM.py","log_msg","90","","","","[待機] alt=-1.303 m","","","","","","","","","","","","","","","","","","","","","","","","","","","","","","","","","","","","","","","","","",""
"4982.475122089","2026-08-14 12:24:15.452911","/home/akatoki/SC-30/scripts/SC-30/2_phase/EM.py","log_msg","90","","","","","","","","","","-1.1590862140440628","","","","","","","","","","","","","","","","","","","","","","","","","","","","","","","","","","","",""
"4982.479590283","2026-08-14 12:24:15.457385","/home/akatoki/SC-30/scripts/SC-30/2_phase/EM.py","log_msg","90","","","","[待機] alt=-1.159 m","","","","","","","","","","","","","","","","","","","","","","","","","","","","","","","","","","","","","","","","","",""
"4983.584636186","2026-08-14 12:24:16.562422","/home/akatoki/SC-30/scripts/SC-30/2_phase/EM.py","log_msg","90","","","","","","","","","","-0.9962499721278917","","","","","","","","","","","","","","","","","","","","","","","","","","","","","","","","","","","",""
"4983.59405319","2026-08-14 12:24:16.571846","/home/akatoki/SC-30/scripts/SC-30/2_phase/EM.py","log_msg","90","","","","[待機] alt=-0.996 m","","","","","","","","","","","","","","","","","","","","","","","","","","","","","","","","","","","","","","","","","",""
"4984.698872437","2026-08-14 12:24:17.676660","/home/akatoki/SC-30/scripts/SC-30/2_phase/EM.py","log_msg","90","","","","","","","","","","-0.924360724887674","","","","","","","","","","","","","","","","","","","","","","","","","","","","","","","","","","","",""
"4984.703322663","2026-08-14 12:24:17.681116","/home/akatoki/SC-30/scripts/SC-30/2_phase/EM.py","log_msg","90","","","","[待機] alt=-0.924 m","","","","","","","","","","","","","","","","","","","","","","","","","","","","","","","","","","","","","","","","","",""
"4985.808333057","2026-08-14 12:24:18.786122","/home/akatoki/SC-30/scripts/SC-30/2_phase/EM.py","log_msg","90","","","","","","","","","","-1.087196424490684","","","","","","","","","","","","","","","","","","","","","","","","","","","","","","","","","","","",""
"4985.812770211","2026-08-14 12:24:18.790565","/home/akatoki/SC-30/scripts/SC-30/2_phase/EM.py","log_msg","90","","","","[待機] alt=-1.087 m","","","","","","","","","","","","","","","","","","","","","","","","","","","","","","","","","","","","","","","","","",""
"4986.917753528","2026-08-14 12:24:19.895543","/home/akatoki/SC-30/scripts/SC-30/2_phase/EM.py","log_msg","90","","","","","","","","","","-1.0681389499488603","","","","","","","","","","","","","","","","","","","","","","","","","","","","","","","","","","","",""
"4986.92221688","2026-08-14 12:24:19.900012","/home/akatoki/SC-30/scripts/SC-30/2_phase/EM.py","log_msg","90","","","","[待機] alt=-1.068 m","","","","","","","","","","","","","","","","","","","","","","","","","","","","","","","","","","","","","","","","","",""
"4988.027249212","2026-08-14 12:24:21.005037","/home/akatoki/SC-30/scripts/SC-30/2_phase/EM.py","log_msg","90","","","","","","","","","","-0.924360724887674","","","","","","","","","","","","","","","","","","","","","","","","","","","","","","","","","","","",""
"4988.036731686","2026-08-14 12:24:21.014528","/home/akatoki/SC-30/scripts/SC-30/2_phase/EM.py","log_msg","90","","","","[待機] alt=-0.924 m","","","","","","","","","","","","","","","","","","","","","","","","","","","","","","","","","","","","","","","","","",""
"4989.141720801","2026-08-14 12:24:22.119510","/home/akatoki/SC-30/scripts/SC-30/2_phase/EM.py","log_msg","90","","","","","","","","","","-1.087196424490684","","","","","","","","","","","","","","","","","","","","","","","","","","","","","","","","","","","",""
"4989.146284151","2026-08-14 12:24:22.124082","/home/akatoki/SC-30/scripts/SC-30/2_phase/EM.py","log_msg","90","","","","[待機] alt=-1.087 m","","","","","","","","","","","","","","","","","","","","","","","","","","","","","","","","","","","","","","","","","",""
"4990.251364467","2026-08-14 12:24:23.229154","/home/akatoki/SC-30/scripts/SC-30/2_phase/EM.py","log_msg","90","","","","","","","","","","-1.2500261830699944","","","","","","","","","","","","","","","","","","","","","","","","","","","","","","","","","","","",""
"4990.269494901","2026-08-14 12:24:23.247290","/home/akatoki/SC-30/scripts/SC-30/2_phase/EM.py","log_msg","90","","","","[待機] alt=-1.250 m","","","","","","","","","","","","","","","","","","","","","","","","","","","","","","","","","","","","","","","","","",""
"4991.375853532","2026-08-14 12:24:24.353642","/home/akatoki/SC-30/scripts/SC-30/2_phase/EM.py","log_msg","90","","","","","","","","","","-6.881764728265067","","","","","","","","","","","","","","","","","","","","","","","","","","","","","","","","","","","",""
"4991.384946223","2026-08-14 12:24:24.362741","/home/akatoki/SC-30/scripts/SC-30/2_phase/EM.py","log_msg","90","","","","[待機] alt=-6.882 m","","","","","","","","","","","","","","","","","","","","","","","","","","","","","","","","","","","","","","","","","",""
"4992.489861397","2026-08-14 12:24:25.467649","/home/akatoki/SC-30/scripts/SC-30/2_phase/EM.py","log_msg","90","","","","","","","","","","-0.07637583499821021","","","","","","","","","","","","","","","","","","","","","","","","","","","","","","","","","","","",""
"4992.494332041","2026-08-14 12:24:25.472126","/home/akatoki/SC-30/scripts/SC-30/2_phase/EM.py","log_msg","90","","","","[待機] alt=-0.076 m","","","","","","","","","","","","","","","","","","","","","","","","","","","","","","","","","","","","","","","","","",""
"4993.599320916","2026-08-14 12:24:26.577110","/home/akatoki/SC-30/scripts/SC-30/2_phase/EM.py","log_msg","90","","","","","","","","","","2.3049463552969485","","","","","","","","","","","","","","","","","","","","","","","","","","","","","","","","","","","",""
"4993.603795258","2026-08-14 12:24:26.581589","/home/akatoki/SC-30/scripts/SC-30/2_phase/EM.py","log_msg","90","","","","[待機] alt=2.305 m","","","","","","","","","","","","","","","","","","","","","","","","","","","","","","","","","","","","","","","","","",""
"4994.708851793","2026-08-14 12:24:27.686640","/home/akatoki/SC-30/scripts/SC-30/2_phase/EM.py","log_msg","90","","","","","","","","","","1.945505704941105","","","","","","","","","","","","","","","","","","","","","","","","","","","","","","","","","","","",""
"4994.713339365","2026-08-14 12:24:27.691135","/home/akatoki/SC-30/scripts/SC-30/2_phase/EM.py","log_msg","90","","","","[待機] alt=1.946 m","","","","","","","","","","","","","","","","","","","","","","","","","","","","","","","","","","","","","","","","","",""
"4995.818386113","2026-08-14 12:24:28.796174","/home/akatoki/SC-30/scripts/SC-30/2_phase/EM.py","log_msg","90","","","","","","","","","","2.1802916317962118","","","","","","","","","","","","","","","","","","","","","","","","","","","","","","","","","","","",""
"4995.827786195","2026-08-14 12:24:28.805582","/home/akatoki/SC-30/scripts/SC-30/2_phase/EM.py","log_msg","90","","","","[待機] alt=2.180 m","","","","","","","","","","","","","","","","","","","","","","","","","","","","","","","","","","","","","","","","","",""
"4996.932750867","2026-08-14 12:24:29.910539","/home/akatoki/SC-30/scripts/SC-30/2_phase/EM.py","log_msg","90","","","","","","","","","","3.8239367492153153","","","","","","","","","","","","","","","","","","","","","","","","","","","","","","","","","","","",""
"4996.937220366","2026-08-14 12:24:29.915016","/home/akatoki/SC-30/scripts/SC-30/2_phase/EM.py","log_msg","90","","","","[待機] alt=3.824 m","","","","","","","","","","","","","","","","","","","","","","","","","","","","","","","","","","","","","","","","","",""
"4998.04221301","2026-08-14 12:24:31.020001","/home/akatoki/SC-30/scripts/SC-30/2_phase/EM.py","log_msg","90","","","","","","","","","","3.5891149132116307","","","","","","","","","","","","","","","","","","","","","","","","","","","","","","","","","","","",""
"4998.046701051","2026-08-14 12:24:31.024495","/home/akatoki/SC-30/scripts/SC-30/2_phase/EM.py","log_msg","90","","","","[待機] alt=3.589 m","","","","","","","","","","","","","","","","","","","","","","","","","","","","","","","","","","","","","","","","","",""
"4999.151761567","2026-08-14 12:24:32.129550","/home/akatoki/SC-30/scripts/SC-30/2_phase/EM.py","log_msg","90","","","","","","","","","","2.6498788730997616","","","","","","","","","","","","","","","","","","","","","","","","","","","","","","","","","","","",""
"4999.162167779","2026-08-14 12:24:32.139967","/home/akatoki/SC-30/scripts/SC-30/2_phase/EM.py","log_msg","90","","","","[待機] alt=2.650 m","","","","","","","","","","","","","","","","","","","","","","","","","","","","","","","","","","","","","","","","","",""
"5000.267160071","2026-08-14 12:24:33.244949","/home/akatoki/SC-30/scripts/SC-30/2_phase/EM.py","log_msg","90","","","","","","","","","","2.884680188055131","","","","","","","","","","","","","","","","","","","","","","","","","","","","","","","","","","","",""
"5000.271639832","2026-08-14 12:24:33.249435","/home/akatoki/SC-30/scripts/SC-30/2_phase/EM.py","log_msg","90","","","","[待機] alt=2.885 m","","","","","","","","","","","","","","","","","","","","","","","","","","","","","","","","","","","","","","","","","",""
"5001.376692127","2026-08-14 12:24:34.354482","/home/akatoki/SC-30/scripts/SC-30/2_phase/EM.py","log_msg","90","","","","","","","","","","2.956566687747589","","","","","","","","","","","","","","","","","","","","","","","","","","","","","","","","","","","",""
"5001.381129544","2026-08-14 12:24:34.358925","/home/akatoki/SC-30/scripts/SC-30/2_phase/EM.py","log_msg","90","","","","[待機] alt=2.957 m","","","","","","","","","","","","","","","","","","","","","","","","","","","","","","","","","","","","","","","","","",""
"5002.486144501","2026-08-14 12:24:35.463934","/home/akatoki/SC-30/scripts/SC-30/2_phase/EM.py","log_msg","90","","","","","","","","","","4.13064885092422","","","","","","","","","","","","","","","","","","","","","","","","","","","","","","","","","","","",""
"5002.49061822","2026-08-14 12:24:35.468413","/home/akatoki/SC-30/scripts/SC-30/2_phase/EM.py","log_msg","90","","","","[待機] alt=4.131 m","","","","","","","","","","","","","","","","","","","","","","","","","","","","","","","","","","","","","","","","","",""
"5003.595676721","2026-08-14 12:24:36.573465","/home/akatoki/SC-30/scripts/SC-30/2_phase/EM.py","log_msg","90","","","","","","","","","","5.304859292956365","","","","","","","","","","","","","","","","","","","","","","","","","","","","","","","","","","","",""
"5003.60514066","2026-08-14 12:24:36.582936","/home/akatoki/SC-30/scripts/SC-30/2_phase/EM.py","log_msg","90","","","","[待機] alt=5.305 m","","","","","","","","","","","","","","","","","","","","","","","","","","","","","","","","","","","","","","","","","",""
"5004.710149947","2026-08-14 12:24:37.687939","/home/akatoki/SC-30/scripts/SC-30/2_phase/EM.py","log_msg","90","","","","","","","","","","5.3767433320265114","","","","","","","","","","","","","","","","","","","","","","","","","","","","","","","","","","","",""
"5004.714722571","2026-08-14 12:24:37.692518","/home/akatoki/SC-30/scripts/SC-30/2_phase/EM.py","log_msg","90","","","","[待機] alt=5.377 m","","","","","","","","","","","","","","","","","","","","","","","","","","","","","","","","","","","","","","","","","",""
"5005.819736445","2026-08-14 12:24:38.797527","/home/akatoki/SC-30/scripts/SC-30/2_phase/EM.py","log_msg","90","","","","","","","","","","7.327626879213113","","","","","","","","","","","","","","","","","","","","","","","","","","","","","","","","","","","",""
"5005.824266101","2026-08-14 12:24:38.802062","/home/akatoki/SC-30/scripts/SC-30/2_phase/EM.py","log_msg","90","","","","[待機] alt=7.328 m","","","","","","","","","","","","","","","","","","","","","","","","","","","","","","","","","","","","","","","","","",""
"5006.929285707","2026-08-14 12:24:39.907075","/home/akatoki/SC-30/scripts/SC-30/2_phase/EM.py","log_msg","90","","","","","","","","","","9.748717709006712","","","","","","","","","","","","","","","","","","","","","","","","","","","","","","","","","","","",""
"5006.933736146","2026-08-14 12:24:39.911531","/home/akatoki/SC-30/scripts/SC-30/2_phase/EM.py","log_msg","90","","","","[待機] alt=9.749 m","","","","","","","","","","","","","","","","","","","","","","","","","","","","","","","","","","","","","","","","","",""
"5008.044499713","2026-08-14 12:24:41.022288","/home/akatoki/SC-30/scripts/SC-30/2_phase/EM.py","log_msg","90","","","","","","","","","","11.21379502822669","","","","","","","","","","","","","","","","","","","","","","","","","","","","","","","","","","","",""
"5008.048984475","2026-08-14 12:24:41.026779","/home/akatoki/SC-30/scripts/SC-30/2_phase/EM.py","log_msg","90","","","","[待機] alt=11.214 m","","","","","","","","","","","","","","","","","","","","","","","","","","","","","","","","","","","","","","","","","",""
"5008.052384621","2026-08-14 12:24:41.030184","/home/akatoki/SC-30/scripts/SC-30/2_phase/EM.py","log_msg","90","","","","Go to falling phase","","","","","","","","","","","","","","","","","","","","","","","","","","","","","","","","","","","","","","","","","",""
"5008.157222337","2026-08-14 12:24:41.135009","/home/akatoki/SC-30/scripts/SC-30/2_phase/EM.py","log_msg","90","","","","","","","","","","11.21379502822669","","","","","","","","","","","","","","","","","","","","","","","","","","","","","","","","","","","",""
"5008.161577414","2026-08-14 12:24:41.139370","/home/akatoki/SC-30/scripts/SC-30/2_phase/EM.py","log_msg","90","","","","fall start alt=11.214 m","","","","","","","","","","","","","","","","","","","","","","","","","","","","","","","","","","","","","","","","","",""
"5009.166519072","2026-08-14 12:24:42.144307","/home/akatoki/SC-30/scripts/SC-30/2_phase/EM.py","log_msg","90","","","","","","","","","","12.60435048378424","","","","","","","","","","","","","","","","","","","","","","","","","","","","","","","","","","","",""
"5009.17095821","2026-08-14 12:24:42.148751","/home/akatoki/SC-30/scripts/SC-30/2_phase/EM.py","log_msg","90","","","","Δalt(1s)=1.391 m (0/5)","","","","","","","","","","","","","","","","","","","","","","","","","","","","","","","","","","","","","","","","","",""
"5010.180623735","2026-08-14 12:24:43.158411","/home/akatoki/SC-30/scripts/SC-30/2_phase/EM.py","log_msg","90","","","","","","","","","","13.72691178384425","","","","","","","","","","","","","","","","","","","","","","","","","","","","","","","","","","","",""
"5010.185125372","2026-08-14 12:24:43.162921","/home/akatoki/SC-30/scripts/SC-30/2_phase/EM.py","log_msg","90","","","","Δalt(1s)=1.123 m (0/5)","","","","","","","","","","","","","","","","","","","","","","","","","","","","","","","","","","","","","","","","","",""
"5011.190086602","2026-08-14 12:24:44.167875","/home/akatoki/SC-30/scripts/SC-30/2_phase/EM.py","log_msg","90","","","","","","","","","","12.94720973481897","","","","","","","","","","","","","","","","","","","","","","","","","","","","","","","","","","","",""
"5011.194596728","2026-08-14 12:24:44.172392","/home/akatoki/SC-30/scripts/SC-30/2_phase/EM.py","log_msg","90","","","","Δalt(1s)=0.780 m (0/5)","","","","","","","","","","","","","","","","","","","","","","","","","","","","","","","","","","","","","","","","","",""
"5012.199579045","2026-08-14 12:24:45.177366","/home/akatoki/SC-30/scripts/SC-30/2_phase/EM.py","log_msg","90","","","","","","","","","","16.943170012224478","","","","","","","","","","","","","","","","","","","","","","","","","","","","","","","","","","","",""
"5012.204310626","2026-08-14 12:24:45.182107","/home/akatoki/SC-30/scripts/SC-30/2_phase/EM.py","log_msg","90","","","","Δalt(1s)=3.996 m (0/5)","","","","","","","","","","","","","","","","","","","","","","","","","","","","","","","","","","","","","","","","","",""
"5013.209272416","2026-08-14 12:24:46.187060","/home/akatoki/SC-30/scripts/SC-30/2_phase/EM.py","log_msg","90","","","","","","","","","","18.030118922394767","","","","","","","","","","","","","","","","","","","","","","","","","","","","","","","","","","","",""
"5013.218609852","2026-08-14 12:24:46.196406","/home/akatoki/SC-30/scripts/SC-30/2_phase/EM.py","log_msg","90","","","","Δalt(1s)=1.087 m (0/5)","","","","","","","","","","","","","","","","","","","","","","","","","","","","","","","","","","","","","","","","","",""
"5014.223497575","2026-08-14 12:24:47.201285","/home/akatoki/SC-30/scripts/SC-30/2_phase/EM.py","log_msg","90","","","","","","","","","","20.198725243876513","","","","","","","","","","","","","","","","","","","","","","","","","","","","","","","","","","","",""
"5014.229361219","2026-08-14 12:24:47.207158","/home/akatoki/SC-30/scripts/SC-30/2_phase/EM.py","log_msg","90","","","","Δalt(1s)=2.169 m (0/5)","","","","","","","","","","","","","","","","","","","","","","","","","","","","","","","","","","","","","","","","","",""
"5015.234404922","2026-08-14 12:24:48.212192","/home/akatoki/SC-30/scripts/SC-30/2_phase/EM.py","log_msg","90","","","","","","","","","","21.646203393302027","","","","","","","","","","","","","","","","","","","","","","","","","","","","","","","","","","","",""
"5015.238940101","2026-08-14 12:24:48.216737","/home/akatoki/SC-30/scripts/SC-30/2_phase/EM.py","log_msg","90","","","","Δalt(1s)=1.447 m (0/5)","","","","","","","","","","","","","","","","","","","","","","","","","","","","","","","","","","","","","","","","","",""
"5016.248740691","2026-08-14 12:24:49.226529","/home/akatoki/SC-30/scripts/SC-30/2_phase/EM.py","log_msg","90","","","","","","","","","","22.857667774778122","","","","","","","","","","","","","","","","","","","","","","","","","","","","","","","","","","","",""
"5016.253215559","2026-08-14 12:24:49.231011","/home/akatoki/SC-30/scripts/SC-30/2_phase/EM.py","log_msg","90","","","","Δalt(1s)=1.211 m (0/5)","","","","","","","","","","","","","","","","","","","","","","","","","","","","","","","","","","","","","","","","","",""
"5017.258325706","2026-08-14 12:24:50.236113","/home/akatoki/SC-30/scripts/SC-30/2_phase/EM.py","log_msg","90","","","","","","","","","","24.177548865720382","","","","","","","","","","","","","","","","","","","","","","","","","","","","","","","","","","","",""
"5017.262799637","2026-08-14 12:24:50.240595","/home/akatoki/SC-30/scripts/SC-30/2_phase/EM.py","log_msg","90","","","","Δalt(1s)=1.320 m (0/5)","","","","","","","","","","","","","","","","","","","","","","","","","","","","","","","","","","","","","","","","","",""
"5018.267838789","2026-08-14 12:24:51.245626","/home/akatoki/SC-30/scripts/SC-30/2_phase/EM.py","log_msg","90","","","","","","","","","","25.373498294363138","","","","","","","","","","","","","","","","","","","","","","","","","","","","","","","","","","","",""
"5018.272351625","2026-08-14 12:24:51.250147","/home/akatoki/SC-30/scripts/SC-30/2_phase/EM.py","log_msg","90","","","","Δalt(1s)=1.196 m (0/5)","","","","","","","","","","","","","","","","","","","","","","","","","","","","","","","","","","","","","","","","","",""
"5019.277305564","2026-08-14 12:24:52.255093","/home/akatoki/SC-30/scripts/SC-30/2_phase/EM.py","log_msg","90","","","","","","","","","","26.36679914313957","","","","","","","","","","","","","","","","","","","","","","","","","","","","","","","","","","","",""
"5019.28176387","2026-08-14 12:24:52.259559","/home/akatoki/SC-30/scripts/SC-30/2_phase/EM.py","log_msg","90","","","","Δalt(1s)=0.993 m (0/5)","","","","","","","","","","","","","","","","","","","","","","","","","","","","","","","","","","","","","","","","","",""
"5020.29155032","2026-08-14 12:24:53.269338","/home/akatoki/SC-30/scripts/SC-30/2_phase/EM.py","log_msg","90","","","","","","","","","","27.543303539215703","","","","","","","","","","","","","","","","","","","","","","","","","","","","","","","","","","","",""
"5020.29650419","2026-08-14 12:24:53.274307","/home/akatoki/SC-30/scripts/SC-30/2_phase/EM.py","log_msg","90","","","","Δalt(1s)=1.177 m (0/5)","","","","","","","","","","","","","","","","","","","","","","","","","","","","","","","","","","","","","","","","","",""
"5021.301772068","2026-08-14 12:24:54.279560","/home/akatoki/SC-30/scripts/SC-30/2_phase/EM.py","log_msg","90","","","","","","","","","","28.269014239572996","","","","","","","","","","","","","","","","","","","","","","","","","","","","","","","","","","","",""
"5021.306257926","2026-08-14 12:24:54.284053","/home/akatoki/SC-30/scripts/SC-30/2_phase/EM.py","log_msg","90","","","","Δalt(1s)=0.726 m (0/5)","","","","","","","","","","","","","","","","","","","","","","","","","","","","","","","","","","","","","","","","","",""
"5022.312665151","2026-08-14 12:24:55.290453","/home/akatoki/SC-30/scripts/SC-30/2_phase/EM.py","log_msg","90","","","","","","","","","","29.099002941691673","","","","","","","","","","","","","","","","","","","","","","","","","","","","","","","","","","","",""
"5022.317132312","2026-08-14 12:24:55.294927","/home/akatoki/SC-30/scripts/SC-30/2_phase/EM.py","log_msg","90","","","","Δalt(1s)=0.830 m (0/5)","","","","","","","","","","","","","","","","","","","","","","","","","","","","","","","","","","","","","","","","","",""
"5023.326778587","2026-08-14 12:24:56.304567","/home/akatoki/SC-30/scripts/SC-30/2_phase/EM.py","log_msg","90","","","","","","","","","","28.811556030653023","","","","","","","","","","","","","","","","","","","","","","","","","","","","","","","","","","","",""
"5023.331255696","2026-08-14 12:24:56.309050","/home/akatoki/SC-30/scripts/SC-30/2_phase/EM.py","log_msg","90","","","","Δalt(1s)=0.287 m (0/5)","","","","","","","","","","","","","","","","","","","","","","","","","","","","","","","","","","","","","","","","","",""
"5024.336321785","2026-08-14 12:24:57.314109","/home/akatoki/SC-30/scripts/SC-30/2_phase/EM.py","log_msg","90","","","","","","","","","","28.77205109968716","","","","","","","","","","","","","","","","","","","","","","","","","","","","","","","","","","","",""
"5024.340830716","2026-08-14 12:24:57.318625","/home/akatoki/SC-30/scripts/SC-30/2_phase/EM.py","log_msg","90","","","","Δalt(1s)=0.040 m (0/5)","","","","","","","","","","","","","","","","","","","","","","","","","","","","","","","","","","","","","","","","","",""
"5025.345924818","2026-08-14 12:24:58.323712","/home/akatoki/SC-30/scripts/SC-30/2_phase/EM.py","log_msg","90","","","","","","","","","","29.242728008827022","","","","","","","","","","","","","","","","","","","","","","","","","","","","","","","","","","","",""
"5025.350499113","2026-08-14 12:24:58.328294","/home/akatoki/SC-30/scripts/SC-30/2_phase/EM.py","log_msg","90","","","","Δalt(1s)=0.471 m (0/5)","","","","","","","","","","","","","","","","","","","","","","","","","","","","","","","","","","","","","","","","","",""
"5026.355541385","2026-08-14 12:24:59.333329","/home/akatoki/SC-30/scripts/SC-30/2_phase/EM.py","log_msg","90","","","","","","","","","","29.824838525893178","","","","","","","","","","","","","","","","","","","","","","","","","","","","","","","","","","","",""
"5026.365037886","2026-08-14 12:24:59.342834","/home/akatoki/SC-30/scripts/SC-30/2_phase/EM.py","log_msg","90","","","","Δalt(1s)=0.582 m (0/5)","","","","","","","","","","","","","","","","","","","","","","","","","","","","","","","","","","","","","","","","","",""
"5027.369936872","2026-08-14 12:25:00.347724","/home/akatoki/SC-30/scripts/SC-30/2_phase/EM.py","log_msg","90","","","","","","","","","","29.857150594336108","","","","","","","","","","","","","","","","","","","","","","","","","","","","","","","","","","","",""
"5027.374392159","2026-08-14 12:25:00.352187","/home/akatoki/SC-30/scripts/SC-30/2_phase/EM.py","log_msg","90","","","","Δalt(1s)=0.032 m (0/5)","","","","","","","","","","","","","","","","","","","","","","","","","","","","","","","","","","","","","","","","","",""
"5028.379420563","2026-08-14 12:25:01.357208","/home/akatoki/SC-30/scripts/SC-30/2_phase/EM.py","log_msg","90","","","","","","","","","","30.18414371364633","","","","","","","","","","","","","","","","","","","","","","","","","","","","","","","","","","","",""
"5028.38390111","2026-08-14 12:25:01.361695","/home/akatoki/SC-30/scripts/SC-30/2_phase/EM.py","log_msg","90","","","","Δalt(1s)=0.327 m (0/5)","","","","","","","","","","","","","","","","","","","","","","","","","","","","","","","","","","","","","","","","","",""
"5029.388902683","2026-08-14 12:25:02.366689","/home/akatoki/SC-30/scripts/SC-30/2_phase/EM.py","log_msg","90","","","","","","","","","","29.19062623203822","","","","","","","","","","","","","","","","","","","","","","","","","","","","","","","","","","","",""
"5029.399350887","2026-08-14 12:25:02.377148","/home/akatoki/SC-30/scripts/SC-30/2_phase/EM.py","log_msg","90","","","","Δalt(1s)=0.994 m (0/5)","","","","","","","","","","","","","","","","","","","","","","","","","","","","","","","","","","","","","","","","","",""
"5030.404316099","2026-08-14 12:25:03.382103","/home/akatoki/SC-30/scripts/SC-30/2_phase/EM.py","log_msg","90","","","","","","","","","","28.77205109968716","","","","","","","","","","","","","","","","","","","","","","","","","","","","","","","","","","","",""
"5030.408791751","2026-08-14 12:25:03.386586","/home/akatoki/SC-30/scripts/SC-30/2_phase/EM.py","log_msg","90","","","","Δalt(1s)=0.419 m (0/5)","","","","","","","","","","","","","","","","","","","","","","","","","","","","","","","","","","","","","","","","","",""
"5031.413855808","2026-08-14 12:25:04.391642","/home/akatoki/SC-30/scripts/SC-30/2_phase/EM.py","log_msg","90","","","","","","","","","","29.26248782084459","","","","","","","","","","","","","","","","","","","","","","","","","","","","","","","","","","","",""
"5031.418332918","2026-08-14 12:25:04.396128","/home/akatoki/SC-30/scripts/SC-30/2_phase/EM.py","log_msg","90","","","","Δalt(1s)=0.490 m (0/5)","","","","","","","","","","","","","","","","","","","","","","","","","","","","","","","","","","","","","","","","","",""
"5032.423274","2026-08-14 12:25:05.401061","/home/akatoki/SC-30/scripts/SC-30/2_phase/EM.py","log_msg","90","","","","","","","","","","29.386454150199157","","","","","","","","","","","","","","","","","","","","","","","","","","","","","","","","","","","",""
"5032.427710695","2026-08-14 12:25:05.405506","/home/akatoki/SC-30/scripts/SC-30/2_phase/EM.py","log_msg","90","","","","Δalt(1s)=0.124 m (0/5)","","","","","","","","","","","","","","","","","","","","","","","","","","","","","","","","","","","","","","","","","",""
"5033.432708591","2026-08-14 12:25:06.410495","/home/akatoki/SC-30/scripts/SC-30/2_phase/EM.py","log_msg","90","","","","","","","","","","28.392993673224506","","","","","","","","","","","","","","","","","","","","","","","","","","","","","","","","","","","",""
"5033.442103481","2026-08-14 12:25:06.419899","/home/akatoki/SC-30/scripts/SC-30/2_phase/EM.py","log_msg","90","","","","Δalt(1s)=0.993 m (0/5)","","","","","","","","","","","","","","","","","","","","","","","","","","","","","","","","","","","","","","","","","",""
"5034.446967882","2026-08-14 12:25:07.424755","/home/akatoki/SC-30/scripts/SC-30/2_phase/EM.py","log_msg","90","","","","","","","","","","29.099002941691673","","","","","","","","","","","","","","","","","","","","","","","","","","","","","","","","","","","",""
"5034.451419681","2026-08-14 12:25:07.429214","/home/akatoki/SC-30/scripts/SC-30/2_phase/EM.py","log_msg","90","","","","Δalt(1s)=0.706 m (0/5)","","","","","","","","","","","","","","","","","","","","","","","","","","","","","","","","","","","","","","","","","",""
"5035.456456258","2026-08-14 12:25:08.434244","/home/akatoki/SC-30/scripts/SC-30/2_phase/EM.py","log_msg","90","","","","","","","","","","28.82417701633635","","","","","","","","","","","","","","","","","","","","","","","","","","","","","","","","","","","",""
"5035.460985503","2026-08-14 12:25:08.438781","/home/akatoki/SC-30/scripts/SC-30/2_phase/EM.py","log_msg","90","","","","Δalt(1s)=0.275 m (0/5)","","","","","","","","","","","","","","","","","","","","","","","","","","","","","","","","","","","","","","","","","",""
"5036.465960354","2026-08-14 12:25:09.443747","/home/akatoki/SC-30/scripts/SC-30/2_phase/EM.py","log_msg","90","","","","","","","","","","29.059506642846305","","","","","","","","","","","","","","","","","","","","","","","","","","","","","","","","","","","",""
"5036.47044908","2026-08-14 12:25:09.448244","/home/akatoki/SC-30/scripts/SC-30/2_phase/EM.py","log_msg","90","","","","Δalt(1s)=0.235 m (0/5)","","","","","","","","","","","","","","","","","","","","","","","","","","","","","","","","","","","","","","","","","",""
"5037.481212053","2026-08-14 12:25:10.458999","/home/akatoki/SC-30/scripts/SC-30/2_phase/EM.py","log_msg","90","","","","","","","","","","28.066074409259564","","","","","","","","","","","","","","","","","","","","","","","","","","","","","","","","","","","",""
"5037.48569281","2026-08-14 12:25:10.463488","/home/akatoki/SC-30/scripts/SC-30/2_phase/EM.py","log_msg","90","","","","Δalt(1s)=0.993 m (0/5)","","","","","","","","","","","","","","","","","","","","","","","","","","","","","","","","","","","","","","","","","",""
"5038.490755924","2026-08-14 12:25:11.468543","/home/akatoki/SC-30/scripts/SC-30/2_phase/EM.py","log_msg","90","","","","","","","","","","18.090011869284634","","","","","","","","","","","","","","","","","","","","","","","","","","","","","","","","","","","",""
"5038.495219859","2026-08-14 12:25:11.473015","/home/akatoki/SC-30/scripts/SC-30/2_phase/EM.py","log_msg","90","","","","Δalt(1s)=9.976 m (0/5)","","","","","","","","","","","","","","","","","","","","","","","","","","","","","","","","","","","","","","","","","",""
"5039.500309995","2026-08-14 12:25:12.478098","/home/akatoki/SC-30/scripts/SC-30/2_phase/EM.py","log_msg","90","","","","","","","","","","11.292026082658568","","","","","","","","","","","","","","","","","","","","","","","","","","","","","","","","","","","",""
"5039.504778409","2026-08-14 12:25:12.482575","/home/akatoki/SC-30/scripts/SC-30/2_phase/EM.py","log_msg","90","","","","Δalt(1s)=6.798 m (0/5)","","","","","","","","","","","","","","","","","","","","","","","","","","","","","","","","","","","","","","","","","",""
"5040.509736768","2026-08-14 12:25:13.487526","/home/akatoki/SC-30/scripts/SC-30/2_phase/EM.py","log_msg","90","","","","","","","","","","8.003866395941143","","","","","","","","","","","","","","","","","","","","","","","","","","","","","","","","","","","",""
"5040.519160255","2026-08-14 12:25:13.496957","/home/akatoki/SC-30/scripts/SC-30/2_phase/EM.py","log_msg","90","","","","Δalt(1s)=3.288 m (0/5)","","","","","","","","","","","","","","","","","","","","","","","","","","","","","","","","","","","","","","","","","",""
"5041.524160323","2026-08-14 12:25:14.501949","/home/akatoki/SC-30/scripts/SC-30/2_phase/EM.py","log_msg","90","","","","","","","","","","3.902483463334556","","","","","","","","","","","","","","","","","","","","","","","","","","","","","","","","","","","",""
"5041.528698476","2026-08-14 12:25:14.506494","/home/akatoki/SC-30/scripts/SC-30/2_phase/EM.py","log_msg","90","","","","Δalt(1s)=4.101 m (0/5)","","","","","","","","","","","","","","","","","","","","","","","","","","","","","","","","","","","","","","","","","",""
"5042.533675671","2026-08-14 12:25:15.511464","/home/akatoki/SC-30/scripts/SC-30/2_phase/EM.py","log_msg","90","","","","","","","","","","0.9573172179127731","","","","","","","","","","","","","","","","","","","","","","","","","","","","","","","","","","","",""
"5042.538179918","2026-08-14 12:25:15.515976","/home/akatoki/SC-30/scripts/SC-30/2_phase/EM.py","log_msg","90","","","","Δalt(1s)=2.945 m (0/5)","","","","","","","","","","","","","","","","","","","","","","","","","","","","","","","","","","","","","","","","","",""
"5043.543148563","2026-08-14 12:25:16.520937","/home/akatoki/SC-30/scripts/SC-30/2_phase/EM.py","log_msg","90","","","","","","","","","","-1.0824562603315435","","","","","","","","","","","","","","","","","","","","","","","","","","","","","","","","","","","",""
"5043.54765729","2026-08-14 12:25:16.525452","/home/akatoki/SC-30/scripts/SC-30/2_phase/EM.py","log_msg","90","","","","Δalt(1s)=2.040 m (0/5)","","","","","","","","","","","","","","","","","","","","","","","","","","","","","","","","","","","","","","","","","",""
"5044.552722747","2026-08-14 12:25:17.530511","/home/akatoki/SC-30/scripts/SC-30/2_phase/EM.py","log_msg","90","","","","","","","","","","-1.551662744745912","","","","","","","","","","","","","","","","","","","","","","","","","","","","","","","","","","","",""
"5044.563857717","2026-08-14 12:25:17.541654","/home/akatoki/SC-30/scripts/SC-30/2_phase/EM.py","log_msg","90","","","","Δalt(1s)=0.469 m (0/5)","","","","","","","","","","","","","","","","","","","","","","","","","","","","","","","","","","","","","","","","","",""
"5045.568816188","2026-08-14 12:25:18.546605","/home/akatoki/SC-30/scripts/SC-30/2_phase/EM.py","log_msg","90","","","","","","","","","","-1.282863373750338","","","","","","","","","","","","","","","","","","","","","","","","","","","","","","","","","","","",""
"5045.573257885","2026-08-14 12:25:18.551052","/home/akatoki/SC-30/scripts/SC-30/2_phase/EM.py","log_msg","90","","","","Δalt(1s)=0.269 m (1/5)","","","","","","","","","","","","","","","","","","","","","","","","","","","","","","","","","","","","","","","","","",""
"5046.578170358","2026-08-14 12:25:19.555957","/home/akatoki/SC-30/scripts/SC-30/2_phase/EM.py","log_msg","90","","","","","","","","","","-1.5362889648676203","","","","","","","","","","","","","","","","","","","","","","","","","","","","","","","","","","","",""
"5046.582561066","2026-08-14 12:25:19.560355","/home/akatoki/SC-30/scripts/SC-30/2_phase/EM.py","log_msg","90","","","","Δalt(1s)=0.253 m (2/5)","","","","","","","","","","","","","","","","","","","","","","","","","","","","","","","","","","","","","","","","","",""
"5047.587439728","2026-08-14 12:25:20.565228","/home/akatoki/SC-30/scripts/SC-30/2_phase/EM.py","log_msg","90","","","","","","","","","","-1.4804337434775894","","","","","","","","","","","","","","","","","","","","","","","","","","","","","","","","","","","",""
"5047.596834052","2026-08-14 12:25:20.574630","/home/akatoki/SC-30/scripts/SC-30/2_phase/EM.py","log_msg","90","","","","Δalt(1s)=0.056 m (3/5)","","","","","","","","","","","","","","","","","","","","","","","","","","","","","","","","","","","","","","","","","",""
"5048.601733694","2026-08-14 12:25:21.579523","/home/akatoki/SC-30/scripts/SC-30/2_phase/EM.py","log_msg","90","","","","","","","","","","-1.3896907092428612","","","","","","","","","","","","","","","","","","","","","","","","","","","","","","","","","","","",""
"5048.606207161","2026-08-14 12:25:21.584004","/home/akatoki/SC-30/scripts/SC-30/2_phase/EM.py","log_msg","90","","","","Δalt(1s)=0.091 m (4/5)","","","","","","","","","","","","","","","","","","","","","","","","","","","","","","","","","","","","","","","","","",""
"5048.60956971","2026-08-14 12:25:21.587368","/home/akatoki/SC-30/scripts/SC-30/2_phase/EM.py","log_msg","90","","","","Landing detected","","","","","","","","","","","","","","","","","","","","","","","","","","","","","","","","","","","","","","","","","",""
"5048.61290778","2026-08-14 12:25:21.590704","/home/akatoki/SC-30/scripts/SC-30/2_phase/EM.py","log_msg","90","","","","start nichrome wire","","","","","","","","","","","","","","","","","","","","","","","","","","","","","","","","","","","","","","","","","",""
"5063.616853574","2026-08-14 12:25:36.594658","/home/akatoki/SC-30/scripts/SC-30/2_phase/EM.py","log_msg","90","","","","finish nichrome wire","","","","","","","","","","","","","","","","","","","","","","","","","","","","","","","","","","","","","","","","","",""
