time,date,file,func,line,serious_error,error,warning,msg,format_exception,phase,gnss_time,lat,lon,alt,alt_base_press,goal_lat,goal_lon,temp,press,camera_area,camera_order,camera_center_x,camera_center_y,camera_frame_size_x,camera_frame_size_y,motor_l,motor_r,goal_relative_x,goal_relative_y,goal_relative_angle_rad,goal_distance,accel_all_x,accel_all_y,accel_all_z,accel_line_x,accel_line_y,accel_line_z,mag_x,mag_y,mag_z,gyro_x,gyro_y,gyro_z,grav_x,grav_y,grav_z,euler_x,euler_y,euler_z,nmea
"11491.733495992","2026-08-15 09:22:00.347842","/home/akatoki/SC-30/scripts/SC-30/2_phase/motordrive.py","move","150","","","","move: direction=q, power=0.7, duration=0.1","","","","","","","","","","","","","","","","","","","","","","","","","","","","","","","","","","","","","","","","","",""
"11491.74500511","2026-08-15 09:22:00.359350","/home/akatoki/SC-30/scripts/SC-30/2_phase/motordrive.py","set_values","186","","","","","","","","","","","","","","","","","","","","","","-0.0","0.0","","","","","","","","","","","","","","","","","","","","","","",""
"11491.786217962","2026-08-15 09:22:00.400560","/home/akatoki/SC-30/scripts/SC-30/2_phase/motordrive.py","set_values","186","","","","","","","","","","","","","","","","","","","","","","-0.1","0.1","","","","","","","","","","","","","","","","","","","","","","",""
"11491.833559503","2026-08-15 09:22:00.447901","/home/akatoki/SC-30/scripts/SC-30/2_phase/motordrive.py","set_values","186","","","","","","","","","","","","","","","","","","","","","","-0.2","0.2","","","","","","","","","","","","","","","","","","","","","","",""
"11491.874151608","2026-08-15 09:22:00.488489","/home/akatoki/SC-30/scripts/SC-30/2_phase/motordrive.py","set_values","186","","","","","","","","","","","","","","","","","","","","","","-0.30000000000000004","0.30000000000000004","","","","","","","","","","","","","","","","","","","","","","",""
"11491.909978198","2026-08-15 09:22:00.524325","/home/akatoki/SC-30/scripts/SC-30/2_phase/motordrive.py","set_values","186","","","","","","","","","","","","","","","","","","","","","","-0.4","0.4","","","","","","","","","","","","","","","","","","","","","","",""
"11491.944181955","2026-08-15 09:22:00.558519","/home/akatoki/SC-30/scripts/SC-30/2_phase/motordrive.py","set_values","186","","","","","","","","","","","","","","","","","","","","","","-0.5","0.5","","","","","","","","","","","","","","","","","","","","","","",""
"11491.977552322","2026-08-15 09:22:00.591890","/home/akatoki/SC-30/scripts/SC-30/2_phase/motordrive.py","set_values","186","","","","","","","","","","","","","","","","","","","","","","-0.6000000000000001","0.6000000000000001","","","","","","","","","","","","","","","","","","","","","","",""
"11492.010914878","2026-08-15 09:22:00.625254","/home/akatoki/SC-30/scripts/SC-30/2_phase/motordrive.py","stop","120","","","","stop: power_r=0.6, power_l=-0.6","","","","","","","","","","","","","","","","","","","","","","","","","","","","","","","","","","","","","","","","","",""
"11492.339899267","2026-08-15 09:22:00.954245","/home/akatoki/SC-30/scripts/SC-30/2_phase/motordrive.py","stop","134","","","","","","","","","","","","","","","","","","","","","","0.0","0.0","","","","","","","","","","","","","","","","","","","","","","",""
"11492.44523133","2026-08-15 09:22:01.059569","/home/akatoki/SC-30/scripts/SC-30/2_phase/motordrive.py","move","150","","","","move: direction=w, power=0.7, duration=1.5","","","","","","","","","","","","","","","","","","","","","","","","","","","","","","","","","","","","","","","","","",""
"11492.456084204","2026-08-15 09:22:01.070431","/home/akatoki/SC-30/scripts/SC-30/2_phase/motordrive.py","set_values","186","","","","","","","","","","","","","","","","","","","","","","0.0","0.0","","","","","","","","","","","","","","","","","","","","","","",""
"11492.488416335","2026-08-15 09:22:01.102753","/home/akatoki/SC-30/scripts/SC-30/2_phase/motordrive.py","set_values","186","","","","","","","","","","","","","","","","","","","","","","0.06999999999999999","0.1","","","","","","","","","","","","","","","","","","","","","","",""
"11492.521290591","2026-08-15 09:22:01.135630","/home/akatoki/SC-30/scripts/SC-30/2_phase/motordrive.py","set_values","186","","","","","","","","","","","","","","","","","","","","","","0.13999999999999999","0.2","","","","","","","","","","","","","","","","","","","","","","",""
"11492.563071026","2026-08-15 09:22:01.177407","/home/akatoki/SC-30/scripts/SC-30/2_phase/motordrive.py","set_values","186","","","","","","","","","","","","","","","","","","","","","","0.21000000000000002","0.30000000000000004","","","","","","","","","","","","","","","","","","","","","","",""
"11492.599927865","2026-08-15 09:22:01.214265","/home/akatoki/SC-30/scripts/SC-30/2_phase/motordrive.py","set_values","186","","","","","","","","","","","","","","","","","","","","","","0.27999999999999997","0.4","","","","","","","","","","","","","","","","","","","","","","",""
"11492.631044482","2026-08-15 09:22:01.245381","/home/akatoki/SC-30/scripts/SC-30/2_phase/motordrive.py","set_values","186","","","","","","","","","","","","","","","","","","","","","","0.35","0.5","","","","","","","","","","","","","","","","","","","","","","",""
"11492.662738683","2026-08-15 09:22:01.277074","/home/akatoki/SC-30/scripts/SC-30/2_phase/motordrive.py","set_values","186","","","","","","","","","","","","","","","","","","","","","","0.42000000000000004","0.6000000000000001","","","","","","","","","","","","","","","","","","","","","","",""
"11492.699109108","2026-08-15 09:22:01.313446","/home/akatoki/SC-30/scripts/SC-30/2_phase/motordrive.py","set_values","186","","","","","","","","","","","","","","","","","","","","","","0.48999999999999994","0.7","","","","","","","","","","","","","","","","","","","","","","",""
"11492.99321717","2026-08-15 09:22:01.607559","/home/akatoki/SC-30/scripts/SC-30/2_phase/motordrive.py","move","260","","","stacking detected","","","","","","","","","","","","","","","","","","","","","","","","","","","","","","","","","","","","","","","","","","",""
"11493.000587466","2026-08-15 09:22:01.614925","/home/akatoki/SC-30/scripts/SC-30/2_phase/motordrive.py","stop","120","","","","stop: power_r=0.7, power_l=0.4899","","","","","","","","","","","","","","","","","","","","","","","","","","","","","","","","","","","","","","","","","",""
"11493.371621399","2026-08-15 09:22:01.985968","/home/akatoki/SC-30/scripts/SC-30/2_phase/motordrive.py","stop","134","","","","","","","","","","","","","","","","","","","","","","0.0","0.0","","","","","","","","","","","","","","","","","","","","","","",""
"11493.477702041","2026-08-15 09:22:02.092051","/home/akatoki/SC-30/scripts/SC-30/2_phase/motordrive.py","check_stuck","287","","","","check_stuck: is_stacked=1, is_inverted=False","","","","","","","","","","","","","","","","","","","","","","","","","","","","","","","","","","","","","","","","","",""
"11493.482296525","2026-08-15 09:22:02.096651","/home/akatoki/SC-30/scripts/SC-30/2_phase/motordrive.py","check_stuck","291","","","","Starting Stack Release Sequence...","","","","","","","","","","","","","","","","","","","","","","","","","","","","","","","","","","","","","","","","","",""
"11494.288325965","2026-08-15 09:22:02.902671","/home/akatoki/SC-30/scripts/SC-30/2_phase/motordrive.py","move","150","","","","move: direction=s, power=1.0, duration=3.0","","","","","","","","","","","","","","","","","","","","","","","","","","","","","","","","","","","","","","","","","",""
"11494.295543972","2026-08-15 09:22:02.909890","/home/akatoki/SC-30/scripts/SC-30/2_phase/motordrive.py","set_values","186","","","","","","","","","","","","","","","","","","","","","","-0.0","-0.0","","","","","","","","","","","","","","","","","","","","","","",""
"11494.33123574","2026-08-15 09:22:02.945575","/home/akatoki/SC-30/scripts/SC-30/2_phase/motordrive.py","set_values","186","","","","","","","","","","","","","","","","","","","","","","-0.1","-0.1","","","","","","","","","","","","","","","","","","","","","","",""
"11494.3651052","2026-08-15 09:22:02.979443","/home/akatoki/SC-30/scripts/SC-30/2_phase/motordrive.py","set_values","186","","","","","","","","","","","","","","","","","","","","","","-0.2","-0.2","","","","","","","","","","","","","","","","","","","","","","",""
"11494.399512322","2026-08-15 09:22:03.013849","/home/akatoki/SC-30/scripts/SC-30/2_phase/motordrive.py","set_values","186","","","","","","","","","","","","","","","","","","","","","","-0.30000000000000004","-0.30000000000000004","","","","","","","","","","","","","","","","","","","","","","",""
"11494.436570281","2026-08-15 09:22:03.050907","/home/akatoki/SC-30/scripts/SC-30/2_phase/motordrive.py","set_values","186","","","","","","","","","","","","","","","","","","","","","","-0.4","-0.4","","","","","","","","","","","","","","","","","","","","","","",""
"11494.469128096","2026-08-15 09:22:03.083467","/home/akatoki/SC-30/scripts/SC-30/2_phase/motordrive.py","set_values","186","","","","","","","","","","","","","","","","","","","","","","-0.5","-0.5","","","","","","","","","","","","","","","","","","","","","","",""
"11494.502057048","2026-08-15 09:22:03.116395","/home/akatoki/SC-30/scripts/SC-30/2_phase/motordrive.py","set_values","186","","","","","","","","","","","","","","","","","","","","","","-0.6000000000000001","-0.6000000000000001","","","","","","","","","","","","","","","","","","","","","","",""
"11494.538086308","2026-08-15 09:22:03.152423","/home/akatoki/SC-30/scripts/SC-30/2_phase/motordrive.py","set_values","186","","","","","","","","","","","","","","","","","","","","","","-0.7000000000000001","-0.7000000000000001","","","","","","","","","","","","","","","","","","","","","","",""
"11494.569108288","2026-08-15 09:22:03.183448","/home/akatoki/SC-30/scripts/SC-30/2_phase/motordrive.py","set_values","186","","","","","","","","","","","","","","","","","","","","","","-0.8","-0.8","","","","","","","","","","","","","","","","","","","","","","",""
"11494.604137956","2026-08-15 09:22:03.218480","/home/akatoki/SC-30/scripts/SC-30/2_phase/motordrive.py","set_values","186","","","","","","","","","","","","","","","","","","","","","","-0.9","-0.9","","","","","","","","","","","","","","","","","","","","","","",""
"11494.638134136","2026-08-15 09:22:03.252480","/home/akatoki/SC-30/scripts/SC-30/2_phase/motordrive.py","set_values","186","","","","","","","","","","","","","","","","","","","","","","-1.0","-1.0","","","","","","","","","","","","","","","","","","","","","","",""
"11494.670170183","2026-08-15 09:22:03.284515","/home/akatoki/SC-30/scripts/SC-30/2_phase/motordrive.py","set_values","186","","","","","","","","","","","","","","","","","","","","","","-1.0","-1.0","","","","","","","","","","","","","","","","","","","","","","",""
"11497.405107009","2026-08-15 09:22:06.019456","/home/akatoki/SC-30/scripts/SC-30/2_phase/motordrive.py","stop","120","","","","stop: power_r=-1.0, power_l=-1.0","","","","","","","","","","","","","","","","","","","","","","","","","","","","","","","","","","","","","","","","","",""
"11498.00447172","2026-08-15 09:22:06.618823","/home/akatoki/SC-30/scripts/SC-30/2_phase/motordrive.py","stop","134","","","","","","","","","","","","","","","","","","","","","","0.0","0.0","","","","","","","","","","","","","","","","","","","","","","",""
"11498.610672702","2026-08-15 09:22:07.225022","/home/akatoki/SC-30/scripts/SC-30/2_phase/motordrive.py","move","150","","","","move: direction=d, power=1.0, duration=1.0","","","","","","","","","","","","","","","","","","","","","","","","","","","","","","","","","","","","","","","","","",""
"11498.622610693","2026-08-15 09:22:07.236962","/home/akatoki/SC-30/scripts/SC-30/2_phase/motordrive.py","set_values","186","","","","","","","","","","","","","","","","","","","","","","0.0","0.0","","","","","","","","","","","","","","","","","","","","","","",""
"11498.656539499","2026-08-15 09:22:07.270881","/home/akatoki/SC-30/scripts/SC-30/2_phase/motordrive.py","set_values","186","","","","","","","","","","","","","","","","","","","","","","0.1","0.05","","","","","","","","","","","","","","","","","","","","","","",""
"11498.692445735","2026-08-15 09:22:07.306788","/home/akatoki/SC-30/scripts/SC-30/2_phase/motordrive.py","set_values","186","","","","","","","","","","","","","","","","","","","","","","0.2","0.1","","","","","","","","","","","","","","","","","","","","","","",""
"11498.727246937","2026-08-15 09:22:07.341588","/home/akatoki/SC-30/scripts/SC-30/2_phase/motordrive.py","set_values","186","","","","","","","","","","","","","","","","","","","","","","0.30000000000000004","0.15000000000000002","","","","","","","","","","","","","","","","","","","","","","",""
"11498.762759072","2026-08-15 09:22:07.377100","/home/akatoki/SC-30/scripts/SC-30/2_phase/motordrive.py","set_values","186","","","","","","","","","","","","","","","","","","","","","","0.4","0.2","","","","","","","","","","","","","","","","","","","","","","",""
"11498.796705269","2026-08-15 09:22:07.411046","/home/akatoki/SC-30/scripts/SC-30/2_phase/motordrive.py","set_values","186","","","","","","","","","","","","","","","","","","","","","","0.5","0.25","","","","","","","","","","","","","","","","","","","","","","",""
"11498.850095544","2026-08-15 09:22:07.464436","/home/akatoki/SC-30/scripts/SC-30/2_phase/motordrive.py","set_values","186","","","","","","","","","","","","","","","","","","","","","","0.6000000000000001","0.30000000000000004","","","","","","","","","","","","","","","","","","","","","","",""
"11498.884558878","2026-08-15 09:22:07.498900","/home/akatoki/SC-30/scripts/SC-30/2_phase/motordrive.py","set_values","186","","","","","","","","","","","","","","","","","","","","","","0.7000000000000001","0.35000000000000003","","","","","","","","","","","","","","","","","","","","","","",""
"11498.920177908","2026-08-15 09:22:07.534520","/home/akatoki/SC-30/scripts/SC-30/2_phase/motordrive.py","set_values","186","","","","","","","","","","","","","","","","","","","","","","0.8","0.4","","","","","","","","","","","","","","","","","","","","","","",""
"11498.952539163","2026-08-15 09:22:07.566881","/home/akatoki/SC-30/scripts/SC-30/2_phase/motordrive.py","set_values","186","","","","","","","","","","","","","","","","","","","","","","0.9","0.45","","","","","","","","","","","","","","","","","","","","","","",""
"11498.985979886","2026-08-15 09:22:07.600321","/home/akatoki/SC-30/scripts/SC-30/2_phase/motordrive.py","set_values","186","","","","","","","","","","","","","","","","","","","","","","1.0","0.5","","","","","","","","","","","","","","","","","","","","","","",""
"11499.018791787","2026-08-15 09:22:07.633133","/home/akatoki/SC-30/scripts/SC-30/2_phase/motordrive.py","set_values","186","","","","","","","","","","","","","","","","","","","","","","1.0","0.5","","","","","","","","","","","","","","","","","","","","","","",""
"11499.750439899","2026-08-15 09:22:08.364784","/home/akatoki/SC-30/scripts/SC-30/2_phase/motordrive.py","stop","120","","","","stop: power_r=0.5, power_l=1.0","","","","","","","","","","","","","","","","","","","","","","","","","","","","","","","","","","","","","","","","","",""
"11500.367441257","2026-08-15 09:22:08.981791","/home/akatoki/SC-30/scripts/SC-30/2_phase/motordrive.py","stop","134","","","","","","","","","","","","","","","","","","","","","","0.0","0.0","","","","","","","","","","","","","","","","","","","","","","",""
"11500.977457402","2026-08-15 09:22:09.591807","/home/akatoki/SC-30/scripts/SC-30/2_phase/motordrive.py","move","150","","","","move: direction=w, power=1.0, duration=2.0","","","","","","","","","","","","","","","","","","","","","","","","","","","","","","","","","","","","","","","","","",""
"11500.98555656","2026-08-15 09:22:09.599907","/home/akatoki/SC-30/scripts/SC-30/2_phase/motordrive.py","set_values","186","","","","","","","","","","","","","","","","","","","","","","0.0","0.0","","","","","","","","","","","","","","","","","","","","","","",""
"11501.020171386","2026-08-15 09:22:09.634516","/home/akatoki/SC-30/scripts/SC-30/2_phase/motordrive.py","set_values","186","","","","","","","","","","","","","","","","","","","","","","0.06999999999999999","0.1","","","","","","","","","","","","","","","","","","","","","","",""
"11501.056067499","2026-08-15 09:22:09.670408","/home/akatoki/SC-30/scripts/SC-30/2_phase/motordrive.py","set_values","186","","","","","","","","","","","","","","","","","","","","","","0.13999999999999999","0.2","","","","","","","","","","","","","","","","","","","","","","",""
"11501.092310749","2026-08-15 09:22:09.706652","/home/akatoki/SC-30/scripts/SC-30/2_phase/motordrive.py","set_values","186","","","","","","","","","","","","","","","","","","","","","","0.21000000000000002","0.30000000000000004","","","","","","","","","","","","","","","","","","","","","","",""
"11501.128875986","2026-08-15 09:22:09.743217","/home/akatoki/SC-30/scripts/SC-30/2_phase/motordrive.py","set_values","186","","","","","","","","","","","","","","","","","","","","","","0.27999999999999997","0.4","","","","","","","","","","","","","","","","","","","","","","",""
"11501.16372163","2026-08-15 09:22:09.778061","/home/akatoki/SC-30/scripts/SC-30/2_phase/motordrive.py","set_values","186","","","","","","","","","","","","","","","","","","","","","","0.35","0.5","","","","","","","","","","","","","","","","","","","","","","",""
"11501.202624194","2026-08-15 09:22:09.816964","/home/akatoki/SC-30/scripts/SC-30/2_phase/motordrive.py","set_values","186","","","","","","","","","","","","","","","","","","","","","","0.42000000000000004","0.6000000000000001","","","","","","","","","","","","","","","","","","","","","","",""
"11501.23769175","2026-08-15 09:22:09.852032","/home/akatoki/SC-30/scripts/SC-30/2_phase/motordrive.py","set_values","186","","","","","","","","","","","","","","","","","","","","","","0.49","0.7000000000000001","","","","","","","","","","","","","","","","","","","","","","",""
"11501.271539097","2026-08-15 09:22:09.885877","/home/akatoki/SC-30/scripts/SC-30/2_phase/motordrive.py","set_values","186","","","","","","","","","","","","","","","","","","","","","","0.5599999999999999","0.8","","","","","","","","","","","","","","","","","","","","","","",""
"11501.306399371","2026-08-15 09:22:09.920741","/home/akatoki/SC-30/scripts/SC-30/2_phase/motordrive.py","set_values","186","","","","","","","","","","","","","","","","","","","","","","0.63","0.9","","","","","","","","","","","","","","","","","","","","","","",""
"11501.340598957","2026-08-15 09:22:09.954941","/home/akatoki/SC-30/scripts/SC-30/2_phase/motordrive.py","set_values","186","","","","","","","","","","","","","","","","","","","","","","0.7","1.0","","","","","","","","","","","","","","","","","","","","","","",""
"11501.376992058","2026-08-15 09:22:09.991333","/home/akatoki/SC-30/scripts/SC-30/2_phase/motordrive.py","set_values","186","","","","","","","","","","","","","","","","","","","","","","0.7","1.0","","","","","","","","","","","","","","","","","","","","","","",""
"11503.111247177","2026-08-15 09:22:11.725591","/home/akatoki/SC-30/scripts/SC-30/2_phase/motordrive.py","stop","120","","","","stop: power_r=1.0, power_l=0.7","","","","","","","","","","","","","","","","","","","","","","","","","","","","","","","","","","","","","","","","","",""
"11503.71193567","2026-08-15 09:22:12.326283","/home/akatoki/SC-30/scripts/SC-30/2_phase/motordrive.py","stop","134","","","","","","","","","","","","","","","","","","","","","","0.0","0.0","","","","","","","","","","","","","","","","","","","","","","",""
"11504.319929157","2026-08-15 09:22:12.934283","/home/akatoki/SC-30/scripts/SC-30/2_phase/motordrive.py","check_stuck","314","","","","Stack Release Sequence Finished.","","","","","","","","","","","","","","","","","","","","","","","","","","","","","","","","","","","","","","","","","",""
"11504.491258261","2026-08-15 09:22:13.105610","/home/akatoki/SC-30/scripts/SC-30/2_phase/motordrive.py","move","150","","","","move: direction=q, power=0.7, duration=0.1","","","","","","","","","","","","","","","","","","","","","","","","","","","","","","","","","","","","","","","","","",""
"11504.498075643","2026-08-15 09:22:13.112424","/home/akatoki/SC-30/scripts/SC-30/2_phase/motordrive.py","set_values","186","","","","","","","","","","","","","","","","","","","","","","-0.0","0.0","","","","","","","","","","","","","","","","","","","","","","",""
"11504.530345219","2026-08-15 09:22:13.144685","/home/akatoki/SC-30/scripts/SC-30/2_phase/motordrive.py","set_values","186","","","","","","","","","","","","","","","","","","","","","","-0.1","0.1","","","","","","","","","","","","","","","","","","","","","","",""
"11504.563013376","2026-08-15 09:22:13.177353","/home/akatoki/SC-30/scripts/SC-30/2_phase/motordrive.py","set_values","186","","","","","","","","","","","","","","","","","","","","","","-0.2","0.2","","","","","","","","","","","","","","","","","","","","","","",""
"11504.595512417","2026-08-15 09:22:13.209851","/home/akatoki/SC-30/scripts/SC-30/2_phase/motordrive.py","set_values","186","","","","","","","","","","","","","","","","","","","","","","-0.30000000000000004","0.30000000000000004","","","","","","","","","","","","","","","","","","","","","","",""
"11504.633885885","2026-08-15 09:22:13.248225","/home/akatoki/SC-30/scripts/SC-30/2_phase/motordrive.py","set_values","186","","","","","","","","","","","","","","","","","","","","","","-0.4","0.4","","","","","","","","","","","","","","","","","","","","","","",""
"11504.668875708","2026-08-15 09:22:13.283217","/home/akatoki/SC-30/scripts/SC-30/2_phase/motordrive.py","set_values","186","","","","","","","","","","","","","","","","","","","","","","-0.5","0.5","","","","","","","","","","","","","","","","","","","","","","",""
"11504.705521192","2026-08-15 09:22:13.319864","/home/akatoki/SC-30/scripts/SC-30/2_phase/motordrive.py","set_values","186","","","","","","","","","","","","","","","","","","","","","","-0.6000000000000001","0.6000000000000001","","","","","","","","","","","","","","","","","","","","","","",""
"11504.739528645","2026-08-15 09:22:13.353870","/home/akatoki/SC-30/scripts/SC-30/2_phase/motordrive.py","stop","120","","","","stop: power_r=0.6, power_l=-0.6","","","","","","","","","","","","","","","","","","","","","","","","","","","","","","","","","","","","","","","","","",""
"11505.073556353","2026-08-15 09:22:13.687908","/home/akatoki/SC-30/scripts/SC-30/2_phase/motordrive.py","stop","134","","","","","","","","","","","","","","","","","","","","","","0.0","0.0","","","","","","","","","","","","","","","","","","","","","","",""
"11505.179708079","2026-08-15 09:22:13.794048","/home/akatoki/SC-30/scripts/SC-30/2_phase/motordrive.py","move","150","","","","move: direction=w, power=0.7, duration=1.5","","","","","","","","","","","","","","","","","","","","","","","","","","","","","","","","","","","","","","","","","",""
"11505.18635447","2026-08-15 09:22:13.800702","/home/akatoki/SC-30/scripts/SC-30/2_phase/motordrive.py","set_values","186","","","","","","","","","","","","","","","","","","","","","","0.0","0.0","","","","","","","","","","","","","","","","","","","","","","",""
"11505.218180269","2026-08-15 09:22:13.832519","/home/akatoki/SC-30/scripts/SC-30/2_phase/motordrive.py","set_values","186","","","","","","","","","","","","","","","","","","","","","","0.06999999999999999","0.1","","","","","","","","","","","","","","","","","","","","","","",""
"11505.257805663","2026-08-15 09:22:13.872146","/home/akatoki/SC-30/scripts/SC-30/2_phase/motordrive.py","set_values","186","","","","","","","","","","","","","","","","","","","","","","0.13999999999999999","0.2","","","","","","","","","","","","","","","","","","","","","","",""
"11505.292171241","2026-08-15 09:22:13.906511","/home/akatoki/SC-30/scripts/SC-30/2_phase/motordrive.py","set_values","186","","","","","","","","","","","","","","","","","","","","","","0.21000000000000002","0.30000000000000004","","","","","","","","","","","","","","","","","","","","","","",""
"11505.329327462","2026-08-15 09:22:13.943668","/home/akatoki/SC-30/scripts/SC-30/2_phase/motordrive.py","set_values","186","","","","","","","","","","","","","","","","","","","","","","0.27999999999999997","0.4","","","","","","","","","","","","","","","","","","","","","","",""
"11505.366223133","2026-08-15 09:22:13.980566","/home/akatoki/SC-30/scripts/SC-30/2_phase/motordrive.py","set_values","186","","","","","","","","","","","","","","","","","","","","","","0.35","0.5","","","","","","","","","","","","","","","","","","","","","","",""
"11505.401112062","2026-08-15 09:22:14.015471","/home/akatoki/SC-30/scripts/SC-30/2_phase/motordrive.py","set_values","186","","","","","","","","","","","","","","","","","","","","","","0.42000000000000004","0.6000000000000001","","","","","","","","","","","","","","","","","","","","","","",""
"11505.43459252","2026-08-15 09:22:14.048933","/home/akatoki/SC-30/scripts/SC-30/2_phase/motordrive.py","set_values","186","","","","","","","","","","","","","","","","","","","","","","0.48999999999999994","0.7","","","","","","","","","","","","","","","","","","","","","","",""
"11505.716981737","2026-08-15 09:22:14.331328","/home/akatoki/SC-30/scripts/SC-30/2_phase/motordrive.py","move","260","","","stacking detected","","","","","","","","","","","","","","","","","","","","","","","","","","","","","","","","","","","","","","","","","","",""
"11505.725997653","2026-08-15 09:22:14.340342","/home/akatoki/SC-30/scripts/SC-30/2_phase/motordrive.py","stop","120","","","","stop: power_r=0.7, power_l=0.4899","","","","","","","","","","","","","","","","","","","","","","","","","","","","","","","","","","","","","","","","","",""
"11506.125033731","2026-08-15 09:22:14.739385","/home/akatoki/SC-30/scripts/SC-30/2_phase/motordrive.py","stop","134","","","","","","","","","","","","","","","","","","","","","","0.0","0.0","","","","","","","","","","","","","","","","","","","","","","",""
"11506.231556354","2026-08-15 09:22:14.845914","/home/akatoki/SC-30/scripts/SC-30/2_phase/motordrive.py","check_stuck","287","","","","check_stuck: is_stacked=1, is_inverted=False","","","","","","","","","","","","","","","","","","","","","","","","","","","","","","","","","","","","","","","","","",""
"11506.237172583","2026-08-15 09:22:14.851525","/home/akatoki/SC-30/scripts/SC-30/2_phase/motordrive.py","check_stuck","291","","","","Starting Stack Release Sequence...","","","","","","","","","","","","","","","","","","","","","","","","","","","","","","","","","","","","","","","","","",""
"11507.046337144","2026-08-15 09:22:15.660708","/home/akatoki/SC-30/scripts/SC-30/2_phase/motordrive.py","move","150","","","","move: direction=s, power=1.0, duration=3.0","","","","","","","","","","","","","","","","","","","","","","","","","","","","","","","","","","","","","","","","","",""
"11507.053432117","2026-08-15 09:22:15.667779","/home/akatoki/SC-30/scripts/SC-30/2_phase/motordrive.py","set_values","186","","","","","","","","","","","","","","","","","","","","","","-0.0","-0.0","","","","","","","","","","","","","","","","","","","","","","",""
"11507.085493024","2026-08-15 09:22:15.699830","/home/akatoki/SC-30/scripts/SC-30/2_phase/motordrive.py","set_values","186","","","","","","","","","","","","","","","","","","","","","","-0.1","-0.1","","","","","","","","","","","","","","","","","","","","","","",""
"11507.118859438","2026-08-15 09:22:15.733198","/home/akatoki/SC-30/scripts/SC-30/2_phase/motordrive.py","set_values","186","","","","","","","","","","","","","","","","","","","","","","-0.2","-0.2","","","","","","","","","","","","","","","","","","","","","","",""
"11507.152173159","2026-08-15 09:22:15.766510","/home/akatoki/SC-30/scripts/SC-30/2_phase/motordrive.py","set_values","186","","","","","","","","","","","","","","","","","","","","","","-0.30000000000000004","-0.30000000000000004","","","","","","","","","","","","","","","","","","","","","","",""
"11507.188736353","2026-08-15 09:22:15.803073","/home/akatoki/SC-30/scripts/SC-30/2_phase/motordrive.py","set_values","186","","","","","","","","","","","","","","","","","","","","","","-0.4","-0.4","","","","","","","","","","","","","","","","","","","","","","",""
"11507.221651856","2026-08-15 09:22:15.835989","/home/akatoki/SC-30/scripts/SC-30/2_phase/motordrive.py","set_values","186","","","","","","","","","","","","","","","","","","","","","","-0.5","-0.5","","","","","","","","","","","","","","","","","","","","","","",""
"11507.257929509","2026-08-15 09:22:15.872266","/home/akatoki/SC-30/scripts/SC-30/2_phase/motordrive.py","set_values","186","","","","","","","","","","","","","","","","","","","","","","-0.6000000000000001","-0.6000000000000001","","","","","","","","","","","","","","","","","","","","","","",""
"11507.293018912","2026-08-15 09:22:15.907356","/home/akatoki/SC-30/scripts/SC-30/2_phase/motordrive.py","set_values","186","","","","","","","","","","","","","","","","","","","","","","-0.7000000000000001","-0.7000000000000001","","","","","","","","","","","","","","","","","","","","","","",""
"11507.32577618","2026-08-15 09:22:15.940113","/home/akatoki/SC-30/scripts/SC-30/2_phase/motordrive.py","set_values","186","","","","","","","","","","","","","","","","","","","","","","-0.8","-0.8","","","","","","","","","","","","","","","","","","","","","","",""
"11507.358479036","2026-08-15 09:22:15.972816","/home/akatoki/SC-30/scripts/SC-30/2_phase/motordrive.py","set_values","186","","","","","","","","","","","","","","","","","","","","","","-0.9","-0.9","","","","","","","","","","","","","","","","","","","","","","",""
"11507.394543372","2026-08-15 09:22:16.008887","/home/akatoki/SC-30/scripts/SC-30/2_phase/motordrive.py","set_values","186","","","","","","","","","","","","","","","","","","","","","","-1.0","-1.0","","","","","","","","","","","","","","","","","","","","","","",""
"11507.42734457","2026-08-15 09:22:16.041688","/home/akatoki/SC-30/scripts/SC-30/2_phase/motordrive.py","set_values","186","","","","","","","","","","","","","","","","","","","","","","-1.0","-1.0","","","","","","","","","","","","","","","","","","","","","","",""
"11510.161392581","2026-08-15 09:22:18.775737","/home/akatoki/SC-30/scripts/SC-30/2_phase/motordrive.py","stop","120","","","","stop: power_r=-1.0, power_l=-1.0","","","","","","","","","","","","","","","","","","","","","","","","","","","","","","","","","","","","","","","","","",""
"11510.746749326","2026-08-15 09:22:19.361096","/home/akatoki/SC-30/scripts/SC-30/2_phase/motordrive.py","stop","134","","","","","","","","","","","","","","","","","","","","","","0.0","0.0","","","","","","","","","","","","","","","","","","","","","","",""
"11511.352224069","2026-08-15 09:22:19.966573","/home/akatoki/SC-30/scripts/SC-30/2_phase/motordrive.py","move","150","","","","move: direction=d, power=1.0, duration=1.0","","","","","","","","","","","","","","","","","","","","","","","","","","","","","","","","","","","","","","","","","",""
"11511.36033394","2026-08-15 09:22:19.974685","/home/akatoki/SC-30/scripts/SC-30/2_phase/motordrive.py","set_values","186","","","","","","","","","","","","","","","","","","","","","","0.0","0.0","","","","","","","","","","","","","","","","","","","","","","",""
"11511.391642756","2026-08-15 09:22:20.005985","/home/akatoki/SC-30/scripts/SC-30/2_phase/motordrive.py","set_values","186","","","","","","","","","","","","","","","","","","","","","","0.1","0.05","","","","","","","","","","","","","","","","","","","","","","",""
"11511.427294121","2026-08-15 09:22:20.041637","/home/akatoki/SC-30/scripts/SC-30/2_phase/motordrive.py","set_values","186","","","","","","","","","","","","","","","","","","","","","","0.2","0.1","","","","","","","","","","","","","","","","","","","","","","",""
"11511.465765881","2026-08-15 09:22:20.080107","/home/akatoki/SC-30/scripts/SC-30/2_phase/motordrive.py","set_values","186","","","","","","","","","","","","","","","","","","","","","","0.30000000000000004","0.15000000000000002","","","","","","","","","","","","","","","","","","","","","","",""
"11511.498632414","2026-08-15 09:22:20.112972","/home/akatoki/SC-30/scripts/SC-30/2_phase/motordrive.py","set_values","186","","","","","","","","","","","","","","","","","","","","","","0.4","0.2","","","","","","","","","","","","","","","","","","","","","","",""
"11511.532820862","2026-08-15 09:22:20.147161","/home/akatoki/SC-30/scripts/SC-30/2_phase/motordrive.py","set_values","186","","","","","","","","","","","","","","","","","","","","","","0.5","0.25","","","","","","","","","","","","","","","","","","","","","","",""
"11511.568464625","2026-08-15 09:22:20.182805","/home/akatoki/SC-30/scripts/SC-30/2_phase/motordrive.py","set_values","186","","","","","","","","","","","","","","","","","","","","","","0.6000000000000001","0.30000000000000004","","","","","","","","","","","","","","","","","","","","","","",""
"11511.602381171","2026-08-15 09:22:20.216722","/home/akatoki/SC-30/scripts/SC-30/2_phase/motordrive.py","set_values","186","","","","","","","","","","","","","","","","","","","","","","0.7000000000000001","0.35000000000000003","","","","","","","","","","","","","","","","","","","","","","",""
"11511.637643376","2026-08-15 09:22:20.251985","/home/akatoki/SC-30/scripts/SC-30/2_phase/motordrive.py","set_values","186","","","","","","","","","","","","","","","","","","","","","","0.8","0.4","","","","","","","","","","","","","","","","","","","","","","",""
"11511.679150783","2026-08-15 09:22:20.293491","/home/akatoki/SC-30/scripts/SC-30/2_phase/motordrive.py","set_values","186","","","","","","","","","","","","","","","","","","","","","","0.9","0.45","","","","","","","","","","","","","","","","","","","","","","",""
"11511.713632169","2026-08-15 09:22:20.327974","/home/akatoki/SC-30/scripts/SC-30/2_phase/motordrive.py","set_values","186","","","","","","","","","","","","","","","","","","","","","","1.0","0.5","","","","","","","","","","","","","","","","","","","","","","",""
"11511.749696854","2026-08-15 09:22:20.364038","/home/akatoki/SC-30/scripts/SC-30/2_phase/motordrive.py","set_values","186","","","","","","","","","","","","","","","","","","","","","","1.0","0.5","","","","","","","","","","","","","","","","","","","","","","",""
"11512.486278702","2026-08-15 09:22:21.100620","/home/akatoki/SC-30/scripts/SC-30/2_phase/motordrive.py","stop","120","","","","stop: power_r=0.5, power_l=1.0","","","","","","","","","","","","","","","","","","","","","","","","","","","","","","","","","","","","","","","","","",""
"11513.088700535","2026-08-15 09:22:21.703050","/home/akatoki/SC-30/scripts/SC-30/2_phase/motordrive.py","stop","134","","","","","","","","","","","","","","","","","","","","","","0.0","0.0","","","","","","","","","","","","","","","","","","","","","","",""
"11513.696902104","2026-08-15 09:22:22.311251","/home/akatoki/SC-30/scripts/SC-30/2_phase/motordrive.py","move","150","","","","move: direction=w, power=1.0, duration=2.0","","","","","","","","","","","","","","","","","","","","","","","","","","","","","","","","","","","","","","","","","",""
"11513.707727693","2026-08-15 09:22:22.322078","/home/akatoki/SC-30/scripts/SC-30/2_phase/motordrive.py","set_values","186","","","","","","","","","","","","","","","","","","","","","","0.0","0.0","","","","","","","","","","","","","","","","","","","","","","",""
"11513.739891058","2026-08-15 09:22:22.354231","/home/akatoki/SC-30/scripts/SC-30/2_phase/motordrive.py","set_values","186","","","","","","","","","","","","","","","","","","","","","","0.06999999999999999","0.1","","","","","","","","","","","","","","","","","","","","","","",""
"11513.778150411","2026-08-15 09:22:22.392492","/home/akatoki/SC-30/scripts/SC-30/2_phase/motordrive.py","set_values","186","","","","","","","","","","","","","","","","","","","","","","0.13999999999999999","0.2","","","","","","","","","","","","","","","","","","","","","","",""
"11513.811572639","2026-08-15 09:22:22.425913","/home/akatoki/SC-30/scripts/SC-30/2_phase/motordrive.py","set_values","186","","","","","","","","","","","","","","","","","","","","","","0.21000000000000002","0.30000000000000004","","","","","","","","","","","","","","","","","","","","","","",""
"11513.847515771","2026-08-15 09:22:22.461856","/home/akatoki/SC-30/scripts/SC-30/2_phase/motordrive.py","set_values","186","","","","","","","","","","","","","","","","","","","","","","0.27999999999999997","0.4","","","","","","","","","","","","","","","","","","","","","","",""
"11513.884605141","2026-08-15 09:22:22.498946","/home/akatoki/SC-30/scripts/SC-30/2_phase/motordrive.py","set_values","186","","","","","","","","","","","","","","","","","","","","","","0.35","0.5","","","","","","","","","","","","","","","","","","","","","","",""
"11513.919303103","2026-08-15 09:22:22.533643","/home/akatoki/SC-30/scripts/SC-30/2_phase/motordrive.py","set_values","186","","","","","","","","","","","","","","","","","","","","","","0.42000000000000004","0.6000000000000001","","","","","","","","","","","","","","","","","","","","","","",""
"11513.954501862","2026-08-15 09:22:22.568842","/home/akatoki/SC-30/scripts/SC-30/2_phase/motordrive.py","set_values","186","","","","","","","","","","","","","","","","","","","","","","0.49","0.7000000000000001","","","","","","","","","","","","","","","","","","","","","","",""
"11513.992156021","2026-08-15 09:22:22.606496","/home/akatoki/SC-30/scripts/SC-30/2_phase/motordrive.py","set_values","186","","","","","","","","","","","","","","","","","","","","","","0.5599999999999999","0.8","","","","","","","","","","","","","","","","","","","","","","",""
"11514.027261993","2026-08-15 09:22:22.641602","/home/akatoki/SC-30/scripts/SC-30/2_phase/motordrive.py","set_values","186","","","","","","","","","","","","","","","","","","","","","","0.63","0.9","","","","","","","","","","","","","","","","","","","","","","",""
"11514.063557733","2026-08-15 09:22:22.677898","/home/akatoki/SC-30/scripts/SC-30/2_phase/motordrive.py","set_values","186","","","","","","","","","","","","","","","","","","","","","","0.7","1.0","","","","","","","","","","","","","","","","","","","","","","",""
"11514.097579688","2026-08-15 09:22:22.711919","/home/akatoki/SC-30/scripts/SC-30/2_phase/motordrive.py","set_values","186","","","","","","","","","","","","","","","","","","","","","","0.7","1.0","","","","","","","","","","","","","","","","","","","","","","",""
"11515.831563231","2026-08-15 09:22:24.445906","/home/akatoki/SC-30/scripts/SC-30/2_phase/motordrive.py","stop","120","","","","stop: power_r=1.0, power_l=0.7","","","","","","","","","","","","","","","","","","","","","","","","","","","","","","","","","","","","","","","","","",""
"11516.430580424","2026-08-15 09:22:25.044932","/home/akatoki/SC-30/scripts/SC-30/2_phase/motordrive.py","stop","134","","","","","","","","","","","","","","","","","","","","","","0.0","0.0","","","","","","","","","","","","","","","","","","","","","","",""
"11517.039848221","2026-08-15 09:22:25.654202","/home/akatoki/SC-30/scripts/SC-30/2_phase/motordrive.py","check_stuck","314","","","","Stack Release Sequence Finished.","","","","","","","","","","","","","","","","","","","","","","","","","","","","","","","","","","","","","","","","","",""
"11517.191624136","2026-08-15 09:22:25.805965","/home/akatoki/SC-30/scripts/SC-30/2_phase/motordrive.py","move","150","","","","move: direction=e, power=0.7, duration=0.1","","","","","","","","","","","","","","","","","","","","","","","","","","","","","","","","","","","","","","","","","",""
"11517.204908293","2026-08-15 09:22:25.819255","/home/akatoki/SC-30/scripts/SC-30/2_phase/motordrive.py","set_values","186","","","","","","","","","","","","","","","","","","","","","","0.0","-0.0","","","","","","","","","","","","","","","","","","","","","","",""
"11517.236237933","2026-08-15 09:22:25.850578","/home/akatoki/SC-30/scripts/SC-30/2_phase/motordrive.py","set_values","186","","","","","","","","","","","","","","","","","","","","","","0.1","-0.1","","","","","","","","","","","","","","","","","","","","","","",""
"11517.267885141","2026-08-15 09:22:25.882225","/home/akatoki/SC-30/scripts/SC-30/2_phase/motordrive.py","set_values","186","","","","","","","","","","","","","","","","","","","","","","0.2","-0.2","","","","","","","","","","","","","","","","","","","","","","",""
"11517.300798245","2026-08-15 09:22:25.915137","/home/akatoki/SC-30/scripts/SC-30/2_phase/motordrive.py","set_values","186","","","","","","","","","","","","","","","","","","","","","","0.30000000000000004","-0.30000000000000004","","","","","","","","","","","","","","","","","","","","","","",""
"11517.334261561","2026-08-15 09:22:25.948600","/home/akatoki/SC-30/scripts/SC-30/2_phase/motordrive.py","set_values","186","","","","","","","","","","","","","","","","","","","","","","0.4","-0.4","","","","","","","","","","","","","","","","","","","","","","",""
"11517.365929232","2026-08-15 09:22:25.980268","/home/akatoki/SC-30/scripts/SC-30/2_phase/motordrive.py","set_values","186","","","","","","","","","","","","","","","","","","","","","","0.5","-0.5","","","","","","","","","","","","","","","","","","","","","","",""
"11517.403185932","2026-08-15 09:22:26.017526","/home/akatoki/SC-30/scripts/SC-30/2_phase/motordrive.py","set_values","186","","","","","","","","","","","","","","","","","","","","","","0.6000000000000001","-0.6000000000000001","","","","","","","","","","","","","","","","","","","","","","",""
"11517.459670278","2026-08-15 09:22:26.074011","/home/akatoki/SC-30/scripts/SC-30/2_phase/motordrive.py","stop","120","","","","stop: power_r=-0.6, power_l=0.6","","","","","","","","","","","","","","","","","","","","","","","","","","","","","","","","","","","","","","","","","",""
"11517.788763874","2026-08-15 09:22:26.403114","/home/akatoki/SC-30/scripts/SC-30/2_phase/motordrive.py","stop","134","","","","","","","","","","","","","","","","","","","","","","0.0","0.0","","","","","","","","","","","","","","","","","","","","","","",""
"11517.894804701","2026-08-15 09:22:26.509162","/home/akatoki/SC-30/scripts/SC-30/2_phase/motordrive.py","check_stuck","287","","","","check_stuck: is_stacked=1, is_inverted=False","","","","","","","","","","","","","","","","","","","","","","","","","","","","","","","","","","","","","","","","","",""
"11517.900491297","2026-08-15 09:22:26.514852","/home/akatoki/SC-30/scripts/SC-30/2_phase/motordrive.py","check_stuck","291","","","","Starting Stack Release Sequence...","","","","","","","","","","","","","","","","","","","","","","","","","","","","","","","","","","","","","","","","","",""
"11518.706959474","2026-08-15 09:22:27.321313","/home/akatoki/SC-30/scripts/SC-30/2_phase/motordrive.py","move","150","","","","move: direction=s, power=1.0, duration=3.0","","","","","","","","","","","","","","","","","","","","","","","","","","","","","","","","","","","","","","","","","",""
"11518.718480293","2026-08-15 09:22:27.332831","/home/akatoki/SC-30/scripts/SC-30/2_phase/motordrive.py","set_values","186","","","","","","","","","","","","","","","","","","","","","","-0.0","-0.0","","","","","","","","","","","","","","","","","","","","","","",""
"11518.762053953","2026-08-15 09:22:27.376399","/home/akatoki/SC-30/scripts/SC-30/2_phase/motordrive.py","set_values","186","","","","","","","","","","","","","","","","","","","","","","-0.1","-0.1","","","","","","","","","","","","","","","","","","","","","","",""
"11518.801919681","2026-08-15 09:22:27.416258","/home/akatoki/SC-30/scripts/SC-30/2_phase/motordrive.py","set_values","186","","","","","","","","","","","","","","","","","","","","","","-0.2","-0.2","","","","","","","","","","","","","","","","","","","","","","",""
"11518.836454751","2026-08-15 09:22:27.450793","/home/akatoki/SC-30/scripts/SC-30/2_phase/motordrive.py","set_values","186","","","","","","","","","","","","","","","","","","","","","","-0.30000000000000004","-0.30000000000000004","","","","","","","","","","","","","","","","","","","","","","",""
"11518.870449658","2026-08-15 09:22:27.484789","/home/akatoki/SC-30/scripts/SC-30/2_phase/motordrive.py","set_values","186","","","","","","","","","","","","","","","","","","","","","","-0.4","-0.4","","","","","","","","","","","","","","","","","","","","","","",""
"11518.904496894","2026-08-15 09:22:27.518837","/home/akatoki/SC-30/scripts/SC-30/2_phase/motordrive.py","set_values","186","","","","","","","","","","","","","","","","","","","","","","-0.5","-0.5","","","","","","","","","","","","","","","","","","","","","","",""
"11518.939631797","2026-08-15 09:22:27.553970","/home/akatoki/SC-30/scripts/SC-30/2_phase/motordrive.py","set_values","186","","","","","","","","","","","","","","","","","","","","","","-0.6000000000000001","-0.6000000000000001","","","","","","","","","","","","","","","","","","","","","","",""
"11518.977820438","2026-08-15 09:22:27.592160","/home/akatoki/SC-30/scripts/SC-30/2_phase/motordrive.py","set_values","186","","","","","","","","","","","","","","","","","","","","","","-0.7000000000000001","-0.7000000000000001","","","","","","","","","","","","","","","","","","","","","","",""
"11519.027649448","2026-08-15 09:22:27.641988","/home/akatoki/SC-30/scripts/SC-30/2_phase/motordrive.py","set_values","186","","","","","","","","","","","","","","","","","","","","","","-0.8","-0.8","","","","","","","","","","","","","","","","","","","","","","",""
"11519.063073751","2026-08-15 09:22:27.677416","/home/akatoki/SC-30/scripts/SC-30/2_phase/motordrive.py","set_values","186","","","","","","","","","","","","","","","","","","","","","","-0.9","-0.9","","","","","","","","","","","","","","","","","","","","","","",""
"11519.095841601","2026-08-15 09:22:27.710186","/home/akatoki/SC-30/scripts/SC-30/2_phase/motordrive.py","set_values","186","","","","","","","","","","","","","","","","","","","","","","-1.0","-1.0","","","","","","","","","","","","","","","","","","","","","","",""
"11519.128845272","2026-08-15 09:22:27.743189","/home/akatoki/SC-30/scripts/SC-30/2_phase/motordrive.py","set_values","186","","","","","","","","","","","","","","","","","","","","","","-1.0","-1.0","","","","","","","","","","","","","","","","","","","","","","",""
"11521.865155127","2026-08-15 09:22:30.479500","/home/akatoki/SC-30/scripts/SC-30/2_phase/motordrive.py","stop","120","","","","stop: power_r=-1.0, power_l=-1.0","","","","","","","","","","","","","","","","","","","","","","","","","","","","","","","","","","","","","","","","","",""
"11522.460105635","2026-08-15 09:22:31.074451","/home/akatoki/SC-30/scripts/SC-30/2_phase/motordrive.py","stop","134","","","","","","","","","","","","","","","","","","","","","","0.0","0.0","","","","","","","","","","","","","","","","","","","","","","",""
"11523.065342639","2026-08-15 09:22:31.679688","/home/akatoki/SC-30/scripts/SC-30/2_phase/motordrive.py","move","150","","","","move: direction=d, power=1.0, duration=1.0","","","","","","","","","","","","","","","","","","","","","","","","","","","","","","","","","","","","","","","","","",""
"11523.07232662","2026-08-15 09:22:31.686672","/home/akatoki/SC-30/scripts/SC-30/2_phase/motordrive.py","set_values","186","","","","","","","","","","","","","","","","","","","","","","0.0","0.0","","","","","","","","","","","","","","","","","","","","","","",""
"11523.105327879","2026-08-15 09:22:31.719665","/home/akatoki/SC-30/scripts/SC-30/2_phase/motordrive.py","set_values","186","","","","","","","","","","","","","","","","","","","","","","0.1","0.05","","","","","","","","","","","","","","","","","","","","","","",""
"11523.138273685","2026-08-15 09:22:31.752611","/home/akatoki/SC-30/scripts/SC-30/2_phase/motordrive.py","set_values","186","","","","","","","","","","","","","","","","","","","","","","0.2","0.1","","","","","","","","","","","","","","","","","","","","","","",""
"11523.172227861","2026-08-15 09:22:31.786564","/home/akatoki/SC-30/scripts/SC-30/2_phase/motordrive.py","set_values","186","","","","","","","","","","","","","","","","","","","","","","0.30000000000000004","0.15000000000000002","","","","","","","","","","","","","","","","","","","","","","",""
"11523.20434306","2026-08-15 09:22:31.818681","/home/akatoki/SC-30/scripts/SC-30/2_phase/motordrive.py","set_values","186","","","","","","","","","","","","","","","","","","","","","","0.4","0.2","","","","","","","","","","","","","","","","","","","","","","",""
"11523.23571617","2026-08-15 09:22:31.850054","/home/akatoki/SC-30/scripts/SC-30/2_phase/motordrive.py","set_values","186","","","","","","","","","","","","","","","","","","","","","","0.5","0.25","","","","","","","","","","","","","","","","","","","","","","",""
"11523.276568569","2026-08-15 09:22:31.890904","/home/akatoki/SC-30/scripts/SC-30/2_phase/motordrive.py","set_values","186","","","","","","","","","","","","","","","","","","","","","","0.6000000000000001","0.30000000000000004","","","","","","","","","","","","","","","","","","","","","","",""
"11523.30833001","2026-08-15 09:22:31.922667","/home/akatoki/SC-30/scripts/SC-30/2_phase/motordrive.py","set_values","186","","","","","","","","","","","","","","","","","","","","","","0.7000000000000001","0.35000000000000003","","","","","","","","","","","","","","","","","","","","","","",""
"11523.341964586","2026-08-15 09:22:31.956302","/home/akatoki/SC-30/scripts/SC-30/2_phase/motordrive.py","set_values","186","","","","","","","","","","","","","","","","","","","","","","0.8","0.4","","","","","","","","","","","","","","","","","","","","","","",""
"11523.37425833","2026-08-15 09:22:31.988594","/home/akatoki/SC-30/scripts/SC-30/2_phase/motordrive.py","set_values","186","","","","","","","","","","","","","","","","","","","","","","0.9","0.45","","","","","","","","","","","","","","","","","","","","","","",""
"11523.407395093","2026-08-15 09:22:32.021733","/home/akatoki/SC-30/scripts/SC-30/2_phase/motordrive.py","set_values","186","","","","","","","","","","","","","","","","","","","","","","1.0","0.5","","","","","","","","","","","","","","","","","","","","","","",""
"11523.439701055","2026-08-15 09:22:32.054039","/home/akatoki/SC-30/scripts/SC-30/2_phase/motordrive.py","set_values","186","","","","","","","","","","","","","","","","","","","","","","1.0","0.5","","","","","","","","","","","","","","","","","","","","","","",""
"11524.176399486","2026-08-15 09:22:32.790742","/home/akatoki/SC-30/scripts/SC-30/2_phase/motordrive.py","stop","120","","","","stop: power_r=0.5, power_l=1.0","","","","","","","","","","","","","","","","","","","","","","","","","","","","","","","","","","","","","","","","","",""
"11524.776983688","2026-08-15 09:22:33.391332","/home/akatoki/SC-30/scripts/SC-30/2_phase/motordrive.py","stop","134","","","","","","","","","","","","","","","","","","","","","","0.0","0.0","","","","","","","","","","","","","","","","","","","","","","",""
"11525.383125829","2026-08-15 09:22:33.997478","/home/akatoki/SC-30/scripts/SC-30/2_phase/motordrive.py","move","150","","","","move: direction=w, power=1.0, duration=2.0","","","","","","","","","","","","","","","","","","","","","","","","","","","","","","","","","","","","","","","","","",""
"11525.391929957","2026-08-15 09:22:34.006281","/home/akatoki/SC-30/scripts/SC-30/2_phase/motordrive.py","set_values","186","","","","","","","","","","","","","","","","","","","","","","0.0","0.0","","","","","","","","","","","","","","","","","","","","","","",""
"11525.42697707","2026-08-15 09:22:34.041317","/home/akatoki/SC-30/scripts/SC-30/2_phase/motordrive.py","set_values","186","","","","","","","","","","","","","","","","","","","","","","0.06999999999999999","0.1","","","","","","","","","","","","","","","","","","","","","","",""
"11525.462179558","2026-08-15 09:22:34.076520","/home/akatoki/SC-30/scripts/SC-30/2_phase/motordrive.py","set_values","186","","","","","","","","","","","","","","","","","","","","","","0.13999999999999999","0.2","","","","","","","","","","","","","","","","","","","","","","",""
"11525.496576638","2026-08-15 09:22:34.110917","/home/akatoki/SC-30/scripts/SC-30/2_phase/motordrive.py","set_values","186","","","","","","","","","","","","","","","","","","","","","","0.21000000000000002","0.30000000000000004","","","","","","","","","","","","","","","","","","","","","","",""
"11525.531450204","2026-08-15 09:22:34.145790","/home/akatoki/SC-30/scripts/SC-30/2_phase/motordrive.py","set_values","186","","","","","","","","","","","","","","","","","","","","","","0.27999999999999997","0.4","","","","","","","","","","","","","","","","","","","","","","",""
"11525.570063856","2026-08-15 09:22:34.184404","/home/akatoki/SC-30/scripts/SC-30/2_phase/motordrive.py","set_values","186","","","","","","","","","","","","","","","","","","","","","","0.35","0.5","","","","","","","","","","","","","","","","","","","","","","",""
"11525.60412462","2026-08-15 09:22:34.218465","/home/akatoki/SC-30/scripts/SC-30/2_phase/motordrive.py","set_values","186","","","","","","","","","","","","","","","","","","","","","","0.42000000000000004","0.6000000000000001","","","","","","","","","","","","","","","","","","","","","","",""
"11525.639240621","2026-08-15 09:22:34.253580","/home/akatoki/SC-30/scripts/SC-30/2_phase/motordrive.py","set_values","186","","","","","","","","","","","","","","","","","","","","","","0.49","0.7000000000000001","","","","","","","","","","","","","","","","","","","","","","",""
"11525.673924135","2026-08-15 09:22:34.288266","/home/akatoki/SC-30/scripts/SC-30/2_phase/motordrive.py","set_values","186","","","","","","","","","","","","","","","","","","","","","","0.5599999999999999","0.8","","","","","","","","","","","","","","","","","","","","","","",""
"11525.706290773","2026-08-15 09:22:34.320632","/home/akatoki/SC-30/scripts/SC-30/2_phase/motordrive.py","set_values","186","","","","","","","","","","","","","","","","","","","","","","0.63","0.9","","","","","","","","","","","","","","","","","","","","","","",""
"11525.744355614","2026-08-15 09:22:34.358696","/home/akatoki/SC-30/scripts/SC-30/2_phase/motordrive.py","set_values","186","","","","","","","","","","","","","","","","","","","","","","0.7","1.0","","","","","","","","","","","","","","","","","","","","","","",""
"11525.7808187","2026-08-15 09:22:34.395157","/home/akatoki/SC-30/scripts/SC-30/2_phase/motordrive.py","set_values","186","","","","","","","","","","","","","","","","","","","","","","0.7","1.0","","","","","","","","","","","","","","","","","","","","","","",""
"11527.515585501","2026-08-15 09:22:36.129929","/home/akatoki/SC-30/scripts/SC-30/2_phase/motordrive.py","stop","120","","","","stop: power_r=1.0, power_l=0.7","","","","","","","","","","","","","","","","","","","","","","","","","","","","","","","","","","","","","","","","","",""
"11528.116126027","2026-08-15 09:22:36.730477","/home/akatoki/SC-30/scripts/SC-30/2_phase/motordrive.py","stop","134","","","","","","","","","","","","","","","","","","","","","","0.0","0.0","","","","","","","","","","","","","","","","","","","","","","",""
"11528.724967383","2026-08-15 09:22:37.339326","/home/akatoki/SC-30/scripts/SC-30/2_phase/motordrive.py","check_stuck","314","","","","Stack Release Sequence Finished.","","","","","","","","","","","","","","","","","","","","","","","","","","","","","","","","","","","","","","","","","",""
"11528.884914442","2026-08-15 09:22:37.499258","/home/akatoki/SC-30/scripts/SC-30/2_phase/motordrive.py","move","150","","","","move: direction=w, power=0.7, duration=1.5","","","","","","","","","","","","","","","","","","","","","","","","","","","","","","","","","","","","","","","","","",""
"11528.892646235","2026-08-15 09:22:37.506997","/home/akatoki/SC-30/scripts/SC-30/2_phase/motordrive.py","set_values","186","","","","","","","","","","","","","","","","","","","","","","0.0","0.0","","","","","","","","","","","","","","","","","","","","","","",""
"11528.923216786","2026-08-15 09:22:37.537555","/home/akatoki/SC-30/scripts/SC-30/2_phase/motordrive.py","set_values","186","","","","","","","","","","","","","","","","","","","","","","0.06999999999999999","0.1","","","","","","","","","","","","","","","","","","","","","","",""
"11528.957397468","2026-08-15 09:22:37.571733","/home/akatoki/SC-30/scripts/SC-30/2_phase/motordrive.py","set_values","186","","","","","","","","","","","","","","","","","","","","","","0.13999999999999999","0.2","","","","","","","","","","","","","","","","","","","","","","",""
"11528.993700813","2026-08-15 09:22:37.608037","/home/akatoki/SC-30/scripts/SC-30/2_phase/motordrive.py","set_values","186","","","","","","","","","","","","","","","","","","","","","","0.21000000000000002","0.30000000000000004","","","","","","","","","","","","","","","","","","","","","","",""
"11529.026483326","2026-08-15 09:22:37.640820","/home/akatoki/SC-30/scripts/SC-30/2_phase/motordrive.py","set_values","186","","","","","","","","","","","","","","","","","","","","","","0.27999999999999997","0.4","","","","","","","","","","","","","","","","","","","","","","",""
"11529.060494053","2026-08-15 09:22:37.674831","/home/akatoki/SC-30/scripts/SC-30/2_phase/motordrive.py","set_values","186","","","","","","","","","","","","","","","","","","","","","","0.35","0.5","","","","","","","","","","","","","","","","","","","","","","",""
"11529.093815433","2026-08-15 09:22:37.708152","/home/akatoki/SC-30/scripts/SC-30/2_phase/motordrive.py","set_values","186","","","","","","","","","","","","","","","","","","","","","","0.42000000000000004","0.6000000000000001","","","","","","","","","","","","","","","","","","","","","","",""
"11529.125021751","2026-08-15 09:22:37.739359","/home/akatoki/SC-30/scripts/SC-30/2_phase/motordrive.py","set_values","186","","","","","","","","","","","","","","","","","","","","","","0.48999999999999994","0.7","","","","","","","","","","","","","","","","","","","","","","",""
"11530.455750333","2026-08-15 09:22:39.070089","/home/akatoki/SC-30/scripts/SC-30/2_phase/motordrive.py","stop","120","","","","stop: power_r=0.7, power_l=0.4899","","","","","","","","","","","","","","","","","","","","","","","","","","","","","","","","","","","","","","","","","",""
"11530.829933872","2026-08-15 09:22:39.444280","/home/akatoki/SC-30/scripts/SC-30/2_phase/motordrive.py","stop","134","","","","","","","","","","","","","","","","","","","","","","0.0","0.0","","","","","","","","","","","","","","","","","","","","","","",""
"11531.081542277","2026-08-15 09:22:39.695880","/home/akatoki/SC-30/scripts/SC-30/2_phase/motordrive.py","move","150","","","","move: direction=e, power=0.7, duration=0.1","","","","","","","","","","","","","","","","","","","","","","","","","","","","","","","","","","","","","","","","","",""
"11531.087564747","2026-08-15 09:22:39.701911","/home/akatoki/SC-30/scripts/SC-30/2_phase/motordrive.py","set_values","186","","","","","","","","","","","","","","","","","","","","","","0.0","-0.0","","","","","","","","","","","","","","","","","","","","","","",""
"11531.118308387","2026-08-15 09:22:39.732646","/home/akatoki/SC-30/scripts/SC-30/2_phase/motordrive.py","set_values","186","","","","","","","","","","","","","","","","","","","","","","0.1","-0.1","","","","","","","","","","","","","","","","","","","","","","",""
"11531.150463841","2026-08-15 09:22:39.764801","/home/akatoki/SC-30/scripts/SC-30/2_phase/motordrive.py","set_values","186","","","","","","","","","","","","","","","","","","","","","","0.2","-0.2","","","","","","","","","","","","","","","","","","","","","","",""
"11531.182584877","2026-08-15 09:22:39.796921","/home/akatoki/SC-30/scripts/SC-30/2_phase/motordrive.py","set_values","186","","","","","","","","","","","","","","","","","","","","","","0.30000000000000004","-0.30000000000000004","","","","","","","","","","","","","","","","","","","","","","",""
"11531.215248374","2026-08-15 09:22:39.829587","/home/akatoki/SC-30/scripts/SC-30/2_phase/motordrive.py","set_values","186","","","","","","","","","","","","","","","","","","","","","","0.4","-0.4","","","","","","","","","","","","","","","","","","","","","","",""
"11531.248065841","2026-08-15 09:22:39.862403","/home/akatoki/SC-30/scripts/SC-30/2_phase/motordrive.py","set_values","186","","","","","","","","","","","","","","","","","","","","","","0.5","-0.5","","","","","","","","","","","","","","","","","","","","","","",""
"11531.287220485","2026-08-15 09:22:39.901557","/home/akatoki/SC-30/scripts/SC-30/2_phase/motordrive.py","set_values","186","","","","","","","","","","","","","","","","","","","","","","0.6000000000000001","-0.6000000000000001","","","","","","","","","","","","","","","","","","","","","","",""
"11531.319305594","2026-08-15 09:22:39.933644","/home/akatoki/SC-30/scripts/SC-30/2_phase/motordrive.py","stop","120","","","","stop: power_r=-0.6, power_l=0.6","","","","","","","","","","","","","","","","","","","","","","","","","","","","","","","","","","","","","","","","","",""
"11531.65505207","2026-08-15 09:22:40.269397","/home/akatoki/SC-30/scripts/SC-30/2_phase/motordrive.py","stop","134","","","","","","","","","","","","","","","","","","","","","","0.0","0.0","","","","","","","","","","","","","","","","","","","","","","",""
"11531.760455551","2026-08-15 09:22:40.374793","/home/akatoki/SC-30/scripts/SC-30/2_phase/motordrive.py","move","150","","","","move: direction=w, power=0.7, duration=1.5","","","","","","","","","","","","","","","","","","","","","","","","","","","","","","","","","","","","","","","","","",""
"11531.768261047","2026-08-15 09:22:40.382607","/home/akatoki/SC-30/scripts/SC-30/2_phase/motordrive.py","set_values","186","","","","","","","","","","","","","","","","","","","","","","0.0","0.0","","","","","","","","","","","","","","","","","","","","","","",""
"11531.801857248","2026-08-15 09:22:40.416194","/home/akatoki/SC-30/scripts/SC-30/2_phase/motordrive.py","set_values","186","","","","","","","","","","","","","","","","","","","","","","0.06999999999999999","0.1","","","","","","","","","","","","","","","","","","","","","","",""
"11531.838605796","2026-08-15 09:22:40.452942","/home/akatoki/SC-30/scripts/SC-30/2_phase/motordrive.py","set_values","186","","","","","","","","","","","","","","","","","","","","","","0.13999999999999999","0.2","","","","","","","","","","","","","","","","","","","","","","",""
"11531.870923375","2026-08-15 09:22:40.485261","/home/akatoki/SC-30/scripts/SC-30/2_phase/motordrive.py","set_values","186","","","","","","","","","","","","","","","","","","","","","","0.21000000000000002","0.30000000000000004","","","","","","","","","","","","","","","","","","","","","","",""
"11531.902533016","2026-08-15 09:22:40.516869","/home/akatoki/SC-30/scripts/SC-30/2_phase/motordrive.py","set_values","186","","","","","","","","","","","","","","","","","","","","","","0.27999999999999997","0.4","","","","","","","","","","","","","","","","","","","","","","",""
"11531.934451795","2026-08-15 09:22:40.548788","/home/akatoki/SC-30/scripts/SC-30/2_phase/motordrive.py","set_values","186","","","","","","","","","","","","","","","","","","","","","","0.35","0.5","","","","","","","","","","","","","","","","","","","","","","",""
"11531.970565405","2026-08-15 09:22:40.584901","/home/akatoki/SC-30/scripts/SC-30/2_phase/motordrive.py","set_values","186","","","","","","","","","","","","","","","","","","","","","","0.42000000000000004","0.6000000000000001","","","","","","","","","","","","","","","","","","","","","","",""
"11532.003565461","2026-08-15 09:22:40.617902","/home/akatoki/SC-30/scripts/SC-30/2_phase/motordrive.py","set_values","186","","","","","","","","","","","","","","","","","","","","","","0.48999999999999994","0.7","","","","","","","","","","","","","","","","","","","","","","",""
"11532.27788944","2026-08-15 09:22:40.892230","/home/akatoki/SC-30/scripts/SC-30/2_phase/motordrive.py","move","260","","","stacking detected","","","","","","","","","","","","","","","","","","","","","","","","","","","","","","","","","","","","","","","","","","",""
"11532.285163409","2026-08-15 09:22:40.899501","/home/akatoki/SC-30/scripts/SC-30/2_phase/motordrive.py","stop","120","","","","stop: power_r=0.7, power_l=0.4899","","","","","","","","","","","","","","","","","","","","","","","","","","","","","","","","","","","","","","","","","",""
"11532.670143104","2026-08-15 09:22:41.284488","/home/akatoki/SC-30/scripts/SC-30/2_phase/motordrive.py","stop","134","","","","","","","","","","","","","","","","","","","","","","0.0","0.0","","","","","","","","","","","","","","","","","","","","","","",""
"11532.775197512","2026-08-15 09:22:41.389548","/home/akatoki/SC-30/scripts/SC-30/2_phase/motordrive.py","check_stuck","287","","","","check_stuck: is_stacked=1, is_inverted=False","","","","","","","","","","","","","","","","","","","","","","","","","","","","","","","","","","","","","","","","","",""
"11532.783388279","2026-08-15 09:22:41.397739","/home/akatoki/SC-30/scripts/SC-30/2_phase/motordrive.py","check_stuck","291","","","","Starting Stack Release Sequence...","","","","","","","","","","","","","","","","","","","","","","","","","","","","","","","","","","","","","","","","","",""
"11533.588401068","2026-08-15 09:22:42.202746","/home/akatoki/SC-30/scripts/SC-30/2_phase/motordrive.py","move","150","","","","move: direction=s, power=1.0, duration=3.0","","","","","","","","","","","","","","","","","","","","","","","","","","","","","","","","","","","","","","","","","",""
"11533.59443121","2026-08-15 09:22:42.208776","/home/akatoki/SC-30/scripts/SC-30/2_phase/motordrive.py","set_values","186","","","","","","","","","","","","","","","","","","","","","","-0.0","-0.0","","","","","","","","","","","","","","","","","","","","","","",""
"11533.627236488","2026-08-15 09:22:42.241574","/home/akatoki/SC-30/scripts/SC-30/2_phase/motordrive.py","set_values","186","","","","","","","","","","","","","","","","","","","","","","-0.1","-0.1","","","","","","","","","","","","","","","","","","","","","","",""
"11533.667911895","2026-08-15 09:22:42.282250","/home/akatoki/SC-30/scripts/SC-30/2_phase/motordrive.py","set_values","186","","","","","","","","","","","","","","","","","","","","","","-0.2","-0.2","","","","","","","","","","","","","","","","","","","","","","",""
"11533.702150444","2026-08-15 09:22:42.316486","/home/akatoki/SC-30/scripts/SC-30/2_phase/motordrive.py","set_values","186","","","","","","","","","","","","","","","","","","","","","","-0.30000000000000004","-0.30000000000000004","","","","","","","","","","","","","","","","","","","","","","",""
"11533.735842782","2026-08-15 09:22:42.350180","/home/akatoki/SC-30/scripts/SC-30/2_phase/motordrive.py","set_values","186","","","","","","","","","","","","","","","","","","","","","","-0.4","-0.4","","","","","","","","","","","","","","","","","","","","","","",""
"11533.768870345","2026-08-15 09:22:42.383208","/home/akatoki/SC-30/scripts/SC-30/2_phase/motordrive.py","set_values","186","","","","","","","","","","","","","","","","","","","","","","-0.5","-0.5","","","","","","","","","","","","","","","","","","","","","","",""
"11533.801031469","2026-08-15 09:22:42.415368","/home/akatoki/SC-30/scripts/SC-30/2_phase/motordrive.py","set_values","186","","","","","","","","","","","","","","","","","","","","","","-0.6000000000000001","-0.6000000000000001","","","","","","","","","","","","","","","","","","","","","","",""
"11533.832242268","2026-08-15 09:22:42.446579","/home/akatoki/SC-30/scripts/SC-30/2_phase/motordrive.py","set_values","186","","","","","","","","","","","","","","","","","","","","","","-0.7000000000000001","-0.7000000000000001","","","","","","","","","","","","","","","","","","","","","","",""
"11533.864847285","2026-08-15 09:22:42.479184","/home/akatoki/SC-30/scripts/SC-30/2_phase/motordrive.py","set_values","186","","","","","","","","","","","","","","","","","","","","","","-0.8","-0.8","","","","","","","","","","","","","","","","","","","","","","",""
"11533.903007726","2026-08-15 09:22:42.517345","/home/akatoki/SC-30/scripts/SC-30/2_phase/motordrive.py","set_values","186","","","","","","","","","","","","","","","","","","","","","","-0.9","-0.9","","","","","","","","","","","","","","","","","","","","","","",""
"11533.936123287","2026-08-15 09:22:42.550472","/home/akatoki/SC-30/scripts/SC-30/2_phase/motordrive.py","set_values","186","","","","","","","","","","","","","","","","","","","","","","-1.0","-1.0","","","","","","","","","","","","","","","","","","","","","","",""
"11533.968225207","2026-08-15 09:22:42.582574","/home/akatoki/SC-30/scripts/SC-30/2_phase/motordrive.py","set_values","186","","","","","","","","","","","","","","","","","","","","","","-1.0","-1.0","","","","","","","","","","","","","","","","","","","","","","",""
"11536.708937986","2026-08-15 09:22:45.323285","/home/akatoki/SC-30/scripts/SC-30/2_phase/motordrive.py","stop","120","","","","stop: power_r=-1.0, power_l=-1.0","","","","","","","","","","","","","","","","","","","","","","","","","","","","","","","","","","","","","","","","","",""
"11537.30750304","2026-08-15 09:22:45.921853","/home/akatoki/SC-30/scripts/SC-30/2_phase/motordrive.py","stop","134","","","","","","","","","","","","","","","","","","","","","","0.0","0.0","","","","","","","","","","","","","","","","","","","","","","",""
"11537.914148403","2026-08-15 09:22:46.528499","/home/akatoki/SC-30/scripts/SC-30/2_phase/motordrive.py","move","150","","","","move: direction=d, power=1.0, duration=1.0","","","","","","","","","","","","","","","","","","","","","","","","","","","","","","","","","","","","","","","","","",""
"11537.924771397","2026-08-15 09:22:46.539120","/home/akatoki/SC-30/scripts/SC-30/2_phase/motordrive.py","set_values","186","","","","","","","","","","","","","","","","","","","","","","0.0","0.0","","","","","","","","","","","","","","","","","","","","","","",""
"11537.962784684","2026-08-15 09:22:46.577125","/home/akatoki/SC-30/scripts/SC-30/2_phase/motordrive.py","set_values","186","","","","","","","","","","","","","","","","","","","","","","0.1","0.05","","","","","","","","","","","","","","","","","","","","","","",""
"11537.997130009","2026-08-15 09:22:46.611471","/home/akatoki/SC-30/scripts/SC-30/2_phase/motordrive.py","set_values","186","","","","","","","","","","","","","","","","","","","","","","0.2","0.1","","","","","","","","","","","","","","","","","","","","","","",""
"11538.032801868","2026-08-15 09:22:46.647141","/home/akatoki/SC-30/scripts/SC-30/2_phase/motordrive.py","set_values","186","","","","","","","","","","","","","","","","","","","","","","0.30000000000000004","0.15000000000000002","","","","","","","","","","","","","","","","","","","","","","",""
"11538.067964014","2026-08-15 09:22:46.682306","/home/akatoki/SC-30/scripts/SC-30/2_phase/motordrive.py","set_values","186","","","","","","","","","","","","","","","","","","","","","","0.4","0.2","","","","","","","","","","","","","","","","","","","","","","",""
"11538.101718293","2026-08-15 09:22:46.716060","/home/akatoki/SC-30/scripts/SC-30/2_phase/motordrive.py","set_values","186","","","","","","","","","","","","","","","","","","","","","","0.5","0.25","","","","","","","","","","","","","","","","","","","","","","",""
"11538.136406863","2026-08-15 09:22:46.750747","/home/akatoki/SC-30/scripts/SC-30/2_phase/motordrive.py","set_values","186","","","","","","","","","","","","","","","","","","","","","","0.6000000000000001","0.30000000000000004","","","","","","","","","","","","","","","","","","","","","","",""
"11538.171302307","2026-08-15 09:22:46.785642","/home/akatoki/SC-30/scripts/SC-30/2_phase/motordrive.py","set_values","186","","","","","","","","","","","","","","","","","","","","","","0.7000000000000001","0.35000000000000003","","","","","","","","","","","","","","","","","","","","","","",""
"11538.209537776","2026-08-15 09:22:46.823879","/home/akatoki/SC-30/scripts/SC-30/2_phase/motordrive.py","set_values","186","","","","","","","","","","","","","","","","","","","","","","0.8","0.4","","","","","","","","","","","","","","","","","","","","","","",""
"11538.243296741","2026-08-15 09:22:46.857740","/home/akatoki/SC-30/scripts/SC-30/2_phase/motordrive.py","set_values","186","","","","","","","","","","","","","","","","","","","","","","0.9","0.45","","","","","","","","","","","","","","","","","","","","","","",""
"11538.277494396","2026-08-15 09:22:46.891837","/home/akatoki/SC-30/scripts/SC-30/2_phase/motordrive.py","set_values","186","","","","","","","","","","","","","","","","","","","","","","1.0","0.5","","","","","","","","","","","","","","","","","","","","","","",""
"11538.31119546","2026-08-15 09:22:46.925537","/home/akatoki/SC-30/scripts/SC-30/2_phase/motordrive.py","set_values","186","","","","","","","","","","","","","","","","","","","","","","1.0","0.5","","","","","","","","","","","","","","","","","","","","","","",""
"11539.043109199","2026-08-15 09:22:47.657451","/home/akatoki/SC-30/scripts/SC-30/2_phase/motordrive.py","stop","120","","","","stop: power_r=0.5, power_l=1.0","","","","","","","","","","","","","","","","","","","","","","","","","","","","","","","","","","","","","","","","","",""
"11539.639761851","2026-08-15 09:22:48.254112","/home/akatoki/SC-30/scripts/SC-30/2_phase/motordrive.py","stop","134","","","","","","","","","","","","","","","","","","","","","","0.0","0.0","","","","","","","","","","","","","","","","","","","","","","",""
"11540.245196614","2026-08-15 09:22:48.859546","/home/akatoki/SC-30/scripts/SC-30/2_phase/motordrive.py","move","150","","","","move: direction=w, power=1.0, duration=2.0","","","","","","","","","","","","","","","","","","","","","","","","","","","","","","","","","","","","","","","","","",""
"11540.258255101","2026-08-15 09:22:48.872606","/home/akatoki/SC-30/scripts/SC-30/2_phase/motordrive.py","set_values","186","","","","","","","","","","","","","","","","","","","","","","0.0","0.0","","","","","","","","","","","","","","","","","","","","","","",""
"11540.291188979","2026-08-15 09:22:48.905530","/home/akatoki/SC-30/scripts/SC-30/2_phase/motordrive.py","set_values","186","","","","","","","","","","","","","","","","","","","","","","0.06999999999999999","0.1","","","","","","","","","","","","","","","","","","","","","","",""
"11540.325528436","2026-08-15 09:22:48.939867","/home/akatoki/SC-30/scripts/SC-30/2_phase/motordrive.py","set_values","186","","","","","","","","","","","","","","","","","","","","","","0.13999999999999999","0.2","","","","","","","","","","","","","","","","","","","","","","",""
"11540.358260127","2026-08-15 09:22:48.972599","/home/akatoki/SC-30/scripts/SC-30/2_phase/motordrive.py","set_values","186","","","","","","","","","","","","","","","","","","","","","","0.21000000000000002","0.30000000000000004","","","","","","","","","","","","","","","","","","","","","","",""
"11540.391745895","2026-08-15 09:22:49.006084","/home/akatoki/SC-30/scripts/SC-30/2_phase/motordrive.py","set_values","186","","","","","","","","","","","","","","","","","","","","","","0.27999999999999997","0.4","","","","","","","","","","","","","","","","","","","","","","",""
"11540.425985515","2026-08-15 09:22:49.040327","/home/akatoki/SC-30/scripts/SC-30/2_phase/motordrive.py","set_values","186","","","","","","","","","","","","","","","","","","","","","","0.35","0.5","","","","","","","","","","","","","","","","","","","","","","",""
"11540.459898448","2026-08-15 09:22:49.074238","/home/akatoki/SC-30/scripts/SC-30/2_phase/motordrive.py","set_values","186","","","","","","","","","","","","","","","","","","","","","","0.42000000000000004","0.6000000000000001","","","","","","","","","","","","","","","","","","","","","","",""
"11540.499322686","2026-08-15 09:22:49.113663","/home/akatoki/SC-30/scripts/SC-30/2_phase/motordrive.py","set_values","186","","","","","","","","","","","","","","","","","","","","","","0.49","0.7000000000000001","","","","","","","","","","","","","","","","","","","","","","",""
"11540.534708108","2026-08-15 09:22:49.149049","/home/akatoki/SC-30/scripts/SC-30/2_phase/motordrive.py","set_values","186","","","","","","","","","","","","","","","","","","","","","","0.5599999999999999","0.8","","","","","","","","","","","","","","","","","","","","","","",""
"11540.567872221","2026-08-15 09:22:49.182214","/home/akatoki/SC-30/scripts/SC-30/2_phase/motordrive.py","set_values","186","","","","","","","","","","","","","","","","","","","","","","0.63","0.9","","","","","","","","","","","","","","","","","","","","","","",""
"11540.602847227","2026-08-15 09:22:49.217188","/home/akatoki/SC-30/scripts/SC-30/2_phase/motordrive.py","set_values","186","","","","","","","","","","","","","","","","","","","","","","0.7","1.0","","","","","","","","","","","","","","","","","","","","","","",""
"11540.6382264","2026-08-15 09:22:49.252568","/home/akatoki/SC-30/scripts/SC-30/2_phase/motordrive.py","set_values","186","","","","","","","","","","","","","","","","","","","","","","0.7","1.0","","","","","","","","","","","","","","","","","","","","","","",""
"11542.371120125","2026-08-15 09:22:50.985465","/home/akatoki/SC-30/scripts/SC-30/2_phase/motordrive.py","stop","120","","","","stop: power_r=1.0, power_l=0.7","","","","","","","","","","","","","","","","","","","","","","","","","","","","","","","","","","","","","","","","","",""
"11542.964358266","2026-08-15 09:22:51.578705","/home/akatoki/SC-30/scripts/SC-30/2_phase/motordrive.py","stop","134","","","","","","","","","","","","","","","","","","","","","","0.0","0.0","","","","","","","","","","","","","","","","","","","","","","",""
"11543.575779461","2026-08-15 09:22:52.190130","/home/akatoki/SC-30/scripts/SC-30/2_phase/motordrive.py","check_stuck","314","","","","Stack Release Sequence Finished.","","","","","","","","","","","","","","","","","","","","","","","","","","","","","","","","","","","","","","","","","",""
"11543.719128453","2026-08-15 09:22:52.333468","/home/akatoki/SC-30/scripts/SC-30/2_phase/motordrive.py","move","150","","","","move: direction=e, power=0.7, duration=0.1","","","","","","","","","","","","","","","","","","","","","","","","","","","","","","","","","","","","","","","","","",""
"11543.726885825","2026-08-15 09:22:52.341231","/home/akatoki/SC-30/scripts/SC-30/2_phase/motordrive.py","set_values","186","","","","","","","","","","","","","","","","","","","","","","0.0","-0.0","","","","","","","","","","","","","","","","","","","","","","",""
"11543.758398262","2026-08-15 09:22:52.372736","/home/akatoki/SC-30/scripts/SC-30/2_phase/motordrive.py","set_values","186","","","","","","","","","","","","","","","","","","","","","","0.1","-0.1","","","","","","","","","","","","","","","","","","","","","","",""
"11543.790048998","2026-08-15 09:22:52.404386","/home/akatoki/SC-30/scripts/SC-30/2_phase/motordrive.py","set_values","186","","","","","","","","","","","","","","","","","","","","","","0.2","-0.2","","","","","","","","","","","","","","","","","","","","","","",""
"11543.822287243","2026-08-15 09:22:52.436624","/home/akatoki/SC-30/scripts/SC-30/2_phase/motordrive.py","set_values","186","","","","","","","","","","","","","","","","","","","","","","0.30000000000000004","-0.30000000000000004","","","","","","","","","","","","","","","","","","","","","","",""
"11543.855035619","2026-08-15 09:22:52.469376","/home/akatoki/SC-30/scripts/SC-30/2_phase/motordrive.py","set_values","186","","","","","","","","","","","","","","","","","","","","","","0.4","-0.4","","","","","","","","","","","","","","","","","","","","","","",""
"11543.89448632","2026-08-15 09:22:52.508823","/home/akatoki/SC-30/scripts/SC-30/2_phase/motordrive.py","set_values","186","","","","","","","","","","","","","","","","","","","","","","0.5","-0.5","","","","","","","","","","","","","","","","","","","","","","",""
"11543.926286133","2026-08-15 09:22:52.540623","/home/akatoki/SC-30/scripts/SC-30/2_phase/motordrive.py","set_values","186","","","","","","","","","","","","","","","","","","","","","","0.6000000000000001","-0.6000000000000001","","","","","","","","","","","","","","","","","","","","","","",""
"11543.957776441","2026-08-15 09:22:52.572115","/home/akatoki/SC-30/scripts/SC-30/2_phase/motordrive.py","stop","120","","","","stop: power_r=-0.6, power_l=0.6","","","","","","","","","","","","","","","","","","","","","","","","","","","","","","","","","","","","","","","","","",""
"11544.291667345","2026-08-15 09:22:52.906014","/home/akatoki/SC-30/scripts/SC-30/2_phase/motordrive.py","stop","134","","","","","","","","","","","","","","","","","","","","","","0.0","0.0","","","","","","","","","","","","","","","","","","","","","","",""
"11544.397545872","2026-08-15 09:22:53.011885","/home/akatoki/SC-30/scripts/SC-30/2_phase/motordrive.py","move","150","","","","move: direction=w, power=0.7, duration=1.5","","","","","","","","","","","","","","","","","","","","","","","","","","","","","","","","","","","","","","","","","",""
"11544.405003118","2026-08-15 09:22:53.019349","/home/akatoki/SC-30/scripts/SC-30/2_phase/motordrive.py","set_values","186","","","","","","","","","","","","","","","","","","","","","","0.0","0.0","","","","","","","","","","","","","","","","","","","","","","",""
"11544.437515491","2026-08-15 09:22:53.051852","/home/akatoki/SC-30/scripts/SC-30/2_phase/motordrive.py","set_values","186","","","","","","","","","","","","","","","","","","","","","","0.06999999999999999","0.1","","","","","","","","","","","","","","","","","","","","","","",""
"11544.473778175","2026-08-15 09:22:53.088115","/home/akatoki/SC-30/scripts/SC-30/2_phase/motordrive.py","set_values","186","","","","","","","","","","","","","","","","","","","","","","0.13999999999999999","0.2","","","","","","","","","","","","","","","","","","","","","","",""
"11544.506627756","2026-08-15 09:22:53.120963","/home/akatoki/SC-30/scripts/SC-30/2_phase/motordrive.py","set_values","186","","","","","","","","","","","","","","","","","","","","","","0.21000000000000002","0.30000000000000004","","","","","","","","","","","","","","","","","","","","","","",""
"11544.540358887","2026-08-15 09:22:53.154696","/home/akatoki/SC-30/scripts/SC-30/2_phase/motordrive.py","set_values","186","","","","","","","","","","","","","","","","","","","","","","0.27999999999999997","0.4","","","","","","","","","","","","","","","","","","","","","","",""
"11544.572255738","2026-08-15 09:22:53.186593","/home/akatoki/SC-30/scripts/SC-30/2_phase/motordrive.py","set_values","186","","","","","","","","","","","","","","","","","","","","","","0.35","0.5","","","","","","","","","","","","","","","","","","","","","","",""
"11544.604508853","2026-08-15 09:22:53.218845","/home/akatoki/SC-30/scripts/SC-30/2_phase/motordrive.py","set_values","186","","","","","","","","","","","","","","","","","","","","","","0.42000000000000004","0.6000000000000001","","","","","","","","","","","","","","","","","","","","","","",""
"11544.638319131","2026-08-15 09:22:53.252655","/home/akatoki/SC-30/scripts/SC-30/2_phase/motordrive.py","set_values","186","","","","","","","","","","","","","","","","","","","","","","0.48999999999999994","0.7","","","","","","","","","","","","","","","","","","","","","","",""
"11544.91046031","2026-08-15 09:22:53.524799","/home/akatoki/SC-30/scripts/SC-30/2_phase/motordrive.py","move","260","","","stacking detected","","","","","","","","","","","","","","","","","","","","","","","","","","","","","","","","","","","","","","","","","","",""
"11544.922387894","2026-08-15 09:22:53.536725","/home/akatoki/SC-30/scripts/SC-30/2_phase/motordrive.py","stop","120","","","","stop: power_r=0.7, power_l=0.4899","","","","","","","","","","","","","","","","","","","","","","","","","","","","","","","","","","","","","","","","","",""
"11545.294108651","2026-08-15 09:22:53.908455","/home/akatoki/SC-30/scripts/SC-30/2_phase/motordrive.py","stop","134","","","","","","","","","","","","","","","","","","","","","","0.0","0.0","","","","","","","","","","","","","","","","","","","","","","",""
"11545.399053614","2026-08-15 09:22:54.013403","/home/akatoki/SC-30/scripts/SC-30/2_phase/motordrive.py","check_stuck","287","","","","check_stuck: is_stacked=1, is_inverted=False","","","","","","","","","","","","","","","","","","","","","","","","","","","","","","","","","","","","","","","","","",""
"11545.403433094","2026-08-15 09:22:54.017791","/home/akatoki/SC-30/scripts/SC-30/2_phase/motordrive.py","check_stuck","291","","","","Starting Stack Release Sequence...","","","","","","","","","","","","","","","","","","","","","","","","","","","","","","","","","","","","","","","","","",""
"11546.208894842","2026-08-15 09:22:54.823241","/home/akatoki/SC-30/scripts/SC-30/2_phase/motordrive.py","move","150","","","","move: direction=s, power=1.0, duration=3.0","","","","","","","","","","","","","","","","","","","","","","","","","","","","","","","","","","","","","","","","","",""
"11546.214817322","2026-08-15 09:22:54.829167","/home/akatoki/SC-30/scripts/SC-30/2_phase/motordrive.py","set_values","186","","","","","","","","","","","","","","","","","","","","","","-0.0","-0.0","","","","","","","","","","","","","","","","","","","","","","",""
"11546.24778654","2026-08-15 09:22:54.862124","/home/akatoki/SC-30/scripts/SC-30/2_phase/motordrive.py","set_values","186","","","","","","","","","","","","","","","","","","","","","","-0.1","-0.1","","","","","","","","","","","","","","","","","","","","","","",""
"11546.285976746","2026-08-15 09:22:54.900314","/home/akatoki/SC-30/scripts/SC-30/2_phase/motordrive.py","set_values","186","","","","","","","","","","","","","","","","","","","","","","-0.2","-0.2","","","","","","","","","","","","","","","","","","","","","","",""
"11546.317561466","2026-08-15 09:22:54.931898","/home/akatoki/SC-30/scripts/SC-30/2_phase/motordrive.py","set_values","186","","","","","","","","","","","","","","","","","","","","","","-0.30000000000000004","-0.30000000000000004","","","","","","","","","","","","","","","","","","","","","","",""
"11546.349853718","2026-08-15 09:22:54.964191","/home/akatoki/SC-30/scripts/SC-30/2_phase/motordrive.py","set_values","186","","","","","","","","","","","","","","","","","","","","","","-0.4","-0.4","","","","","","","","","","","","","","","","","","","","","","",""
"11546.38244579","2026-08-15 09:22:54.996783","/home/akatoki/SC-30/scripts/SC-30/2_phase/motordrive.py","set_values","186","","","","","","","","","","","","","","","","","","","","","","-0.5","-0.5","","","","","","","","","","","","","","","","","","","","","","",""
"11546.416905653","2026-08-15 09:22:55.031242","/home/akatoki/SC-30/scripts/SC-30/2_phase/motordrive.py","set_values","186","","","","","","","","","","","","","","","","","","","","","","-0.6000000000000001","-0.6000000000000001","","","","","","","","","","","","","","","","","","","","","","",""
"11546.448570123","2026-08-15 09:22:55.062908","/home/akatoki/SC-30/scripts/SC-30/2_phase/motordrive.py","set_values","186","","","","","","","","","","","","","","","","","","","","","","-0.7000000000000001","-0.7000000000000001","","","","","","","","","","","","","","","","","","","","","","",""
"11546.479585952","2026-08-15 09:22:55.093923","/home/akatoki/SC-30/scripts/SC-30/2_phase/motordrive.py","set_values","186","","","","","","","","","","","","","","","","","","","","","","-0.8","-0.8","","","","","","","","","","","","","","","","","","","","","","",""
"11546.526315322","2026-08-15 09:22:55.140653","/home/akatoki/SC-30/scripts/SC-30/2_phase/motordrive.py","set_values","186","","","","","","","","","","","","","","","","","","","","","","-0.9","-0.9","","","","","","","","","","","","","","","","","","","","","","",""
"11546.560288905","2026-08-15 09:22:55.174632","/home/akatoki/SC-30/scripts/SC-30/2_phase/motordrive.py","set_values","186","","","","","","","","","","","","","","","","","","","","","","-1.0","-1.0","","","","","","","","","","","","","","","","","","","","","","",""
"11546.591138473","2026-08-15 09:22:55.205483","/home/akatoki/SC-30/scripts/SC-30/2_phase/motordrive.py","set_values","186","","","","","","","","","","","","","","","","","","","","","","-1.0","-1.0","","","","","","","","","","","","","","","","","","","","","","",""
"11549.322194378","2026-08-15 09:22:57.936542","/home/akatoki/SC-30/scripts/SC-30/2_phase/motordrive.py","stop","120","","","","stop: power_r=-1.0, power_l=-1.0","","","","","","","","","","","","","","","","","","","","","","","","","","","","","","","","","","","","","","","","","",""
"11549.921505174","2026-08-15 09:22:58.535855","/home/akatoki/SC-30/scripts/SC-30/2_phase/motordrive.py","stop","134","","","","","","","","","","","","","","","","","","","","","","0.0","0.0","","","","","","","","","","","","","","","","","","","","","","",""
"11550.526381463","2026-08-15 09:22:59.140732","/home/akatoki/SC-30/scripts/SC-30/2_phase/motordrive.py","move","150","","","","move: direction=d, power=1.0, duration=1.0","","","","","","","","","","","","","","","","","","","","","","","","","","","","","","","","","","","","","","","","","",""
"11550.534912134","2026-08-15 09:22:59.149282","/home/akatoki/SC-30/scripts/SC-30/2_phase/motordrive.py","set_values","186","","","","","","","","","","","","","","","","","","","","","","0.0","0.0","","","","","","","","","","","","","","","","","","","","","","",""
"11550.575939327","2026-08-15 09:22:59.190281","/home/akatoki/SC-30/scripts/SC-30/2_phase/motordrive.py","set_values","186","","","","","","","","","","","","","","","","","","","","","","0.1","0.05","","","","","","","","","","","","","","","","","","","","","","",""
"11550.615056884","2026-08-15 09:22:59.229398","/home/akatoki/SC-30/scripts/SC-30/2_phase/motordrive.py","set_values","186","","","","","","","","","","","","","","","","","","","","","","0.2","0.1","","","","","","","","","","","","","","","","","","","","","","",""
"11550.648393513","2026-08-15 09:22:59.262733","/home/akatoki/SC-30/scripts/SC-30/2_phase/motordrive.py","set_values","186","","","","","","","","","","","","","","","","","","","","","","0.30000000000000004","0.15000000000000002","","","","","","","","","","","","","","","","","","","","","","",""
"11550.683001236","2026-08-15 09:22:59.297342","/home/akatoki/SC-30/scripts/SC-30/2_phase/motordrive.py","set_values","186","","","","","","","","","","","","","","","","","","","","","","0.4","0.2","","","","","","","","","","","","","","","","","","","","","","",""
"11550.719859086","2026-08-15 09:22:59.334200","/home/akatoki/SC-30/scripts/SC-30/2_phase/motordrive.py","set_values","186","","","","","","","","","","","","","","","","","","","","","","0.5","0.25","","","","","","","","","","","","","","","","","","","","","","",""
"11550.755469116","2026-08-15 09:22:59.369808","/home/akatoki/SC-30/scripts/SC-30/2_phase/motordrive.py","set_values","186","","","","","","","","","","","","","","","","","","","","","","0.6000000000000001","0.30000000000000004","","","","","","","","","","","","","","","","","","","","","","",""
"11550.791629689","2026-08-15 09:22:59.405969","/home/akatoki/SC-30/scripts/SC-30/2_phase/motordrive.py","set_values","186","","","","","","","","","","","","","","","","","","","","","","0.7000000000000001","0.35000000000000003","","","","","","","","","","","","","","","","","","","","","","",""
"11550.824392604","2026-08-15 09:22:59.438733","/home/akatoki/SC-30/scripts/SC-30/2_phase/motordrive.py","set_values","186","","","","","","","","","","","","","","","","","","","","","","0.8","0.4","","","","","","","","","","","","","","","","","","","","","","",""
"11550.857484344","2026-08-15 09:22:59.471825","/home/akatoki/SC-30/scripts/SC-30/2_phase/motordrive.py","set_values","186","","","","","","","","","","","","","","","","","","","","","","0.9","0.45","","","","","","","","","","","","","","","","","","","","","","",""
"11550.899429178","2026-08-15 09:22:59.513769","/home/akatoki/SC-30/scripts/SC-30/2_phase/motordrive.py","set_values","186","","","","","","","","","","","","","","","","","","","","","","1.0","0.5","","","","","","","","","","","","","","","","","","","","","","",""
"11550.933093799","2026-08-15 09:22:59.547435","/home/akatoki/SC-30/scripts/SC-30/2_phase/motordrive.py","set_values","186","","","","","","","","","","","","","","","","","","","","","","1.0","0.5","","","","","","","","","","","","","","","","","","","","","","",""
"11551.665111843","2026-08-15 09:23:00.279454","/home/akatoki/SC-30/scripts/SC-30/2_phase/motordrive.py","stop","120","","","","stop: power_r=0.5, power_l=1.0","","","","","","","","","","","","","","","","","","","","","","","","","","","","","","","","","","","","","","","","","",""
"11552.26795047","2026-08-15 09:23:00.882301","/home/akatoki/SC-30/scripts/SC-30/2_phase/motordrive.py","stop","134","","","","","","","","","","","","","","","","","","","","","","0.0","0.0","","","","","","","","","","","","","","","","","","","","","","",""
"11552.873703946","2026-08-15 09:23:01.488053","/home/akatoki/SC-30/scripts/SC-30/2_phase/motordrive.py","move","150","","","","move: direction=w, power=1.0, duration=2.0","","","","","","","","","","","","","","","","","","","","","","","","","","","","","","","","","","","","","","","","","",""
"11552.881256174","2026-08-15 09:23:01.495606","/home/akatoki/SC-30/scripts/SC-30/2_phase/motordrive.py","set_values","186","","","","","","","","","","","","","","","","","","","","","","0.0","0.0","","","","","","","","","","","","","","","","","","","","","","",""
"11552.919346501","2026-08-15 09:23:01.533686","/home/akatoki/SC-30/scripts/SC-30/2_phase/motordrive.py","set_values","186","","","","","","","","","","","","","","","","","","","","","","0.06999999999999999","0.1","","","","","","","","","","","","","","","","","","","","","","",""
"11552.953334857","2026-08-15 09:23:01.567675","/home/akatoki/SC-30/scripts/SC-30/2_phase/motordrive.py","set_values","186","","","","","","","","","","","","","","","","","","","","","","0.13999999999999999","0.2","","","","","","","","","","","","","","","","","","","","","","",""
"11552.987385177","2026-08-15 09:23:01.601726","/home/akatoki/SC-30/scripts/SC-30/2_phase/motordrive.py","set_values","186","","","","","","","","","","","","","","","","","","","","","","0.21000000000000002","0.30000000000000004","","","","","","","","","","","","","","","","","","","","","","",""
"11553.019933101","2026-08-15 09:23:01.634273","/home/akatoki/SC-30/scripts/SC-30/2_phase/motordrive.py","set_values","186","","","","","","","","","","","","","","","","","","","","","","0.27999999999999997","0.4","","","","","","","","","","","","","","","","","","","","","","",""
"11553.053897036","2026-08-15 09:23:01.668236","/home/akatoki/SC-30/scripts/SC-30/2_phase/motordrive.py","set_values","186","","","","","","","","","","","","","","","","","","","","","","0.35","0.5","","","","","","","","","","","","","","","","","","","","","","",""
"11553.087107247","2026-08-15 09:23:01.701447","/home/akatoki/SC-30/scripts/SC-30/2_phase/motordrive.py","set_values","186","","","","","","","","","","","","","","","","","","","","","","0.42000000000000004","0.6000000000000001","","","","","","","","","","","","","","","","","","","","","","",""
"11553.12162537","2026-08-15 09:23:01.735965","/home/akatoki/SC-30/scripts/SC-30/2_phase/motordrive.py","set_values","186","","","","","","","","","","","","","","","","","","","","","","0.49","0.7000000000000001","","","","","","","","","","","","","","","","","","","","","","",""
"11553.158056205","2026-08-15 09:23:01.772395","/home/akatoki/SC-30/scripts/SC-30/2_phase/motordrive.py","set_values","186","","","","","","","","","","","","","","","","","","","","","","0.5599999999999999","0.8","","","","","","","","","","","","","","","","","","","","","","",""
"11553.195101266","2026-08-15 09:23:01.809441","/home/akatoki/SC-30/scripts/SC-30/2_phase/motordrive.py","set_values","186","","","","","","","","","","","","","","","","","","","","","","0.63","0.9","","","","","","","","","","","","","","","","","","","","","","",""
"11553.229718896","2026-08-15 09:23:01.844058","/home/akatoki/SC-30/scripts/SC-30/2_phase/motordrive.py","set_values","186","","","","","","","","","","","","","","","","","","","","","","0.7","1.0","","","","","","","","","","","","","","","","","","","","","","",""
"11553.264161725","2026-08-15 09:23:01.878502","/home/akatoki/SC-30/scripts/SC-30/2_phase/motordrive.py","set_values","186","","","","","","","","","","","","","","","","","","","","","","0.7","1.0","","","","","","","","","","","","","","","","","","","","","","",""
"11554.99736113","2026-08-15 09:23:03.611721","/home/akatoki/SC-30/scripts/SC-30/2_phase/motordrive.py","stop","120","","","","stop: power_r=1.0, power_l=0.7","","","","","","","","","","","","","","","","","","","","","","","","","","","","","","","","","","","","","","","","","",""
"11555.590615919","2026-08-15 09:23:04.204965","/home/akatoki/SC-30/scripts/SC-30/2_phase/motordrive.py","stop","134","","","","","","","","","","","","","","","","","","","","","","0.0","0.0","","","","","","","","","","","","","","","","","","","","","","",""
"11556.197529199","2026-08-15 09:23:04.811884","/home/akatoki/SC-30/scripts/SC-30/2_phase/motordrive.py","check_stuck","314","","","","Stack Release Sequence Finished.","","","","","","","","","","","","","","","","","","","","","","","","","","","","","","","","","","","","","","","","","",""
"11556.36932408","2026-08-15 09:23:04.983662","/home/akatoki/SC-30/scripts/SC-30/2_phase/motordrive.py","move","150","","","","move: direction=e, power=0.7, duration=0.1","","","","","","","","","","","","","","","","","","","","","","","","","","","","","","","","","","","","","","","","","",""
"11556.376052724","2026-08-15 09:23:04.990404","/home/akatoki/SC-30/scripts/SC-30/2_phase/motordrive.py","set_values","186","","","","","","","","","","","","","","","","","","","","","","0.0","-0.0","","","","","","","","","","","","","","","","","","","","","","",""
"11556.406775097","2026-08-15 09:23:05.021115","/home/akatoki/SC-30/scripts/SC-30/2_phase/motordrive.py","set_values","186","","","","","","","","","","","","","","","","","","","","","","0.1","-0.1","","","","","","","","","","","","","","","","","","","","","","",""
"11556.438522397","2026-08-15 09:23:05.052860","/home/akatoki/SC-30/scripts/SC-30/2_phase/motordrive.py","set_values","186","","","","","","","","","","","","","","","","","","","","","","0.2","-0.2","","","","","","","","","","","","","","","","","","","","","","",""
"11556.469849744","2026-08-15 09:23:05.084188","/home/akatoki/SC-30/scripts/SC-30/2_phase/motordrive.py","set_values","186","","","","","","","","","","","","","","","","","","","","","","0.30000000000000004","-0.30000000000000004","","","","","","","","","","","","","","","","","","","","","","",""
"11556.501043947","2026-08-15 09:23:05.115382","/home/akatoki/SC-30/scripts/SC-30/2_phase/motordrive.py","set_values","186","","","","","","","","","","","","","","","","","","","","","","0.4","-0.4","","","","","","","","","","","","","","","","","","","","","","",""
"11556.532130154","2026-08-15 09:23:05.146469","/home/akatoki/SC-30/scripts/SC-30/2_phase/motordrive.py","set_values","186","","","","","","","","","","","","","","","","","","","","","","0.5","-0.5","","","","","","","","","","","","","","","","","","","","","","",""
"11556.565611206","2026-08-15 09:23:05.179948","/home/akatoki/SC-30/scripts/SC-30/2_phase/motordrive.py","set_values","186","","","","","","","","","","","","","","","","","","","","","","0.6000000000000001","-0.6000000000000001","","","","","","","","","","","","","","","","","","","","","","",""
"11556.601811346","2026-08-15 09:23:05.216149","/home/akatoki/SC-30/scripts/SC-30/2_phase/motordrive.py","stop","120","","","","stop: power_r=-0.6, power_l=0.6","","","","","","","","","","","","","","","","","","","","","","","","","","","","","","","","","","","","","","","","","",""
"11556.921898921","2026-08-15 09:23:05.536246","/home/akatoki/SC-30/scripts/SC-30/2_phase/motordrive.py","stop","134","","","","","","","","","","","","","","","","","","","","","","0.0","0.0","","","","","","","","","","","","","","","","","","","","","","",""
"11557.028657855","2026-08-15 09:23:05.642996","/home/akatoki/SC-30/scripts/SC-30/2_phase/motordrive.py","move","150","","","","move: direction=w, power=0.7, duration=1.5","","","","","","","","","","","","","","","","","","","","","","","","","","","","","","","","","","","","","","","","","",""
"11557.036696765","2026-08-15 09:23:05.651043","/home/akatoki/SC-30/scripts/SC-30/2_phase/motordrive.py","set_values","186","","","","","","","","","","","","","","","","","","","","","","0.0","0.0","","","","","","","","","","","","","","","","","","","","","","",""
"11557.069893978","2026-08-15 09:23:05.684231","/home/akatoki/SC-30/scripts/SC-30/2_phase/motordrive.py","set_values","186","","","","","","","","","","","","","","","","","","","","","","0.06999999999999999","0.1","","","","","","","","","","","","","","","","","","","","","","",""
"11557.101619512","2026-08-15 09:23:05.715955","/home/akatoki/SC-30/scripts/SC-30/2_phase/motordrive.py","set_values","186","","","","","","","","","","","","","","","","","","","","","","0.13999999999999999","0.2","","","","","","","","","","","","","","","","","","","","","","",""
"11557.133512505","2026-08-15 09:23:05.747849","/home/akatoki/SC-30/scripts/SC-30/2_phase/motordrive.py","set_values","186","","","","","","","","","","","","","","","","","","","","","","0.21000000000000002","0.30000000000000004","","","","","","","","","","","","","","","","","","","","","","",""
"11557.172363105","2026-08-15 09:23:05.786700","/home/akatoki/SC-30/scripts/SC-30/2_phase/motordrive.py","set_values","186","","","","","","","","","","","","","","","","","","","","","","0.27999999999999997","0.4","","","","","","","","","","","","","","","","","","","","","","",""
"11557.205742461","2026-08-15 09:23:05.820080","/home/akatoki/SC-30/scripts/SC-30/2_phase/motordrive.py","set_values","186","","","","","","","","","","","","","","","","","","","","","","0.35","0.5","","","","","","","","","","","","","","","","","","","","","","",""
"11557.238652295","2026-08-15 09:23:05.852989","/home/akatoki/SC-30/scripts/SC-30/2_phase/motordrive.py","set_values","186","","","","","","","","","","","","","","","","","","","","","","0.42000000000000004","0.6000000000000001","","","","","","","","","","","","","","","","","","","","","","",""
"11557.273901309","2026-08-15 09:23:05.888238","/home/akatoki/SC-30/scripts/SC-30/2_phase/motordrive.py","set_values","186","","","","","","","","","","","","","","","","","","","","","","0.48999999999999994","0.7","","","","","","","","","","","","","","","","","","","","","","",""
"11557.547931298","2026-08-15 09:23:06.162283","/home/akatoki/SC-30/scripts/SC-30/2_phase/motordrive.py","move","260","","","stacking detected","","","","","","","","","","","","","","","","","","","","","","","","","","","","","","","","","","","","","","","","","","",""
"11557.55472848","2026-08-15 09:23:06.169066","/home/akatoki/SC-30/scripts/SC-30/2_phase/motordrive.py","stop","120","","","","stop: power_r=0.7, power_l=0.4899","","","","","","","","","","","","","","","","","","","","","","","","","","","","","","","","","","","","","","","","","",""
"11557.931076377","2026-08-15 09:23:06.545422","/home/akatoki/SC-30/scripts/SC-30/2_phase/motordrive.py","stop","134","","","","","","","","","","","","","","","","","","","","","","0.0","0.0","","","","","","","","","","","","","","","","","","","","","","",""
"11558.043123055","2026-08-15 09:23:06.657472","/home/akatoki/SC-30/scripts/SC-30/2_phase/motordrive.py","check_stuck","287","","","","check_stuck: is_stacked=1, is_inverted=False","","","","","","","","","","","","","","","","","","","","","","","","","","","","","","","","","","","","","","","","","",""
"11558.048136339","2026-08-15 09:23:06.662496","/home/akatoki/SC-30/scripts/SC-30/2_phase/motordrive.py","check_stuck","291","","","","Starting Stack Release Sequence...","","","","","","","","","","","","","","","","","","","","","","","","","","","","","","","","","","","","","","","","","",""
"11558.852377351","2026-08-15 09:23:07.466724","/home/akatoki/SC-30/scripts/SC-30/2_phase/motordrive.py","move","150","","","","move: direction=s, power=1.0, duration=3.0","","","","","","","","","","","","","","","","","","","","","","","","","","","","","","","","","","","","","","","","","",""
"11558.859663382","2026-08-15 09:23:07.474010","/home/akatoki/SC-30/scripts/SC-30/2_phase/motordrive.py","set_values","186","","","","","","","","","","","","","","","","","","","","","","-0.0","-0.0","","","","","","","","","","","","","","","","","","","","","","",""
"11558.893229162","2026-08-15 09:23:07.507567","/home/akatoki/SC-30/scripts/SC-30/2_phase/motordrive.py","set_values","186","","","","","","","","","","","","","","","","","","","","","","-0.1","-0.1","","","","","","","","","","","","","","","","","","","","","","",""
"11558.926261787","2026-08-15 09:23:07.540599","/home/akatoki/SC-30/scripts/SC-30/2_phase/motordrive.py","set_values","186","","","","","","","","","","","","","","","","","","","","","","-0.2","-0.2","","","","","","","","","","","","","","","","","","","","","","",""
"11558.958629205","2026-08-15 09:23:07.572966","/home/akatoki/SC-30/scripts/SC-30/2_phase/motordrive.py","set_values","186","","","","","","","","","","","","","","","","","","","","","","-0.30000000000000004","-0.30000000000000004","","","","","","","","","","","","","","","","","","","","","","",""
"11558.996216322","2026-08-15 09:23:07.610555","/home/akatoki/SC-30/scripts/SC-30/2_phase/motordrive.py","set_values","186","","","","","","","","","","","","","","","","","","","","","","-0.4","-0.4","","","","","","","","","","","","","","","","","","","","","","",""
"11559.029189482","2026-08-15 09:23:07.643528","/home/akatoki/SC-30/scripts/SC-30/2_phase/motordrive.py","set_values","186","","","","","","","","","","","","","","","","","","","","","","-0.5","-0.5","","","","","","","","","","","","","","","","","","","","","","",""
"11559.062179305","2026-08-15 09:23:07.676518","/home/akatoki/SC-30/scripts/SC-30/2_phase/motordrive.py","set_values","186","","","","","","","","","","","","","","","","","","","","","","-0.6000000000000001","-0.6000000000000001","","","","","","","","","","","","","","","","","","","","","","",""
"11559.107825915","2026-08-15 09:23:07.722163","/home/akatoki/SC-30/scripts/SC-30/2_phase/motordrive.py","set_values","186","","","","","","","","","","","","","","","","","","","","","","-0.7000000000000001","-0.7000000000000001","","","","","","","","","","","","","","","","","","","","","","",""
"11559.140346526","2026-08-15 09:23:07.754685","/home/akatoki/SC-30/scripts/SC-30/2_phase/motordrive.py","set_values","186","","","","","","","","","","","","","","","","","","","","","","-0.8","-0.8","","","","","","","","","","","","","","","","","","","","","","",""
"11559.171299333","2026-08-15 09:23:07.785638","/home/akatoki/SC-30/scripts/SC-30/2_phase/motordrive.py","set_values","186","","","","","","","","","","","","","","","","","","","","","","-0.9","-0.9","","","","","","","","","","","","","","","","","","","","","","",""
"11559.203047367","2026-08-15 09:23:07.817391","/home/akatoki/SC-30/scripts/SC-30/2_phase/motordrive.py","set_values","186","","","","","","","","","","","","","","","","","","","","","","-1.0","-1.0","","","","","","","","","","","","","","","","","","","","","","",""
"11559.23882231","2026-08-15 09:23:07.853167","/home/akatoki/SC-30/scripts/SC-30/2_phase/motordrive.py","set_values","186","","","","","","","","","","","","","","","","","","","","","","-1.0","-1.0","","","","","","","","","","","","","","","","","","","","","","",""
"11561.9712601","2026-08-15 09:23:10.585611","/home/akatoki/SC-30/scripts/SC-30/2_phase/motordrive.py","stop","120","","","","stop: power_r=-1.0, power_l=-1.0","","","","","","","","","","","","","","","","","","","","","","","","","","","","","","","","","","","","","","","","","",""
"11562.572813286","2026-08-15 09:23:11.187164","/home/akatoki/SC-30/scripts/SC-30/2_phase/motordrive.py","stop","134","","","","","","","","","","","","","","","","","","","","","","0.0","0.0","","","","","","","","","","","","","","","","","","","","","","",""
"11563.17840179","2026-08-15 09:23:11.792751","/home/akatoki/SC-30/scripts/SC-30/2_phase/motordrive.py","move","150","","","","move: direction=d, power=1.0, duration=1.0","","","","","","","","","","","","","","","","","","","","","","","","","","","","","","","","","","","","","","","","","",""
"11563.184974576","2026-08-15 09:23:11.799325","/home/akatoki/SC-30/scripts/SC-30/2_phase/motordrive.py","set_values","186","","","","","","","","","","","","","","","","","","","","","","0.0","0.0","","","","","","","","","","","","","","","","","","","","","","",""
"11563.216084853","2026-08-15 09:23:11.830426","/home/akatoki/SC-30/scripts/SC-30/2_phase/motordrive.py","set_values","186","","","","","","","","","","","","","","","","","","","","","","0.1","0.05","","","","","","","","","","","","","","","","","","","","","","",""
"11563.251332029","2026-08-15 09:23:11.865674","/home/akatoki/SC-30/scripts/SC-30/2_phase/motordrive.py","set_values","186","","","","","","","","","","","","","","","","","","","","","","0.2","0.1","","","","","","","","","","","","","","","","","","","","","","",""
"11563.288501358","2026-08-15 09:23:11.902841","/home/akatoki/SC-30/scripts/SC-30/2_phase/motordrive.py","set_values","186","","","","","","","","","","","","","","","","","","","","","","0.30000000000000004","0.15000000000000002","","","","","","","","","","","","","","","","","","","","","","",""
"11563.322499086","2026-08-15 09:23:11.936840","/home/akatoki/SC-30/scripts/SC-30/2_phase/motordrive.py","set_values","186","","","","","","","","","","","","","","","","","","","","","","0.4","0.2","","","","","","","","","","","","","","","","","","","","","","",""
"11563.35732412","2026-08-15 09:23:11.971666","/home/akatoki/SC-30/scripts/SC-30/2_phase/motordrive.py","set_values","186","","","","","","","","","","","","","","","","","","","","","","0.5","0.25","","","","","","","","","","","","","","","","","","","","","","",""
"11563.389308778","2026-08-15 09:23:12.003649","/home/akatoki/SC-30/scripts/SC-30/2_phase/motordrive.py","set_values","186","","","","","","","","","","","","","","","","","","","","","","0.6000000000000001","0.30000000000000004","","","","","","","","","","","","","","","","","","","","","","",""
"11563.422659656","2026-08-15 09:23:12.036999","/home/akatoki/SC-30/scripts/SC-30/2_phase/motordrive.py","set_values","186","","","","","","","","","","","","","","","","","","","","","","0.7000000000000001","0.35000000000000003","","","","","","","","","","","","","","","","","","","","","","",""
"11563.456356546","2026-08-15 09:23:12.070697","/home/akatoki/SC-30/scripts/SC-30/2_phase/motordrive.py","set_values","186","","","","","","","","","","","","","","","","","","","","","","0.8","0.4","","","","","","","","","","","","","","","","","","","","","","",""
"11563.489365316","2026-08-15 09:23:12.103704","/home/akatoki/SC-30/scripts/SC-30/2_phase/motordrive.py","set_values","186","","","","","","","","","","","","","","","","","","","","","","0.9","0.45","","","","","","","","","","","","","","","","","","","","","","",""
"11563.531563091","2026-08-15 09:23:12.145902","/home/akatoki/SC-30/scripts/SC-30/2_phase/motordrive.py","set_values","186","","","","","","","","","","","","","","","","","","","","","","1.0","0.5","","","","","","","","","","","","","","","","","","","","","","",""
"11563.564270889","2026-08-15 09:23:12.178611","/home/akatoki/SC-30/scripts/SC-30/2_phase/motordrive.py","set_values","186","","","","","","","","","","","","","","","","","","","","","","1.0","0.5","","","","","","","","","","","","","","","","","","","","","","",""
"11564.298087725","2026-08-15 09:23:12.912429","/home/akatoki/SC-30/scripts/SC-30/2_phase/motordrive.py","stop","120","","","","stop: power_r=0.5, power_l=1.0","","","","","","","","","","","","","","","","","","","","","","","","","","","","","","","","","","","","","","","","","",""
"11564.897902166","2026-08-15 09:23:13.512252","/home/akatoki/SC-30/scripts/SC-30/2_phase/motordrive.py","stop","134","","","","","","","","","","","","","","","","","","","","","","0.0","0.0","","","","","","","","","","","","","","","","","","","","","","",""
"11565.504293963","2026-08-15 09:23:14.118644","/home/akatoki/SC-30/scripts/SC-30/2_phase/motordrive.py","move","150","","","","move: direction=w, power=1.0, duration=2.0","","","","","","","","","","","","","","","","","","","","","","","","","","","","","","","","","","","","","","","","","",""
"11565.512325284","2026-08-15 09:23:14.126677","/home/akatoki/SC-30/scripts/SC-30/2_phase/motordrive.py","set_values","186","","","","","","","","","","","","","","","","","","","","","","0.0","0.0","","","","","","","","","","","","","","","","","","","","","","",""
"11565.545457001","2026-08-15 09:23:14.159796","/home/akatoki/SC-30/scripts/SC-30/2_phase/motordrive.py","set_values","186","","","","","","","","","","","","","","","","","","","","","","0.06999999999999999","0.1","","","","","","","","","","","","","","","","","","","","","","",""
"11565.582780457","2026-08-15 09:23:14.197120","/home/akatoki/SC-30/scripts/SC-30/2_phase/motordrive.py","set_values","186","","","","","","","","","","","","","","","","","","","","","","0.13999999999999999","0.2","","","","","","","","","","","","","","","","","","","","","","",""
"11565.616549318","2026-08-15 09:23:14.230890","/home/akatoki/SC-30/scripts/SC-30/2_phase/motordrive.py","set_values","186","","","","","","","","","","","","","","","","","","","","","","0.21000000000000002","0.30000000000000004","","","","","","","","","","","","","","","","","","","","","","",""
"11565.653426888","2026-08-15 09:23:14.267767","/home/akatoki/SC-30/scripts/SC-30/2_phase/motordrive.py","set_values","186","","","","","","","","","","","","","","","","","","","","","","0.27999999999999997","0.4","","","","","","","","","","","","","","","","","","","","","","",""
"11565.68897966","2026-08-15 09:23:14.303319","/home/akatoki/SC-30/scripts/SC-30/2_phase/motordrive.py","set_values","186","","","","","","","","","","","","","","","","","","","","","","0.35","0.5","","","","","","","","","","","","","","","","","","","","","","",""
"11565.72267005","2026-08-15 09:23:14.337009","/home/akatoki/SC-30/scripts/SC-30/2_phase/motordrive.py","set_values","186","","","","","","","","","","","","","","","","","","","","","","0.42000000000000004","0.6000000000000001","","","","","","","","","","","","","","","","","","","","","","",""
"11565.756441463","2026-08-15 09:23:14.370781","/home/akatoki/SC-30/scripts/SC-30/2_phase/motordrive.py","set_values","186","","","","","","","","","","","","","","","","","","","","","","0.49","0.7000000000000001","","","","","","","","","","","","","","","","","","","","","","",""
"11565.790477762","2026-08-15 09:23:14.404817","/home/akatoki/SC-30/scripts/SC-30/2_phase/motordrive.py","set_values","186","","","","","","","","","","","","","","","","","","","","","","0.5599999999999999","0.8","","","","","","","","","","","","","","","","","","","","","","",""
"11565.830567818","2026-08-15 09:23:14.444909","/home/akatoki/SC-30/scripts/SC-30/2_phase/motordrive.py","set_values","186","","","","","","","","","","","","","","","","","","","","","","0.63","0.9","","","","","","","","","","","","","","","","","","","","","","",""
"11565.863515099","2026-08-15 09:23:14.477856","/home/akatoki/SC-30/scripts/SC-30/2_phase/motordrive.py","set_values","186","","","","","","","","","","","","","","","","","","","","","","0.7","1.0","","","","","","","","","","","","","","","","","","","","","","",""
"11565.897001213","2026-08-15 09:23:14.511343","/home/akatoki/SC-30/scripts/SC-30/2_phase/motordrive.py","set_values","186","","","","","","","","","","","","","","","","","","","","","","0.7","1.0","","","","","","","","","","","","","","","","","","","","","","",""
"11567.629153091","2026-08-15 09:23:16.243494","/home/akatoki/SC-30/scripts/SC-30/2_phase/motordrive.py","stop","120","","","","stop: power_r=1.0, power_l=0.7","","","","","","","","","","","","","","","","","","","","","","","","","","","","","","","","","","","","","","","","","",""
"11568.227645085","2026-08-15 09:23:16.841994","/home/akatoki/SC-30/scripts/SC-30/2_phase/motordrive.py","stop","134","","","","","","","","","","","","","","","","","","","","","","0.0","0.0","","","","","","","","","","","","","","","","","","","","","","",""
"11568.834854951","2026-08-15 09:23:17.449211","/home/akatoki/SC-30/scripts/SC-30/2_phase/motordrive.py","check_stuck","314","","","","Stack Release Sequence Finished.","","","","","","","","","","","","","","","","","","","","","","","","","","","","","","","","","","","","","","","","","",""
"11568.992272524","2026-08-15 09:23:17.606612","/home/akatoki/SC-30/scripts/SC-30/2_phase/motordrive.py","move","150","","","","move: direction=e, power=0.7, duration=0.1","","","","","","","","","","","","","","","","","","","","","","","","","","","","","","","","","","","","","","","","","",""
"11569.006913918","2026-08-15 09:23:17.621264","/home/akatoki/SC-30/scripts/SC-30/2_phase/motordrive.py","set_values","186","","","","","","","","","","","","","","","","","","","","","","0.0","-0.0","","","","","","","","","","","","","","","","","","","","","","",""
"11569.041817662","2026-08-15 09:23:17.656157","/home/akatoki/SC-30/scripts/SC-30/2_phase/motordrive.py","set_values","186","","","","","","","","","","","","","","","","","","","","","","0.1","-0.1","","","","","","","","","","","","","","","","","","","","","","",""
"11569.076528324","2026-08-15 09:23:17.690868","/home/akatoki/SC-30/scripts/SC-30/2_phase/motordrive.py","set_values","186","","","","","","","","","","","","","","","","","","","","","","0.2","-0.2","","","","","","","","","","","","","","","","","","","","","","",""
"11569.110143664","2026-08-15 09:23:17.724481","/home/akatoki/SC-30/scripts/SC-30/2_phase/motordrive.py","set_values","186","","","","","","","","","","","","","","","","","","","","","","0.30000000000000004","-0.30000000000000004","","","","","","","","","","","","","","","","","","","","","","",""
"11569.143952346","2026-08-15 09:23:17.758292","/home/akatoki/SC-30/scripts/SC-30/2_phase/motordrive.py","set_values","186","","","","","","","","","","","","","","","","","","","","","","0.4","-0.4","","","","","","","","","","","","","","","","","","","","","","",""
"11569.177834916","2026-08-15 09:23:17.792176","/home/akatoki/SC-30/scripts/SC-30/2_phase/motordrive.py","set_values","186","","","","","","","","","","","","","","","","","","","","","","0.5","-0.5","","","","","","","","","","","","","","","","","","","","","","",""
"11569.210838521","2026-08-15 09:23:17.825179","/home/akatoki/SC-30/scripts/SC-30/2_phase/motordrive.py","set_values","186","","","","","","","","","","","","","","","","","","","","","","0.6000000000000001","-0.6000000000000001","","","","","","","","","","","","","","","","","","","","","","",""
"11569.249311241","2026-08-15 09:23:17.863654","/home/akatoki/SC-30/scripts/SC-30/2_phase/motordrive.py","stop","120","","","","stop: power_r=-0.6, power_l=0.6","","","","","","","","","","","","","","","","","","","","","","","","","","","","","","","","","","","","","","","","","",""
"11569.578163975","2026-08-15 09:23:18.192517","/home/akatoki/SC-30/scripts/SC-30/2_phase/motordrive.py","stop","134","","","","","","","","","","","","","","","","","","","","","","0.0","0.0","","","","","","","","","","","","","","","","","","","","","","",""
"11569.683095144","2026-08-15 09:23:18.297450","/home/akatoki/SC-30/scripts/SC-30/2_phase/motordrive.py","check_stuck","287","","","","check_stuck: is_stacked=1, is_inverted=False","","","","","","","","","","","","","","","","","","","","","","","","","","","","","","","","","","","","","","","","","",""
"11569.688937772","2026-08-15 09:23:18.303300","/home/akatoki/SC-30/scripts/SC-30/2_phase/motordrive.py","check_stuck","291","","","","Starting Stack Release Sequence...","","","","","","","","","","","","","","","","","","","","","","","","","","","","","","","","","","","","","","","","","",""
"11570.49749086","2026-08-15 09:23:19.111836","/home/akatoki/SC-30/scripts/SC-30/2_phase/motordrive.py","move","150","","","","move: direction=s, power=1.0, duration=3.0","","","","","","","","","","","","","","","","","","","","","","","","","","","","","","","","","","","","","","","","","",""
"11570.503839785","2026-08-15 09:23:19.118187","/home/akatoki/SC-30/scripts/SC-30/2_phase/motordrive.py","set_values","186","","","","","","","","","","","","","","","","","","","","","","-0.0","-0.0","","","","","","","","","","","","","","","","","","","","","","",""
"11570.535160339","2026-08-15 09:23:19.149497","/home/akatoki/SC-30/scripts/SC-30/2_phase/motordrive.py","set_values","186","","","","","","","","","","","","","","","","","","","","","","-0.1","-0.1","","","","","","","","","","","","","","","","","","","","","","",""
"11570.577932776","2026-08-15 09:23:19.192271","/home/akatoki/SC-30/scripts/SC-30/2_phase/motordrive.py","set_values","186","","","","","","","","","","","","","","","","","","","","","","-0.2","-0.2","","","","","","","","","","","","","","","","","","","","","","",""
"11570.614482406","2026-08-15 09:23:19.228820","/home/akatoki/SC-30/scripts/SC-30/2_phase/motordrive.py","set_values","186","","","","","","","","","","","","","","","","","","","","","","-0.30000000000000004","-0.30000000000000004","","","","","","","","","","","","","","","","","","","","","","",""
"11570.650921122","2026-08-15 09:23:19.265259","/home/akatoki/SC-30/scripts/SC-30/2_phase/motordrive.py","set_values","186","","","","","","","","","","","","","","","","","","","","","","-0.4","-0.4","","","","","","","","","","","","","","","","","","","","","","",""
"11570.683975971","2026-08-15 09:23:19.298314","/home/akatoki/SC-30/scripts/SC-30/2_phase/motordrive.py","set_values","186","","","","","","","","","","","","","","","","","","","","","","-0.5","-0.5","","","","","","","","","","","","","","","","","","","","","","",""
"11570.717414014","2026-08-15 09:23:19.331751","/home/akatoki/SC-30/scripts/SC-30/2_phase/motordrive.py","set_values","186","","","","","","","","","","","","","","","","","","","","","","-0.6000000000000001","-0.6000000000000001","","","","","","","","","","","","","","","","","","","","","","",""
"11570.749976787","2026-08-15 09:23:19.364314","/home/akatoki/SC-30/scripts/SC-30/2_phase/motordrive.py","set_values","186","","","","","","","","","","","","","","","","","","","","","","-0.7000000000000001","-0.7000000000000001","","","","","","","","","","","","","","","","","","","","","","",""
"11570.782561222","2026-08-15 09:23:19.396899","/home/akatoki/SC-30/scripts/SC-30/2_phase/motordrive.py","set_values","186","","","","","","","","","","","","","","","","","","","","","","-0.8","-0.8","","","","","","","","","","","","","","","","","","","","","","",""
"11570.820411806","2026-08-15 09:23:19.434749","/home/akatoki/SC-30/scripts/SC-30/2_phase/motordrive.py","set_values","186","","","","","","","","","","","","","","","","","","","","","","-0.9","-0.9","","","","","","","","","","","","","","","","","","","","","","",""
"11570.852139716","2026-08-15 09:23:19.466487","/home/akatoki/SC-30/scripts/SC-30/2_phase/motordrive.py","set_values","186","","","","","","","","","","","","","","","","","","","","","","-1.0","-1.0","","","","","","","","","","","","","","","","","","","","","","",""
"11570.885537769","2026-08-15 09:23:19.499884","/home/akatoki/SC-30/scripts/SC-30/2_phase/motordrive.py","set_values","186","","","","","","","","","","","","","","","","","","","","","","-1.0","-1.0","","","","","","","","","","","","","","","","","","","","","","",""
"11573.617902462","2026-08-15 09:23:22.232253","/home/akatoki/SC-30/scripts/SC-30/2_phase/motordrive.py","stop","120","","","","stop: power_r=-1.0, power_l=-1.0","","","","","","","","","","","","","","","","","","","","","","","","","","","","","","","","","","","","","","","","","",""
"11574.213475531","2026-08-15 09:23:22.827824","/home/akatoki/SC-30/scripts/SC-30/2_phase/motordrive.py","stop","134","","","","","","","","","","","","","","","","","","","","","","0.0","0.0","","","","","","","","","","","","","","","","","","","","","","",""
"11574.824688538","2026-08-15 09:23:23.439038","/home/akatoki/SC-30/scripts/SC-30/2_phase/motordrive.py","move","150","","","","move: direction=d, power=1.0, duration=1.0","","","","","","","","","","","","","","","","","","","","","","","","","","","","","","","","","","","","","","","","","",""
"11574.832150049","2026-08-15 09:23:23.446496","/home/akatoki/SC-30/scripts/SC-30/2_phase/motordrive.py","set_values","186","","","","","","","","","","","","","","","","","","","","","","0.0","0.0","","","","","","","","","","","","","","","","","","","","","","",""
"11574.868985002","2026-08-15 09:23:23.483324","/home/akatoki/SC-30/scripts/SC-30/2_phase/motordrive.py","set_values","186","","","","","","","","","","","","","","","","","","","","","","0.1","0.05","","","","","","","","","","","","","","","","","","","","","","",""
"11574.902710544","2026-08-15 09:23:23.517051","/home/akatoki/SC-30/scripts/SC-30/2_phase/motordrive.py","set_values","186","","","","","","","","","","","","","","","","","","","","","","0.2","0.1","","","","","","","","","","","","","","","","","","","","","","",""
"11574.937249655","2026-08-15 09:23:23.551590","/home/akatoki/SC-30/scripts/SC-30/2_phase/motordrive.py","set_values","186","","","","","","","","","","","","","","","","","","","","","","0.30000000000000004","0.15000000000000002","","","","","","","","","","","","","","","","","","","","","","",""
"11574.971953","2026-08-15 09:23:23.586291","/home/akatoki/SC-30/scripts/SC-30/2_phase/motordrive.py","set_values","186","","","","","","","","","","","","","","","","","","","","","","0.4","0.2","","","","","","","","","","","","","","","","","","","","","","",""
"11575.006221182","2026-08-15 09:23:23.620558","/home/akatoki/SC-30/scripts/SC-30/2_phase/motordrive.py","set_values","186","","","","","","","","","","","","","","","","","","","","","","0.5","0.25","","","","","","","","","","","","","","","","","","","","","","",""
"11575.038003981","2026-08-15 09:23:23.652340","/home/akatoki/SC-30/scripts/SC-30/2_phase/motordrive.py","set_values","186","","","","","","","","","","","","","","","","","","","","","","0.6000000000000001","0.30000000000000004","","","","","","","","","","","","","","","","","","","","","","",""
"11575.074526816","2026-08-15 09:23:23.688864","/home/akatoki/SC-30/scripts/SC-30/2_phase/motordrive.py","set_values","186","","","","","","","","","","","","","","","","","","","","","","0.7000000000000001","0.35000000000000003","","","","","","","","","","","","","","","","","","","","","","",""
"11575.105991196","2026-08-15 09:23:23.720329","/home/akatoki/SC-30/scripts/SC-30/2_phase/motordrive.py","set_values","186","","","","","","","","","","","","","","","","","","","","","","0.8","0.4","","","","","","","","","","","","","","","","","","","","","","",""
"11575.137652825","2026-08-15 09:23:23.751990","/home/akatoki/SC-30/scripts/SC-30/2_phase/motordrive.py","set_values","186","","","","","","","","","","","","","","","","","","","","","","0.9","0.45","","","","","","","","","","","","","","","","","","","","","","",""
"11575.168833623","2026-08-15 09:23:23.783171","/home/akatoki/SC-30/scripts/SC-30/2_phase/motordrive.py","set_values","186","","","","","","","","","","","","","","","","","","","","","","1.0","0.5","","","","","","","","","","","","","","","","","","","","","","",""
"11575.199710062","2026-08-15 09:23:23.814049","/home/akatoki/SC-30/scripts/SC-30/2_phase/motordrive.py","set_values","186","","","","","","","","","","","","","","","","","","","","","","1.0","0.5","","","","","","","","","","","","","","","","","","","","","","",""
"11575.932955761","2026-08-15 09:23:24.547299","/home/akatoki/SC-30/scripts/SC-30/2_phase/motordrive.py","stop","120","","","","stop: power_r=0.5, power_l=1.0","","","","","","","","","","","","","","","","","","","","","","","","","","","","","","","","","","","","","","","","","",""
"11576.543157559","2026-08-15 09:23:25.157508","/home/akatoki/SC-30/scripts/SC-30/2_phase/motordrive.py","stop","134","","","","","","","","","","","","","","","","","","","","","","0.0","0.0","","","","","","","","","","","","","","","","","","","","","","",""
"11577.153091631","2026-08-15 09:23:25.767443","/home/akatoki/SC-30/scripts/SC-30/2_phase/motordrive.py","move","150","","","","move: direction=w, power=1.0, duration=2.0","","","","","","","","","","","","","","","","","","","","","","","","","","","","","","","","","","","","","","","","","",""
"11577.163178094","2026-08-15 09:23:25.777529","/home/akatoki/SC-30/scripts/SC-30/2_phase/motordrive.py","set_values","186","","","","","","","","","","","","","","","","","","","","","","0.0","0.0","","","","","","","","","","","","","","","","","","","","","","",""
"11577.198800982","2026-08-15 09:23:25.813140","/home/akatoki/SC-30/scripts/SC-30/2_phase/motordrive.py","set_values","186","","","","","","","","","","","","","","","","","","","","","","0.06999999999999999","0.1","","","","","","","","","","","","","","","","","","","","","","",""
"11577.236119849","2026-08-15 09:23:25.850466","/home/akatoki/SC-30/scripts/SC-30/2_phase/motordrive.py","set_values","186","","","","","","","","","","","","","","","","","","","","","","0.13999999999999999","0.2","","","","","","","","","","","","","","","","","","","","","","",""
"11577.270605541","2026-08-15 09:23:25.884945","/home/akatoki/SC-30/scripts/SC-30/2_phase/motordrive.py","set_values","186","","","","","","","","","","","","","","","","","","","","","","0.21000000000000002","0.30000000000000004","","","","","","","","","","","","","","","","","","","","","","",""
"11577.304570775","2026-08-15 09:23:25.918909","/home/akatoki/SC-30/scripts/SC-30/2_phase/motordrive.py","set_values","186","","","","","","","","","","","","","","","","","","","","","","0.27999999999999997","0.4","","","","","","","","","","","","","","","","","","","","","","",""
"11577.339225076","2026-08-15 09:23:25.953564","/home/akatoki/SC-30/scripts/SC-30/2_phase/motordrive.py","set_values","186","","","","","","","","","","","","","","","","","","","","","","0.35","0.5","","","","","","","","","","","","","","","","","","","","","","",""
"11577.377075127","2026-08-15 09:23:25.991413","/home/akatoki/SC-30/scripts/SC-30/2_phase/motordrive.py","set_values","186","","","","","","","","","","","","","","","","","","","","","","0.42000000000000004","0.6000000000000001","","","","","","","","","","","","","","","","","","","","","","",""
"11577.410203062","2026-08-15 09:23:26.024544","/home/akatoki/SC-30/scripts/SC-30/2_phase/motordrive.py","set_values","186","","","","","","","","","","","","","","","","","","","","","","0.49","0.7000000000000001","","","","","","","","","","","","","","","","","","","","","","",""
"11577.445810463","2026-08-15 09:23:26.060151","/home/akatoki/SC-30/scripts/SC-30/2_phase/motordrive.py","set_values","186","","","","","","","","","","","","","","","","","","","","","","0.5599999999999999","0.8","","","","","","","","","","","","","","","","","","","","","","",""
"11577.479433979","2026-08-15 09:23:26.093775","/home/akatoki/SC-30/scripts/SC-30/2_phase/motordrive.py","set_values","186","","","","","","","","","","","","","","","","","","","","","","0.63","0.9","","","","","","","","","","","","","","","","","","","","","","",""
"11577.514832624","2026-08-15 09:23:26.129175","/home/akatoki/SC-30/scripts/SC-30/2_phase/motordrive.py","set_values","186","","","","","","","","","","","","","","","","","","","","","","0.7","1.0","","","","","","","","","","","","","","","","","","","","","","",""
"11577.550367437","2026-08-15 09:23:26.164709","/home/akatoki/SC-30/scripts/SC-30/2_phase/motordrive.py","set_values","186","","","","","","","","","","","","","","","","","","","","","","0.7","1.0","","","","","","","","","","","","","","","","","","","","","","",""
"11579.285194124","2026-08-15 09:23:27.899538","/home/akatoki/SC-30/scripts/SC-30/2_phase/motordrive.py","stop","120","","","","stop: power_r=1.0, power_l=0.7","","","","","","","","","","","","","","","","","","","","","","","","","","","","","","","","","","","","","","","","","",""
"11579.897859997","2026-08-15 09:23:28.512208","/home/akatoki/SC-30/scripts/SC-30/2_phase/motordrive.py","stop","134","","","","","","","","","","","","","","","","","","","","","","0.0","0.0","","","","","","","","","","","","","","","","","","","","","","",""
"11580.520335741","2026-08-15 09:23:29.134696","/home/akatoki/SC-30/scripts/SC-30/2_phase/motordrive.py","check_stuck","314","","","","Stack Release Sequence Finished.","","","","","","","","","","","","","","","","","","","","","","","","","","","","","","","","","","","","","","","","","",""
"11580.696099421","2026-08-15 09:23:29.310447","/home/akatoki/SC-30/scripts/SC-30/2_phase/motordrive.py","move","150","","","","move: direction=w, power=0.7, duration=1.5","","","","","","","","","","","","","","","","","","","","","","","","","","","","","","","","","","","","","","","","","",""
"11580.713237452","2026-08-15 09:23:29.327585","/home/akatoki/SC-30/scripts/SC-30/2_phase/motordrive.py","set_values","186","","","","","","","","","","","","","","","","","","","","","","0.0","0.0","","","","","","","","","","","","","","","","","","","","","","",""
"11580.756758685","2026-08-15 09:23:29.371099","/home/akatoki/SC-30/scripts/SC-30/2_phase/motordrive.py","set_values","186","","","","","","","","","","","","","","","","","","","","","","0.06999999999999999","0.1","","","","","","","","","","","","","","","","","","","","","","",""
"11580.803451101","2026-08-15 09:23:29.417789","/home/akatoki/SC-30/scripts/SC-30/2_phase/motordrive.py","set_values","186","","","","","","","","","","","","","","","","","","","","","","0.13999999999999999","0.2","","","","","","","","","","","","","","","","","","","","","","",""
"11580.837292675","2026-08-15 09:23:29.451630","/home/akatoki/SC-30/scripts/SC-30/2_phase/motordrive.py","set_values","186","","","","","","","","","","","","","","","","","","","","","","0.21000000000000002","0.30000000000000004","","","","","","","","","","","","","","","","","","","","","","",""
"11580.880223516","2026-08-15 09:23:29.494561","/home/akatoki/SC-30/scripts/SC-30/2_phase/motordrive.py","set_values","186","","","","","","","","","","","","","","","","","","","","","","0.27999999999999997","0.4","","","","","","","","","","","","","","","","","","","","","","",""
"11580.917626345","2026-08-15 09:23:29.531965","/home/akatoki/SC-30/scripts/SC-30/2_phase/motordrive.py","set_values","186","","","","","","","","","","","","","","","","","","","","","","0.35","0.5","","","","","","","","","","","","","","","","","","","","","","",""
"11580.949903469","2026-08-15 09:23:29.564241","/home/akatoki/SC-30/scripts/SC-30/2_phase/motordrive.py","set_values","186","","","","","","","","","","","","","","","","","","","","","","0.42000000000000004","0.6000000000000001","","","","","","","","","","","","","","","","","","","","","","",""
"11580.985613697","2026-08-15 09:23:29.599954","/home/akatoki/SC-30/scripts/SC-30/2_phase/motordrive.py","set_values","186","","","","","","","","","","","","","","","","","","","","","","0.48999999999999994","0.7","","","","","","","","","","","","","","","","","","","","","","",""
"11582.317087647","2026-08-15 09:23:30.931434","/home/akatoki/SC-30/scripts/SC-30/2_phase/motordrive.py","stop","120","","","","stop: power_r=0.7, power_l=0.4899","","","","","","","","","","","","","","","","","","","","","","","","","","","","","","","","","","","","","","","","","",""
"11582.719302111","2026-08-15 09:23:31.333651","/home/akatoki/SC-30/scripts/SC-30/2_phase/motordrive.py","stop","134","","","","","","","","","","","","","","","","","","","","","","0.0","0.0","","","","","","","","","","","","","","","","","","","","","","",""
"11582.975087195","2026-08-15 09:23:31.589426","/home/akatoki/SC-30/scripts/SC-30/2_phase/motordrive.py","move","150","","","","move: direction=e, power=0.7, duration=0.1","","","","","","","","","","","","","","","","","","","","","","","","","","","","","","","","","","","","","","","","","",""
"11582.997379399","2026-08-15 09:23:31.611733","/home/akatoki/SC-30/scripts/SC-30/2_phase/motordrive.py","set_values","186","","","","","","","","","","","","","","","","","","","","","","0.0","-0.0","","","","","","","","","","","","","","","","","","","","","","",""
"11583.033540736","2026-08-15 09:23:31.647878","/home/akatoki/SC-30/scripts/SC-30/2_phase/motordrive.py","set_values","186","","","","","","","","","","","","","","","","","","","","","","0.1","-0.1","","","","","","","","","","","","","","","","","","","","","","",""
"11583.069717069","2026-08-15 09:23:31.684057","/home/akatoki/SC-30/scripts/SC-30/2_phase/motordrive.py","set_values","186","","","","","","","","","","","","","","","","","","","","","","0.2","-0.2","","","","","","","","","","","","","","","","","","","","","","",""
"11583.103161182","2026-08-15 09:23:31.717498","/home/akatoki/SC-30/scripts/SC-30/2_phase/motordrive.py","set_values","186","","","","","","","","","","","","","","","","","","","","","","0.30000000000000004","-0.30000000000000004","","","","","","","","","","","","","","","","","","","","","","",""
"11583.138493375","2026-08-15 09:23:31.752831","/home/akatoki/SC-30/scripts/SC-30/2_phase/motordrive.py","set_values","186","","","","","","","","","","","","","","","","","","","","","","0.4","-0.4","","","","","","","","","","","","","","","","","","","","","","",""
"11583.172192849","2026-08-15 09:23:31.786531","/home/akatoki/SC-30/scripts/SC-30/2_phase/motordrive.py","set_values","186","","","","","","","","","","","","","","","","","","","","","","0.5","-0.5","","","","","","","","","","","","","","","","","","","","","","",""
"11583.205158107","2026-08-15 09:23:31.819495","/home/akatoki/SC-30/scripts/SC-30/2_phase/motordrive.py","set_values","186","","","","","","","","","","","","","","","","","","","","","","0.6000000000000001","-0.6000000000000001","","","","","","","","","","","","","","","","","","","","","","",""
"11583.243207472","2026-08-15 09:23:31.857547","/home/akatoki/SC-30/scripts/SC-30/2_phase/motordrive.py","stop","120","","","","stop: power_r=-0.6, power_l=0.6","","","","","","","","","","","","","","","","","","","","","","","","","","","","","","","","","","","","","","","","","",""
"11583.416489194","2026-08-15 09:23:32.030827","/home/akatoki/SC-30/scripts/SC-30/2_phase/motordrive.py","move","150","","","","move: direction=e, power=0.7, duration=0.1","","","","","","","","","","","","","","","","","","","","","","","","","","","","","","","","","","","","","","","","","",""
"11583.466723775","2026-08-15 09:23:32.081062","/home/akatoki/SC-30/scripts/SC-30/2_phase/motordrive.py","move","150","","","","move: direction=w, power=0.7, duration=1.5","","","","","","","","","","","","","","","","","","","","","","","","","","","","","","","","","","","","","","","","","",""
"11583.520332212","2026-08-15 09:23:32.134672","/home/akatoki/SC-30/scripts/SC-30/2_phase/motordrive.py","move","150","","","","move: direction=w, power=0.7, duration=1.5","","","","","","","","","","","","","","","","","","","","","","","","","","","","","","","","","","","","","","","","","",""
"11583.56949442","2026-08-15 09:23:32.183831","/home/akatoki/SC-30/scripts/SC-30/2_phase/motordrive.py","move","150","","","","move: direction=w, power=0.7, duration=1.5","","","","","","","","","","","","","","","","","","","","","","","","","","","","","","","","","","","","","","","","","",""
"11583.615363484","2026-08-15 09:23:32.229701","/home/akatoki/SC-30/scripts/SC-30/2_phase/motordrive.py","move","150","","","","move: direction=w, power=0.7, duration=1.5","","","","","","","","","","","","","","","","","","","","","","","","","","","","","","","","","","","","","","","","","",""
"11583.661944322","2026-08-15 09:23:32.276283","/home/akatoki/SC-30/scripts/SC-30/2_phase/motordrive.py","move","150","","","","move: direction=w, power=0.7, duration=1.5","","","","","","","","","","","","","","","","","","","","","","","","","","","","","","","","","","","","","","","","","",""
"11583.713761427","2026-08-15 09:23:32.328099","/home/akatoki/SC-30/scripts/SC-30/2_phase/motordrive.py","move","150","","","","move: direction=w, power=0.7, duration=1.5","","","","","","","","","","","","","","","","","","","","","","","","","","","","","","","","","","","","","","","","","",""
"11583.760675474","2026-08-15 09:23:32.375013","/home/akatoki/SC-30/scripts/SC-30/2_phase/motordrive.py","move","150","","","","move: direction=e, power=0.7, duration=0.1","","","","","","","","","","","","","","","","","","","","","","","","","","","","","","","","","","","","","","","","","",""
"11583.809790349","2026-08-15 09:23:32.424127","/home/akatoki/SC-30/scripts/SC-30/2_phase/motordrive.py","move","150","","","","move: direction=w, power=0.7, duration=1.5","","","","","","","","","","","","","","","","","","","","","","","","","","","","","","","","","","","","","","","","","",""
"11583.864679499","2026-08-15 09:23:32.479018","/home/akatoki/SC-30/scripts/SC-30/2_phase/motordrive.py","move","150","","","","move: direction=w, power=0.7, duration=1.5","","","","","","","","","","","","","","","","","","","","","","","","","","","","","","","","","","","","","","","","","",""
"11583.93119687","2026-08-15 09:23:32.545539","/home/akatoki/SC-30/scripts/SC-30/2_phase/motordrive.py","move","150","","","","move: direction=w, power=0.7, duration=1.5","","","","","","","","","","","","","","","","","","","","","","","","","","","","","","","","","","","","","","","","","",""
"11583.979888034","2026-08-15 09:23:32.594225","/home/akatoki/SC-30/scripts/SC-30/2_phase/motordrive.py","move","150","","","","move: direction=w, power=0.7, duration=1.5","","","","","","","","","","","","","","","","","","","","","","","","","","","","","","","","","","","","","","","","","",""
"11584.04680334","2026-08-15 09:23:32.661147","/home/akatoki/SC-30/scripts/SC-30/2_phase/motordrive.py","move","150","","","","move: direction=w, power=0.7, duration=1.5","","","","","","","","","","","","","","","","","","","","","","","","","","","","","","","","","","","","","","","","","",""
"11584.11560678","2026-08-15 09:23:32.729946","/home/akatoki/SC-30/scripts/SC-30/2_phase/motordrive.py","move","150","","","","move: direction=e, power=0.7, duration=0.1","","","","","","","","","","","","","","","","","","","","","","","","","","","","","","","","","","","","","","","","","",""
"11584.177745304","2026-08-15 09:23:32.792086","/home/akatoki/SC-30/scripts/SC-30/2_phase/motordrive.py","move","150","","","","move: direction=e, power=0.7, duration=0.1","","","","","","","","","","","","","","","","","","","","","","","","","","","","","","","","","","","","","","","","","",""
"11584.241904017","2026-08-15 09:23:32.856244","/home/akatoki/SC-30/scripts/SC-30/2_phase/motordrive.py","move","150","","","","move: direction=w, power=0.7, duration=1.5","","","","","","","","","","","","","","","","","","","","","","","","","","","","","","","","","","","","","","","","","",""
"11584.304441049","2026-08-15 09:23:32.918785","/home/akatoki/SC-30/scripts/SC-30/2_phase/motordrive.py","move","150","","","","move: direction=w, power=0.7, duration=1.5","","","","","","","","","","","","","","","","","","","","","","","","","","","","","","","","","","","","","","","","","",""
"11584.370556267","2026-08-15 09:23:32.984900","/home/akatoki/SC-30/scripts/SC-30/2_phase/motordrive.py","move","150","","","","move: direction=w, power=0.7, duration=1.5","","","","","","","","","","","","","","","","","","","","","","","","","","","","","","","","","","","","","","","","","",""
"11584.429993845","2026-08-15 09:23:33.044331","/home/akatoki/SC-30/scripts/SC-30/2_phase/motordrive.py","move","150","","","","move: direction=w, power=0.7, duration=1.5","","","","","","","","","","","","","","","","","","","","","","","","","","","","","","","","","","","","","","","","","",""
"11584.497399466","2026-08-15 09:23:33.111741","/home/akatoki/SC-30/scripts/SC-30/2_phase/motordrive.py","move","150","","","","move: direction=e, power=0.7, duration=0.1","","","","","","","","","","","","","","","","","","","","","","","","","","","","","","","","","","","","","","","","","",""
"11584.548087428","2026-08-15 09:23:33.162435","/home/akatoki/SC-30/scripts/SC-30/2_phase/motordrive.py","move","150","","","","move: direction=e, power=0.7, duration=0.1","","","","","","","","","","","","","","","","","","","","","","","","","","","","","","","","","","","","","","","","","",""
"11584.599842297","2026-08-15 09:23:33.214180","/home/akatoki/SC-30/scripts/SC-30/2_phase/motordrive.py","move","150","","","","move: direction=e, power=0.7, duration=0.1","","","","","","","","","","","","","","","","","","","","","","","","","","","","","","","","","","","","","","","","","",""
"11584.647724821","2026-08-15 09:23:33.262063","/home/akatoki/SC-30/scripts/SC-30/2_phase/motordrive.py","move","150","","","","move: direction=e, power=0.7, duration=0.1","","","","","","","","","","","","","","","","","","","","","","","","","","","","","","","","","","","","","","","","","",""
"11584.69288392","2026-08-15 09:23:33.307221","/home/akatoki/SC-30/scripts/SC-30/2_phase/motordrive.py","move","150","","","","move: direction=e, power=0.7, duration=0.1","","","","","","","","","","","","","","","","","","","","","","","","","","","","","","","","","","","","","","","","","",""
"11584.739868511","2026-08-15 09:23:33.354207","/home/akatoki/SC-30/scripts/SC-30/2_phase/motordrive.py","move","150","","","","move: direction=e, power=0.7, duration=0.1","","","","","","","","","","","","","","","","","","","","","","","","","","","","","","","","","","","","","","","","","",""
"11584.791373903","2026-08-15 09:23:33.405715","/home/akatoki/SC-30/scripts/SC-30/2_phase/motordrive.py","move","150","","","","move: direction=e, power=0.7, duration=0.1","","","","","","","","","","","","","","","","","","","","","","","","","","","","","","","","","","","","","","","","","",""
"11584.840964549","2026-08-15 09:23:33.455303","/home/akatoki/SC-30/scripts/SC-30/2_phase/motordrive.py","move","150","","","","move: direction=e, power=0.7, duration=0.1","","","","","","","","","","","","","","","","","","","","","","","","","","","","","","","","","","","","","","","","","",""
"11584.890372995","2026-08-15 09:23:33.504712","/home/akatoki/SC-30/scripts/SC-30/2_phase/motordrive.py","move","150","","","","move: direction=e, power=0.7, duration=0.1","","","","","","","","","","","","","","","","","","","","","","","","","","","","","","","","","","","","","","","","","",""
"11584.939691877","2026-08-15 09:23:33.554029","/home/akatoki/SC-30/scripts/SC-30/2_phase/motordrive.py","move","150","","","","move: direction=w, power=0.7, duration=1.5","","","","","","","","","","","","","","","","","","","","","","","","","","","","","","","","","","","","","","","","","",""
"11584.986960887","2026-08-15 09:23:33.601298","/home/akatoki/SC-30/scripts/SC-30/2_phase/motordrive.py","move","150","","","","move: direction=w, power=0.7, duration=1.5","","","","","","","","","","","","","","","","","","","","","","","","","","","","","","","","","","","","","","","","","",""
"11585.035989779","2026-08-15 09:23:33.650491","/home/akatoki/SC-30/scripts/SC-30/2_phase/motordrive.py","move","150","","","","move: direction=w, power=0.7, duration=1.5","","","","","","","","","","","","","","","","","","","","","","","","","","","","","","","","","","","","","","","","","",""
"11585.088192572","2026-08-15 09:23:33.702536","/home/akatoki/SC-30/scripts/SC-30/2_phase/motordrive.py","move","150","","","","move: direction=w, power=0.7, duration=1.5","","","","","","","","","","","","","","","","","","","","","","","","","","","","","","","","","","","","","","","","","",""
"11585.135168416","2026-08-15 09:23:33.749506","/home/akatoki/SC-30/scripts/SC-30/2_phase/motordrive.py","move","150","","","","move: direction=w, power=0.7, duration=1.5","","","","","","","","","","","","","","","","","","","","","","","","","","","","","","","","","","","","","","","","","",""
"11585.181489609","2026-08-15 09:23:33.795828","/home/akatoki/SC-30/scripts/SC-30/2_phase/motordrive.py","move","150","","","","move: direction=w, power=0.7, duration=1.5","","","","","","","","","","","","","","","","","","","","","","","","","","","","","","","","","","","","","","","","","",""
"11585.225960209","2026-08-15 09:23:33.840301","/home/akatoki/SC-30/scripts/SC-30/2_phase/motordrive.py","move","150","","","","move: direction=e, power=0.7, duration=0.1","","","","","","","","","","","","","","","","","","","","","","","","","","","","","","","","","","","","","","","","","",""
"11585.27386377","2026-08-15 09:23:33.888202","/home/akatoki/SC-30/scripts/SC-30/2_phase/motordrive.py","move","150","","","","move: direction=w, power=0.7, duration=1.5","","","","","","","","","","","","","","","","","","","","","","","","","","","","","","","","","","","","","","","","","",""
"11585.321080708","2026-08-15 09:23:33.935419","/home/akatoki/SC-30/scripts/SC-30/2_phase/motordrive.py","move","150","","","","move: direction=w, power=0.7, duration=1.5","","","","","","","","","","","","","","","","","","","","","","","","","","","","","","","","","","","","","","","","","",""
"11585.365875666","2026-08-15 09:23:33.980217","/home/akatoki/SC-30/scripts/SC-30/2_phase/motordrive.py","move","150","","","","move: direction=w, power=0.7, duration=1.5","","","","","","","","","","","","","","","","","","","","","","","","","","","","","","","","","","","","","","","","","",""
"11585.413822364","2026-08-15 09:23:34.028160","/home/akatoki/SC-30/scripts/SC-30/2_phase/motordrive.py","move","150","","","","move: direction=w, power=0.7, duration=1.5","","","","","","","","","","","","","","","","","","","","","","","","","","","","","","","","","","","","","","","","","",""
"11585.466740724","2026-08-15 09:23:34.081079","/home/akatoki/SC-30/scripts/SC-30/2_phase/motordrive.py","move","150","","","","move: direction=w, power=0.7, duration=1.5","","","","","","","","","","","","","","","","","","","","","","","","","","","","","","","","","","","","","","","","","",""
"11585.512759832","2026-08-15 09:23:34.127098","/home/akatoki/SC-30/scripts/SC-30/2_phase/motordrive.py","move","150","","","","move: direction=w, power=0.7, duration=1.5","","","","","","","","","","","","","","","","","","","","","","","","","","","","","","","","","","","","","","","","","",""
"11585.558862256","2026-08-15 09:23:34.173202","/home/akatoki/SC-30/scripts/SC-30/2_phase/motordrive.py","move","150","","","","move: direction=e, power=0.7, duration=0.1","","","","","","","","","","","","","","","","","","","","","","","","","","","","","","","","","","","","","","","","","",""
"11585.611729793","2026-08-15 09:23:34.226069","/home/akatoki/SC-30/scripts/SC-30/2_phase/motordrive.py","move","150","","","","move: direction=e, power=0.7, duration=0.1","","","","","","","","","","","","","","","","","","","","","","","","","","","","","","","","","","","","","","","","","",""
"11585.657829405","2026-08-15 09:23:34.272170","/home/akatoki/SC-30/scripts/SC-30/2_phase/motordrive.py","move","150","","","","move: direction=e, power=0.7, duration=0.1","","","","","","","","","","","","","","","","","","","","","","","","","","","","","","","","","","","","","","","","","",""
"11585.710501724","2026-08-15 09:23:34.324840","/home/akatoki/SC-30/scripts/SC-30/2_phase/motordrive.py","move","150","","","","move: direction=w, power=0.7, duration=1.5","","","","","","","","","","","","","","","","","","","","","","","","","","","","","","","","","","","","","","","","","",""
"11585.767362991","2026-08-15 09:23:34.381702","/home/akatoki/SC-30/scripts/SC-30/2_phase/motordrive.py","move","150","","","","move: direction=w, power=0.7, duration=1.5","","","","","","","","","","","","","","","","","","","","","","","","","","","","","","","","","","","","","","","","","",""
"11585.814096633","2026-08-15 09:23:34.428435","/home/akatoki/SC-30/scripts/SC-30/2_phase/motordrive.py","move","150","","","","move: direction=w, power=0.7, duration=1.5","","","","","","","","","","","","","","","","","","","","","","","","","","","","","","","","","","","","","","","","","",""
"11585.863451433","2026-08-15 09:23:34.477792","/home/akatoki/SC-30/scripts/SC-30/2_phase/motordrive.py","move","150","","","","move: direction=w, power=0.7, duration=1.5","","","","","","","","","","","","","","","","","","","","","","","","","","","","","","","","","","","","","","","","","",""
"11585.911124927","2026-08-15 09:23:34.525463","/home/akatoki/SC-30/scripts/SC-30/2_phase/motordrive.py","move","150","","","","move: direction=e, power=0.7, duration=0.1","","","","","","","","","","","","","","","","","","","","","","","","","","","","","","","","","","","","","","","","","",""
"11585.956655389","2026-08-15 09:23:34.570998","/home/akatoki/SC-30/scripts/SC-30/2_phase/motordrive.py","move","150","","","","move: direction=e, power=0.7, duration=0.1","","","","","","","","","","","","","","","","","","","","","","","","","","","","","","","","","","","","","","","","","",""
"11586.007437592","2026-08-15 09:23:34.621802","/home/akatoki/SC-30/scripts/SC-30/2_phase/motordrive.py","move","150","","","","move: direction=e, power=0.7, duration=0.1","","","","","","","","","","","","","","","","","","","","","","","","","","","","","","","","","","","","","","","","","",""
"11586.061017217","2026-08-15 09:23:34.675356","/home/akatoki/SC-30/scripts/SC-30/2_phase/motordrive.py","move","150","","","","move: direction=e, power=0.7, duration=0.1","","","","","","","","","","","","","","","","","","","","","","","","","","","","","","","","","","","","","","","","","",""
"11586.107256643","2026-08-15 09:23:34.721596","/home/akatoki/SC-30/scripts/SC-30/2_phase/motordrive.py","move","150","","","","move: direction=w, power=0.7, duration=1.5","","","","","","","","","","","","","","","","","","","","","","","","","","","","","","","","","","","","","","","","","",""
"11586.157611854","2026-08-15 09:23:34.771950","/home/akatoki/SC-30/scripts/SC-30/2_phase/motordrive.py","move","150","","","","move: direction=w, power=0.7, duration=1.5","","","","","","","","","","","","","","","","","","","","","","","","","","","","","","","","","","","","","","","","","",""
"11586.206645629","2026-08-15 09:23:34.820987","/home/akatoki/SC-30/scripts/SC-30/2_phase/motordrive.py","move","150","","","","move: direction=e, power=0.7, duration=0.1","","","","","","","","","","","","","","","","","","","","","","","","","","","","","","","","","","","","","","","","","",""
"11586.251397404","2026-08-15 09:23:34.865736","/home/akatoki/SC-30/scripts/SC-30/2_phase/motordrive.py","move","150","","","","move: direction=e, power=0.7, duration=0.1","","","","","","","","","","","","","","","","","","","","","","","","","","","","","","","","","","","","","","","","","",""
"11586.297893076","2026-08-15 09:23:34.912233","/home/akatoki/SC-30/scripts/SC-30/2_phase/motordrive.py","move","150","","","","move: direction=e, power=0.7, duration=0.1","","","","","","","","","","","","","","","","","","","","","","","","","","","","","","","","","","","","","","","","","",""
"11586.343555854","2026-08-15 09:23:34.957895","/home/akatoki/SC-30/scripts/SC-30/2_phase/motordrive.py","move","150","","","","move: direction=e, power=0.7, duration=0.1","","","","","","","","","","","","","","","","","","","","","","","","","","","","","","","","","","","","","","","","","",""
"11586.392981737","2026-08-15 09:23:35.007321","/home/akatoki/SC-30/scripts/SC-30/2_phase/motordrive.py","move","150","","","","move: direction=e, power=0.7, duration=0.1","","","","","","","","","","","","","","","","","","","","","","","","","","","","","","","","","","","","","","","","","",""
"11586.44468389","2026-08-15 09:23:35.059022","/home/akatoki/SC-30/scripts/SC-30/2_phase/motordrive.py","move","150","","","","move: direction=w, power=0.7, duration=1.5","","","","","","","","","","","","","","","","","","","","","","","","","","","","","","","","","","","","","","","","","",""
"11586.490750786","2026-08-15 09:23:35.105089","/home/akatoki/SC-30/scripts/SC-30/2_phase/motordrive.py","move","150","","","","move: direction=w, power=0.7, duration=1.5","","","","","","","","","","","","","","","","","","","","","","","","","","","","","","","","","","","","","","","","","",""
"11586.53775394","2026-08-15 09:23:35.152092","/home/akatoki/SC-30/scripts/SC-30/2_phase/motordrive.py","move","150","","","","move: direction=w, power=0.7, duration=1.5","","","","","","","","","","","","","","","","","","","","","","","","","","","","","","","","","","","","","","","","","",""
"11586.5855714","2026-08-15 09:23:35.199912","/home/akatoki/SC-30/scripts/SC-30/2_phase/motordrive.py","move","150","","","","move: direction=e, power=0.7, duration=0.1","","","","","","","","","","","","","","","","","","","","","","","","","","","","","","","","","","","","","","","","","",""
"11586.63052218","2026-08-15 09:23:35.244860","/home/akatoki/SC-30/scripts/SC-30/2_phase/motordrive.py","move","150","","","","move: direction=e, power=0.7, duration=0.1","","","","","","","","","","","","","","","","","","","","","","","","","","","","","","","","","","","","","","","","","",""
"11586.68190388","2026-08-15 09:23:35.296243","/home/akatoki/SC-30/scripts/SC-30/2_phase/motordrive.py","move","150","","","","move: direction=e, power=0.7, duration=0.1","","","","","","","","","","","","","","","","","","","","","","","","","","","","","","","","","","","","","","","","","",""
"11586.72854456","2026-08-15 09:23:35.342884","/home/akatoki/SC-30/scripts/SC-30/2_phase/motordrive.py","move","150","","","","move: direction=e, power=0.7, duration=0.1","","","","","","","","","","","","","","","","","","","","","","","","","","","","","","","","","","","","","","","","","",""
"11586.77671684","2026-08-15 09:23:35.391057","/home/akatoki/SC-30/scripts/SC-30/2_phase/motordrive.py","move","150","","","","move: direction=e, power=0.7, duration=0.1","","","","","","","","","","","","","","","","","","","","","","","","","","","","","","","","","","","","","","","","","",""
"11586.830097802","2026-08-15 09:23:35.444438","/home/akatoki/SC-30/scripts/SC-30/2_phase/motordrive.py","move","150","","","","move: direction=e, power=0.7, duration=0.1","","","","","","","","","","","","","","","","","","","","","","","","","","","","","","","","","","","","","","","","","",""
"11586.878085798","2026-08-15 09:23:35.492424","/home/akatoki/SC-30/scripts/SC-30/2_phase/motordrive.py","move","150","","","","move: direction=e, power=0.7, duration=0.1","","","","","","","","","","","","","","","","","","","","","","","","","","","","","","","","","","","","","","","","","",""
"11586.925569319","2026-08-15 09:23:35.539912","/home/akatoki/SC-30/scripts/SC-30/2_phase/motordrive.py","move","150","","","","move: direction=e, power=0.7, duration=0.1","","","","","","","","","","","","","","","","","","","","","","","","","","","","","","","","","","","","","","","","","",""
"11586.973424844","2026-08-15 09:23:35.587763","/home/akatoki/SC-30/scripts/SC-30/2_phase/motordrive.py","move","150","","","","move: direction=e, power=0.7, duration=0.1","","","","","","","","","","","","","","","","","","","","","","","","","","","","","","","","","","","","","","","","","",""
"11587.023754529","2026-08-15 09:23:35.638094","/home/akatoki/SC-30/scripts/SC-30/2_phase/motordrive.py","move","150","","","","move: direction=e, power=0.7, duration=0.1","","","","","","","","","","","","","","","","","","","","","","","","","","","","","","","","","","","","","","","","","",""
"11587.067909645","2026-08-15 09:23:35.682246","/home/akatoki/SC-30/scripts/SC-30/2_phase/motordrive.py","move","150","","","","move: direction=e, power=0.7, duration=0.1","","","","","","","","","","","","","","","","","","","","","","","","","","","","","","","","","","","","","","","","","",""
"11587.119122163","2026-08-15 09:23:35.733462","/home/akatoki/SC-30/scripts/SC-30/2_phase/motordrive.py","move","150","","","","move: direction=e, power=0.7, duration=0.1","","","","","","","","","","","","","","","","","","","","","","","","","","","","","","","","","","","","","","","","","",""
"11587.170151854","2026-08-15 09:23:35.784488","/home/akatoki/SC-30/scripts/SC-30/2_phase/motordrive.py","move","150","","","","move: direction=e, power=0.7, duration=0.1","","","","","","","","","","","","","","","","","","","","","","","","","","","","","","","","","","","","","","","","","",""
"11587.226654858","2026-08-15 09:23:35.840994","/home/akatoki/SC-30/scripts/SC-30/2_phase/motordrive.py","move","150","","","","move: direction=e, power=0.7, duration=0.1","","","","","","","","","","","","","","","","","","","","","","","","","","","","","","","","","","","","","","","","","",""
"11587.276189504","2026-08-15 09:23:35.890531","/home/akatoki/SC-30/scripts/SC-30/2_phase/motordrive.py","move","150","","","","move: direction=e, power=0.7, duration=0.1","","","","","","","","","","","","","","","","","","","","","","","","","","","","","","","","","","","","","","","","","",""
"11587.324689267","2026-08-15 09:23:35.939029","/home/akatoki/SC-30/scripts/SC-30/2_phase/motordrive.py","move","150","","","","move: direction=e, power=0.7, duration=0.1","","","","","","","","","","","","","","","","","","","","","","","","","","","","","","","","","","","","","","","","","",""
"11587.369670196","2026-08-15 09:23:35.984009","/home/akatoki/SC-30/scripts/SC-30/2_phase/motordrive.py","move","150","","","","move: direction=e, power=0.7, duration=0.1","","","","","","","","","","","","","","","","","","","","","","","","","","","","","","","","","","","","","","","","","",""
"11587.420838896","2026-08-15 09:23:36.035180","/home/akatoki/SC-30/scripts/SC-30/2_phase/motordrive.py","move","150","","","","move: direction=e, power=0.7, duration=0.1","","","","","","","","","","","","","","","","","","","","","","","","","","","","","","","","","","","","","","","","","",""
"11587.469157955","2026-08-15 09:23:36.083497","/home/akatoki/SC-30/scripts/SC-30/2_phase/motordrive.py","move","150","","","","move: direction=e, power=0.7, duration=0.1","","","","","","","","","","","","","","","","","","","","","","","","","","","","","","","","","","","","","","","","","",""
"11587.520978406","2026-08-15 09:23:36.135317","/home/akatoki/SC-30/scripts/SC-30/2_phase/motordrive.py","move","150","","","","move: direction=e, power=0.7, duration=0.1","","","","","","","","","","","","","","","","","","","","","","","","","","","","","","","","","","","","","","","","","",""
"11587.570771632","2026-08-15 09:23:36.185116","/home/akatoki/SC-30/scripts/SC-30/2_phase/motordrive.py","move","150","","","","move: direction=e, power=0.7, duration=0.1","","","","","","","","","","","","","","","","","","","","","","","","","","","","","","","","","","","","","","","","","",""
"11587.622947476","2026-08-15 09:23:36.237288","/home/akatoki/SC-30/scripts/SC-30/2_phase/motordrive.py","move","150","","","","move: direction=e, power=0.7, duration=0.1","","","","","","","","","","","","","","","","","","","","","","","","","","","","","","","","","","","","","","","","","",""
"11587.674037197","2026-08-15 09:23:36.288377","/home/akatoki/SC-30/scripts/SC-30/2_phase/motordrive.py","move","150","","","","move: direction=e, power=0.7, duration=0.1","","","","","","","","","","","","","","","","","","","","","","","","","","","","","","","","","","","","","","","","","",""
"11587.719456559","2026-08-15 09:23:36.333798","/home/akatoki/SC-30/scripts/SC-30/2_phase/motordrive.py","move","150","","","","move: direction=e, power=0.7, duration=0.1","","","","","","","","","","","","","","","","","","","","","","","","","","","","","","","","","","","","","","","","","",""
"11587.768236042","2026-08-15 09:23:36.382576","/home/akatoki/SC-30/scripts/SC-30/2_phase/motordrive.py","move","150","","","","move: direction=e, power=0.7, duration=0.1","","","","","","","","","","","","","","","","","","","","","","","","","","","","","","","","","","","","","","","","","",""
"11587.843673195","2026-08-15 09:23:36.458015","/home/akatoki/SC-30/scripts/SC-30/2_phase/motordrive.py","move","150","","","","move: direction=e, power=0.7, duration=0.1","","","","","","","","","","","","","","","","","","","","","","","","","","","","","","","","","","","","","","","","","",""
"11587.904568229","2026-08-15 09:23:36.518908","/home/akatoki/SC-30/scripts/SC-30/2_phase/motordrive.py","move","150","","","","move: direction=e, power=0.7, duration=0.1","","","","","","","","","","","","","","","","","","","","","","","","","","","","","","","","","","","","","","","","","",""
"11587.952741486","2026-08-15 09:23:36.567084","/home/akatoki/SC-30/scripts/SC-30/2_phase/motordrive.py","move","150","","","","move: direction=e, power=0.7, duration=0.1","","","","","","","","","","","","","","","","","","","","","","","","","","","","","","","","","","","","","","","","","",""
"11587.999360385","2026-08-15 09:23:36.613700","/home/akatoki/SC-30/scripts/SC-30/2_phase/motordrive.py","move","150","","","","move: direction=e, power=0.7, duration=0.1","","","","","","","","","","","","","","","","","","","","","","","","","","","","","","","","","","","","","","","","","",""
"11588.048810454","2026-08-15 09:23:36.663147","/home/akatoki/SC-30/scripts/SC-30/2_phase/motordrive.py","move","150","","","","move: direction=e, power=0.7, duration=0.1","","","","","","","","","","","","","","","","","","","","","","","","","","","","","","","","","","","","","","","","","",""
"11588.094546937","2026-08-15 09:23:36.708887","/home/akatoki/SC-30/scripts/SC-30/2_phase/motordrive.py","move","150","","","","move: direction=e, power=0.7, duration=0.1","","","","","","","","","","","","","","","","","","","","","","","","","","","","","","","","","","","","","","","","","",""
"11588.141240196","2026-08-15 09:23:36.755578","/home/akatoki/SC-30/scripts/SC-30/2_phase/motordrive.py","move","150","","","","move: direction=e, power=0.7, duration=0.1","","","","","","","","","","","","","","","","","","","","","","","","","","","","","","","","","","","","","","","","","",""
"11588.191236972","2026-08-15 09:23:36.805580","/home/akatoki/SC-30/scripts/SC-30/2_phase/motordrive.py","move","150","","","","move: direction=e, power=0.7, duration=0.1","","","","","","","","","","","","","","","","","","","","","","","","","","","","","","","","","","","","","","","","","",""
"11588.243297216","2026-08-15 09:23:36.857644","/home/akatoki/SC-30/scripts/SC-30/2_phase/motordrive.py","move","150","","","","move: direction=e, power=0.7, duration=0.1","","","","","","","","","","","","","","","","","","","","","","","","","","","","","","","","","","","","","","","","","",""
"11588.290111022","2026-08-15 09:23:36.904450","/home/akatoki/SC-30/scripts/SC-30/2_phase/motordrive.py","move","150","","","","move: direction=e, power=0.7, duration=0.1","","","","","","","","","","","","","","","","","","","","","","","","","","","","","","","","","","","","","","","","","",""
"11588.336423997","2026-08-15 09:23:36.950763","/home/akatoki/SC-30/scripts/SC-30/2_phase/motordrive.py","move","150","","","","move: direction=e, power=0.7, duration=0.1","","","","","","","","","","","","","","","","","","","","","","","","","","","","","","","","","","","","","","","","","",""
"11588.389258244","2026-08-15 09:23:37.003603","/home/akatoki/SC-30/scripts/SC-30/2_phase/motordrive.py","move","150","","","","move: direction=e, power=0.7, duration=0.1","","","","","","","","","","","","","","","","","","","","","","","","","","","","","","","","","","","","","","","","","",""
"11588.435656499","2026-08-15 09:23:37.049998","/home/akatoki/SC-30/scripts/SC-30/2_phase/motordrive.py","move","150","","","","move: direction=e, power=0.7, duration=0.1","","","","","","","","","","","","","","","","","","","","","","","","","","","","","","","","","","","","","","","","","",""
"11588.483120205","2026-08-15 09:23:37.097460","/home/akatoki/SC-30/scripts/SC-30/2_phase/motordrive.py","move","150","","","","move: direction=e, power=0.7, duration=0.1","","","","","","","","","","","","","","","","","","","","","","","","","","","","","","","","","","","","","","","","","",""
"11588.532144519","2026-08-15 09:23:37.146483","/home/akatoki/SC-30/scripts/SC-30/2_phase/motordrive.py","move","150","","","","move: direction=q, power=0.7, duration=0.1","","","","","","","","","","","","","","","","","","","","","","","","","","","","","","","","","","","","","","","","","",""
"11588.582306613","2026-08-15 09:23:37.196646","/home/akatoki/SC-30/scripts/SC-30/2_phase/motordrive.py","move","150","","","","move: direction=q, power=0.7, duration=0.1","","","","","","","","","","","","","","","","","","","","","","","","","","","","","","","","","","","","","","","","","",""
"11588.633091336","2026-08-15 09:23:37.247432","/home/akatoki/SC-30/scripts/SC-30/2_phase/motordrive.py","move","150","","","","move: direction=q, power=0.7, duration=0.1","","","","","","","","","","","","","","","","","","","","","","","","","","","","","","","","","","","","","","","","","",""
"11588.684977545","2026-08-15 09:23:37.299318","/home/akatoki/SC-30/scripts/SC-30/2_phase/motordrive.py","move","150","","","","move: direction=e, power=0.7, duration=0.1","","","","","","","","","","","","","","","","","","","","","","","","","","","","","","","","","","","","","","","","","",""
"11588.733914742","2026-08-15 09:23:37.348256","/home/akatoki/SC-30/scripts/SC-30/2_phase/motordrive.py","move","150","","","","move: direction=e, power=0.7, duration=0.1","","","","","","","","","","","","","","","","","","","","","","","","","","","","","","","","","","","","","","","","","",""
"11588.789492617","2026-08-15 09:23:37.403831","/home/akatoki/SC-30/scripts/SC-30/2_phase/motordrive.py","move","150","","","","move: direction=e, power=0.7, duration=0.1","","","","","","","","","","","","","","","","","","","","","","","","","","","","","","","","","","","","","","","","","",""
"11588.838717669","2026-08-15 09:23:37.453060","/home/akatoki/SC-30/scripts/SC-30/2_phase/motordrive.py","move","150","","","","move: direction=e, power=0.7, duration=0.1","","","","","","","","","","","","","","","","","","","","","","","","","","","","","","","","","","","","","","","","","",""
"11588.885676795","2026-08-15 09:23:37.500016","/home/akatoki/SC-30/scripts/SC-30/2_phase/motordrive.py","move","150","","","","move: direction=e, power=0.7, duration=0.1","","","","","","","","","","","","","","","","","","","","","","","","","","","","","","","","","","","","","","","","","",""
"11588.937664857","2026-08-15 09:23:37.552004","/home/akatoki/SC-30/scripts/SC-30/2_phase/motordrive.py","move","150","","","","move: direction=e, power=0.7, duration=0.1","","","","","","","","","","","","","","","","","","","","","","","","","","","","","","","","","","","","","","","","","",""
"11588.987298938","2026-08-15 09:23:37.601640","/home/akatoki/SC-30/scripts/SC-30/2_phase/motordrive.py","move","150","","","","move: direction=q, power=0.7, duration=0.1","","","","","","","","","","","","","","","","","","","","","","","","","","","","","","","","","","","","","","","","","",""
"11589.032302176","2026-08-15 09:23:37.646642","/home/akatoki/SC-30/scripts/SC-30/2_phase/motordrive.py","move","150","","","","move: direction=q, power=0.7, duration=0.1","","","","","","","","","","","","","","","","","","","","","","","","","","","","","","","","","","","","","","","","","",""
"11589.082205262","2026-08-15 09:23:37.696546","/home/akatoki/SC-30/scripts/SC-30/2_phase/motordrive.py","move","150","","","","move: direction=w, power=0.7, duration=1.5","","","","","","","","","","","","","","","","","","","","","","","","","","","","","","","","","","","","","","","","","",""
"11589.135093342","2026-08-15 09:23:37.749433","/home/akatoki/SC-30/scripts/SC-30/2_phase/motordrive.py","move","150","","","","move: direction=w, power=0.7, duration=1.5","","","","","","","","","","","","","","","","","","","","","","","","","","","","","","","","","","","","","","","","","",""
"11589.183274084","2026-08-15 09:23:37.797612","/home/akatoki/SC-30/scripts/SC-30/2_phase/motordrive.py","move","150","","","","move: direction=w, power=0.7, duration=1.5","","","","","","","","","","","","","","","","","","","","","","","","","","","","","","","","","","","","","","","","","",""
"11589.232600886","2026-08-15 09:23:37.846938","/home/akatoki/SC-30/scripts/SC-30/2_phase/motordrive.py","move","150","","","","move: direction=w, power=0.7, duration=1.5","","","","","","","","","","","","","","","","","","","","","","","","","","","","","","","","","","","","","","","","","",""
"11589.27967957","2026-08-15 09:23:37.894020","/home/akatoki/SC-30/scripts/SC-30/2_phase/motordrive.py","move","150","","","","move: direction=w, power=0.7, duration=1.5","","","","","","","","","","","","","","","","","","","","","","","","","","","","","","","","","","","","","","","","","",""
"11589.326639009","2026-08-15 09:23:37.940982","/home/akatoki/SC-30/scripts/SC-30/2_phase/motordrive.py","move","150","","","","move: direction=w, power=0.7, duration=1.5","","","","","","","","","","","","","","","","","","","","","","","","","","","","","","","","","","","","","","","","","",""
"11589.371407036","2026-08-15 09:23:37.985747","/home/akatoki/SC-30/scripts/SC-30/2_phase/motordrive.py","move","150","","","","move: direction=w, power=0.7, duration=1.5","","","","","","","","","","","","","","","","","","","","","","","","","","","","","","","","","","","","","","","","","",""
"11589.416923782","2026-08-15 09:23:38.031262","/home/akatoki/SC-30/scripts/SC-30/2_phase/motordrive.py","move","150","","","","move: direction=w, power=0.7, duration=1.5","","","","","","","","","","","","","","","","","","","","","","","","","","","","","","","","","","","","","","","","","",""
"11589.465384921","2026-08-15 09:23:38.079723","/home/akatoki/SC-30/scripts/SC-30/2_phase/motordrive.py","move","150","","","","move: direction=w, power=0.7, duration=1.5","","","","","","","","","","","","","","","","","","","","","","","","","","","","","","","","","","","","","","","","","",""
"11589.517475712","2026-08-15 09:23:38.131829","/home/akatoki/SC-30/scripts/SC-30/2_phase/motordrive.py","move","150","","","","move: direction=w, power=0.7, duration=1.5","","","","","","","","","","","","","","","","","","","","","","","","","","","","","","","","","","","","","","","","","",""
"11589.568882115","2026-08-15 09:23:38.183221","/home/akatoki/SC-30/scripts/SC-30/2_phase/motordrive.py","move","150","","","","move: direction=w, power=0.7, duration=1.5","","","","","","","","","","","","","","","","","","","","","","","","","","","","","","","","","","","","","","","","","",""
"11589.620075439","2026-08-15 09:23:38.234414","/home/akatoki/SC-30/scripts/SC-30/2_phase/motordrive.py","move","150","","","","move: direction=w, power=0.7, duration=1.5","","","","","","","","","","","","","","","","","","","","","","","","","","","","","","","","","","","","","","","","","",""
"11589.670749237","2026-08-15 09:23:38.285089","/home/akatoki/SC-30/scripts/SC-30/2_phase/motordrive.py","move","150","","","","move: direction=q, power=0.7, duration=0.1","","","","","","","","","","","","","","","","","","","","","","","","","","","","","","","","","","","","","","","","","",""
"11589.719829256","2026-08-15 09:23:38.334169","/home/akatoki/SC-30/scripts/SC-30/2_phase/motordrive.py","move","150","","","","move: direction=q, power=0.7, duration=0.1","","","","","","","","","","","","","","","","","","","","","","","","","","","","","","","","","","","","","","","","","",""
"11589.769192548","2026-08-15 09:23:38.383531","/home/akatoki/SC-30/scripts/SC-30/2_phase/motordrive.py","move","150","","","","move: direction=q, power=0.7, duration=0.1","","","","","","","","","","","","","","","","","","","","","","","","","","","","","","","","","","","","","","","","","",""
"11589.816754814","2026-08-15 09:23:38.431092","/home/akatoki/SC-30/scripts/SC-30/2_phase/motordrive.py","move","150","","","","move: direction=w, power=0.7, duration=1.5","","","","","","","","","","","","","","","","","","","","","","","","","","","","","","","","","","","","","","","","","",""
"11589.859431444","2026-08-15 09:23:38.473770","/home/akatoki/SC-30/scripts/SC-30/2_phase/motordrive.py","move","150","","","","move: direction=w, power=0.7, duration=1.5","","","","","","","","","","","","","","","","","","","","","","","","","","","","","","","","","","","","","","","","","",""
"11589.918878704","2026-08-15 09:23:38.533217","/home/akatoki/SC-30/scripts/SC-30/2_phase/motordrive.py","move","150","","","","move: direction=q, power=0.7, duration=0.1","","","","","","","","","","","","","","","","","","","","","","","","","","","","","","","","","","","","","","","","","",""
"11589.967176492","2026-08-15 09:23:38.581515","/home/akatoki/SC-30/scripts/SC-30/2_phase/motordrive.py","move","150","","","","move: direction=q, power=0.7, duration=0.1","","","","","","","","","","","","","","","","","","","","","","","","","","","","","","","","","","","","","","","","","",""
"11590.017818266","2026-08-15 09:23:38.632157","/home/akatoki/SC-30/scripts/SC-30/2_phase/motordrive.py","move","150","","","","move: direction=q, power=0.7, duration=0.1","","","","","","","","","","","","","","","","","","","","","","","","","","","","","","","","","","","","","","","","","",""
"11590.065292061","2026-08-15 09:23:38.679632","/home/akatoki/SC-30/scripts/SC-30/2_phase/motordrive.py","move","150","","","","move: direction=q, power=0.7, duration=0.1","","","","","","","","","","","","","","","","","","","","","","","","","","","","","","","","","","","","","","","","","",""
"11590.108462596","2026-08-15 09:23:38.722803","/home/akatoki/SC-30/scripts/SC-30/2_phase/motordrive.py","move","150","","","","move: direction=q, power=0.7, duration=0.1","","","","","","","","","","","","","","","","","","","","","","","","","","","","","","","","","","","","","","","","","",""
"11590.153633439","2026-08-15 09:23:38.767972","/home/akatoki/SC-30/scripts/SC-30/2_phase/motordrive.py","move","150","","","","move: direction=q, power=0.7, duration=0.1","","","","","","","","","","","","","","","","","","","","","","","","","","","","","","","","","","","","","","","","","",""
"11590.197279239","2026-08-15 09:23:38.811619","/home/akatoki/SC-30/scripts/SC-30/2_phase/motordrive.py","move","150","","","","move: direction=q, power=0.7, duration=0.1","","","","","","","","","","","","","","","","","","","","","","","","","","","","","","","","","","","","","","","","","",""
"11590.253087632","2026-08-15 09:23:38.867425","/home/akatoki/SC-30/scripts/SC-30/2_phase/motordrive.py","move","150","","","","move: direction=q, power=0.7, duration=0.1","","","","","","","","","","","","","","","","","","","","","","","","","","","","","","","","","","","","","","","","","",""
"11590.297661882","2026-08-15 09:23:38.912001","/home/akatoki/SC-30/scripts/SC-30/2_phase/motordrive.py","move","150","","","","move: direction=e, power=0.7, duration=0.1","","","","","","","","","","","","","","","","","","","","","","","","","","","","","","","","","","","","","","","","","",""
"11590.342713844","2026-08-15 09:23:38.957054","/home/akatoki/SC-30/scripts/SC-30/2_phase/motordrive.py","move","150","","","","move: direction=e, power=0.7, duration=0.1","","","","","","","","","","","","","","","","","","","","","","","","","","","","","","","","","","","","","","","","","",""
"11590.389658011","2026-08-15 09:23:39.003997","/home/akatoki/SC-30/scripts/SC-30/2_phase/motordrive.py","move","150","","","","move: direction=e, power=0.7, duration=0.1","","","","","","","","","","","","","","","","","","","","","","","","","","","","","","","","","","","","","","","","","",""
"11590.435500831","2026-08-15 09:23:39.049839","/home/akatoki/SC-30/scripts/SC-30/2_phase/motordrive.py","move","150","","","","move: direction=e, power=0.7, duration=0.1","","","","","","","","","","","","","","","","","","","","","","","","","","","","","","","","","","","","","","","","","",""
"11590.481236383","2026-08-15 09:23:39.095576","/home/akatoki/SC-30/scripts/SC-30/2_phase/motordrive.py","move","150","","","","move: direction=e, power=0.7, duration=0.1","","","","","","","","","","","","","","","","","","","","","","","","","","","","","","","","","","","","","","","","","",""
"11590.525830873","2026-08-15 09:23:39.140169","/home/akatoki/SC-30/scripts/SC-30/2_phase/motordrive.py","move","150","","","","move: direction=e, power=0.7, duration=0.1","","","","","","","","","","","","","","","","","","","","","","","","","","","","","","","","","","","","","","","","","",""
"11590.573151614","2026-08-15 09:23:39.187493","/home/akatoki/SC-30/scripts/SC-30/2_phase/motordrive.py","move","150","","","","move: direction=e, power=0.7, duration=0.1","","","","","","","","","","","","","","","","","","","","","","","","","","","","","","","","","","","","","","","","","",""
"11590.618219702","2026-08-15 09:23:39.232559","/home/akatoki/SC-30/scripts/SC-30/2_phase/motordrive.py","move","150","","","","move: direction=e, power=0.7, duration=0.1","","","","","","","","","","","","","","","","","","","","","","","","","","","","","","","","","","","","","","","","","",""
"11590.666366572","2026-08-15 09:23:39.280705","/home/akatoki/SC-30/scripts/SC-30/2_phase/motordrive.py","move","150","","","","move: direction=e, power=0.7, duration=0.1","","","","","","","","","","","","","","","","","","","","","","","","","","","","","","","","","","","","","","","","","",""
"11590.70888379","2026-08-15 09:23:39.323223","/home/akatoki/SC-30/scripts/SC-30/2_phase/motordrive.py","move","150","","","","move: direction=e, power=0.7, duration=0.1","","","","","","","","","","","","","","","","","","","","","","","","","","","","","","","","","","","","","","","","","",""
"11590.755468799","2026-08-15 09:23:39.369809","/home/akatoki/SC-30/scripts/SC-30/2_phase/motordrive.py","move","150","","","","move: direction=e, power=0.7, duration=0.1","","","","","","","","","","","","","","","","","","","","","","","","","","","","","","","","","","","","","","","","","",""
"11590.800817766","2026-08-15 09:23:39.415156","/home/akatoki/SC-30/scripts/SC-30/2_phase/motordrive.py","move","150","","","","move: direction=q, power=0.7, duration=0.1","","","","","","","","","","","","","","","","","","","","","","","","","","","","","","","","","","","","","","","","","",""
"11590.844411685","2026-08-15 09:23:39.458753","/home/akatoki/SC-30/scripts/SC-30/2_phase/motordrive.py","move","150","","","","move: direction=e, power=0.7, duration=0.1","","","","","","","","","","","","","","","","","","","","","","","","","","","","","","","","","","","","","","","","","",""
"11590.896082971","2026-08-15 09:23:39.510425","/home/akatoki/SC-30/scripts/SC-30/2_phase/motordrive.py","move","150","","","","move: direction=e, power=0.7, duration=0.1","","","","","","","","","","","","","","","","","","","","","","","","","","","","","","","","","","","","","","","","","",""
"11590.945066904","2026-08-15 09:23:39.559407","/home/akatoki/SC-30/scripts/SC-30/2_phase/motordrive.py","move","150","","","","move: direction=e, power=0.7, duration=0.1","","","","","","","","","","","","","","","","","","","","","","","","","","","","","","","","","","","","","","","","","",""
"11590.988955084","2026-08-15 09:23:39.603294","/home/akatoki/SC-30/scripts/SC-30/2_phase/motordrive.py","move","150","","","","move: direction=e, power=0.7, duration=0.1","","","","","","","","","","","","","","","","","","","","","","","","","","","","","","","","","","","","","","","","","",""
"11591.037837632","2026-08-15 09:23:39.652176","/home/akatoki/SC-30/scripts/SC-30/2_phase/motordrive.py","move","150","","","","move: direction=e, power=0.7, duration=0.1","","","","","","","","","","","","","","","","","","","","","","","","","","","","","","","","","","","","","","","","","",""
"11591.084243096","2026-08-15 09:23:39.698583","/home/akatoki/SC-30/scripts/SC-30/2_phase/motordrive.py","move","150","","","","move: direction=e, power=0.7, duration=0.1","","","","","","","","","","","","","","","","","","","","","","","","","","","","","","","","","","","","","","","","","",""
"11591.130982604","2026-08-15 09:23:39.745322","/home/akatoki/SC-30/scripts/SC-30/2_phase/motordrive.py","move","150","","","","move: direction=e, power=0.7, duration=0.1","","","","","","","","","","","","","","","","","","","","","","","","","","","","","","","","","","","","","","","","","",""
"11591.176751379","2026-08-15 09:23:39.791092","/home/akatoki/SC-30/scripts/SC-30/2_phase/motordrive.py","move","150","","","","move: direction=e, power=0.7, duration=0.1","","","","","","","","","","","","","","","","","","","","","","","","","","","","","","","","","","","","","","","","","",""
"11591.230331326","2026-08-15 09:23:39.844671","/home/akatoki/SC-30/scripts/SC-30/2_phase/motordrive.py","move","150","","","","move: direction=e, power=0.7, duration=0.1","","","","","","","","","","","","","","","","","","","","","","","","","","","","","","","","","","","","","","","","","",""
"11591.276466691","2026-08-15 09:23:39.890807","/home/akatoki/SC-30/scripts/SC-30/2_phase/motordrive.py","move","150","","","","move: direction=e, power=0.7, duration=0.1","","","","","","","","","","","","","","","","","","","","","","","","","","","","","","","","","","","","","","","","","",""
"11591.324768319","2026-08-15 09:23:39.939107","/home/akatoki/SC-30/scripts/SC-30/2_phase/motordrive.py","move","150","","","","move: direction=q, power=0.7, duration=0.1","","","","","","","","","","","","","","","","","","","","","","","","","","","","","","","","","","","","","","","","","",""
"11591.369718099","2026-08-15 09:23:39.984056","/home/akatoki/SC-30/scripts/SC-30/2_phase/motordrive.py","move","150","","","","move: direction=q, power=0.7, duration=0.1","","","","","","","","","","","","","","","","","","","","","","","","","","","","","","","","","","","","","","","","","",""
"11591.418040317","2026-08-15 09:23:40.032379","/home/akatoki/SC-30/scripts/SC-30/2_phase/motordrive.py","move","150","","","","move: direction=q, power=0.7, duration=0.1","","","","","","","","","","","","","","","","","","","","","","","","","","","","","","","","","","","","","","","","","",""
"11591.465298192","2026-08-15 09:23:40.079638","/home/akatoki/SC-30/scripts/SC-30/2_phase/motordrive.py","move","150","","","","move: direction=q, power=0.7, duration=0.1","","","","","","","","","","","","","","","","","","","","","","","","","","","","","","","","","","","","","","","","","",""
"11591.51253654","2026-08-15 09:23:40.126875","/home/akatoki/SC-30/scripts/SC-30/2_phase/motordrive.py","move","150","","","","move: direction=q, power=0.7, duration=0.1","","","","","","","","","","","","","","","","","","","","","","","","","","","","","","","","","","","","","","","","","",""
"11591.562797068","2026-08-15 09:23:40.177136","/home/akatoki/SC-30/scripts/SC-30/2_phase/motordrive.py","move","150","","","","move: direction=q, power=0.7, duration=0.1","","","","","","","","","","","","","","","","","","","","","","","","","","","","","","","","","","","","","","","","","",""
"11591.614897003","2026-08-15 09:23:40.229236","/home/akatoki/SC-30/scripts/SC-30/2_phase/motordrive.py","move","150","","","","move: direction=q, power=0.7, duration=0.1","","","","","","","","","","","","","","","","","","","","","","","","","","","","","","","","","","","","","","","","","",""
"11591.661948359","2026-08-15 09:23:40.276286","/home/akatoki/SC-30/scripts/SC-30/2_phase/motordrive.py","move","150","","","","move: direction=e, power=0.7, duration=0.1","","","","","","","","","","","","","","","","","","","","","","","","","","","","","","","","","","","","","","","","","",""
"11591.71044785","2026-08-15 09:23:40.324787","/home/akatoki/SC-30/scripts/SC-30/2_phase/motordrive.py","move","150","","","","move: direction=e, power=0.7, duration=0.1","","","","","","","","","","","","","","","","","","","","","","","","","","","","","","","","","","","","","","","","","",""
"11591.757748632","2026-08-15 09:23:40.372094","/home/akatoki/SC-30/scripts/SC-30/2_phase/motordrive.py","move","150","","","","move: direction=e, power=0.7, duration=0.1","","","","","","","","","","","","","","","","","","","","","","","","","","","","","","","","","","","","","","","","","",""
"11591.81236877","2026-08-15 09:23:40.426707","/home/akatoki/SC-30/scripts/SC-30/2_phase/motordrive.py","move","150","","","","move: direction=e, power=0.7, duration=0.1","","","","","","","","","","","","","","","","","","","","","","","","","","","","","","","","","","","","","","","","","",""
"11591.858961627","2026-08-15 09:23:40.473303","/home/akatoki/SC-30/scripts/SC-30/2_phase/motordrive.py","move","150","","","","move: direction=e, power=0.7, duration=0.1","","","","","","","","","","","","","","","","","","","","","","","","","","","","","","","","","","","","","","","","","",""
"11591.911889775","2026-08-15 09:23:40.526226","/home/akatoki/SC-30/scripts/SC-30/2_phase/motordrive.py","move","150","","","","move: direction=e, power=0.7, duration=0.1","","","","","","","","","","","","","","","","","","","","","","","","","","","","","","","","","","","","","","","","","",""
"11591.956285436","2026-08-15 09:23:40.570625","/home/akatoki/SC-30/scripts/SC-30/2_phase/motordrive.py","move","150","","","","move: direction=e, power=0.7, duration=0.1","","","","","","","","","","","","","","","","","","","","","","","","","","","","","","","","","","","","","","","","","",""
"11592.005381","2026-08-15 09:23:40.619725","/home/akatoki/SC-30/scripts/SC-30/2_phase/motordrive.py","move","150","","","","move: direction=e, power=0.7, duration=0.1","","","","","","","","","","","","","","","","","","","","","","","","","","","","","","","","","","","","","","","","","",""
"11592.051950425","2026-08-15 09:23:40.666288","/home/akatoki/SC-30/scripts/SC-30/2_phase/motordrive.py","move","150","","","","move: direction=q, power=0.7, duration=0.1","","","","","","","","","","","","","","","","","","","","","","","","","","","","","","","","","","","","","","","","","",""
"11592.100822702","2026-08-15 09:23:40.715163","/home/akatoki/SC-30/scripts/SC-30/2_phase/motordrive.py","move","150","","","","move: direction=q, power=0.7, duration=0.1","","","","","","","","","","","","","","","","","","","","","","","","","","","","","","","","","","","","","","","","","",""
"11592.148848333","2026-08-15 09:23:40.763187","/home/akatoki/SC-30/scripts/SC-30/2_phase/motordrive.py","move","150","","","","move: direction=q, power=0.7, duration=0.1","","","","","","","","","","","","","","","","","","","","","","","","","","","","","","","","","","","","","","","","","",""
"11592.199099488","2026-08-15 09:23:40.813438","/home/akatoki/SC-30/scripts/SC-30/2_phase/motordrive.py","move","150","","","","move: direction=e, power=0.7, duration=0.1","","","","","","","","","","","","","","","","","","","","","","","","","","","","","","","","","","","","","","","","","",""
"11592.250497279","2026-08-15 09:23:40.864837","/home/akatoki/SC-30/scripts/SC-30/2_phase/motordrive.py","move","150","","","","move: direction=e, power=0.7, duration=0.1","","","","","","","","","","","","","","","","","","","","","","","","","","","","","","","","","","","","","","","","","",""
"11592.297078421","2026-08-15 09:23:40.911417","/home/akatoki/SC-30/scripts/SC-30/2_phase/motordrive.py","move","150","","","","move: direction=e, power=0.7, duration=0.1","","","","","","","","","","","","","","","","","","","","","","","","","","","","","","","","","","","","","","","","","",""
"11592.345828796","2026-08-15 09:23:40.960169","/home/akatoki/SC-30/scripts/SC-30/2_phase/motordrive.py","move","150","","","","move: direction=e, power=0.7, duration=0.1","","","","","","","","","","","","","","","","","","","","","","","","","","","","","","","","","","","","","","","","","",""
"11592.392928476","2026-08-15 09:23:41.007269","/home/akatoki/SC-30/scripts/SC-30/2_phase/motordrive.py","move","150","","","","move: direction=e, power=0.7, duration=0.1","","","","","","","","","","","","","","","","","","","","","","","","","","","","","","","","","","","","","","","","","",""
"11592.438682275","2026-08-15 09:23:41.053021","/home/akatoki/SC-30/scripts/SC-30/2_phase/motordrive.py","move","150","","","","move: direction=e, power=0.7, duration=0.1","","","","","","","","","","","","","","","","","","","","","","","","","","","","","","","","","","","","","","","","","",""
"11592.48650658","2026-08-15 09:23:41.100845","/home/akatoki/SC-30/scripts/SC-30/2_phase/motordrive.py","move","150","","","","move: direction=e, power=0.7, duration=0.1","","","","","","","","","","","","","","","","","","","","","","","","","","","","","","","","","","","","","","","","","",""
"11592.530274648","2026-08-15 09:23:41.144622","/home/akatoki/SC-30/scripts/SC-30/2_phase/motordrive.py","move","150","","","","move: direction=e, power=0.7, duration=0.1","","","","","","","","","","","","","","","","","","","","","","","","","","","","","","","","","","","","","","","","","",""
"11592.583890663","2026-08-15 09:23:41.198229","/home/akatoki/SC-30/scripts/SC-30/2_phase/motordrive.py","move","150","","","","move: direction=e, power=0.7, duration=0.1","","","","","","","","","","","","","","","","","","","","","","","","","","","","","","","","","","","","","","","","","",""
"11592.629537974","2026-08-15 09:23:41.243877","/home/akatoki/SC-30/scripts/SC-30/2_phase/motordrive.py","move","150","","","","move: direction=e, power=0.7, duration=0.1","","","","","","","","","","","","","","","","","","","","","","","","","","","","","","","","","","","","","","","","","",""
"11592.677585618","2026-08-15 09:23:41.291924","/home/akatoki/SC-30/scripts/SC-30/2_phase/motordrive.py","move","150","","","","move: direction=e, power=0.7, duration=0.1","","","","","","","","","","","","","","","","","","","","","","","","","","","","","","","","","","","","","","","","","",""
"11592.723544843","2026-08-15 09:23:41.337885","/home/akatoki/SC-30/scripts/SC-30/2_phase/motordrive.py","move","150","","","","move: direction=e, power=0.7, duration=0.1","","","","","","","","","","","","","","","","","","","","","","","","","","","","","","","","","","","","","","","","","",""
"11592.769056453","2026-08-15 09:23:41.383398","/home/akatoki/SC-30/scripts/SC-30/2_phase/motordrive.py","move","150","","","","move: direction=e, power=0.7, duration=0.1","","","","","","","","","","","","","","","","","","","","","","","","","","","","","","","","","","","","","","","","","",""
"11592.816305202","2026-08-15 09:23:41.430643","/home/akatoki/SC-30/scripts/SC-30/2_phase/motordrive.py","move","150","","","","move: direction=e, power=0.7, duration=0.1","","","","","","","","","","","","","","","","","","","","","","","","","","","","","","","","","","","","","","","","","",""
"11592.860561188","2026-08-15 09:23:41.474900","/home/akatoki/SC-30/scripts/SC-30/2_phase/motordrive.py","move","150","","","","move: direction=e, power=0.7, duration=0.1","","","","","","","","","","","","","","","","","","","","","","","","","","","","","","","","","","","","","","","","","",""
"11592.909280046","2026-08-15 09:23:41.523619","/home/akatoki/SC-30/scripts/SC-30/2_phase/motordrive.py","move","150","","","","move: direction=e, power=0.7, duration=0.1","","","","","","","","","","","","","","","","","","","","","","","","","","","","","","","","","","","","","","","","","",""
"11592.953585866","2026-08-15 09:23:41.567925","/home/akatoki/SC-30/scripts/SC-30/2_phase/motordrive.py","move","150","","","","move: direction=e, power=0.7, duration=0.1","","","","","","","","","","","","","","","","","","","","","","","","","","","","","","","","","","","","","","","","","",""
"11592.998752444","2026-08-15 09:23:41.613091","/home/akatoki/SC-30/scripts/SC-30/2_phase/motordrive.py","move","150","","","","move: direction=e, power=0.7, duration=0.1","","","","","","","","","","","","","","","","","","","","","","","","","","","","","","","","","","","","","","","","","",""
"11593.04664007","2026-08-15 09:23:41.660978","/home/akatoki/SC-30/scripts/SC-30/2_phase/motordrive.py","move","150","","","","move: direction=e, power=0.7, duration=0.1","","","","","","","","","","","","","","","","","","","","","","","","","","","","","","","","","","","","","","","","","",""
"11593.090986141","2026-08-15 09:23:41.705325","/home/akatoki/SC-30/scripts/SC-30/2_phase/motordrive.py","move","150","","","","move: direction=e, power=0.7, duration=0.1","","","","","","","","","","","","","","","","","","","","","","","","","","","","","","","","","","","","","","","","","",""
"11593.136200313","2026-08-15 09:23:41.750543","/home/akatoki/SC-30/scripts/SC-30/2_phase/motordrive.py","move","150","","","","move: direction=e, power=0.7, duration=0.1","","","","","","","","","","","","","","","","","","","","","","","","","","","","","","","","","","","","","","","","","",""
"11593.180678077","2026-08-15 09:23:41.795016","/home/akatoki/SC-30/scripts/SC-30/2_phase/motordrive.py","move","150","","","","move: direction=e, power=0.7, duration=0.1","","","","","","","","","","","","","","","","","","","","","","","","","","","","","","","","","","","","","","","","","",""
"11593.229741603","2026-08-15 09:23:41.844081","/home/akatoki/SC-30/scripts/SC-30/2_phase/motordrive.py","move","150","","","","move: direction=e, power=0.7, duration=0.1","","","","","","","","","","","","","","","","","","","","","","","","","","","","","","","","","","","","","","","","","",""
"11593.278242382","2026-08-15 09:23:41.892592","/home/akatoki/SC-30/scripts/SC-30/2_phase/motordrive.py","move","150","","","","move: direction=e, power=0.7, duration=0.1","","","","","","","","","","","","","","","","","","","","","","","","","","","","","","","","","","","","","","","","","",""
"11593.325959886","2026-08-15 09:23:41.940299","/home/akatoki/SC-30/scripts/SC-30/2_phase/motordrive.py","move","150","","","","move: direction=e, power=0.7, duration=0.1","","","","","","","","","","","","","","","","","","","","","","","","","","","","","","","","","","","","","","","","","",""
"11593.369281536","2026-08-15 09:23:41.983621","/home/akatoki/SC-30/scripts/SC-30/2_phase/motordrive.py","move","150","","","","move: direction=e, power=0.7, duration=0.1","","","","","","","","","","","","","","","","","","","","","","","","","","","","","","","","","","","","","","","","","",""
"11593.415813838","2026-08-15 09:23:42.030156","/home/akatoki/SC-30/scripts/SC-30/2_phase/motordrive.py","move","150","","","","move: direction=e, power=0.7, duration=0.1","","","","","","","","","","","","","","","","","","","","","","","","","","","","","","","","","","","","","","","","","",""
"11593.465961918","2026-08-15 09:23:42.080301","/home/akatoki/SC-30/scripts/SC-30/2_phase/motordrive.py","move","150","","","","move: direction=e, power=0.7, duration=0.1","","","","","","","","","","","","","","","","","","","","","","","","","","","","","","","","","","","","","","","","","",""
"11593.514083804","2026-08-15 09:23:42.128421","/home/akatoki/SC-30/scripts/SC-30/2_phase/motordrive.py","move","150","","","","move: direction=e, power=0.7, duration=0.1","","","","","","","","","","","","","","","","","","","","","","","","","","","","","","","","","","","","","","","","","",""
"11593.565870085","2026-08-15 09:23:42.180209","/home/akatoki/SC-30/scripts/SC-30/2_phase/motordrive.py","move","150","","","","move: direction=e, power=0.7, duration=0.1","","","","","","","","","","","","","","","","","","","","","","","","","","","","","","","","","","","","","","","","","",""
"11593.611722651","2026-08-15 09:23:42.226061","/home/akatoki/SC-30/scripts/SC-30/2_phase/motordrive.py","move","150","","","","move: direction=e, power=0.7, duration=0.1","","","","","","","","","","","","","","","","","","","","","","","","","","","","","","","","","","","","","","","","","",""
"11593.662798715","2026-08-15 09:23:42.277140","/home/akatoki/SC-30/scripts/SC-30/2_phase/motordrive.py","move","150","","","","move: direction=e, power=0.7, duration=0.1","","","","","","","","","","","","","","","","","","","","","","","","","","","","","","","","","","","","","","","","","",""
"11593.711961062","2026-08-15 09:23:42.326302","/home/akatoki/SC-30/scripts/SC-30/2_phase/motordrive.py","move","150","","","","move: direction=e, power=0.7, duration=0.1","","","","","","","","","","","","","","","","","","","","","","","","","","","","","","","","","","","","","","","","","",""
"11593.759878355","2026-08-15 09:23:42.374222","/home/akatoki/SC-30/scripts/SC-30/2_phase/motordrive.py","move","150","","","","move: direction=e, power=0.7, duration=0.1","","","","","","","","","","","","","","","","","","","","","","","","","","","","","","","","","","","","","","","","","",""
"11593.806384639","2026-08-15 09:23:42.420723","/home/akatoki/SC-30/scripts/SC-30/2_phase/motordrive.py","move","150","","","","move: direction=e, power=0.7, duration=0.1","","","","","","","","","","","","","","","","","","","","","","","","","","","","","","","","","","","","","","","","","",""
"11593.856686072","2026-08-15 09:23:42.471025","/home/akatoki/SC-30/scripts/SC-30/2_phase/motordrive.py","move","150","","","","move: direction=e, power=0.7, duration=0.1","","","","","","","","","","","","","","","","","","","","","","","","","","","","","","","","","","","","","","","","","",""
"11593.915070411","2026-08-15 09:23:42.529409","/home/akatoki/SC-30/scripts/SC-30/2_phase/motordrive.py","move","150","","","","move: direction=e, power=0.7, duration=0.1","","","","","","","","","","","","","","","","","","","","","","","","","","","","","","","","","","","","","","","","","",""
"11593.963488069","2026-08-15 09:23:42.577826","/home/akatoki/SC-30/scripts/SC-30/2_phase/motordrive.py","move","150","","","","move: direction=e, power=0.7, duration=0.1","","","","","","","","","","","","","","","","","","","","","","","","","","","","","","","","","","","","","","","","","",""
"11594.008127084","2026-08-15 09:23:42.622467","/home/akatoki/SC-30/scripts/SC-30/2_phase/motordrive.py","move","150","","","","move: direction=e, power=0.7, duration=0.1","","","","","","","","","","","","","","","","","","","","","","","","","","","","","","","","","","","","","","","","","",""
"11594.052735116","2026-08-15 09:23:42.667075","/home/akatoki/SC-30/scripts/SC-30/2_phase/motordrive.py","move","150","","","","move: direction=e, power=0.7, duration=0.1","","","","","","","","","","","","","","","","","","","","","","","","","","","","","","","","","","","","","","","","","",""
"11594.102791809","2026-08-15 09:23:42.717131","/home/akatoki/SC-30/scripts/SC-30/2_phase/motordrive.py","move","150","","","","move: direction=e, power=0.7, duration=0.1","","","","","","","","","","","","","","","","","","","","","","","","","","","","","","","","","","","","","","","","","",""
"11594.152316372","2026-08-15 09:23:42.766657","/home/akatoki/SC-30/scripts/SC-30/2_phase/motordrive.py","move","150","","","","move: direction=e, power=0.7, duration=0.1","","","","","","","","","","","","","","","","","","","","","","","","","","","","","","","","","","","","","","","","","",""
"11594.205428108","2026-08-15 09:23:42.819767","/home/akatoki/SC-30/scripts/SC-30/2_phase/motordrive.py","move","150","","","","move: direction=e, power=0.7, duration=0.1","","","","","","","","","","","","","","","","","","","","","","","","","","","","","","","","","","","","","","","","","",""
"11594.254688767","2026-08-15 09:23:42.869030","/home/akatoki/SC-30/scripts/SC-30/2_phase/motordrive.py","move","150","","","","move: direction=e, power=0.7, duration=0.1","","","","","","","","","","","","","","","","","","","","","","","","","","","","","","","","","","","","","","","","","",""
"11594.30605097","2026-08-15 09:23:42.920390","/home/akatoki/SC-30/scripts/SC-30/2_phase/motordrive.py","move","150","","","","move: direction=e, power=0.7, duration=0.1","","","","","","","","","","","","","","","","","","","","","","","","","","","","","","","","","","","","","","","","","",""
"11594.362092827","2026-08-15 09:23:42.976448","/home/akatoki/SC-30/scripts/SC-30/2_phase/motordrive.py","move","150","","","","move: direction=e, power=0.7, duration=0.1","","","","","","","","","","","","","","","","","","","","","","","","","","","","","","","","","","","","","","","","","",""
"11594.414339655","2026-08-15 09:23:43.028680","/home/akatoki/SC-30/scripts/SC-30/2_phase/motordrive.py","move","150","","","","move: direction=e, power=0.7, duration=0.1","","","","","","","","","","","","","","","","","","","","","","","","","","","","","","","","","","","","","","","","","",""
"11594.463836972","2026-08-15 09:23:43.078176","/home/akatoki/SC-30/scripts/SC-30/2_phase/motordrive.py","move","150","","","","move: direction=e, power=0.7, duration=0.1","","","","","","","","","","","","","","","","","","","","","","","","","","","","","","","","","","","","","","","","","",""
"11594.513370636","2026-08-15 09:23:43.127715","/home/akatoki/SC-30/scripts/SC-30/2_phase/motordrive.py","move","150","","","","move: direction=e, power=0.7, duration=0.1","","","","","","","","","","","","","","","","","","","","","","","","","","","","","","","","","","","","","","","","","",""
"11594.558477142","2026-08-15 09:23:43.172820","/home/akatoki/SC-30/scripts/SC-30/2_phase/motordrive.py","move","150","","","","move: direction=e, power=0.7, duration=0.1","","","","","","","","","","","","","","","","","","","","","","","","","","","","","","","","","","","","","","","","","",""
"11594.613041536","2026-08-15 09:23:43.227379","/home/akatoki/SC-30/scripts/SC-30/2_phase/motordrive.py","move","150","","","","move: direction=e, power=0.7, duration=0.1","","","","","","","","","","","","","","","","","","","","","","","","","","","","","","","","","","","","","","","","","",""
"11594.659050824","2026-08-15 09:23:43.273390","/home/akatoki/SC-30/scripts/SC-30/2_phase/motordrive.py","move","150","","","","move: direction=e, power=0.7, duration=0.1","","","","","","","","","","","","","","","","","","","","","","","","","","","","","","","","","","","","","","","","","",""
"11594.705743877","2026-08-15 09:23:43.320082","/home/akatoki/SC-30/scripts/SC-30/2_phase/motordrive.py","move","150","","","","move: direction=e, power=0.7, duration=0.1","","","","","","","","","","","","","","","","","","","","","","","","","","","","","","","","","","","","","","","","","",""
"11594.751876837","2026-08-15 09:23:43.366216","/home/akatoki/SC-30/scripts/SC-30/2_phase/motordrive.py","move","150","","","","move: direction=e, power=0.7, duration=0.1","","","","","","","","","","","","","","","","","","","","","","","","","","","","","","","","","","","","","","","","","",""
"11594.800472153","2026-08-15 09:23:43.414811","/home/akatoki/SC-30/scripts/SC-30/2_phase/motordrive.py","move","150","","","","move: direction=e, power=0.7, duration=0.1","","","","","","","","","","","","","","","","","","","","","","","","","","","","","","","","","","","","","","","","","",""
"11594.851508266","2026-08-15 09:23:43.465848","/home/akatoki/SC-30/scripts/SC-30/2_phase/motordrive.py","move","150","","","","move: direction=e, power=0.7, duration=0.1","","","","","","","","","","","","","","","","","","","","","","","","","","","","","","","","","","","","","","","","","",""
"11594.901809531","2026-08-15 09:23:43.516150","/home/akatoki/SC-30/scripts/SC-30/2_phase/motordrive.py","move","150","","","","move: direction=e, power=0.7, duration=0.1","","","","","","","","","","","","","","","","","","","","","","","","","","","","","","","","","","","","","","","","","",""
"11594.953517016","2026-08-15 09:23:43.567858","/home/akatoki/SC-30/scripts/SC-30/2_phase/motordrive.py","move","150","","","","move: direction=w, power=0.7, duration=1.5","","","","","","","","","","","","","","","","","","","","","","","","","","","","","","","","","","","","","","","","","",""
"11594.998789842","2026-08-15 09:23:43.613130","/home/akatoki/SC-30/scripts/SC-30/2_phase/motordrive.py","move","150","","","","move: direction=w, power=0.7, duration=1.5","","","","","","","","","","","","","","","","","","","","","","","","","","","","","","","","","","","","","","","","","",""
"11595.04547977","2026-08-15 09:23:43.659818","/home/akatoki/SC-30/scripts/SC-30/2_phase/motordrive.py","move","150","","","","move: direction=w, power=0.7, duration=1.5","","","","","","","","","","","","","","","","","","","","","","","","","","","","","","","","","","","","","","","","","",""
"11595.09326166","2026-08-15 09:23:43.707601","/home/akatoki/SC-30/scripts/SC-30/2_phase/motordrive.py","move","150","","","","move: direction=w, power=0.7, duration=1.5","","","","","","","","","","","","","","","","","","","","","","","","","","","","","","","","","","","","","","","","","",""
"11595.145610002","2026-08-15 09:23:43.759948","/home/akatoki/SC-30/scripts/SC-30/2_phase/motordrive.py","move","150","","","","move: direction=w, power=0.7, duration=1.5","","","","","","","","","","","","","","","","","","","","","","","","","","","","","","","","","","","","","","","","","",""
"11595.192387309","2026-08-15 09:23:43.806726","/home/akatoki/SC-30/scripts/SC-30/2_phase/motordrive.py","move","150","","","","move: direction=w, power=0.7, duration=1.5","","","","","","","","","","","","","","","","","","","","","","","","","","","","","","","","","","","","","","","","","",""
"11595.240527927","2026-08-15 09:23:43.854867","/home/akatoki/SC-30/scripts/SC-30/2_phase/motordrive.py","move","150","","","","move: direction=w, power=0.7, duration=1.5","","","","","","","","","","","","","","","","","","","","","","","","","","","","","","","","","","","","","","","","","",""
"11595.29904265","2026-08-15 09:23:43.913380","/home/akatoki/SC-30/scripts/SC-30/2_phase/motordrive.py","move","150","","","","move: direction=w, power=0.7, duration=1.5","","","","","","","","","","","","","","","","","","","","","","","","","","","","","","","","","","","","","","","","","",""
"11595.345833651","2026-08-15 09:23:43.960172","/home/akatoki/SC-30/scripts/SC-30/2_phase/motordrive.py","move","150","","","","move: direction=e, power=0.7, duration=0.1","","","","","","","","","","","","","","","","","","","","","","","","","","","","","","","","","","","","","","","","","",""
"11595.395091749","2026-08-15 09:23:44.009430","/home/akatoki/SC-30/scripts/SC-30/2_phase/motordrive.py","move","150","","","","move: direction=e, power=0.7, duration=0.1","","","","","","","","","","","","","","","","","","","","","","","","","","","","","","","","","","","","","","","","","",""
"11595.445765269","2026-08-15 09:23:44.060104","/home/akatoki/SC-30/scripts/SC-30/2_phase/motordrive.py","move","150","","","","move: direction=e, power=0.7, duration=0.1","","","","","","","","","","","","","","","","","","","","","","","","","","","","","","","","","","","","","","","","","",""
"11595.500606264","2026-08-15 09:23:44.114945","/home/akatoki/SC-30/scripts/SC-30/2_phase/motordrive.py","move","150","","","","move: direction=e, power=0.7, duration=0.1","","","","","","","","","","","","","","","","","","","","","","","","","","","","","","","","","","","","","","","","","",""
"11595.551434491","2026-08-15 09:23:44.165774","/home/akatoki/SC-30/scripts/SC-30/2_phase/motordrive.py","move","150","","","","move: direction=e, power=0.7, duration=0.1","","","","","","","","","","","","","","","","","","","","","","","","","","","","","","","","","","","","","","","","","",""
"11595.601686796","2026-08-15 09:23:44.216028","/home/akatoki/SC-30/scripts/SC-30/2_phase/motordrive.py","move","150","","","","move: direction=e, power=0.7, duration=0.1","","","","","","","","","","","","","","","","","","","","","","","","","","","","","","","","","","","","","","","","","",""
"11595.659355281","2026-08-15 09:23:44.273695","/home/akatoki/SC-30/scripts/SC-30/2_phase/motordrive.py","move","150","","","","move: direction=q, power=0.7, duration=0.1","","","","","","","","","","","","","","","","","","","","","","","","","","","","","","","","","","","","","","","","","",""
"11595.70701411","2026-08-15 09:23:44.321352","/home/akatoki/SC-30/scripts/SC-30/2_phase/motordrive.py","move","150","","","","move: direction=e, power=0.7, duration=0.1","","","","","","","","","","","","","","","","","","","","","","","","","","","","","","","","","","","","","","","","","",""
"11595.753693452","2026-08-15 09:23:44.368033","/home/akatoki/SC-30/scripts/SC-30/2_phase/motordrive.py","move","150","","","","move: direction=e, power=0.7, duration=0.1","","","","","","","","","","","","","","","","","","","","","","","","","","","","","","","","","","","","","","","","","",""
"11595.806703678","2026-08-15 09:23:44.421042","/home/akatoki/SC-30/scripts/SC-30/2_phase/motordrive.py","move","150","","","","move: direction=q, power=0.7, duration=0.1","","","","","","","","","","","","","","","","","","","","","","","","","","","","","","","","","","","","","","","","","",""
"11595.85493968","2026-08-15 09:23:44.469281","/home/akatoki/SC-30/scripts/SC-30/2_phase/motordrive.py","move","150","","","","move: direction=e, power=0.7, duration=0.1","","","","","","","","","","","","","","","","","","","","","","","","","","","","","","","","","","","","","","","","","",""
"11595.906712348","2026-08-15 09:23:44.521057","/home/akatoki/SC-30/scripts/SC-30/2_phase/motordrive.py","move","150","","","","move: direction=e, power=0.7, duration=0.1","","","","","","","","","","","","","","","","","","","","","","","","","","","","","","","","","","","","","","","","","",""
"11595.952851177","2026-08-15 09:23:44.567192","/home/akatoki/SC-30/scripts/SC-30/2_phase/motordrive.py","move","150","","","","move: direction=q, power=0.7, duration=0.1","","","","","","","","","","","","","","","","","","","","","","","","","","","","","","","","","","","","","","","","","",""
"11596.007097295","2026-08-15 09:23:44.621436","/home/akatoki/SC-30/scripts/SC-30/2_phase/motordrive.py","move","150","","","","move: direction=q, power=0.7, duration=0.1","","","","","","","","","","","","","","","","","","","","","","","","","","","","","","","","","","","","","","","","","",""
"11596.059126941","2026-08-15 09:23:44.673465","/home/akatoki/SC-30/scripts/SC-30/2_phase/motordrive.py","move","150","","","","move: direction=q, power=0.7, duration=0.1","","","","","","","","","","","","","","","","","","","","","","","","","","","","","","","","","","","","","","","","","",""
"11596.106531135","2026-08-15 09:23:44.720870","/home/akatoki/SC-30/scripts/SC-30/2_phase/motordrive.py","move","150","","","","move: direction=e, power=0.7, duration=0.1","","","","","","","","","","","","","","","","","","","","","","","","","","","","","","","","","","","","","","","","","",""
"11596.159647433","2026-08-15 09:23:44.773984","/home/akatoki/SC-30/scripts/SC-30/2_phase/motordrive.py","move","150","","","","move: direction=e, power=0.7, duration=0.1","","","","","","","","","","","","","","","","","","","","","","","","","","","","","","","","","","","","","","","","","",""
"11596.21969673","2026-08-15 09:23:44.834041","/home/akatoki/SC-30/scripts/SC-30/2_phase/motordrive.py","move","150","","","","move: direction=e, power=0.7, duration=0.1","","","","","","","","","","","","","","","","","","","","","","","","","","","","","","","","","","","","","","","","","",""
"11596.267817755","2026-08-15 09:23:44.882155","/home/akatoki/SC-30/scripts/SC-30/2_phase/motordrive.py","move","150","","","","move: direction=e, power=0.7, duration=0.1","","","","","","","","","","","","","","","","","","","","","","","","","","","","","","","","","","","","","","","","","",""
"11596.316118118","2026-08-15 09:23:44.930462","/home/akatoki/SC-30/scripts/SC-30/2_phase/motordrive.py","move","150","","","","move: direction=e, power=0.7, duration=0.1","","","","","","","","","","","","","","","","","","","","","","","","","","","","","","","","","","","","","","","","","",""
"11596.36623946","2026-08-15 09:23:44.980583","/home/akatoki/SC-30/scripts/SC-30/2_phase/motordrive.py","move","150","","","","move: direction=e, power=0.7, duration=0.1","","","","","","","","","","","","","","","","","","","","","","","","","","","","","","","","","","","","","","","","","",""
"11596.414341912","2026-08-15 09:23:45.028682","/home/akatoki/SC-30/scripts/SC-30/2_phase/motordrive.py","move","150","","","","move: direction=e, power=0.7, duration=0.1","","","","","","","","","","","","","","","","","","","","","","","","","","","","","","","","","","","","","","","","","",""
"11596.463396325","2026-08-15 09:23:45.077735","/home/akatoki/SC-30/scripts/SC-30/2_phase/motordrive.py","move","150","","","","move: direction=e, power=0.7, duration=0.1","","","","","","","","","","","","","","","","","","","","","","","","","","","","","","","","","","","","","","","","","",""
"11596.515459287","2026-08-15 09:23:45.129802","/home/akatoki/SC-30/scripts/SC-30/2_phase/motordrive.py","move","150","","","","move: direction=e, power=0.7, duration=0.1","","","","","","","","","","","","","","","","","","","","","","","","","","","","","","","","","","","","","","","","","",""
"11596.563115966","2026-08-15 09:23:45.177455","/home/akatoki/SC-30/scripts/SC-30/2_phase/motordrive.py","move","150","","","","move: direction=w, power=0.7, duration=1.5","","","","","","","","","","","","","","","","","","","","","","","","","","","","","","","","","","","","","","","","","",""
"11596.610533632","2026-08-15 09:23:45.224875","/home/akatoki/SC-30/scripts/SC-30/2_phase/motordrive.py","move","150","","","","move: direction=e, power=0.7, duration=0.1","","","","","","","","","","","","","","","","","","","","","","","","","","","","","","","","","","","","","","","","","",""
"11596.657555285","2026-08-15 09:23:45.271895","/home/akatoki/SC-30/scripts/SC-30/2_phase/motordrive.py","move","150","","","","move: direction=w, power=0.7, duration=1.5","","","","","","","","","","","","","","","","","","","","","","","","","","","","","","","","","","","","","","","","","",""
"11596.715074055","2026-08-15 09:23:45.329415","/home/akatoki/SC-30/scripts/SC-30/2_phase/motordrive.py","move","150","","","","move: direction=w, power=0.7, duration=1.5","","","","","","","","","","","","","","","","","","","","","","","","","","","","","","","","","","","","","","","","","",""
"11596.775952083","2026-08-15 09:23:45.390292","/home/akatoki/SC-30/scripts/SC-30/2_phase/motordrive.py","move","150","","","","move: direction=w, power=0.7, duration=1.5","","","","","","","","","","","","","","","","","","","","","","","","","","","","","","","","","","","","","","","","","",""
"11596.834010898","2026-08-15 09:23:45.448366","/home/akatoki/SC-30/scripts/SC-30/2_phase/motordrive.py","move","150","","","","move: direction=w, power=0.7, duration=1.5","","","","","","","","","","","","","","","","","","","","","","","","","","","","","","","","","","","","","","","","","",""
"11596.885897282","2026-08-15 09:23:45.500239","/home/akatoki/SC-30/scripts/SC-30/2_phase/motordrive.py","move","150","","","","move: direction=q, power=0.7, duration=0.1","","","","","","","","","","","","","","","","","","","","","","","","","","","","","","","","","","","","","","","","","",""
"11596.944832792","2026-08-15 09:23:45.559178","/home/akatoki/SC-30/scripts/SC-30/2_phase/motordrive.py","move","150","","","","move: direction=q, power=0.7, duration=0.1","","","","","","","","","","","","","","","","","","","","","","","","","","","","","","","","","","","","","","","","","",""
"11597.004487166","2026-08-15 09:23:45.618830","/home/akatoki/SC-30/scripts/SC-30/2_phase/motordrive.py","move","150","","","","move: direction=q, power=0.7, duration=0.1","","","","","","","","","","","","","","","","","","","","","","","","","","","","","","","","","","","","","","","","","",""
"11597.062456676","2026-08-15 09:23:45.676796","/home/akatoki/SC-30/scripts/SC-30/2_phase/motordrive.py","move","150","","","","move: direction=q, power=0.7, duration=0.1","","","","","","","","","","","","","","","","","","","","","","","","","","","","","","","","","","","","","","","","","",""
"11597.126329299","2026-08-15 09:23:45.740667","/home/akatoki/SC-30/scripts/SC-30/2_phase/motordrive.py","move","150","","","","move: direction=q, power=0.7, duration=0.1","","","","","","","","","","","","","","","","","","","","","","","","","","","","","","","","","","","","","","","","","",""
"11597.186171081","2026-08-15 09:23:45.800509","/home/akatoki/SC-30/scripts/SC-30/2_phase/motordrive.py","move","150","","","","move: direction=q, power=0.7, duration=0.1","","","","","","","","","","","","","","","","","","","","","","","","","","","","","","","","","","","","","","","","","",""
"11597.241085021","2026-08-15 09:23:45.855425","/home/akatoki/SC-30/scripts/SC-30/2_phase/motordrive.py","move","150","","","","move: direction=q, power=0.7, duration=0.1","","","","","","","","","","","","","","","","","","","","","","","","","","","","","","","","","","","","","","","","","",""
"11597.302894941","2026-08-15 09:23:45.917237","/home/akatoki/SC-30/scripts/SC-30/2_phase/motordrive.py","move","150","","","","move: direction=e, power=0.7, duration=0.1","","","","","","","","","","","","","","","","","","","","","","","","","","","","","","","","","","","","","","","","","",""
"11597.360133925","2026-08-15 09:23:45.974473","/home/akatoki/SC-30/scripts/SC-30/2_phase/motordrive.py","move","150","","","","move: direction=w, power=0.7, duration=1.5","","","","","","","","","","","","","","","","","","","","","","","","","","","","","","","","","","","","","","","","","",""
"11597.416198741","2026-08-15 09:23:46.030536","/home/akatoki/SC-30/scripts/SC-30/2_phase/motordrive.py","move","150","","","","move: direction=w, power=0.7, duration=1.5","","","","","","","","","","","","","","","","","","","","","","","","","","","","","","","","","","","","","","","","","",""
"11597.475113365","2026-08-15 09:23:46.089455","/home/akatoki/SC-30/scripts/SC-30/2_phase/motordrive.py","move","150","","","","move: direction=e, power=0.7, duration=0.1","","","","","","","","","","","","","","","","","","","","","","","","","","","","","","","","","","","","","","","","","",""
"11597.544779592","2026-08-15 09:23:46.159127","/home/akatoki/SC-30/scripts/SC-30/2_phase/motordrive.py","move","150","","","","move: direction=e, power=0.7, duration=0.1","","","","","","","","","","","","","","","","","","","","","","","","","","","","","","","","","","","","","","","","","",""
"11597.598405817","2026-08-15 09:23:46.212745","/home/akatoki/SC-30/scripts/SC-30/2_phase/motordrive.py","move","150","","","","move: direction=e, power=0.7, duration=0.1","","","","","","","","","","","","","","","","","","","","","","","","","","","","","","","","","","","","","","","","","",""
"11597.656208481","2026-08-15 09:23:46.270548","/home/akatoki/SC-30/scripts/SC-30/2_phase/motordrive.py","move","150","","","","move: direction=e, power=0.7, duration=0.1","","","","","","","","","","","","","","","","","","","","","","","","","","","","","","","","","","","","","","","","","",""
"11597.717602857","2026-08-15 09:23:46.331943","/home/akatoki/SC-30/scripts/SC-30/2_phase/motordrive.py","move","150","","","","move: direction=e, power=0.7, duration=0.1","","","","","","","","","","","","","","","","","","","","","","","","","","","","","","","","","","","","","","","","","",""
"11597.783987152","2026-08-15 09:23:46.398379","/home/akatoki/SC-30/scripts/SC-30/2_phase/motordrive.py","move","150","","","","move: direction=w, power=0.7, duration=1.5","","","","","","","","","","","","","","","","","","","","","","","","","","","","","","","","","","","","","","","","","",""
"11597.841313037","2026-08-15 09:23:46.455653","/home/akatoki/SC-30/scripts/SC-30/2_phase/motordrive.py","move","150","","","","move: direction=w, power=0.7, duration=1.5","","","","","","","","","","","","","","","","","","","","","","","","","","","","","","","","","","","","","","","","","",""
"11597.900452875","2026-08-15 09:23:46.514793","/home/akatoki/SC-30/scripts/SC-30/2_phase/motordrive.py","move","150","","","","move: direction=w, power=0.7, duration=1.5","","","","","","","","","","","","","","","","","","","","","","","","","","","","","","","","","","","","","","","","","",""
"11597.966507654","2026-08-15 09:23:46.580845","/home/akatoki/SC-30/scripts/SC-30/2_phase/motordrive.py","move","150","","","","move: direction=w, power=0.7, duration=1.5","","","","","","","","","","","","","","","","","","","","","","","","","","","","","","","","","","","","","","","","","",""
"11598.020729747","2026-08-15 09:23:46.635069","/home/akatoki/SC-30/scripts/SC-30/2_phase/motordrive.py","move","150","","","","move: direction=w, power=0.7, duration=1.5","","","","","","","","","","","","","","","","","","","","","","","","","","","","","","","","","","","","","","","","","",""
"11598.079257834","2026-08-15 09:23:46.693596","/home/akatoki/SC-30/scripts/SC-30/2_phase/motordrive.py","move","150","","","","move: direction=w, power=0.7, duration=1.5","","","","","","","","","","","","","","","","","","","","","","","","","","","","","","","","","","","","","","","","","",""
"11598.141842228","2026-08-15 09:23:46.756186","/home/akatoki/SC-30/scripts/SC-30/2_phase/motordrive.py","move","150","","","","move: direction=w, power=0.7, duration=1.5","","","","","","","","","","","","","","","","","","","","","","","","","","","","","","","","","","","","","","","","","",""
"11598.974491592","2026-08-15 09:23:47.588836","/home/akatoki/SC-30/scripts/SC-30/2_phase/motordrive.py","move","150","","","","move: direction=w, power=0.7, duration=1.5","","","","","","","","","","","","","","","","","","","","","","","","","","","","","","","","","","","","","","","","","",""
"11599.03490981","2026-08-15 09:23:47.649248","/home/akatoki/SC-30/scripts/SC-30/2_phase/motordrive.py","move","150","","","","move: direction=w, power=0.7, duration=1.5","","","","","","","","","","","","","","","","","","","","","","","","","","","","","","","","","","","","","","","","","",""
"11599.088997493","2026-08-15 09:23:47.703337","/home/akatoki/SC-30/scripts/SC-30/2_phase/motordrive.py","move","150","","","","move: direction=w, power=0.7, duration=1.5","","","","","","","","","","","","","","","","","","","","","","","","","","","","","","","","","","","","","","","","","",""
"11599.142900267","2026-08-15 09:23:47.757239","/home/akatoki/SC-30/scripts/SC-30/2_phase/motordrive.py","move","150","","","","move: direction=w, power=0.7, duration=1.5","","","","","","","","","","","","","","","","","","","","","","","","","","","","","","","","","","","","","","","","","",""
"11599.205166233","2026-08-15 09:23:47.819506","/home/akatoki/SC-30/scripts/SC-30/2_phase/motordrive.py","move","150","","","","move: direction=w, power=0.7, duration=1.5","","","","","","","","","","","","","","","","","","","","","","","","","","","","","","","","","","","","","","","","","",""
"11599.263838035","2026-08-15 09:23:47.878178","/home/akatoki/SC-30/scripts/SC-30/2_phase/motordrive.py","move","150","","","","move: direction=w, power=0.7, duration=1.5","","","","","","","","","","","","","","","","","","","","","","","","","","","","","","","","","","","","","","","","","",""
"11599.320741239","2026-08-15 09:23:47.935080","/home/akatoki/SC-30/scripts/SC-30/2_phase/motordrive.py","move","150","","","","move: direction=w, power=0.7, duration=1.5","","","","","","","","","","","","","","","","","","","","","","","","","","","","","","","","","","","","","","","","","",""
"11599.382424043","2026-08-15 09:23:47.996762","/home/akatoki/SC-30/scripts/SC-30/2_phase/motordrive.py","move","150","","","","move: direction=w, power=0.7, duration=1.5","","","","","","","","","","","","","","","","","","","","","","","","","","","","","","","","","","","","","","","","","",""
"11599.439955493","2026-08-15 09:23:48.054297","/home/akatoki/SC-30/scripts/SC-30/2_phase/motordrive.py","move","150","","","","move: direction=w, power=0.7, duration=1.5","","","","","","","","","","","","","","","","","","","","","","","","","","","","","","","","","","","","","","","","","",""
"11599.503082739","2026-08-15 09:23:48.117421","/home/akatoki/SC-30/scripts/SC-30/2_phase/motordrive.py","move","150","","","","move: direction=w, power=0.7, duration=1.5","","","","","","","","","","","","","","","","","","","","","","","","","","","","","","","","","","","","","","","","","",""
"11599.570545148","2026-08-15 09:23:48.184888","/home/akatoki/SC-30/scripts/SC-30/2_phase/motordrive.py","move","150","","","","move: direction=w, power=0.7, duration=1.5","","","","","","","","","","","","","","","","","","","","","","","","","","","","","","","","","","","","","","","","","",""
"11599.643975043","2026-08-15 09:23:48.258316","/home/akatoki/SC-30/scripts/SC-30/2_phase/motordrive.py","move","150","","","","move: direction=w, power=0.7, duration=1.5","","","","","","","","","","","","","","","","","","","","","","","","","","","","","","","","","","","","","","","","","",""
"11599.707921915","2026-08-15 09:23:48.322261","/home/akatoki/SC-30/scripts/SC-30/2_phase/motordrive.py","move","150","","","","move: direction=w, power=0.7, duration=1.5","","","","","","","","","","","","","","","","","","","","","","","","","","","","","","","","","","","","","","","","","",""
"11599.768134909","2026-08-15 09:23:48.382491","/home/akatoki/SC-30/scripts/SC-30/2_phase/motordrive.py","move","150","","","","move: direction=w, power=0.7, duration=1.5","","","","","","","","","","","","","","","","","","","","","","","","","","","","","","","","","","","","","","","","","",""
"11599.83635909","2026-08-15 09:23:48.450711","/home/akatoki/SC-30/scripts/SC-30/2_phase/motordrive.py","move","150","","","","move: direction=w, power=0.7, duration=1.5","","","","","","","","","","","","","","","","","","","","","","","","","","","","","","","","","","","","","","","","","",""
"11599.891558725","2026-08-15 09:23:48.505900","/home/akatoki/SC-30/scripts/SC-30/2_phase/motordrive.py","move","150","","","","move: direction=w, power=0.7, duration=1.5","","","","","","","","","","","","","","","","","","","","","","","","","","","","","","","","","","","","","","","","","",""
"11599.952262869","2026-08-15 09:23:48.566604","/home/akatoki/SC-30/scripts/SC-30/2_phase/motordrive.py","move","150","","","","move: direction=w, power=0.7, duration=1.5","","","","","","","","","","","","","","","","","","","","","","","","","","","","","","","","","","","","","","","","","",""
"11600.006488067","2026-08-15 09:23:48.620837","/home/akatoki/SC-30/scripts/SC-30/2_phase/motordrive.py","move","150","","","","move: direction=w, power=0.7, duration=1.5","","","","","","","","","","","","","","","","","","","","","","","","","","","","","","","","","","","","","","","","","",""
"11600.063128088","2026-08-15 09:23:48.677466","/home/akatoki/SC-30/scripts/SC-30/2_phase/motordrive.py","move","150","","","","move: direction=w, power=0.7, duration=1.5","","","","","","","","","","","","","","","","","","","","","","","","","","","","","","","","","","","","","","","","","",""
"11600.120540816","2026-08-15 09:23:48.734881","/home/akatoki/SC-30/scripts/SC-30/2_phase/motordrive.py","move","150","","","","move: direction=w, power=0.7, duration=1.5","","","","","","","","","","","","","","","","","","","","","","","","","","","","","","","","","","","","","","","","","",""
"11600.181473091","2026-08-15 09:23:48.795815","/home/akatoki/SC-30/scripts/SC-30/2_phase/motordrive.py","move","150","","","","move: direction=w, power=0.7, duration=1.5","","","","","","","","","","","","","","","","","","","","","","","","","","","","","","","","","","","","","","","","","",""
"11600.262496499","2026-08-15 09:23:48.876835","/home/akatoki/SC-30/scripts/SC-30/2_phase/motordrive.py","move","150","","","","move: direction=w, power=0.7, duration=1.5","","","","","","","","","","","","","","","","","","","","","","","","","","","","","","","","","","","","","","","","","",""
"11600.32762511","2026-08-15 09:23:48.941963","/home/akatoki/SC-30/scripts/SC-30/2_phase/motordrive.py","move","150","","","","move: direction=w, power=0.7, duration=1.5","","","","","","","","","","","","","","","","","","","","","","","","","","","","","","","","","","","","","","","","","",""
"11600.386775506","2026-08-15 09:23:49.001114","/home/akatoki/SC-30/scripts/SC-30/2_phase/motordrive.py","move","150","","","","move: direction=w, power=0.7, duration=1.5","","","","","","","","","","","","","","","","","","","","","","","","","","","","","","","","","","","","","","","","","",""
"11600.446398561","2026-08-15 09:23:49.060738","/home/akatoki/SC-30/scripts/SC-30/2_phase/motordrive.py","move","150","","","","move: direction=w, power=0.7, duration=1.5","","","","","","","","","","","","","","","","","","","","","","","","","","","","","","","","","","","","","","","","","",""
"11600.511945419","2026-08-15 09:23:49.126285","/home/akatoki/SC-30/scripts/SC-30/2_phase/motordrive.py","move","150","","","","move: direction=w, power=0.7, duration=1.5","","","","","","","","","","","","","","","","","","","","","","","","","","","","","","","","","","","","","","","","","",""
"11600.578316174","2026-08-15 09:23:49.192654","/home/akatoki/SC-30/scripts/SC-30/2_phase/motordrive.py","move","150","","","","move: direction=w, power=0.7, duration=1.5","","","","","","","","","","","","","","","","","","","","","","","","","","","","","","","","","","","","","","","","","",""
"11600.635906827","2026-08-15 09:23:49.250244","/home/akatoki/SC-30/scripts/SC-30/2_phase/motordrive.py","move","150","","","","move: direction=w, power=0.7, duration=1.5","","","","","","","","","","","","","","","","","","","","","","","","","","","","","","","","","","","","","","","","","",""
"11600.703889912","2026-08-15 09:23:49.318229","/home/akatoki/SC-30/scripts/SC-30/2_phase/motordrive.py","move","150","","","","move: direction=w, power=0.7, duration=1.5","","","","","","","","","","","","","","","","","","","","","","","","","","","","","","","","","","","","","","","","","",""
"11600.77542103","2026-08-15 09:23:49.389762","/home/akatoki/SC-30/scripts/SC-30/2_phase/motordrive.py","move","150","","","","move: direction=w, power=0.7, duration=1.5","","","","","","","","","","","","","","","","","","","","","","","","","","","","","","","","","","","","","","","","","",""
"11600.83680826","2026-08-15 09:23:49.451147","/home/akatoki/SC-30/scripts/SC-30/2_phase/motordrive.py","move","150","","","","move: direction=w, power=0.7, duration=1.5","","","","","","","","","","","","","","","","","","","","","","","","","","","","","","","","","","","","","","","","","",""
"11600.898478089","2026-08-15 09:23:49.512822","/home/akatoki/SC-30/scripts/SC-30/2_phase/motordrive.py","move","150","","","","move: direction=w, power=0.7, duration=1.5","","","","","","","","","","","","","","","","","","","","","","","","","","","","","","","","","","","","","","","","","",""
"11600.98096189","2026-08-15 09:23:49.595306","/home/akatoki/SC-30/scripts/SC-30/2_phase/motordrive.py","move","150","","","","move: direction=w, power=0.7, duration=1.5","","","","","","","","","","","","","","","","","","","","","","","","","","","","","","","","","","","","","","","","","",""
"11601.091639732","2026-08-15 09:23:49.705982","/home/akatoki/SC-30/scripts/SC-30/2_phase/motordrive.py","move","150","","","","move: direction=w, power=0.7, duration=1.5","","","","","","","","","","","","","","","","","","","","","","","","","","","","","","","","","","","","","","","","","",""
"11601.282110825","2026-08-15 09:23:49.896450","/home/akatoki/SC-30/scripts/SC-30/2_phase/motordrive.py","move","150","","","","move: direction=w, power=0.7, duration=1.5","","","","","","","","","","","","","","","","","","","","","","","","","","","","","","","","","","","","","","","","","",""
"11601.42158829","2026-08-15 09:23:50.035927","/home/akatoki/SC-30/scripts/SC-30/2_phase/motordrive.py","move","150","","","","move: direction=w, power=0.7, duration=1.5","","","","","","","","","","","","","","","","","","","","","","","","","","","","","","","","","","","","","","","","","",""
"11601.482629752","2026-08-15 09:23:50.096970","/home/akatoki/SC-30/scripts/SC-30/2_phase/motordrive.py","move","150","","","","move: direction=w, power=0.7, duration=1.5","","","","","","","","","","","","","","","","","","","","","","","","","","","","","","","","","","","","","","","","","",""
"11601.536043791","2026-08-15 09:23:50.150392","/home/akatoki/SC-30/scripts/SC-30/2_phase/motordrive.py","move","150","","","","move: direction=w, power=0.7, duration=1.5","","","","","","","","","","","","","","","","","","","","","","","","","","","","","","","","","","","","","","","","","",""
"11601.594379547","2026-08-15 09:23:50.208722","/home/akatoki/SC-30/scripts/SC-30/2_phase/motordrive.py","move","150","","","","move: direction=w, power=0.7, duration=1.5","","","","","","","","","","","","","","","","","","","","","","","","","","","","","","","","","","","","","","","","","",""
"11601.66196766","2026-08-15 09:23:50.276308","/home/akatoki/SC-30/scripts/SC-30/2_phase/motordrive.py","move","150","","","","move: direction=w, power=0.7, duration=1.5","","","","","","","","","","","","","","","","","","","","","","","","","","","","","","","","","","","","","","","","","",""
"11601.717172953","2026-08-15 09:23:50.331515","/home/akatoki/SC-30/scripts/SC-30/2_phase/motordrive.py","move","150","","","","move: direction=w, power=0.7, duration=1.5","","","","","","","","","","","","","","","","","","","","","","","","","","","","","","","","","","","","","","","","","",""
"11601.772364707","2026-08-15 09:23:50.386705","/home/akatoki/SC-30/scripts/SC-30/2_phase/motordrive.py","move","150","","","","move: direction=w, power=0.7, duration=1.5","","","","","","","","","","","","","","","","","","","","","","","","","","","","","","","","","","","","","","","","","",""
"11601.838035966","2026-08-15 09:23:50.452377","/home/akatoki/SC-30/scripts/SC-30/2_phase/motordrive.py","move","150","","","","move: direction=w, power=0.7, duration=1.5","","","","","","","","","","","","","","","","","","","","","","","","","","","","","","","","","","","","","","","","","",""
"11601.896215348","2026-08-15 09:23:50.510563","/home/akatoki/SC-30/scripts/SC-30/2_phase/motordrive.py","move","150","","","","move: direction=w, power=0.7, duration=1.5","","","","","","","","","","","","","","","","","","","","","","","","","","","","","","","","","","","","","","","","","",""
"11601.953745797","2026-08-15 09:23:50.568086","/home/akatoki/SC-30/scripts/SC-30/2_phase/motordrive.py","move","150","","","","move: direction=w, power=0.7, duration=1.5","","","","","","","","","","","","","","","","","","","","","","","","","","","","","","","","","","","","","","","","","",""
"11602.017831855","2026-08-15 09:23:50.632171","/home/akatoki/SC-30/scripts/SC-30/2_phase/motordrive.py","move","150","","","","move: direction=w, power=0.7, duration=1.5","","","","","","","","","","","","","","","","","","","","","","","","","","","","","","","","","","","","","","","","","",""
"11602.076459896","2026-08-15 09:23:50.690800","/home/akatoki/SC-30/scripts/SC-30/2_phase/motordrive.py","move","150","","","","move: direction=w, power=0.7, duration=1.5","","","","","","","","","","","","","","","","","","","","","","","","","","","","","","","","","","","","","","","","","",""
"11602.135891578","2026-08-15 09:23:50.750231","/home/akatoki/SC-30/scripts/SC-30/2_phase/motordrive.py","move","150","","","","move: direction=w, power=0.7, duration=1.5","","","","","","","","","","","","","","","","","","","","","","","","","","","","","","","","","","","","","","","","","",""
"11602.193651877","2026-08-15 09:23:50.807994","/home/akatoki/SC-30/scripts/SC-30/2_phase/motordrive.py","move","150","","","","move: direction=w, power=0.7, duration=1.5","","","","","","","","","","","","","","","","","","","","","","","","","","","","","","","","","","","","","","","","","",""
"11602.255247707","2026-08-15 09:23:50.869589","/home/akatoki/SC-30/scripts/SC-30/2_phase/motordrive.py","move","150","","","","move: direction=w, power=0.7, duration=1.5","","","","","","","","","","","","","","","","","","","","","","","","","","","","","","","","","","","","","","","","","",""
"11602.313144489","2026-08-15 09:23:50.927483","/home/akatoki/SC-30/scripts/SC-30/2_phase/motordrive.py","move","150","","","","move: direction=w, power=0.7, duration=1.5","","","","","","","","","","","","","","","","","","","","","","","","","","","","","","","","","","","","","","","","","",""
"11602.366540407","2026-08-15 09:23:50.980881","/home/akatoki/SC-30/scripts/SC-30/2_phase/motordrive.py","move","150","","","","move: direction=w, power=0.7, duration=1.5","","","","","","","","","","","","","","","","","","","","","","","","","","","","","","","","","","","","","","","","","",""
"11602.427253319","2026-08-15 09:23:51.041594","/home/akatoki/SC-30/scripts/SC-30/2_phase/motordrive.py","move","150","","","","move: direction=w, power=0.7, duration=1.5","","","","","","","","","","","","","","","","","","","","","","","","","","","","","","","","","","","","","","","","","",""
"11602.481156312","2026-08-15 09:23:51.095498","/home/akatoki/SC-30/scripts/SC-30/2_phase/motordrive.py","move","150","","","","move: direction=w, power=0.7, duration=1.5","","","","","","","","","","","","","","","","","","","","","","","","","","","","","","","","","","","","","","","","","",""
"11602.542919603","2026-08-15 09:23:51.157260","/home/akatoki/SC-30/scripts/SC-30/2_phase/motordrive.py","move","150","","","","move: direction=w, power=0.7, duration=1.5","","","","","","","","","","","","","","","","","","","","","","","","","","","","","","","","","","","","","","","","","",""
"11602.600809764","2026-08-15 09:23:51.215149","/home/akatoki/SC-30/scripts/SC-30/2_phase/motordrive.py","move","150","","","","move: direction=w, power=0.7, duration=1.5","","","","","","","","","","","","","","","","","","","","","","","","","","","","","","","","","","","","","","","","","",""
"11602.662914914","2026-08-15 09:23:51.277272","/home/akatoki/SC-30/scripts/SC-30/2_phase/motordrive.py","move","150","","","","move: direction=w, power=0.7, duration=1.5","","","","","","","","","","","","","","","","","","","","","","","","","","","","","","","","","","","","","","","","","",""
"11602.714697134","2026-08-15 09:23:51.329039","/home/akatoki/SC-30/scripts/SC-30/2_phase/motordrive.py","move","150","","","","move: direction=e, power=0.7, duration=0.1","","","","","","","","","","","","","","","","","","","","","","","","","","","","","","","","","","","","","","","","","",""
"11602.769355548","2026-08-15 09:23:51.383695","/home/akatoki/SC-30/scripts/SC-30/2_phase/motordrive.py","move","150","","","","move: direction=e, power=0.7, duration=0.1","","","","","","","","","","","","","","","","","","","","","","","","","","","","","","","","","","","","","","","","","",""
"11602.823361228","2026-08-15 09:23:51.437703","/home/akatoki/SC-30/scripts/SC-30/2_phase/motordrive.py","move","150","","","","move: direction=e, power=0.7, duration=0.1","","","","","","","","","","","","","","","","","","","","","","","","","","","","","","","","","","","","","","","","","",""
"11602.884597021","2026-08-15 09:23:51.498937","/home/akatoki/SC-30/scripts/SC-30/2_phase/motordrive.py","move","150","","","","move: direction=e, power=0.7, duration=0.1","","","","","","","","","","","","","","","","","","","","","","","","","","","","","","","","","","","","","","","","","",""
"11602.943068733","2026-08-15 09:23:51.557411","/home/akatoki/SC-30/scripts/SC-30/2_phase/motordrive.py","move","150","","","","move: direction=e, power=0.7, duration=0.1","","","","","","","","","","","","","","","","","","","","","","","","","","","","","","","","","","","","","","","","","",""
"11603.005505378","2026-08-15 09:23:51.619847","/home/akatoki/SC-30/scripts/SC-30/2_phase/motordrive.py","move","150","","","","move: direction=e, power=0.7, duration=0.1","","","","","","","","","","","","","","","","","","","","","","","","","","","","","","","","","","","","","","","","","",""
"11603.065020266","2026-08-15 09:23:51.679362","/home/akatoki/SC-30/scripts/SC-30/2_phase/motordrive.py","move","150","","","","move: direction=e, power=0.7, duration=0.1","","","","","","","","","","","","","","","","","","","","","","","","","","","","","","","","","","","","","","","","","",""
"11603.11978694","2026-08-15 09:23:51.734135","/home/akatoki/SC-30/scripts/SC-30/2_phase/motordrive.py","move","150","","","","move: direction=e, power=0.7, duration=0.1","","","","","","","","","","","","","","","","","","","","","","","","","","","","","","","","","","","","","","","","","",""
"11603.179130976","2026-08-15 09:23:51.793471","/home/akatoki/SC-30/scripts/SC-30/2_phase/motordrive.py","move","150","","","","move: direction=e, power=0.7, duration=0.1","","","","","","","","","","","","","","","","","","","","","","","","","","","","","","","","","","","","","","","","","",""
"11603.241975092","2026-08-15 09:23:51.856316","/home/akatoki/SC-30/scripts/SC-30/2_phase/motordrive.py","move","150","","","","move: direction=e, power=0.7, duration=0.1","","","","","","","","","","","","","","","","","","","","","","","","","","","","","","","","","","","","","","","","","",""
"11603.301855688","2026-08-15 09:23:51.916196","/home/akatoki/SC-30/scripts/SC-30/2_phase/motordrive.py","move","150","","","","move: direction=e, power=0.7, duration=0.1","","","","","","","","","","","","","","","","","","","","","","","","","","","","","","","","","","","","","","","","","",""
"11603.367236431","2026-08-15 09:23:51.981576","/home/akatoki/SC-30/scripts/SC-30/2_phase/motordrive.py","move","150","","","","move: direction=e, power=0.7, duration=0.1","","","","","","","","","","","","","","","","","","","","","","","","","","","","","","","","","","","","","","","","","",""
"11603.432097729","2026-08-15 09:23:52.046445","/home/akatoki/SC-30/scripts/SC-30/2_phase/motordrive.py","move","150","","","","move: direction=e, power=0.7, duration=0.1","","","","","","","","","","","","","","","","","","","","","","","","","","","","","","","","","","","","","","","","","",""
"11603.491888336","2026-08-15 09:23:52.106230","/home/akatoki/SC-30/scripts/SC-30/2_phase/motordrive.py","move","150","","","","move: direction=e, power=0.7, duration=0.1","","","","","","","","","","","","","","","","","","","","","","","","","","","","","","","","","","","","","","","","","",""
"11603.545898536","2026-08-15 09:23:52.160249","/home/akatoki/SC-30/scripts/SC-30/2_phase/motordrive.py","move","150","","","","move: direction=e, power=0.7, duration=0.1","","","","","","","","","","","","","","","","","","","","","","","","","","","","","","","","","","","","","","","","","",""
"11603.604845354","2026-08-15 09:23:52.219186","/home/akatoki/SC-30/scripts/SC-30/2_phase/motordrive.py","move","150","","","","move: direction=e, power=0.7, duration=0.1","","","","","","","","","","","","","","","","","","","","","","","","","","","","","","","","","","","","","","","","","",""
"11603.660405921","2026-08-15 09:23:52.274748","/home/akatoki/SC-30/scripts/SC-30/2_phase/motordrive.py","move","150","","","","move: direction=e, power=0.7, duration=0.1","","","","","","","","","","","","","","","","","","","","","","","","","","","","","","","","","","","","","","","","","",""
"11603.717182079","2026-08-15 09:23:52.331532","/home/akatoki/SC-30/scripts/SC-30/2_phase/motordrive.py","move","150","","","","move: direction=e, power=0.7, duration=0.1","","","","","","","","","","","","","","","","","","","","","","","","","","","","","","","","","","","","","","","","","",""
"11603.777464359","2026-08-15 09:23:52.391805","/home/akatoki/SC-30/scripts/SC-30/2_phase/motordrive.py","move","150","","","","move: direction=e, power=0.7, duration=0.1","","","","","","","","","","","","","","","","","","","","","","","","","","","","","","","","","","","","","","","","","",""
"11603.833865436","2026-08-15 09:23:52.448209","/home/akatoki/SC-30/scripts/SC-30/2_phase/motordrive.py","move","150","","","","move: direction=e, power=0.7, duration=0.1","","","","","","","","","","","","","","","","","","","","","","","","","","","","","","","","","","","","","","","","","",""
"11603.906009826","2026-08-15 09:23:52.520350","/home/akatoki/SC-30/scripts/SC-30/2_phase/motordrive.py","move","150","","","","move: direction=e, power=0.7, duration=0.1","","","","","","","","","","","","","","","","","","","","","","","","","","","","","","","","","","","","","","","","","",""
"11603.967744003","2026-08-15 09:23:52.582089","/home/akatoki/SC-30/scripts/SC-30/2_phase/motordrive.py","move","150","","","","move: direction=e, power=0.7, duration=0.1","","","","","","","","","","","","","","","","","","","","","","","","","","","","","","","","","","","","","","","","","",""
"11604.033737122","2026-08-15 09:23:52.648078","/home/akatoki/SC-30/scripts/SC-30/2_phase/motordrive.py","move","150","","","","move: direction=e, power=0.7, duration=0.1","","","","","","","","","","","","","","","","","","","","","","","","","","","","","","","","","","","","","","","","","",""
"11604.098075779","2026-08-15 09:23:52.712417","/home/akatoki/SC-30/scripts/SC-30/2_phase/motordrive.py","move","150","","","","move: direction=e, power=0.7, duration=0.1","","","","","","","","","","","","","","","","","","","","","","","","","","","","","","","","","","","","","","","","","",""
"11604.157802858","2026-08-15 09:23:52.772144","/home/akatoki/SC-30/scripts/SC-30/2_phase/motordrive.py","move","150","","","","move: direction=e, power=0.7, duration=0.1","","","","","","","","","","","","","","","","","","","","","","","","","","","","","","","","","","","","","","","","","",""
"11604.215524764","2026-08-15 09:23:52.829864","/home/akatoki/SC-30/scripts/SC-30/2_phase/motordrive.py","move","150","","","","move: direction=e, power=0.7, duration=0.1","","","","","","","","","","","","","","","","","","","","","","","","","","","","","","","","","","","","","","","","","",""
"11604.275972845","2026-08-15 09:23:52.890313","/home/akatoki/SC-30/scripts/SC-30/2_phase/motordrive.py","move","150","","","","move: direction=e, power=0.7, duration=0.1","","","","","","","","","","","","","","","","","","","","","","","","","","","","","","","","","","","","","","","","","",""
"11604.333883567","2026-08-15 09:23:52.948223","/home/akatoki/SC-30/scripts/SC-30/2_phase/motordrive.py","move","150","","","","move: direction=e, power=0.7, duration=0.1","","","","","","","","","","","","","","","","","","","","","","","","","","","","","","","","","","","","","","","","","",""
"11604.416446575","2026-08-15 09:23:53.030790","/home/akatoki/SC-30/scripts/SC-30/2_phase/motordrive.py","move","150","","","","move: direction=e, power=0.7, duration=0.1","","","","","","","","","","","","","","","","","","","","","","","","","","","","","","","","","","","","","","","","","",""
"11604.485468464","2026-08-15 09:23:53.099808","/home/akatoki/SC-30/scripts/SC-30/2_phase/motordrive.py","move","150","","","","move: direction=e, power=0.7, duration=0.1","","","","","","","","","","","","","","","","","","","","","","","","","","","","","","","","","","","","","","","","","",""
"11604.554957968","2026-08-15 09:23:53.169298","/home/akatoki/SC-30/scripts/SC-30/2_phase/motordrive.py","move","150","","","","move: direction=e, power=0.7, duration=0.1","","","","","","","","","","","","","","","","","","","","","","","","","","","","","","","","","","","","","","","","","",""
"11604.620124427","2026-08-15 09:23:53.234469","/home/akatoki/SC-30/scripts/SC-30/2_phase/motordrive.py","move","150","","","","move: direction=e, power=0.7, duration=0.1","","","","","","","","","","","","","","","","","","","","","","","","","","","","","","","","","","","","","","","","","",""
"11604.673666428","2026-08-15 09:23:53.288004","/home/akatoki/SC-30/scripts/SC-30/2_phase/motordrive.py","move","150","","","","move: direction=w, power=0.7, duration=1.5","","","","","","","","","","","","","","","","","","","","","","","","","","","","","","","","","","","","","","","","","",""
"11604.732385471","2026-08-15 09:23:53.346734","/home/akatoki/SC-30/scripts/SC-30/2_phase/motordrive.py","move","150","","","","move: direction=w, power=0.7, duration=1.5","","","","","","","","","","","","","","","","","","","","","","","","","","","","","","","","","","","","","","","","","",""
"11604.792557611","2026-08-15 09:23:53.406906","/home/akatoki/SC-30/scripts/SC-30/2_phase/motordrive.py","move","150","","","","move: direction=w, power=0.7, duration=1.5","","","","","","","","","","","","","","","","","","","","","","","","","","","","","","","","","","","","","","","","","",""
"11604.858841035","2026-08-15 09:23:53.473183","/home/akatoki/SC-30/scripts/SC-30/2_phase/motordrive.py","move","150","","","","move: direction=w, power=0.7, duration=1.5","","","","","","","","","","","","","","","","","","","","","","","","","","","","","","","","","","","","","","","","","",""
"11604.929162926","2026-08-15 09:23:53.543504","/home/akatoki/SC-30/scripts/SC-30/2_phase/motordrive.py","move","150","","","","move: direction=w, power=0.7, duration=1.5","","","","","","","","","","","","","","","","","","","","","","","","","","","","","","","","","","","","","","","","","",""
"11604.993537615","2026-08-15 09:23:53.607889","/home/akatoki/SC-30/scripts/SC-30/2_phase/motordrive.py","move","150","","","","move: direction=w, power=0.7, duration=1.5","","","","","","","","","","","","","","","","","","","","","","","","","","","","","","","","","","","","","","","","","",""
"11605.053214385","2026-08-15 09:23:53.667555","/home/akatoki/SC-30/scripts/SC-30/2_phase/motordrive.py","move","150","","","","move: direction=w, power=0.7, duration=1.5","","","","","","","","","","","","","","","","","","","","","","","","","","","","","","","","","","","","","","","","","",""
"11605.11146925","2026-08-15 09:23:53.725816","/home/akatoki/SC-30/scripts/SC-30/2_phase/motordrive.py","move","150","","","","move: direction=w, power=0.7, duration=1.5","","","","","","","","","","","","","","","","","","","","","","","","","","","","","","","","","","","","","","","","","",""
"11605.173018355","2026-08-15 09:23:53.787358","/home/akatoki/SC-30/scripts/SC-30/2_phase/motordrive.py","move","150","","","","move: direction=w, power=0.7, duration=1.5","","","","","","","","","","","","","","","","","","","","","","","","","","","","","","","","","","","","","","","","","",""
"11605.239914418","2026-08-15 09:23:53.854252","/home/akatoki/SC-30/scripts/SC-30/2_phase/motordrive.py","move","150","","","","move: direction=w, power=0.7, duration=1.5","","","","","","","","","","","","","","","","","","","","","","","","","","","","","","","","","","","","","","","","","",""
"11605.307184624","2026-08-15 09:23:53.921529","/home/akatoki/SC-30/scripts/SC-30/2_phase/motordrive.py","move","150","","","","move: direction=w, power=0.7, duration=1.5","","","","","","","","","","","","","","","","","","","","","","","","","","","","","","","","","","","","","","","","","",""
"11605.36617075","2026-08-15 09:23:53.980510","/home/akatoki/SC-30/scripts/SC-30/2_phase/motordrive.py","move","150","","","","move: direction=w, power=0.7, duration=1.5","","","","","","","","","","","","","","","","","","","","","","","","","","","","","","","","","","","","","","","","","",""
"11605.421409887","2026-08-15 09:23:54.035748","/home/akatoki/SC-30/scripts/SC-30/2_phase/motordrive.py","move","150","","","","move: direction=w, power=0.7, duration=1.5","","","","","","","","","","","","","","","","","","","","","","","","","","","","","","","","","","","","","","","","","",""
"11605.480534103","2026-08-15 09:23:54.094877","/home/akatoki/SC-30/scripts/SC-30/2_phase/motordrive.py","move","150","","","","move: direction=w, power=0.7, duration=1.5","","","","","","","","","","","","","","","","","","","","","","","","","","","","","","","","","","","","","","","","","",""
"11605.536791856","2026-08-15 09:23:54.151151","/home/akatoki/SC-30/scripts/SC-30/2_phase/motordrive.py","move","150","","","","move: direction=w, power=0.7, duration=1.5","","","","","","","","","","","","","","","","","","","","","","","","","","","","","","","","","","","","","","","","","",""
"11605.595052025","2026-08-15 09:23:54.209396","/home/akatoki/SC-30/scripts/SC-30/2_phase/motordrive.py","move","150","","","","move: direction=w, power=0.7, duration=1.5","","","","","","","","","","","","","","","","","","","","","","","","","","","","","","","","","","","","","","","","","",""
"11605.650179742","2026-08-15 09:23:54.264521","/home/akatoki/SC-30/scripts/SC-30/2_phase/motordrive.py","move","150","","","","move: direction=e, power=0.7, duration=0.1","","","","","","","","","","","","","","","","","","","","","","","","","","","","","","","","","","","","","","","","","",""
"11605.710338181","2026-08-15 09:23:54.324678","/home/akatoki/SC-30/scripts/SC-30/2_phase/motordrive.py","move","150","","","","move: direction=e, power=0.7, duration=0.1","","","","","","","","","","","","","","","","","","","","","","","","","","","","","","","","","","","","","","","","","",""
"11605.764265042","2026-08-15 09:23:54.378605","/home/akatoki/SC-30/scripts/SC-30/2_phase/motordrive.py","move","150","","","","move: direction=e, power=0.7, duration=0.1","","","","","","","","","","","","","","","","","","","","","","","","","","","","","","","","","","","","","","","","","",""
"11605.821281135","2026-08-15 09:23:54.435628","/home/akatoki/SC-30/scripts/SC-30/2_phase/motordrive.py","move","150","","","","move: direction=e, power=0.7, duration=0.1","","","","","","","","","","","","","","","","","","","","","","","","","","","","","","","","","","","","","","","","","",""
"11605.877256236","2026-08-15 09:23:54.491598","/home/akatoki/SC-30/scripts/SC-30/2_phase/motordrive.py","move","150","","","","move: direction=e, power=0.7, duration=0.1","","","","","","","","","","","","","","","","","","","","","","","","","","","","","","","","","","","","","","","","","",""
"11605.934142302","2026-08-15 09:23:54.548489","/home/akatoki/SC-30/scripts/SC-30/2_phase/motordrive.py","move","150","","","","move: direction=e, power=0.7, duration=0.1","","","","","","","","","","","","","","","","","","","","","","","","","","","","","","","","","","","","","","","","","",""
"11605.98904345","2026-08-15 09:23:54.603384","/home/akatoki/SC-30/scripts/SC-30/2_phase/motordrive.py","move","150","","","","move: direction=e, power=0.7, duration=0.1","","","","","","","","","","","","","","","","","","","","","","","","","","","","","","","","","","","","","","","","","",""
"11606.050687739","2026-08-15 09:23:54.665026","/home/akatoki/SC-30/scripts/SC-30/2_phase/motordrive.py","move","150","","","","move: direction=e, power=0.7, duration=0.1","","","","","","","","","","","","","","","","","","","","","","","","","","","","","","","","","","","","","","","","","",""
"11606.107017145","2026-08-15 09:23:54.721361","/home/akatoki/SC-30/scripts/SC-30/2_phase/motordrive.py","move","150","","","","move: direction=e, power=0.7, duration=0.1","","","","","","","","","","","","","","","","","","","","","","","","","","","","","","","","","","","","","","","","","",""
"11606.163262765","2026-08-15 09:23:54.777602","/home/akatoki/SC-30/scripts/SC-30/2_phase/motordrive.py","move","150","","","","move: direction=e, power=0.7, duration=0.1","","","","","","","","","","","","","","","","","","","","","","","","","","","","","","","","","","","","","","","","","",""
"11606.215800735","2026-08-15 09:23:54.830142","/home/akatoki/SC-30/scripts/SC-30/2_phase/motordrive.py","move","150","","","","move: direction=e, power=0.7, duration=0.1","","","","","","","","","","","","","","","","","","","","","","","","","","","","","","","","","","","","","","","","","",""
"11606.284595274","2026-08-15 09:23:54.898939","/home/akatoki/SC-30/scripts/SC-30/2_phase/motordrive.py","move","150","","","","move: direction=e, power=0.7, duration=0.1","","","","","","","","","","","","","","","","","","","","","","","","","","","","","","","","","","","","","","","","","",""
"11606.339680968","2026-08-15 09:23:54.954020","/home/akatoki/SC-30/scripts/SC-30/2_phase/motordrive.py","move","150","","","","move: direction=e, power=0.7, duration=0.1","","","","","","","","","","","","","","","","","","","","","","","","","","","","","","","","","","","","","","","","","",""
"11606.431648134","2026-08-15 09:23:55.045990","/home/akatoki/SC-30/scripts/SC-30/2_phase/motordrive.py","move","150","","","","move: direction=e, power=0.7, duration=0.1","","","","","","","","","","","","","","","","","","","","","","","","","","","","","","","","","","","","","","","","","",""
"11606.486874467","2026-08-15 09:23:55.101219","/home/akatoki/SC-30/scripts/SC-30/2_phase/motordrive.py","move","150","","","","move: direction=e, power=0.7, duration=0.1","","","","","","","","","","","","","","","","","","","","","","","","","","","","","","","","","","","","","","","","","",""
"11606.550104688","2026-08-15 09:23:55.164445","/home/akatoki/SC-30/scripts/SC-30/2_phase/motordrive.py","move","150","","","","move: direction=e, power=0.7, duration=0.1","","","","","","","","","","","","","","","","","","","","","","","","","","","","","","","","","","","","","","","","","",""
"11606.603597353","2026-08-15 09:23:55.217939","/home/akatoki/SC-30/scripts/SC-30/2_phase/motordrive.py","move","150","","","","move: direction=e, power=0.7, duration=0.1","","","","","","","","","","","","","","","","","","","","","","","","","","","","","","","","","","","","","","","","","",""
"11606.661225191","2026-08-15 09:23:55.275565","/home/akatoki/SC-30/scripts/SC-30/2_phase/motordrive.py","move","150","","","","move: direction=e, power=0.7, duration=0.1","","","","","","","","","","","","","","","","","","","","","","","","","","","","","","","","","","","","","","","","","",""
"11606.723700249","2026-08-15 09:23:55.338042","/home/akatoki/SC-30/scripts/SC-30/2_phase/motordrive.py","move","150","","","","move: direction=e, power=0.7, duration=0.1","","","","","","","","","","","","","","","","","","","","","","","","","","","","","","","","","","","","","","","","","",""
"11606.77953214","2026-08-15 09:23:55.393873","/home/akatoki/SC-30/scripts/SC-30/2_phase/motordrive.py","move","150","","","","move: direction=e, power=0.7, duration=0.1","","","","","","","","","","","","","","","","","","","","","","","","","","","","","","","","","","","","","","","","","",""
"11606.832782144","2026-08-15 09:23:55.447121","/home/akatoki/SC-30/scripts/SC-30/2_phase/motordrive.py","move","150","","","","move: direction=e, power=0.7, duration=0.1","","","","","","","","","","","","","","","","","","","","","","","","","","","","","","","","","","","","","","","","","",""
"11606.902396677","2026-08-15 09:23:55.516738","/home/akatoki/SC-30/scripts/SC-30/2_phase/motordrive.py","move","150","","","","move: direction=e, power=0.7, duration=0.1","","","","","","","","","","","","","","","","","","","","","","","","","","","","","","","","","","","","","","","","","",""
"11606.960589508","2026-08-15 09:23:55.574930","/home/akatoki/SC-30/scripts/SC-30/2_phase/motordrive.py","move","150","","","","move: direction=e, power=0.7, duration=0.1","","","","","","","","","","","","","","","","","","","","","","","","","","","","","","","","","","","","","","","","","",""
"11607.013828004","2026-08-15 09:23:55.628169","/home/akatoki/SC-30/scripts/SC-30/2_phase/motordrive.py","move","150","","","","move: direction=e, power=0.7, duration=0.1","","","","","","","","","","","","","","","","","","","","","","","","","","","","","","","","","","","","","","","","","",""
"11607.06954549","2026-08-15 09:23:55.683890","/home/akatoki/SC-30/scripts/SC-30/2_phase/motordrive.py","move","150","","","","move: direction=e, power=0.7, duration=0.1","","","","","","","","","","","","","","","","","","","","","","","","","","","","","","","","","","","","","","","","","",""
"11607.122686142","2026-08-15 09:23:55.737026","/home/akatoki/SC-30/scripts/SC-30/2_phase/motordrive.py","move","150","","","","move: direction=e, power=0.7, duration=0.1","","","","","","","","","","","","","","","","","","","","","","","","","","","","","","","","","","","","","","","","","",""
"11607.183845574","2026-08-15 09:23:55.798189","/home/akatoki/SC-30/scripts/SC-30/2_phase/motordrive.py","move","150","","","","move: direction=e, power=0.7, duration=0.1","","","","","","","","","","","","","","","","","","","","","","","","","","","","","","","","","","","","","","","","","",""
"11607.242794036","2026-08-15 09:23:55.857136","/home/akatoki/SC-30/scripts/SC-30/2_phase/motordrive.py","move","150","","","","move: direction=e, power=0.7, duration=0.1","","","","","","","","","","","","","","","","","","","","","","","","","","","","","","","","","","","","","","","","","",""
"11607.296667564","2026-08-15 09:23:55.911009","/home/akatoki/SC-30/scripts/SC-30/2_phase/motordrive.py","move","150","","","","move: direction=e, power=0.7, duration=0.1","","","","","","","","","","","","","","","","","","","","","","","","","","","","","","","","","","","","","","","","","",""
"11607.349285402","2026-08-15 09:23:55.963640","/home/akatoki/SC-30/scripts/SC-30/2_phase/motordrive.py","move","150","","","","move: direction=e, power=0.7, duration=0.1","","","","","","","","","","","","","","","","","","","","","","","","","","","","","","","","","","","","","","","","","",""
"11607.407901861","2026-08-15 09:23:56.022242","/home/akatoki/SC-30/scripts/SC-30/2_phase/motordrive.py","move","150","","","","move: direction=e, power=0.7, duration=0.1","","","","","","","","","","","","","","","","","","","","","","","","","","","","","","","","","","","","","","","","","",""
"11607.465940131","2026-08-15 09:23:56.080279","/home/akatoki/SC-30/scripts/SC-30/2_phase/motordrive.py","move","150","","","","move: direction=e, power=0.7, duration=0.1","","","","","","","","","","","","","","","","","","","","","","","","","","","","","","","","","","","","","","","","","",""
"11607.542280217","2026-08-15 09:23:56.156621","/home/akatoki/SC-30/scripts/SC-30/2_phase/motordrive.py","move","150","","","","move: direction=e, power=0.7, duration=0.1","","","","","","","","","","","","","","","","","","","","","","","","","","","","","","","","","","","","","","","","","",""
"11607.595714496","2026-08-15 09:23:56.210055","/home/akatoki/SC-30/scripts/SC-30/2_phase/motordrive.py","move","150","","","","move: direction=e, power=0.7, duration=0.1","","","","","","","","","","","","","","","","","","","","","","","","","","","","","","","","","","","","","","","","","",""
"11607.650993465","2026-08-15 09:23:56.265334","/home/akatoki/SC-30/scripts/SC-30/2_phase/motordrive.py","move","150","","","","move: direction=e, power=0.7, duration=0.1","","","","","","","","","","","","","","","","","","","","","","","","","","","","","","","","","","","","","","","","","",""
"11607.727253253","2026-08-15 09:23:56.341592","/home/akatoki/SC-30/scripts/SC-30/2_phase/motordrive.py","move","150","","","","move: direction=e, power=0.7, duration=0.1","","","","","","","","","","","","","","","","","","","","","","","","","","","","","","","","","","","","","","","","","",""
"11607.847580467","2026-08-15 09:23:56.461924","/home/akatoki/SC-30/scripts/SC-30/2_phase/motordrive.py","move","150","","","","move: direction=e, power=0.7, duration=0.1","","","","","","","","","","","","","","","","","","","","","","","","","","","","","","","","","","","","","","","","","",""
"11607.913545302","2026-08-15 09:23:56.527885","/home/akatoki/SC-30/scripts/SC-30/2_phase/motordrive.py","move","150","","","","move: direction=e, power=0.7, duration=0.1","","","","","","","","","","","","","","","","","","","","","","","","","","","","","","","","","","","","","","","","","",""
"11607.975073301","2026-08-15 09:23:56.589415","/home/akatoki/SC-30/scripts/SC-30/2_phase/motordrive.py","move","150","","","","move: direction=e, power=0.7, duration=0.1","","","","","","","","","","","","","","","","","","","","","","","","","","","","","","","","","","","","","","","","","",""
"11608.027709404","2026-08-15 09:23:56.642049","/home/akatoki/SC-30/scripts/SC-30/2_phase/motordrive.py","move","150","","","","move: direction=e, power=0.7, duration=0.1","","","","","","","","","","","","","","","","","","","","","","","","","","","","","","","","","","","","","","","","","",""
"11608.148048178","2026-08-15 09:23:56.762398","/home/akatoki/SC-30/scripts/SC-30/2_phase/motordrive.py","move","150","","","","move: direction=e, power=0.7, duration=0.1","","","","","","","","","","","","","","","","","","","","","","","","","","","","","","","","","","","","","","","","","",""
"11608.212199463","2026-08-15 09:23:56.826554","/home/akatoki/SC-30/scripts/SC-30/2_phase/motordrive.py","move","150","","","","move: direction=e, power=0.7, duration=0.1","","","","","","","","","","","","","","","","","","","","","","","","","","","","","","","","","","","","","","","","","",""
"11608.288833658","2026-08-15 09:23:56.903175","/home/akatoki/SC-30/scripts/SC-30/2_phase/motordrive.py","move","150","","","","move: direction=e, power=0.7, duration=0.1","","","","","","","","","","","","","","","","","","","","","","","","","","","","","","","","","","","","","","","","","",""
"11609.294758577","2026-08-15 09:23:57.909104","/home/akatoki/SC-30/scripts/SC-30/2_phase/motordrive.py","move","150","","","","move: direction=e, power=0.7, duration=0.1","","","","","","","","","","","","","","","","","","","","","","","","","","","","","","","","","","","","","","","","","",""
"11609.384495262","2026-08-15 09:23:57.998835","/home/akatoki/SC-30/scripts/SC-30/2_phase/motordrive.py","move","150","","","","move: direction=e, power=0.7, duration=0.1","","","","","","","","","","","","","","","","","","","","","","","","","","","","","","","","","","","","","","","","","",""
"11609.448436578","2026-08-15 09:23:58.062776","/home/akatoki/SC-30/scripts/SC-30/2_phase/motordrive.py","move","150","","","","move: direction=e, power=0.7, duration=0.1","","","","","","","","","","","","","","","","","","","","","","","","","","","","","","","","","","","","","","","","","",""
"11609.513442116","2026-08-15 09:23:58.127793","/home/akatoki/SC-30/scripts/SC-30/2_phase/motordrive.py","move","150","","","","move: direction=e, power=0.7, duration=0.1","","","","","","","","","","","","","","","","","","","","","","","","","","","","","","","","","","","","","","","","","",""
"11609.571429233","2026-08-15 09:23:58.185768","/home/akatoki/SC-30/scripts/SC-30/2_phase/motordrive.py","move","150","","","","move: direction=e, power=0.7, duration=0.1","","","","","","","","","","","","","","","","","","","","","","","","","","","","","","","","","","","","","","","","","",""
"11609.636945921","2026-08-15 09:23:58.251339","/home/akatoki/SC-30/scripts/SC-30/2_phase/motordrive.py","move","150","","","","move: direction=e, power=0.7, duration=0.1","","","","","","","","","","","","","","","","","","","","","","","","","","","","","","","","","","","","","","","","","",""
"11609.694076434","2026-08-15 09:23:58.308425","/home/akatoki/SC-30/scripts/SC-30/2_phase/motordrive.py","move","150","","","","move: direction=e, power=0.7, duration=0.1","","","","","","","","","","","","","","","","","","","","","","","","","","","","","","","","","","","","","","","","","",""
"11609.752431812","2026-08-15 09:23:58.366776","/home/akatoki/SC-30/scripts/SC-30/2_phase/motordrive.py","move","150","","","","move: direction=e, power=0.7, duration=0.1","","","","","","","","","","","","","","","","","","","","","","","","","","","","","","","","","","","","","","","","","",""
"11609.805997031","2026-08-15 09:23:58.420337","/home/akatoki/SC-30/scripts/SC-30/2_phase/motordrive.py","move","150","","","","move: direction=e, power=0.7, duration=0.1","","","","","","","","","","","","","","","","","","","","","","","","","","","","","","","","","","","","","","","","","",""
"11609.857693085","2026-08-15 09:23:58.472031","/home/akatoki/SC-30/scripts/SC-30/2_phase/motordrive.py","move","150","","","","move: direction=e, power=0.7, duration=0.1","","","","","","","","","","","","","","","","","","","","","","","","","","","","","","","","","","","","","","","","","",""
"11609.947959056","2026-08-15 09:23:58.562301","/home/akatoki/SC-30/scripts/SC-30/2_phase/motordrive.py","move","150","","","","move: direction=e, power=0.7, duration=0.1","","","","","","","","","","","","","","","","","","","","","","","","","","","","","","","","","","","","","","","","","",""
"11610.019835127","2026-08-15 09:23:58.634178","/home/akatoki/SC-30/scripts/SC-30/2_phase/motordrive.py","move","150","","","","move: direction=e, power=0.7, duration=0.1","","","","","","","","","","","","","","","","","","","","","","","","","","","","","","","","","","","","","","","","","",""
"11610.072263329","2026-08-15 09:23:58.686608","/home/akatoki/SC-30/scripts/SC-30/2_phase/motordrive.py","move","150","","","","move: direction=e, power=0.7, duration=0.1","","","","","","","","","","","","","","","","","","","","","","","","","","","","","","","","","","","","","","","","","",""
"11610.128312022","2026-08-15 09:23:58.742654","/home/akatoki/SC-30/scripts/SC-30/2_phase/motordrive.py","move","150","","","","move: direction=e, power=0.7, duration=0.1","","","","","","","","","","","","","","","","","","","","","","","","","","","","","","","","","","","","","","","","","",""
"11610.194714163","2026-08-15 09:23:58.809061","/home/akatoki/SC-30/scripts/SC-30/2_phase/motordrive.py","move","150","","","","move: direction=e, power=0.7, duration=0.1","","","","","","","","","","","","","","","","","","","","","","","","","","","","","","","","","","","","","","","","","",""
"11610.246964847","2026-08-15 09:23:58.861306","/home/akatoki/SC-30/scripts/SC-30/2_phase/motordrive.py","move","150","","","","move: direction=e, power=0.7, duration=0.1","","","","","","","","","","","","","","","","","","","","","","","","","","","","","","","","","","","","","","","","","",""
"11610.305423695","2026-08-15 09:23:58.919768","/home/akatoki/SC-30/scripts/SC-30/2_phase/motordrive.py","move","150","","","","move: direction=w, power=0.7, duration=1.5","","","","","","","","","","","","","","","","","","","","","","","","","","","","","","","","","","","","","","","","","",""
"11610.363421747","2026-08-15 09:23:58.977761","/home/akatoki/SC-30/scripts/SC-30/2_phase/motordrive.py","move","150","","","","move: direction=w, power=0.7, duration=1.5","","","","","","","","","","","","","","","","","","","","","","","","","","","","","","","","","","","","","","","","","",""
"11610.419982496","2026-08-15 09:23:59.034321","/home/akatoki/SC-30/scripts/SC-30/2_phase/motordrive.py","move","150","","","","move: direction=w, power=0.7, duration=1.5","","","","","","","","","","","","","","","","","","","","","","","","","","","","","","","","","","","","","","","","","",""
"11610.47706603","2026-08-15 09:23:59.091406","/home/akatoki/SC-30/scripts/SC-30/2_phase/motordrive.py","move","150","","","","move: direction=w, power=0.7, duration=1.5","","","","","","","","","","","","","","","","","","","","","","","","","","","","","","","","","","","","","","","","","",""
"11610.532599344","2026-08-15 09:23:59.146939","/home/akatoki/SC-30/scripts/SC-30/2_phase/motordrive.py","move","150","","","","move: direction=w, power=0.7, duration=1.5","","","","","","","","","","","","","","","","","","","","","","","","","","","","","","","","","","","","","","","","","",""
"11610.589474272","2026-08-15 09:23:59.203816","/home/akatoki/SC-30/scripts/SC-30/2_phase/motordrive.py","move","150","","","","move: direction=w, power=0.7, duration=1.5","","","","","","","","","","","","","","","","","","","","","","","","","","","","","","","","","","","","","","","","","",""
"11610.645030394","2026-08-15 09:23:59.259371","/home/akatoki/SC-30/scripts/SC-30/2_phase/motordrive.py","move","150","","","","move: direction=w, power=0.7, duration=1.5","","","","","","","","","","","","","","","","","","","","","","","","","","","","","","","","","","","","","","","","","",""
"11610.70269267","2026-08-15 09:23:59.317030","/home/akatoki/SC-30/scripts/SC-30/2_phase/motordrive.py","move","150","","","","move: direction=w, power=0.7, duration=1.5","","","","","","","","","","","","","","","","","","","","","","","","","","","","","","","","","","","","","","","","","",""
"11610.764735968","2026-08-15 09:23:59.379076","/home/akatoki/SC-30/scripts/SC-30/2_phase/motordrive.py","move","150","","","","move: direction=w, power=0.7, duration=1.5","","","","","","","","","","","","","","","","","","","","","","","","","","","","","","","","","","","","","","","","","",""
"11610.819997876","2026-08-15 09:23:59.434394","/home/akatoki/SC-30/scripts/SC-30/2_phase/motordrive.py","move","150","","","","move: direction=w, power=0.7, duration=1.5","","","","","","","","","","","","","","","","","","","","","","","","","","","","","","","","","","","","","","","","","",""
"11610.877772369","2026-08-15 09:23:59.492110","/home/akatoki/SC-30/scripts/SC-30/2_phase/motordrive.py","move","150","","","","move: direction=w, power=0.7, duration=1.5","","","","","","","","","","","","","","","","","","","","","","","","","","","","","","","","","","","","","","","","","",""
"11610.930001274","2026-08-15 09:23:59.544342","/home/akatoki/SC-30/scripts/SC-30/2_phase/motordrive.py","move","150","","","","move: direction=w, power=0.7, duration=1.5","","","","","","","","","","","","","","","","","","","","","","","","","","","","","","","","","","","","","","","","","",""
"11611.013396253","2026-08-15 09:23:59.627735","/home/akatoki/SC-30/scripts/SC-30/2_phase/motordrive.py","move","150","","","","move: direction=w, power=0.7, duration=1.5","","","","","","","","","","","","","","","","","","","","","","","","","","","","","","","","","","","","","","","","","",""
"11611.093798324","2026-08-15 09:23:59.708137","/home/akatoki/SC-30/scripts/SC-30/2_phase/motordrive.py","move","150","","","","move: direction=w, power=0.7, duration=1.5","","","","","","","","","","","","","","","","","","","","","","","","","","","","","","","","","","","","","","","","","",""
"11611.153411522","2026-08-15 09:23:59.767754","/home/akatoki/SC-30/scripts/SC-30/2_phase/motordrive.py","move","150","","","","move: direction=w, power=0.7, duration=1.5","","","","","","","","","","","","","","","","","","","","","","","","","","","","","","","","","","","","","","","","","",""
"11611.22657797","2026-08-15 09:23:59.840922","/home/akatoki/SC-30/scripts/SC-30/2_phase/motordrive.py","move","150","","","","move: direction=w, power=0.7, duration=1.5","","","","","","","","","","","","","","","","","","","","","","","","","","","","","","","","","","","","","","","","","",""
"11611.287626722","2026-08-15 09:23:59.901966","/home/akatoki/SC-30/scripts/SC-30/2_phase/motordrive.py","move","150","","","","move: direction=w, power=0.7, duration=1.5","","","","","","","","","","","","","","","","","","","","","","","","","","","","","","","","","","","","","","","","","",""
"11611.346070564","2026-08-15 09:23:59.960415","/home/akatoki/SC-30/scripts/SC-30/2_phase/motordrive.py","move","150","","","","move: direction=w, power=0.7, duration=1.5","","","","","","","","","","","","","","","","","","","","","","","","","","","","","","","","","","","","","","","","","",""
"11611.401879717","2026-08-15 09:24:00.016224","/home/akatoki/SC-30/scripts/SC-30/2_phase/motordrive.py","move","150","","","","move: direction=w, power=0.7, duration=1.5","","","","","","","","","","","","","","","","","","","","","","","","","","","","","","","","","","","","","","","","","",""
"11611.456314796","2026-08-15 09:24:00.070656","/home/akatoki/SC-30/scripts/SC-30/2_phase/motordrive.py","move","150","","","","move: direction=w, power=0.7, duration=1.5","","","","","","","","","","","","","","","","","","","","","","","","","","","","","","","","","","","","","","","","","",""
"11611.507349387","2026-08-15 09:24:00.121694","/home/akatoki/SC-30/scripts/SC-30/2_phase/motordrive.py","move","150","","","","move: direction=w, power=0.7, duration=1.5","","","","","","","","","","","","","","","","","","","","","","","","","","","","","","","","","","","","","","","","","",""
"11611.578603707","2026-08-15 09:24:00.192945","/home/akatoki/SC-30/scripts/SC-30/2_phase/motordrive.py","move","150","","","","move: direction=w, power=0.7, duration=1.5","","","","","","","","","","","","","","","","","","","","","","","","","","","","","","","","","","","","","","","","","",""
"11611.647335339","2026-08-15 09:24:00.261674","/home/akatoki/SC-30/scripts/SC-30/2_phase/motordrive.py","move","150","","","","move: direction=e, power=0.7, duration=0.1","","","","","","","","","","","","","","","","","","","","","","","","","","","","","","","","","","","","","","","","","",""
"11611.705832964","2026-08-15 09:24:00.320173","/home/akatoki/SC-30/scripts/SC-30/2_phase/motordrive.py","move","150","","","","move: direction=e, power=0.7, duration=0.1","","","","","","","","","","","","","","","","","","","","","","","","","","","","","","","","","","","","","","","","","",""
"11611.775118707","2026-08-15 09:24:00.389458","/home/akatoki/SC-30/scripts/SC-30/2_phase/motordrive.py","move","150","","","","move: direction=e, power=0.7, duration=0.1","","","","","","","","","","","","","","","","","","","","","","","","","","","","","","","","","","","","","","","","","",""
"11611.842577877","2026-08-15 09:24:00.456919","/home/akatoki/SC-30/scripts/SC-30/2_phase/motordrive.py","move","150","","","","move: direction=e, power=0.7, duration=0.1","","","","","","","","","","","","","","","","","","","","","","","","","","","","","","","","","","","","","","","","","",""
"11611.89784441","2026-08-15 09:24:00.512185","/home/akatoki/SC-30/scripts/SC-30/2_phase/motordrive.py","move","150","","","","move: direction=e, power=0.7, duration=0.1","","","","","","","","","","","","","","","","","","","","","","","","","","","","","","","","","","","","","","","","","",""
"11611.955994237","2026-08-15 09:24:00.570399","/home/akatoki/SC-30/scripts/SC-30/2_phase/motordrive.py","move","150","","","","move: direction=e, power=0.7, duration=0.1","","","","","","","","","","","","","","","","","","","","","","","","","","","","","","","","","","","","","","","","","",""
"11612.016390088","2026-08-15 09:24:00.630732","/home/akatoki/SC-30/scripts/SC-30/2_phase/motordrive.py","move","150","","","","move: direction=e, power=0.7, duration=0.1","","","","","","","","","","","","","","","","","","","","","","","","","","","","","","","","","","","","","","","","","",""
"11612.074275592","2026-08-15 09:24:00.688615","/home/akatoki/SC-30/scripts/SC-30/2_phase/motordrive.py","move","150","","","","move: direction=e, power=0.7, duration=0.1","","","","","","","","","","","","","","","","","","","","","","","","","","","","","","","","","","","","","","","","","",""
"11612.154113354","2026-08-15 09:24:00.768455","/home/akatoki/SC-30/scripts/SC-30/2_phase/motordrive.py","move","150","","","","move: direction=e, power=0.7, duration=0.1","","","","","","","","","","","","","","","","","","","","","","","","","","","","","","","","","","","","","","","","","",""
"11612.206822256","2026-08-15 09:24:00.821161","/home/akatoki/SC-30/scripts/SC-30/2_phase/motordrive.py","move","150","","","","move: direction=e, power=0.7, duration=0.1","","","","","","","","","","","","","","","","","","","","","","","","","","","","","","","","","","","","","","","","","",""
"11612.259517724","2026-08-15 09:24:00.873857","/home/akatoki/SC-30/scripts/SC-30/2_phase/motordrive.py","move","150","","","","move: direction=e, power=0.7, duration=0.1","","","","","","","","","","","","","","","","","","","","","","","","","","","","","","","","","","","","","","","","","",""
"11612.316541312","2026-08-15 09:24:00.930884","/home/akatoki/SC-30/scripts/SC-30/2_phase/motordrive.py","move","150","","","","move: direction=e, power=0.7, duration=0.1","","","","","","","","","","","","","","","","","","","","","","","","","","","","","","","","","","","","","","","","","",""
"11612.383070662","2026-08-15 09:24:00.997411","/home/akatoki/SC-30/scripts/SC-30/2_phase/motordrive.py","move","150","","","","move: direction=e, power=0.7, duration=0.1","","","","","","","","","","","","","","","","","","","","","","","","","","","","","","","","","","","","","","","","","",""
"11612.4505757","2026-08-15 09:24:01.064916","/home/akatoki/SC-30/scripts/SC-30/2_phase/motordrive.py","move","150","","","","move: direction=e, power=0.7, duration=0.1","","","","","","","","","","","","","","","","","","","","","","","","","","","","","","","","","","","","","","","","","",""
"11612.513408469","2026-08-15 09:24:01.127750","/home/akatoki/SC-30/scripts/SC-30/2_phase/motordrive.py","move","150","","","","move: direction=e, power=0.7, duration=0.1","","","","","","","","","","","","","","","","","","","","","","","","","","","","","","","","","","","","","","","","","",""
"11612.581707475","2026-08-15 09:24:01.196050","/home/akatoki/SC-30/scripts/SC-30/2_phase/motordrive.py","move","150","","","","move: direction=e, power=0.7, duration=0.1","","","","","","","","","","","","","","","","","","","","","","","","","","","","","","","","","","","","","","","","","",""
"11612.654507851","2026-08-15 09:24:01.268847","/home/akatoki/SC-30/scripts/SC-30/2_phase/motordrive.py","move","150","","","","move: direction=e, power=0.7, duration=0.1","","","","","","","","","","","","","","","","","","","","","","","","","","","","","","","","","","","","","","","","","",""
"11612.710908632","2026-08-15 09:24:01.325248","/home/akatoki/SC-30/scripts/SC-30/2_phase/motordrive.py","move","150","","","","move: direction=e, power=0.7, duration=0.1","","","","","","","","","","","","","","","","","","","","","","","","","","","","","","","","","","","","","","","","","",""
"11612.781398778","2026-08-15 09:24:01.395740","/home/akatoki/SC-30/scripts/SC-30/2_phase/motordrive.py","move","150","","","","move: direction=e, power=0.7, duration=0.1","","","","","","","","","","","","","","","","","","","","","","","","","","","","","","","","","","","","","","","","","",""
"11612.853112281","2026-08-15 09:24:01.467452","/home/akatoki/SC-30/scripts/SC-30/2_phase/motordrive.py","move","150","","","","move: direction=e, power=0.7, duration=0.1","","","","","","","","","","","","","","","","","","","","","","","","","","","","","","","","","","","","","","","","","",""
"11612.918131815","2026-08-15 09:24:01.532471","/home/akatoki/SC-30/scripts/SC-30/2_phase/motordrive.py","move","150","","","","move: direction=e, power=0.7, duration=0.1","","","","","","","","","","","","","","","","","","","","","","","","","","","","","","","","","","","","","","","","","",""
"11612.984226351","2026-08-15 09:24:01.598567","/home/akatoki/SC-30/scripts/SC-30/2_phase/motordrive.py","move","150","","","","move: direction=e, power=0.7, duration=0.1","","","","","","","","","","","","","","","","","","","","","","","","","","","","","","","","","","","","","","","","","",""
"11613.089051692","2026-08-15 09:24:01.703399","/home/akatoki/SC-30/scripts/SC-30/2_phase/motordrive.py","move","150","","","","move: direction=e, power=0.7, duration=0.1","","","","","","","","","","","","","","","","","","","","","","","","","","","","","","","","","","","","","","","","","",""
"11613.175630399","2026-08-15 09:24:01.789971","/home/akatoki/SC-30/scripts/SC-30/2_phase/motordrive.py","move","150","","","","move: direction=e, power=0.7, duration=0.1","","","","","","","","","","","","","","","","","","","","","","","","","","","","","","","","","","","","","","","","","",""
"11613.243286144","2026-08-15 09:24:01.857637","/home/akatoki/SC-30/scripts/SC-30/2_phase/motordrive.py","move","150","","","","move: direction=e, power=0.7, duration=0.1","","","","","","","","","","","","","","","","","","","","","","","","","","","","","","","","","","","","","","","","","",""
"11613.30598045","2026-08-15 09:24:01.920319","/home/akatoki/SC-30/scripts/SC-30/2_phase/motordrive.py","move","150","","","","move: direction=e, power=0.7, duration=0.1","","","","","","","","","","","","","","","","","","","","","","","","","","","","","","","","","","","","","","","","","",""
"11613.373011263","2026-08-15 09:24:01.987351","/home/akatoki/SC-30/scripts/SC-30/2_phase/motordrive.py","move","150","","","","move: direction=e, power=0.7, duration=0.1","","","","","","","","","","","","","","","","","","","","","","","","","","","","","","","","","","","","","","","","","",""
"11613.444263592","2026-08-15 09:24:02.058602","/home/akatoki/SC-30/scripts/SC-30/2_phase/motordrive.py","move","150","","","","move: direction=e, power=0.7, duration=0.1","","","","","","","","","","","","","","","","","","","","","","","","","","","","","","","","","","","","","","","","","",""
"11613.504389948","2026-08-15 09:24:02.118741","/home/akatoki/SC-30/scripts/SC-30/2_phase/motordrive.py","move","150","","","","move: direction=e, power=0.7, duration=0.1","","","","","","","","","","","","","","","","","","","","","","","","","","","","","","","","","","","","","","","","","",""
"11613.563250715","2026-08-15 09:24:02.177591","/home/akatoki/SC-30/scripts/SC-30/2_phase/motordrive.py","move","150","","","","move: direction=e, power=0.7, duration=0.1","","","","","","","","","","","","","","","","","","","","","","","","","","","","","","","","","","","","","","","","","",""
"11613.619744957","2026-08-15 09:24:02.234083","/home/akatoki/SC-30/scripts/SC-30/2_phase/motordrive.py","move","150","","","","move: direction=e, power=0.7, duration=0.1","","","","","","","","","","","","","","","","","","","","","","","","","","","","","","","","","","","","","","","","","",""
"11613.685986024","2026-08-15 09:24:02.300329","/home/akatoki/SC-30/scripts/SC-30/2_phase/motordrive.py","move","150","","","","move: direction=w, power=0.7, duration=1.5","","","","","","","","","","","","","","","","","","","","","","","","","","","","","","","","","","","","","","","","","",""
"11613.745332739","2026-08-15 09:24:02.359671","/home/akatoki/SC-30/scripts/SC-30/2_phase/motordrive.py","move","150","","","","move: direction=w, power=0.7, duration=1.5","","","","","","","","","","","","","","","","","","","","","","","","","","","","","","","","","","","","","","","","","",""
"11613.806967972","2026-08-15 09:24:02.421306","/home/akatoki/SC-30/scripts/SC-30/2_phase/motordrive.py","move","150","","","","move: direction=w, power=0.7, duration=1.5","","","","","","","","","","","","","","","","","","","","","","","","","","","","","","","","","","","","","","","","","",""
"11613.878231094","2026-08-15 09:24:02.492571","/home/akatoki/SC-30/scripts/SC-30/2_phase/motordrive.py","move","150","","","","move: direction=w, power=0.7, duration=1.5","","","","","","","","","","","","","","","","","","","","","","","","","","","","","","","","","","","","","","","","","",""
"11613.947360823","2026-08-15 09:24:02.561701","/home/akatoki/SC-30/scripts/SC-30/2_phase/motordrive.py","move","150","","","","move: direction=w, power=0.7, duration=1.5","","","","","","","","","","","","","","","","","","","","","","","","","","","","","","","","","","","","","","","","","",""
"11614.017601433","2026-08-15 09:24:02.631939","/home/akatoki/SC-30/scripts/SC-30/2_phase/motordrive.py","move","150","","","","move: direction=w, power=0.7, duration=1.5","","","","","","","","","","","","","","","","","","","","","","","","","","","","","","","","","","","","","","","","","",""
"11614.086403622","2026-08-15 09:24:02.700743","/home/akatoki/SC-30/scripts/SC-30/2_phase/motordrive.py","move","150","","","","move: direction=w, power=0.7, duration=1.5","","","","","","","","","","","","","","","","","","","","","","","","","","","","","","","","","","","","","","","","","",""
"11614.154720383","2026-08-15 09:24:02.769060","/home/akatoki/SC-30/scripts/SC-30/2_phase/motordrive.py","move","150","","","","move: direction=w, power=0.7, duration=1.5","","","","","","","","","","","","","","","","","","","","","","","","","","","","","","","","","","","","","","","","","",""
"11614.223668221","2026-08-15 09:24:02.838006","/home/akatoki/SC-30/scripts/SC-30/2_phase/motordrive.py","move","150","","","","move: direction=w, power=0.7, duration=1.5","","","","","","","","","","","","","","","","","","","","","","","","","","","","","","","","","","","","","","","","","",""
"11614.295981088","2026-08-15 09:24:02.910319","/home/akatoki/SC-30/scripts/SC-30/2_phase/motordrive.py","move","150","","","","move: direction=w, power=0.7, duration=1.5","","","","","","","","","","","","","","","","","","","","","","","","","","","","","","","","","","","","","","","","","",""
"11614.37813045","2026-08-15 09:24:02.992471","/home/akatoki/SC-30/scripts/SC-30/2_phase/motordrive.py","move","150","","","","move: direction=w, power=0.7, duration=1.5","","","","","","","","","","","","","","","","","","","","","","","","","","","","","","","","","","","","","","","","","",""
"11614.435553609","2026-08-15 09:24:03.049894","/home/akatoki/SC-30/scripts/SC-30/2_phase/motordrive.py","move","150","","","","move: direction=w, power=0.7, duration=1.5","","","","","","","","","","","","","","","","","","","","","","","","","","","","","","","","","","","","","","","","","",""
"11614.493756055","2026-08-15 09:24:03.108094","/home/akatoki/SC-30/scripts/SC-30/2_phase/motordrive.py","move","150","","","","move: direction=w, power=0.7, duration=1.5","","","","","","","","","","","","","","","","","","","","","","","","","","","","","","","","","","","","","","","","","",""
"11614.551634553","2026-08-15 09:24:03.165977","/home/akatoki/SC-30/scripts/SC-30/2_phase/motordrive.py","move","150","","","","move: direction=w, power=0.7, duration=1.5","","","","","","","","","","","","","","","","","","","","","","","","","","","","","","","","","","","","","","","","","",""
"11614.606557107","2026-08-15 09:24:03.220900","/home/akatoki/SC-30/scripts/SC-30/2_phase/motordrive.py","move","150","","","","move: direction=w, power=0.7, duration=1.5","","","","","","","","","","","","","","","","","","","","","","","","","","","","","","","","","","","","","","","","","",""
"11614.658520227","2026-08-15 09:24:03.272859","/home/akatoki/SC-30/scripts/SC-30/2_phase/motordrive.py","move","150","","","","move: direction=w, power=0.7, duration=1.5","","","","","","","","","","","","","","","","","","","","","","","","","","","","","","","","","","","","","","","","","",""
"11614.720232262","2026-08-15 09:24:03.334573","/home/akatoki/SC-30/scripts/SC-30/2_phase/motordrive.py","move","150","","","","move: direction=w, power=0.7, duration=1.5","","","","","","","","","","","","","","","","","","","","","","","","","","","","","","","","","","","","","","","","","",""
"11614.789213842","2026-08-15 09:24:03.403564","/home/akatoki/SC-30/scripts/SC-30/2_phase/motordrive.py","move","150","","","","move: direction=w, power=0.7, duration=1.5","","","","","","","","","","","","","","","","","","","","","","","","","","","","","","","","","","","","","","","","","",""
"11614.849922631","2026-08-15 09:24:03.464259","/home/akatoki/SC-30/scripts/SC-30/2_phase/motordrive.py","move","150","","","","move: direction=w, power=0.7, duration=1.5","","","","","","","","","","","","","","","","","","","","","","","","","","","","","","","","","","","","","","","","","",""
"11614.909563708","2026-08-15 09:24:03.523903","/home/akatoki/SC-30/scripts/SC-30/2_phase/motordrive.py","move","150","","","","move: direction=w, power=0.7, duration=1.5","","","","","","","","","","","","","","","","","","","","","","","","","","","","","","","","","","","","","","","","","",""
"11614.973282077","2026-08-15 09:24:03.587622","/home/akatoki/SC-30/scripts/SC-30/2_phase/motordrive.py","move","150","","","","move: direction=w, power=0.7, duration=1.5","","","","","","","","","","","","","","","","","","","","","","","","","","","","","","","","","","","","","","","","","",""
"11615.037396516","2026-08-15 09:24:03.651737","/home/akatoki/SC-30/scripts/SC-30/2_phase/motordrive.py","move","150","","","","move: direction=w, power=0.7, duration=1.5","","","","","","","","","","","","","","","","","","","","","","","","","","","","","","","","","","","","","","","","","",""
"11615.0979256","2026-08-15 09:24:03.712267","/home/akatoki/SC-30/scripts/SC-30/2_phase/motordrive.py","move","150","","","","move: direction=w, power=0.7, duration=1.5","","","","","","","","","","","","","","","","","","","","","","","","","","","","","","","","","","","","","","","","","",""
"11615.158509309","2026-08-15 09:24:03.772855","/home/akatoki/SC-30/scripts/SC-30/2_phase/motordrive.py","move","150","","","","move: direction=w, power=0.7, duration=1.5","","","","","","","","","","","","","","","","","","","","","","","","","","","","","","","","","","","","","","","","","",""
"11615.224132053","2026-08-15 09:24:03.838481","/home/akatoki/SC-30/scripts/SC-30/2_phase/motordrive.py","move","150","","","","move: direction=w, power=0.7, duration=1.5","","","","","","","","","","","","","","","","","","","","","","","","","","","","","","","","","","","","","","","","","",""
"11615.278019441","2026-08-15 09:24:03.892358","/home/akatoki/SC-30/scripts/SC-30/2_phase/motordrive.py","move","150","","","","move: direction=w, power=0.7, duration=1.5","","","","","","","","","","","","","","","","","","","","","","","","","","","","","","","","","","","","","","","","","",""
"11615.337838557","2026-08-15 09:24:03.952176","/home/akatoki/SC-30/scripts/SC-30/2_phase/motordrive.py","move","150","","","","move: direction=w, power=0.7, duration=1.5","","","","","","","","","","","","","","","","","","","","","","","","","","","","","","","","","","","","","","","","","",""
"11615.40081171","2026-08-15 09:24:04.015153","/home/akatoki/SC-30/scripts/SC-30/2_phase/motordrive.py","move","150","","","","move: direction=w, power=0.7, duration=1.5","","","","","","","","","","","","","","","","","","","","","","","","","","","","","","","","","","","","","","","","","",""
"11615.469746006","2026-08-15 09:24:04.084087","/home/akatoki/SC-30/scripts/SC-30/2_phase/motordrive.py","move","150","","","","move: direction=w, power=0.7, duration=1.5","","","","","","","","","","","","","","","","","","","","","","","","","","","","","","","","","","","","","","","","","",""
"11615.519157255","2026-08-15 09:24:04.133497","/home/akatoki/SC-30/scripts/SC-30/2_phase/motordrive.py","move","150","","","","move: direction=w, power=0.7, duration=1.5","","","","","","","","","","","","","","","","","","","","","","","","","","","","","","","","","","","","","","","","","",""
"11615.579795373","2026-08-15 09:24:04.194135","/home/akatoki/SC-30/scripts/SC-30/2_phase/motordrive.py","move","150","","","","move: direction=w, power=0.7, duration=1.5","","","","","","","","","","","","","","","","","","","","","","","","","","","","","","","","","","","","","","","","","",""
"11615.631911159","2026-08-15 09:24:04.246252","/home/akatoki/SC-30/scripts/SC-30/2_phase/motordrive.py","move","150","","","","move: direction=w, power=0.7, duration=1.5","","","","","","","","","","","","","","","","","","","","","","","","","","","","","","","","","","","","","","","","","",""
"11615.70334102","2026-08-15 09:24:04.317680","/home/akatoki/SC-30/scripts/SC-30/2_phase/motordrive.py","move","150","","","","move: direction=w, power=0.7, duration=1.5","","","","","","","","","","","","","","","","","","","","","","","","","","","","","","","","","","","","","","","","","",""
"11615.75630227","2026-08-15 09:24:04.370644","/home/akatoki/SC-30/scripts/SC-30/2_phase/motordrive.py","move","150","","","","move: direction=w, power=0.7, duration=1.5","","","","","","","","","","","","","","","","","","","","","","","","","","","","","","","","","","","","","","","","","",""
"11615.812504047","2026-08-15 09:24:04.426844","/home/akatoki/SC-30/scripts/SC-30/2_phase/motordrive.py","move","150","","","","move: direction=w, power=0.7, duration=1.5","","","","","","","","","","","","","","","","","","","","","","","","","","","","","","","","","","","","","","","","","",""
"11615.869871903","2026-08-15 09:24:04.484210","/home/akatoki/SC-30/scripts/SC-30/2_phase/motordrive.py","move","150","","","","move: direction=w, power=0.7, duration=1.5","","","","","","","","","","","","","","","","","","","","","","","","","","","","","","","","","","","","","","","","","",""
"11615.931620382","2026-08-15 09:24:04.545960","/home/akatoki/SC-30/scripts/SC-30/2_phase/motordrive.py","move","150","","","","move: direction=w, power=0.7, duration=1.5","","","","","","","","","","","","","","","","","","","","","","","","","","","","","","","","","","","","","","","","","",""
"11618.148617344","2026-08-15 09:24:06.762967","/home/akatoki/SC-30/scripts/SC-30/2_phase/motordrive.py","move","150","","","","move: direction=w, power=0.7, duration=1.5","","","","","","","","","","","","","","","","","","","","","","","","","","","","","","","","","","","","","","","","","",""
"11618.213857283","2026-08-15 09:24:06.828197","/home/akatoki/SC-30/scripts/SC-30/2_phase/motordrive.py","move","150","","","","move: direction=w, power=0.7, duration=1.5","","","","","","","","","","","","","","","","","","","","","","","","","","","","","","","","","","","","","","","","","",""
"11618.267894604","2026-08-15 09:24:06.882233","/home/akatoki/SC-30/scripts/SC-30/2_phase/motordrive.py","move","150","","","","move: direction=w, power=0.7, duration=1.5","","","","","","","","","","","","","","","","","","","","","","","","","","","","","","","","","","","","","","","","","",""
"11618.325735631","2026-08-15 09:24:06.940073","/home/akatoki/SC-30/scripts/SC-30/2_phase/motordrive.py","move","150","","","","move: direction=w, power=0.7, duration=1.5","","","","","","","","","","","","","","","","","","","","","","","","","","","","","","","","","","","","","","","","","",""
"11618.384893545","2026-08-15 09:24:06.999233","/home/akatoki/SC-30/scripts/SC-30/2_phase/motordrive.py","move","150","","","","move: direction=w, power=0.7, duration=1.5","","","","","","","","","","","","","","","","","","","","","","","","","","","","","","","","","","","","","","","","","",""
"11618.441503383","2026-08-15 09:24:07.055841","/home/akatoki/SC-30/scripts/SC-30/2_phase/motordrive.py","move","150","","","","move: direction=w, power=0.7, duration=1.5","","","","","","","","","","","","","","","","","","","","","","","","","","","","","","","","","","","","","","","","","",""
"11618.507084503","2026-08-15 09:24:07.121424","/home/akatoki/SC-30/scripts/SC-30/2_phase/motordrive.py","move","150","","","","move: direction=w, power=0.7, duration=1.5","","","","","","","","","","","","","","","","","","","","","","","","","","","","","","","","","","","","","","","","","",""
"11618.573010245","2026-08-15 09:24:07.187349","/home/akatoki/SC-30/scripts/SC-30/2_phase/motordrive.py","move","150","","","","move: direction=w, power=0.7, duration=1.5","","","","","","","","","","","","","","","","","","","","","","","","","","","","","","","","","","","","","","","","","",""
"11618.639784838","2026-08-15 09:24:07.254124","/home/akatoki/SC-30/scripts/SC-30/2_phase/motordrive.py","move","150","","","","move: direction=w, power=0.7, duration=1.5","","","","","","","","","","","","","","","","","","","","","","","","","","","","","","","","","","","","","","","","","",""
"11618.698660243","2026-08-15 09:24:07.313003","/home/akatoki/SC-30/scripts/SC-30/2_phase/motordrive.py","move","150","","","","move: direction=w, power=0.7, duration=1.5","","","","","","","","","","","","","","","","","","","","","","","","","","","","","","","","","","","","","","","","","",""
"11618.754930359","2026-08-15 09:24:07.369270","/home/akatoki/SC-30/scripts/SC-30/2_phase/motordrive.py","move","150","","","","move: direction=w, power=0.7, duration=1.5","","","","","","","","","","","","","","","","","","","","","","","","","","","","","","","","","","","","","","","","","",""
"11618.806976219","2026-08-15 09:24:07.421315","/home/akatoki/SC-30/scripts/SC-30/2_phase/motordrive.py","move","150","","","","move: direction=w, power=0.7, duration=1.5","","","","","","","","","","","","","","","","","","","","","","","","","","","","","","","","","","","","","","","","","",""
"11618.855682918","2026-08-15 09:24:07.470030","/home/akatoki/SC-30/scripts/SC-30/2_phase/motordrive.py","move","150","","","","move: direction=w, power=0.7, duration=1.5","","","","","","","","","","","","","","","","","","","","","","","","","","","","","","","","","","","","","","","","","",""
"11618.919600653","2026-08-15 09:24:07.533941","/home/akatoki/SC-30/scripts/SC-30/2_phase/motordrive.py","move","150","","","","move: direction=w, power=0.7, duration=1.5","","","","","","","","","","","","","","","","","","","","","","","","","","","","","","","","","","","","","","","","","",""
"11618.979561115","2026-08-15 09:24:07.593902","/home/akatoki/SC-30/scripts/SC-30/2_phase/motordrive.py","move","150","","","","move: direction=w, power=0.7, duration=1.5","","","","","","","","","","","","","","","","","","","","","","","","","","","","","","","","","","","","","","","","","",""
"11619.03712609","2026-08-15 09:24:07.651467","/home/akatoki/SC-30/scripts/SC-30/2_phase/motordrive.py","move","150","","","","move: direction=w, power=0.7, duration=1.5","","","","","","","","","","","","","","","","","","","","","","","","","","","","","","","","","","","","","","","","","",""
"11619.239494118","2026-08-15 09:24:07.853836","/home/akatoki/SC-30/scripts/SC-30/2_phase/motordrive.py","move","150","","","","move: direction=w, power=0.7, duration=1.5","","","","","","","","","","","","","","","","","","","","","","","","","","","","","","","","","","","","","","","","","",""
"11619.301472532","2026-08-15 09:24:07.915812","/home/akatoki/SC-30/scripts/SC-30/2_phase/motordrive.py","move","150","","","","move: direction=w, power=0.7, duration=1.5","","","","","","","","","","","","","","","","","","","","","","","","","","","","","","","","","","","","","","","","","",""
"11619.353470381","2026-08-15 09:24:07.967811","/home/akatoki/SC-30/scripts/SC-30/2_phase/motordrive.py","move","150","","","","move: direction=w, power=0.7, duration=1.5","","","","","","","","","","","","","","","","","","","","","","","","","","","","","","","","","","","","","","","","","",""
"11619.411536216","2026-08-15 09:24:08.025875","/home/akatoki/SC-30/scripts/SC-30/2_phase/motordrive.py","move","150","","","","move: direction=w, power=0.7, duration=1.5","","","","","","","","","","","","","","","","","","","","","","","","","","","","","","","","","","","","","","","","","",""
"11619.471828533","2026-08-15 09:24:08.086166","/home/akatoki/SC-30/scripts/SC-30/2_phase/motordrive.py","move","150","","","","move: direction=w, power=0.7, duration=1.5","","","","","","","","","","","","","","","","","","","","","","","","","","","","","","","","","","","","","","","","","",""
"11619.530058478","2026-08-15 09:24:08.144398","/home/akatoki/SC-30/scripts/SC-30/2_phase/motordrive.py","move","150","","","","move: direction=w, power=0.7, duration=1.5","","","","","","","","","","","","","","","","","","","","","","","","","","","","","","","","","","","","","","","","","",""
"11619.587792525","2026-08-15 09:24:08.202133","/home/akatoki/SC-30/scripts/SC-30/2_phase/motordrive.py","move","150","","","","move: direction=w, power=0.7, duration=1.5","","","","","","","","","","","","","","","","","","","","","","","","","","","","","","","","","","","","","","","","","",""
"11619.649529883","2026-08-15 09:24:08.263867","/home/akatoki/SC-30/scripts/SC-30/2_phase/motordrive.py","move","150","","","","move: direction=w, power=0.7, duration=1.5","","","","","","","","","","","","","","","","","","","","","","","","","","","","","","","","","","","","","","","","","",""
"11619.711668104","2026-08-15 09:24:08.326009","/home/akatoki/SC-30/scripts/SC-30/2_phase/motordrive.py","move","150","","","","move: direction=w, power=0.7, duration=1.5","","","","","","","","","","","","","","","","","","","","","","","","","","","","","","","","","","","","","","","","","",""
"11619.781496806","2026-08-15 09:24:08.395842","/home/akatoki/SC-30/scripts/SC-30/2_phase/motordrive.py","move","150","","","","move: direction=w, power=0.7, duration=1.5","","","","","","","","","","","","","","","","","","","","","","","","","","","","","","","","","","","","","","","","","",""
"11619.929970419","2026-08-15 09:24:08.544309","/home/akatoki/SC-30/scripts/SC-30/2_phase/motordrive.py","move","150","","","","move: direction=w, power=0.7, duration=1.5","","","","","","","","","","","","","","","","","","","","","","","","","","","","","","","","","","","","","","","","","",""
"11619.987370415","2026-08-15 09:24:08.601711","/home/akatoki/SC-30/scripts/SC-30/2_phase/motordrive.py","move","150","","","","move: direction=w, power=0.7, duration=1.5","","","","","","","","","","","","","","","","","","","","","","","","","","","","","","","","","","","","","","","","","",""
"11620.044830035","2026-08-15 09:24:08.659167","/home/akatoki/SC-30/scripts/SC-30/2_phase/motordrive.py","move","150","","","","move: direction=w, power=0.7, duration=1.5","","","","","","","","","","","","","","","","","","","","","","","","","","","","","","","","","","","","","","","","","",""
"11620.105366681","2026-08-15 09:24:08.719703","/home/akatoki/SC-30/scripts/SC-30/2_phase/motordrive.py","move","150","","","","move: direction=w, power=0.7, duration=1.5","","","","","","","","","","","","","","","","","","","","","","","","","","","","","","","","","","","","","","","","","",""
"11620.171299241","2026-08-15 09:24:08.785636","/home/akatoki/SC-30/scripts/SC-30/2_phase/motordrive.py","move","150","","","","move: direction=w, power=0.7, duration=1.5","","","","","","","","","","","","","","","","","","","","","","","","","","","","","","","","","","","","","","","","","",""
"11620.230712765","2026-08-15 09:24:08.845052","/home/akatoki/SC-30/scripts/SC-30/2_phase/motordrive.py","move","150","","","","move: direction=w, power=0.7, duration=1.5","","","","","","","","","","","","","","","","","","","","","","","","","","","","","","","","","","","","","","","","","",""
"11620.284099817","2026-08-15 09:24:08.898442","/home/akatoki/SC-30/scripts/SC-30/2_phase/motordrive.py","move","150","","","","move: direction=w, power=0.7, duration=1.5","","","","","","","","","","","","","","","","","","","","","","","","","","","","","","","","","","","","","","","","","",""
"11620.356614317","2026-08-15 09:24:08.970954","/home/akatoki/SC-30/scripts/SC-30/2_phase/motordrive.py","move","150","","","","move: direction=w, power=0.7, duration=1.5","","","","","","","","","","","","","","","","","","","","","","","","","","","","","","","","","","","","","","","","","",""
"11620.409825584","2026-08-15 09:24:09.024171","/home/akatoki/SC-30/scripts/SC-30/2_phase/motordrive.py","move","150","","","","move: direction=w, power=0.7, duration=1.5","","","","","","","","","","","","","","","","","","","","","","","","","","","","","","","","","","","","","","","","","",""
"11621.047656612","2026-08-15 09:24:09.661998","/home/akatoki/SC-30/scripts/SC-30/2_phase/motordrive.py","move","150","","","","move: direction=w, power=0.7, duration=1.5","","","","","","","","","","","","","","","","","","","","","","","","","","","","","","","","","","","","","","","","","",""
"11621.155030004","2026-08-15 09:24:09.769370","/home/akatoki/SC-30/scripts/SC-30/2_phase/motordrive.py","move","150","","","","move: direction=w, power=0.7, duration=1.5","","","","","","","","","","","","","","","","","","","","","","","","","","","","","","","","","","","","","","","","","",""
"11621.243762457","2026-08-15 09:24:09.858102","/home/akatoki/SC-30/scripts/SC-30/2_phase/motordrive.py","move","150","","","","move: direction=w, power=0.7, duration=1.5","","","","","","","","","","","","","","","","","","","","","","","","","","","","","","","","","","","","","","","","","",""
"11621.301554817","2026-08-15 09:24:09.915895","/home/akatoki/SC-30/scripts/SC-30/2_phase/motordrive.py","move","150","","","","move: direction=w, power=0.7, duration=1.5","","","","","","","","","","","","","","","","","","","","","","","","","","","","","","","","","","","","","","","","","",""
"11621.363347522","2026-08-15 09:24:09.977697","/home/akatoki/SC-30/scripts/SC-30/2_phase/motordrive.py","move","150","","","","move: direction=w, power=0.7, duration=1.5","","","","","","","","","","","","","","","","","","","","","","","","","","","","","","","","","","","","","","","","","",""
"11621.417370399","2026-08-15 09:24:10.031710","/home/akatoki/SC-30/scripts/SC-30/2_phase/motordrive.py","move","150","","","","move: direction=w, power=0.7, duration=1.5","","","","","","","","","","","","","","","","","","","","","","","","","","","","","","","","","","","","","","","","","",""
"11621.480490401","2026-08-15 09:24:10.094828","/home/akatoki/SC-30/scripts/SC-30/2_phase/motordrive.py","move","150","","","","move: direction=w, power=0.7, duration=1.5","","","","","","","","","","","","","","","","","","","","","","","","","","","","","","","","","","","","","","","","","",""
"11621.557127569","2026-08-15 09:24:10.171470","/home/akatoki/SC-30/scripts/SC-30/2_phase/motordrive.py","move","150","","","","move: direction=w, power=0.7, duration=1.5","","","","","","","","","","","","","","","","","","","","","","","","","","","","","","","","","","","","","","","","","",""
"11621.613524397","2026-08-15 09:24:10.227863","/home/akatoki/SC-30/scripts/SC-30/2_phase/motordrive.py","move","150","","","","move: direction=w, power=0.7, duration=1.5","","","","","","","","","","","","","","","","","","","","","","","","","","","","","","","","","","","","","","","","","",""
"11621.680929432","2026-08-15 09:24:10.295268","/home/akatoki/SC-30/scripts/SC-30/2_phase/motordrive.py","move","150","","","","move: direction=w, power=0.7, duration=1.5","","","","","","","","","","","","","","","","","","","","","","","","","","","","","","","","","","","","","","","","","",""
"11621.737738267","2026-08-15 09:24:10.352075","/home/akatoki/SC-30/scripts/SC-30/2_phase/motordrive.py","move","150","","","","move: direction=w, power=0.7, duration=1.5","","","","","","","","","","","","","","","","","","","","","","","","","","","","","","","","","","","","","","","","","",""
"11621.820831731","2026-08-15 09:24:10.435170","/home/akatoki/SC-30/scripts/SC-30/2_phase/motordrive.py","move","150","","","","move: direction=w, power=0.7, duration=1.5","","","","","","","","","","","","","","","","","","","","","","","","","","","","","","","","","","","","","","","","","",""
"11621.901068645","2026-08-15 09:24:10.515408","/home/akatoki/SC-30/scripts/SC-30/2_phase/motordrive.py","move","150","","","","move: direction=w, power=0.7, duration=1.5","","","","","","","","","","","","","","","","","","","","","","","","","","","","","","","","","","","","","","","","","",""
"11621.958949883","2026-08-15 09:24:10.573296","/home/akatoki/SC-30/scripts/SC-30/2_phase/motordrive.py","move","150","","","","move: direction=w, power=0.7, duration=1.5","","","","","","","","","","","","","","","","","","","","","","","","","","","","","","","","","","","","","","","","","",""
"11622.016833934","2026-08-15 09:24:10.631172","/home/akatoki/SC-30/scripts/SC-30/2_phase/motordrive.py","move","150","","","","move: direction=w, power=0.7, duration=1.5","","","","","","","","","","","","","","","","","","","","","","","","","","","","","","","","","","","","","","","","","",""
"11622.112426265","2026-08-15 09:24:10.726774","/home/akatoki/SC-30/scripts/SC-30/2_phase/motordrive.py","move","150","","","","move: direction=w, power=0.7, duration=1.5","","","","","","","","","","","","","","","","","","","","","","","","","","","","","","","","","","","","","","","","","",""
"11622.20989757","2026-08-15 09:24:10.824237","/home/akatoki/SC-30/scripts/SC-30/2_phase/motordrive.py","move","150","","","","move: direction=w, power=0.7, duration=1.5","","","","","","","","","","","","","","","","","","","","","","","","","","","","","","","","","","","","","","","","","",""
"11622.341251931","2026-08-15 09:24:10.955590","/home/akatoki/SC-30/scripts/SC-30/2_phase/motordrive.py","move","150","","","","move: direction=w, power=0.7, duration=1.5","","","","","","","","","","","","","","","","","","","","","","","","","","","","","","","","","","","","","","","","","",""
"11622.455472712","2026-08-15 09:24:11.069819","/home/akatoki/SC-30/scripts/SC-30/2_phase/motordrive.py","move","150","","","","move: direction=w, power=0.7, duration=1.5","","","","","","","","","","","","","","","","","","","","","","","","","","","","","","","","","","","","","","","","","",""
"11622.626865876","2026-08-15 09:24:11.241208","/home/akatoki/SC-30/scripts/SC-30/2_phase/motordrive.py","move","150","","","","move: direction=w, power=0.7, duration=1.5","","","","","","","","","","","","","","","","","","","","","","","","","","","","","","","","","","","","","","","","","",""
"11622.824698243","2026-08-15 09:24:11.439038","/home/akatoki/SC-30/scripts/SC-30/2_phase/motordrive.py","move","150","","","","move: direction=w, power=0.7, duration=1.5","","","","","","","","","","","","","","","","","","","","","","","","","","","","","","","","","","","","","","","","","",""
"11622.943531326","2026-08-15 09:24:11.557871","/home/akatoki/SC-30/scripts/SC-30/2_phase/motordrive.py","move","150","","","","move: direction=w, power=0.7, duration=1.5","","","","","","","","","","","","","","","","","","","","","","","","","","","","","","","","","","","","","","","","","",""
"11623.024787742","2026-08-15 09:24:11.639126","/home/akatoki/SC-30/scripts/SC-30/2_phase/motordrive.py","move","150","","","","move: direction=w, power=0.7, duration=1.5","","","","","","","","","","","","","","","","","","","","","","","","","","","","","","","","","","","","","","","","","",""
"11623.117573789","2026-08-15 09:24:11.731912","/home/akatoki/SC-30/scripts/SC-30/2_phase/motordrive.py","move","150","","","","move: direction=w, power=0.7, duration=1.5","","","","","","","","","","","","","","","","","","","","","","","","","","","","","","","","","","","","","","","","","",""
"11623.183836793","2026-08-15 09:24:11.798175","/home/akatoki/SC-30/scripts/SC-30/2_phase/motordrive.py","move","150","","","","move: direction=w, power=0.7, duration=1.5","","","","","","","","","","","","","","","","","","","","","","","","","","","","","","","","","","","","","","","","","",""
"11623.244860561","2026-08-15 09:24:11.859199","/home/akatoki/SC-30/scripts/SC-30/2_phase/motordrive.py","move","150","","","","move: direction=w, power=0.7, duration=1.5","","","","","","","","","","","","","","","","","","","","","","","","","","","","","","","","","","","","","","","","","",""
"11623.307010267","2026-08-15 09:24:11.921350","/home/akatoki/SC-30/scripts/SC-30/2_phase/motordrive.py","move","150","","","","move: direction=w, power=0.7, duration=1.5","","","","","","","","","","","","","","","","","","","","","","","","","","","","","","","","","","","","","","","","","",""
"11623.363012989","2026-08-15 09:24:11.977354","/home/akatoki/SC-30/scripts/SC-30/2_phase/motordrive.py","move","150","","","","move: direction=w, power=0.7, duration=1.5","","","","","","","","","","","","","","","","","","","","","","","","","","","","","","","","","","","","","","","","","",""
"11623.416774586","2026-08-15 09:24:12.031119","/home/akatoki/SC-30/scripts/SC-30/2_phase/motordrive.py","move","150","","","","move: direction=w, power=0.7, duration=1.5","","","","","","","","","","","","","","","","","","","","","","","","","","","","","","","","","","","","","","","","","",""
"11623.476354291","2026-08-15 09:24:12.090694","/home/akatoki/SC-30/scripts/SC-30/2_phase/motordrive.py","move","150","","","","move: direction=w, power=0.7, duration=1.5","","","","","","","","","","","","","","","","","","","","","","","","","","","","","","","","","","","","","","","","","",""
"11623.529910214","2026-08-15 09:24:12.144249","/home/akatoki/SC-30/scripts/SC-30/2_phase/motordrive.py","move","150","","","","move: direction=w, power=0.7, duration=1.5","","","","","","","","","","","","","","","","","","","","","","","","","","","","","","","","","","","","","","","","","",""
"11623.582687427","2026-08-15 09:24:12.197028","/home/akatoki/SC-30/scripts/SC-30/2_phase/motordrive.py","move","150","","","","move: direction=w, power=0.7, duration=1.5","","","","","","","","","","","","","","","","","","","","","","","","","","","","","","","","","","","","","","","","","",""
"11623.642711007","2026-08-15 09:24:12.257052","/home/akatoki/SC-30/scripts/SC-30/2_phase/motordrive.py","move","150","","","","move: direction=w, power=0.7, duration=1.5","","","","","","","","","","","","","","","","","","","","","","","","","","","","","","","","","","","","","","","","","",""
"11623.698199542","2026-08-15 09:24:12.312542","/home/akatoki/SC-30/scripts/SC-30/2_phase/motordrive.py","move","150","","","","move: direction=w, power=0.7, duration=1.5","","","","","","","","","","","","","","","","","","","","","","","","","","","","","","","","","","","","","","","","","",""
"11623.758033782","2026-08-15 09:24:12.372385","/home/akatoki/SC-30/scripts/SC-30/2_phase/motordrive.py","move","150","","","","move: direction=w, power=0.7, duration=1.5","","","","","","","","","","","","","","","","","","","","","","","","","","","","","","","","","","","","","","","","","",""
"11623.813109685","2026-08-15 09:24:12.427453","/home/akatoki/SC-30/scripts/SC-30/2_phase/motordrive.py","move","150","","","","move: direction=e, power=0.7, duration=0.1","","","","","","","","","","","","","","","","","","","","","","","","","","","","","","","","","","","","","","","","","",""
"11623.868692681","2026-08-15 09:24:12.483042","/home/akatoki/SC-30/scripts/SC-30/2_phase/motordrive.py","move","150","","","","move: direction=e, power=0.7, duration=0.1","","","","","","","","","","","","","","","","","","","","","","","","","","","","","","","","","","","","","","","","","",""
"11623.92419866","2026-08-15 09:24:12.538546","/home/akatoki/SC-30/scripts/SC-30/2_phase/motordrive.py","move","150","","","","move: direction=e, power=0.7, duration=0.1","","","","","","","","","","","","","","","","","","","","","","","","","","","","","","","","","","","","","","","","","",""
"11624.033088667","2026-08-15 09:24:12.647428","/home/akatoki/SC-30/scripts/SC-30/2_phase/motordrive.py","move","150","","","","move: direction=e, power=0.7, duration=0.1","","","","","","","","","","","","","","","","","","","","","","","","","","","","","","","","","","","","","","","","","",""
"11624.084769937","2026-08-15 09:24:12.699119","/home/akatoki/SC-30/scripts/SC-30/2_phase/motordrive.py","move","150","","","","move: direction=e, power=0.7, duration=0.1","","","","","","","","","","","","","","","","","","","","","","","","","","","","","","","","","","","","","","","","","",""
"11624.151118754","2026-08-15 09:24:12.765463","/home/akatoki/SC-30/scripts/SC-30/2_phase/motordrive.py","move","150","","","","move: direction=e, power=0.7, duration=0.1","","","","","","","","","","","","","","","","","","","","","","","","","","","","","","","","","","","","","","","","","",""
"11624.21193625","2026-08-15 09:24:12.826276","/home/akatoki/SC-30/scripts/SC-30/2_phase/motordrive.py","move","150","","","","move: direction=e, power=0.7, duration=0.1","","","","","","","","","","","","","","","","","","","","","","","","","","","","","","","","","","","","","","","","","",""
"11624.267912402","2026-08-15 09:24:12.882255","/home/akatoki/SC-30/scripts/SC-30/2_phase/motordrive.py","move","150","","","","move: direction=e, power=0.7, duration=0.1","","","","","","","","","","","","","","","","","","","","","","","","","","","","","","","","","","","","","","","","","",""
"11624.322617279","2026-08-15 09:24:12.936968","/home/akatoki/SC-30/scripts/SC-30/2_phase/motordrive.py","move","150","","","","move: direction=e, power=0.7, duration=0.1","","","","","","","","","","","","","","","","","","","","","","","","","","","","","","","","","","","","","","","","","",""
"11624.380255208","2026-08-15 09:24:12.994594","/home/akatoki/SC-30/scripts/SC-30/2_phase/motordrive.py","move","150","","","","move: direction=e, power=0.7, duration=0.1","","","","","","","","","","","","","","","","","","","","","","","","","","","","","","","","","","","","","","","","","",""
"11624.4294076","2026-08-15 09:24:13.043748","/home/akatoki/SC-30/scripts/SC-30/2_phase/motordrive.py","move","150","","","","move: direction=e, power=0.7, duration=0.1","","","","","","","","","","","","","","","","","","","","","","","","","","","","","","","","","","","","","","","","","",""
"11624.496962856","2026-08-15 09:24:13.111307","/home/akatoki/SC-30/scripts/SC-30/2_phase/motordrive.py","move","150","","","","move: direction=e, power=0.7, duration=0.1","","","","","","","","","","","","","","","","","","","","","","","","","","","","","","","","","","","","","","","","","",""
"11624.597509894","2026-08-15 09:24:13.211848","/home/akatoki/SC-30/scripts/SC-30/2_phase/motordrive.py","move","150","","","","move: direction=e, power=0.7, duration=0.1","","","","","","","","","","","","","","","","","","","","","","","","","","","","","","","","","","","","","","","","","",""
"11624.69121335","2026-08-15 09:24:13.305554","/home/akatoki/SC-30/scripts/SC-30/2_phase/motordrive.py","move","150","","","","move: direction=e, power=0.7, duration=0.1","","","","","","","","","","","","","","","","","","","","","","","","","","","","","","","","","","","","","","","","","",""
"11624.749952575","2026-08-15 09:24:13.364299","/home/akatoki/SC-30/scripts/SC-30/2_phase/motordrive.py","move","150","","","","move: direction=e, power=0.7, duration=0.1","","","","","","","","","","","","","","","","","","","","","","","","","","","","","","","","","","","","","","","","","",""
"11624.828291259","2026-08-15 09:24:13.442632","/home/akatoki/SC-30/scripts/SC-30/2_phase/motordrive.py","move","150","","","","move: direction=e, power=0.7, duration=0.1","","","","","","","","","","","","","","","","","","","","","","","","","","","","","","","","","","","","","","","","","",""
"11624.884952117","2026-08-15 09:24:13.499290","/home/akatoki/SC-30/scripts/SC-30/2_phase/motordrive.py","move","150","","","","move: direction=e, power=0.7, duration=0.1","","","","","","","","","","","","","","","","","","","","","","","","","","","","","","","","","","","","","","","","","",""
"11624.948942248","2026-08-15 09:24:13.563286","/home/akatoki/SC-30/scripts/SC-30/2_phase/motordrive.py","move","150","","","","move: direction=e, power=0.7, duration=0.1","","","","","","","","","","","","","","","","","","","","","","","","","","","","","","","","","","","","","","","","","",""
"11625.062250632","2026-08-15 09:24:13.676589","/home/akatoki/SC-30/scripts/SC-30/2_phase/motordrive.py","move","150","","","","move: direction=e, power=0.7, duration=0.1","","","","","","","","","","","","","","","","","","","","","","","","","","","","","","","","","","","","","","","","","",""
"11625.139263675","2026-08-15 09:24:13.753603","/home/akatoki/SC-30/scripts/SC-30/2_phase/motordrive.py","move","150","","","","move: direction=e, power=0.7, duration=0.1","","","","","","","","","","","","","","","","","","","","","","","","","","","","","","","","","","","","","","","","","",""
"11625.19971045","2026-08-15 09:24:13.814055","/home/akatoki/SC-30/scripts/SC-30/2_phase/motordrive.py","move","150","","","","move: direction=e, power=0.7, duration=0.1","","","","","","","","","","","","","","","","","","","","","","","","","","","","","","","","","","","","","","","","","",""
"11625.265384541","2026-08-15 09:24:13.879727","/home/akatoki/SC-30/scripts/SC-30/2_phase/motordrive.py","move","150","","","","move: direction=e, power=0.7, duration=0.1","","","","","","","","","","","","","","","","","","","","","","","","","","","","","","","","","","","","","","","","","",""
"11625.323287357","2026-08-15 09:24:13.937624","/home/akatoki/SC-30/scripts/SC-30/2_phase/motordrive.py","move","150","","","","move: direction=e, power=0.7, duration=0.1","","","","","","","","","","","","","","","","","","","","","","","","","","","","","","","","","","","","","","","","","",""
"11625.392914682","2026-08-15 09:24:14.007263","/home/akatoki/SC-30/scripts/SC-30/2_phase/motordrive.py","move","150","","","","move: direction=w, power=0.7, duration=1.5","","","","","","","","","","","","","","","","","","","","","","","","","","","","","","","","","","","","","","","","","",""
"11625.457501416","2026-08-15 09:24:14.071841","/home/akatoki/SC-30/scripts/SC-30/2_phase/motordrive.py","move","150","","","","move: direction=w, power=0.7, duration=1.5","","","","","","","","","","","","","","","","","","","","","","","","","","","","","","","","","","","","","","","","","",""
"11625.526854097","2026-08-15 09:24:14.141194","/home/akatoki/SC-30/scripts/SC-30/2_phase/motordrive.py","move","150","","","","move: direction=w, power=0.7, duration=1.5","","","","","","","","","","","","","","","","","","","","","","","","","","","","","","","","","","","","","","","","","",""
"11625.593248728","2026-08-15 09:24:14.207600","/home/akatoki/SC-30/scripts/SC-30/2_phase/motordrive.py","move","150","","","","move: direction=w, power=0.7, duration=1.5","","","","","","","","","","","","","","","","","","","","","","","","","","","","","","","","","","","","","","","","","",""
"11625.676634718","2026-08-15 09:24:14.290974","/home/akatoki/SC-30/scripts/SC-30/2_phase/motordrive.py","move","150","","","","move: direction=w, power=0.7, duration=1.5","","","","","","","","","","","","","","","","","","","","","","","","","","","","","","","","","","","","","","","","","",""
"11625.74191247","2026-08-15 09:24:14.356250","/home/akatoki/SC-30/scripts/SC-30/2_phase/motordrive.py","move","150","","","","move: direction=w, power=0.7, duration=1.5","","","","","","","","","","","","","","","","","","","","","","","","","","","","","","","","","","","","","","","","","",""
"11625.811903264","2026-08-15 09:24:14.426242","/home/akatoki/SC-30/scripts/SC-30/2_phase/motordrive.py","move","150","","","","move: direction=w, power=0.7, duration=1.5","","","","","","","","","","","","","","","","","","","","","","","","","","","","","","","","","","","","","","","","","",""
"11625.870815935","2026-08-15 09:24:14.485158","/home/akatoki/SC-30/scripts/SC-30/2_phase/motordrive.py","move","150","","","","move: direction=w, power=0.7, duration=1.5","","","","","","","","","","","","","","","","","","","","","","","","","","","","","","","","","","","","","","","","","",""
"11625.946775424","2026-08-15 09:24:14.561116","/home/akatoki/SC-30/scripts/SC-30/2_phase/motordrive.py","move","150","","","","move: direction=w, power=0.7, duration=1.5","","","","","","","","","","","","","","","","","","","","","","","","","","","","","","","","","","","","","","","","","",""
"11626.019249876","2026-08-15 09:24:14.633589","/home/akatoki/SC-30/scripts/SC-30/2_phase/motordrive.py","move","150","","","","move: direction=w, power=0.7, duration=1.5","","","","","","","","","","","","","","","","","","","","","","","","","","","","","","","","","","","","","","","","","",""
"11626.092342651","2026-08-15 09:24:14.706688","/home/akatoki/SC-30/scripts/SC-30/2_phase/motordrive.py","move","150","","","","move: direction=w, power=0.7, duration=1.5","","","","","","","","","","","","","","","","","","","","","","","","","","","","","","","","","","","","","","","","","",""
"11626.163289675","2026-08-15 09:24:14.777628","/home/akatoki/SC-30/scripts/SC-30/2_phase/motordrive.py","move","150","","","","move: direction=w, power=0.7, duration=1.5","","","","","","","","","","","","","","","","","","","","","","","","","","","","","","","","","","","","","","","","","",""
"11626.235226778","2026-08-15 09:24:14.849566","/home/akatoki/SC-30/scripts/SC-30/2_phase/motordrive.py","move","150","","","","move: direction=w, power=0.7, duration=1.5","","","","","","","","","","","","","","","","","","","","","","","","","","","","","","","","","","","","","","","","","",""
"11626.30501615","2026-08-15 09:24:14.919357","/home/akatoki/SC-30/scripts/SC-30/2_phase/motordrive.py","move","150","","","","move: direction=w, power=0.7, duration=1.5","","","","","","","","","","","","","","","","","","","","","","","","","","","","","","","","","","","","","","","","","",""
"11626.394546485","2026-08-15 09:24:15.008883","/home/akatoki/SC-30/scripts/SC-30/2_phase/motordrive.py","move","150","","","","move: direction=w, power=0.7, duration=1.5","","","","","","","","","","","","","","","","","","","","","","","","","","","","","","","","","","","","","","","","","",""
"11626.463280994","2026-08-15 09:24:15.077619","/home/akatoki/SC-30/scripts/SC-30/2_phase/motordrive.py","move","150","","","","move: direction=e, power=0.7, duration=0.1","","","","","","","","","","","","","","","","","","","","","","","","","","","","","","","","","","","","","","","","","",""
"11626.531052816","2026-08-15 09:24:15.145396","/home/akatoki/SC-30/scripts/SC-30/2_phase/motordrive.py","move","150","","","","move: direction=e, power=0.7, duration=0.1","","","","","","","","","","","","","","","","","","","","","","","","","","","","","","","","","","","","","","","","","",""
"11626.590440441","2026-08-15 09:24:15.204779","/home/akatoki/SC-30/scripts/SC-30/2_phase/motordrive.py","move","150","","","","move: direction=e, power=0.7, duration=0.1","","","","","","","","","","","","","","","","","","","","","","","","","","","","","","","","","","","","","","","","","",""
"11626.664402693","2026-08-15 09:24:15.278742","/home/akatoki/SC-30/scripts/SC-30/2_phase/motordrive.py","move","150","","","","move: direction=e, power=0.7, duration=0.1","","","","","","","","","","","","","","","","","","","","","","","","","","","","","","","","","","","","","","","","","",""
"11626.737418555","2026-08-15 09:24:15.351758","/home/akatoki/SC-30/scripts/SC-30/2_phase/motordrive.py","move","150","","","","move: direction=e, power=0.7, duration=0.1","","","","","","","","","","","","","","","","","","","","","","","","","","","","","","","","","","","","","","","","","",""
"11626.804654432","2026-08-15 09:24:15.419001","/home/akatoki/SC-30/scripts/SC-30/2_phase/motordrive.py","move","150","","","","move: direction=e, power=0.7, duration=0.1","","","","","","","","","","","","","","","","","","","","","","","","","","","","","","","","","","","","","","","","","",""
"11626.865593076","2026-08-15 09:24:15.479931","/home/akatoki/SC-30/scripts/SC-30/2_phase/motordrive.py","move","150","","","","move: direction=w, power=0.7, duration=1.5","","","","","","","","","","","","","","","","","","","","","","","","","","","","","","","","","","","","","","","","","",""
"11626.928932635","2026-08-15 09:24:15.543271","/home/akatoki/SC-30/scripts/SC-30/2_phase/motordrive.py","move","150","","","","move: direction=w, power=0.7, duration=1.5","","","","","","","","","","","","","","","","","","","","","","","","","","","","","","","","","","","","","","","","","",""
"11626.985471772","2026-08-15 09:24:15.599821","/home/akatoki/SC-30/scripts/SC-30/2_phase/motordrive.py","move","150","","","","move: direction=w, power=0.7, duration=1.5","","","","","","","","","","","","","","","","","","","","","","","","","","","","","","","","","","","","","","","","","",""
"11627.054964788","2026-08-15 09:24:15.669302","/home/akatoki/SC-30/scripts/SC-30/2_phase/motordrive.py","move","150","","","","move: direction=w, power=0.7, duration=1.5","","","","","","","","","","","","","","","","","","","","","","","","","","","","","","","","","","","","","","","","","",""
"11627.118688288","2026-08-15 09:24:15.733027","/home/akatoki/SC-30/scripts/SC-30/2_phase/motordrive.py","move","150","","","","move: direction=w, power=0.7, duration=1.5","","","","","","","","","","","","","","","","","","","","","","","","","","","","","","","","","","","","","","","","","",""
"11627.179978795","2026-08-15 09:24:15.794319","/home/akatoki/SC-30/scripts/SC-30/2_phase/motordrive.py","move","150","","","","move: direction=w, power=0.7, duration=1.5","","","","","","","","","","","","","","","","","","","","","","","","","","","","","","","","","","","","","","","","","",""
"11627.238590625","2026-08-15 09:24:15.852936","/home/akatoki/SC-30/scripts/SC-30/2_phase/motordrive.py","move","150","","","","move: direction=w, power=0.7, duration=1.5","","","","","","","","","","","","","","","","","","","","","","","","","","","","","","","","","","","","","","","","","",""
"11627.310380409","2026-08-15 09:24:15.924725","/home/akatoki/SC-30/scripts/SC-30/2_phase/motordrive.py","move","150","","","","move: direction=w, power=0.7, duration=1.5","","","","","","","","","","","","","","","","","","","","","","","","","","","","","","","","","","","","","","","","","",""
"11627.369991848","2026-08-15 09:24:15.984331","/home/akatoki/SC-30/scripts/SC-30/2_phase/motordrive.py","move","150","","","","move: direction=w, power=0.7, duration=1.5","","","","","","","","","","","","","","","","","","","","","","","","","","","","","","","","","","","","","","","","","",""
"11627.431958355","2026-08-15 09:24:16.046296","/home/akatoki/SC-30/scripts/SC-30/2_phase/motordrive.py","move","150","","","","move: direction=w, power=0.7, duration=1.5","","","","","","","","","","","","","","","","","","","","","","","","","","","","","","","","","","","","","","","","","",""
"11627.504368233","2026-08-15 09:24:16.118706","/home/akatoki/SC-30/scripts/SC-30/2_phase/motordrive.py","move","150","","","","move: direction=w, power=0.7, duration=1.5","","","","","","","","","","","","","","","","","","","","","","","","","","","","","","","","","","","","","","","","","",""
"11627.569384354","2026-08-15 09:24:16.183732","/home/akatoki/SC-30/scripts/SC-30/2_phase/motordrive.py","move","150","","","","move: direction=w, power=0.7, duration=1.5","","","","","","","","","","","","","","","","","","","","","","","","","","","","","","","","","","","","","","","","","",""
"11627.639395606","2026-08-15 09:24:16.253746","/home/akatoki/SC-30/scripts/SC-30/2_phase/motordrive.py","move","150","","","","move: direction=w, power=0.7, duration=1.5","","","","","","","","","","","","","","","","","","","","","","","","","","","","","","","","","","","","","","","","","",""
"11627.698869507","2026-08-15 09:24:16.313208","/home/akatoki/SC-30/scripts/SC-30/2_phase/motordrive.py","move","150","","","","move: direction=w, power=0.7, duration=1.5","","","","","","","","","","","","","","","","","","","","","","","","","","","","","","","","","","","","","","","","","",""
"11627.763559073","2026-08-15 09:24:16.377897","/home/akatoki/SC-30/scripts/SC-30/2_phase/motordrive.py","move","150","","","","move: direction=w, power=0.7, duration=1.5","","","","","","","","","","","","","","","","","","","","","","","","","","","","","","","","","","","","","","","","","",""
"11627.837722068","2026-08-15 09:24:16.452061","/home/akatoki/SC-30/scripts/SC-30/2_phase/motordrive.py","move","150","","","","move: direction=w, power=0.7, duration=1.5","","","","","","","","","","","","","","","","","","","","","","","","","","","","","","","","","","","","","","","","","",""
"11627.904953827","2026-08-15 09:24:16.519292","/home/akatoki/SC-30/scripts/SC-30/2_phase/motordrive.py","move","150","","","","move: direction=w, power=0.7, duration=1.5","","","","","","","","","","","","","","","","","","","","","","","","","","","","","","","","","","","","","","","","","",""
"11628.000554426","2026-08-15 09:24:16.614905","/home/akatoki/SC-30/scripts/SC-30/2_phase/motordrive.py","move","150","","","","move: direction=w, power=0.7, duration=1.5","","","","","","","","","","","","","","","","","","","","","","","","","","","","","","","","","","","","","","","","","",""
"11628.88018041","2026-08-15 09:24:17.494532","/home/akatoki/SC-30/scripts/SC-30/2_phase/motordrive.py","move","150","","","","move: direction=w, power=0.7, duration=1.5","","","","","","","","","","","","","","","","","","","","","","","","","","","","","","","","","","","","","","","","","",""
"11628.945468974","2026-08-15 09:24:17.559807","/home/akatoki/SC-30/scripts/SC-30/2_phase/motordrive.py","move","150","","","","move: direction=w, power=0.7, duration=1.5","","","","","","","","","","","","","","","","","","","","","","","","","","","","","","","","","","","","","","","","","",""
"11629.005633677","2026-08-15 09:24:17.619976","/home/akatoki/SC-30/scripts/SC-30/2_phase/motordrive.py","move","150","","","","move: direction=w, power=0.7, duration=1.5","","","","","","","","","","","","","","","","","","","","","","","","","","","","","","","","","","","","","","","","","",""
"11629.067694026","2026-08-15 09:24:17.682032","/home/akatoki/SC-30/scripts/SC-30/2_phase/motordrive.py","move","150","","","","move: direction=w, power=0.7, duration=1.5","","","","","","","","","","","","","","","","","","","","","","","","","","","","","","","","","","","","","","","","","",""
"11629.131672776","2026-08-15 09:24:17.746015","/home/akatoki/SC-30/scripts/SC-30/2_phase/motordrive.py","move","150","","","","move: direction=w, power=0.7, duration=1.5","","","","","","","","","","","","","","","","","","","","","","","","","","","","","","","","","","","","","","","","","",""
"11629.20072248","2026-08-15 09:24:17.815062","/home/akatoki/SC-30/scripts/SC-30/2_phase/motordrive.py","move","150","","","","move: direction=w, power=0.7, duration=1.5","","","","","","","","","","","","","","","","","","","","","","","","","","","","","","","","","","","","","","","","","",""
"11629.260744084","2026-08-15 09:24:17.875094","/home/akatoki/SC-30/scripts/SC-30/2_phase/motordrive.py","move","150","","","","move: direction=w, power=0.7, duration=1.5","","","","","","","","","","","","","","","","","","","","","","","","","","","","","","","","","","","","","","","","","",""
"11629.325640584","2026-08-15 09:24:17.939979","/home/akatoki/SC-30/scripts/SC-30/2_phase/motordrive.py","move","150","","","","move: direction=w, power=0.7, duration=1.5","","","","","","","","","","","","","","","","","","","","","","","","","","","","","","","","","","","","","","","","","",""
"11629.376969183","2026-08-15 09:24:17.991308","/home/akatoki/SC-30/scripts/SC-30/2_phase/motordrive.py","move","150","","","","move: direction=w, power=0.7, duration=1.5","","","","","","","","","","","","","","","","","","","","","","","","","","","","","","","","","","","","","","","","","",""
"11629.434579174","2026-08-15 09:24:18.048922","/home/akatoki/SC-30/scripts/SC-30/2_phase/motordrive.py","move","150","","","","move: direction=w, power=0.7, duration=1.5","","","","","","","","","","","","","","","","","","","","","","","","","","","","","","","","","","","","","","","","","",""
"11629.507973869","2026-08-15 09:24:18.122314","/home/akatoki/SC-30/scripts/SC-30/2_phase/motordrive.py","move","150","","","","move: direction=w, power=0.7, duration=1.5","","","","","","","","","","","","","","","","","","","","","","","","","","","","","","","","","","","","","","","","","",""
"11629.564860613","2026-08-15 09:24:18.179200","/home/akatoki/SC-30/scripts/SC-30/2_phase/motordrive.py","move","150","","","","move: direction=w, power=0.7, duration=1.5","","","","","","","","","","","","","","","","","","","","","","","","","","","","","","","","","","","","","","","","","",""
"11629.62536238","2026-08-15 09:24:18.239705","/home/akatoki/SC-30/scripts/SC-30/2_phase/motordrive.py","move","150","","","","move: direction=w, power=0.7, duration=1.5","","","","","","","","","","","","","","","","","","","","","","","","","","","","","","","","","","","","","","","","","",""
"11629.685323203","2026-08-15 09:24:18.299661","/home/akatoki/SC-30/scripts/SC-30/2_phase/motordrive.py","move","150","","","","move: direction=w, power=0.7, duration=1.5","","","","","","","","","","","","","","","","","","","","","","","","","","","","","","","","","","","","","","","","","",""
"11629.743825019","2026-08-15 09:24:18.358164","/home/akatoki/SC-30/scripts/SC-30/2_phase/motordrive.py","move","150","","","","move: direction=w, power=0.7, duration=1.5","","","","","","","","","","","","","","","","","","","","","","","","","","","","","","","","","","","","","","","","","",""
"11629.801034048","2026-08-15 09:24:18.415372","/home/akatoki/SC-30/scripts/SC-30/2_phase/motordrive.py","move","150","","","","move: direction=w, power=0.7, duration=1.5","","","","","","","","","","","","","","","","","","","","","","","","","","","","","","","","","","","","","","","","","",""
"11629.866550325","2026-08-15 09:24:18.480889","/home/akatoki/SC-30/scripts/SC-30/2_phase/motordrive.py","move","150","","","","move: direction=w, power=0.7, duration=1.5","","","","","","","","","","","","","","","","","","","","","","","","","","","","","","","","","","","","","","","","","",""
"11629.924096637","2026-08-15 09:24:18.538436","/home/akatoki/SC-30/scripts/SC-30/2_phase/motordrive.py","move","150","","","","move: direction=w, power=0.7, duration=1.5","","","","","","","","","","","","","","","","","","","","","","","","","","","","","","","","","","","","","","","","","",""
"11629.986003046","2026-08-15 09:24:18.600350","/home/akatoki/SC-30/scripts/SC-30/2_phase/motordrive.py","move","150","","","","move: direction=w, power=0.7, duration=1.5","","","","","","","","","","","","","","","","","","","","","","","","","","","","","","","","","","","","","","","","","",""
"11630.046116497","2026-08-15 09:24:18.660455","/home/akatoki/SC-30/scripts/SC-30/2_phase/motordrive.py","move","150","","","","move: direction=w, power=0.7, duration=1.5","","","","","","","","","","","","","","","","","","","","","","","","","","","","","","","","","","","","","","","","","",""
"11630.272549142","2026-08-15 09:24:18.886890","/home/akatoki/SC-30/scripts/SC-30/2_phase/motordrive.py","move","150","","","","move: direction=w, power=0.7, duration=1.5","","","","","","","","","","","","","","","","","","","","","","","","","","","","","","","","","","","","","","","","","",""
"11630.327702293","2026-08-15 09:24:18.942043","/home/akatoki/SC-30/scripts/SC-30/2_phase/motordrive.py","move","150","","","","move: direction=w, power=0.7, duration=1.5","","","","","","","","","","","","","","","","","","","","","","","","","","","","","","","","","","","","","","","","","",""
"11630.387892346","2026-08-15 09:24:19.002231","/home/akatoki/SC-30/scripts/SC-30/2_phase/motordrive.py","move","150","","","","move: direction=w, power=0.7, duration=1.5","","","","","","","","","","","","","","","","","","","","","","","","","","","","","","","","","","","","","","","","","",""
"11630.444852136","2026-08-15 09:24:19.059193","/home/akatoki/SC-30/scripts/SC-30/2_phase/motordrive.py","move","150","","","","move: direction=w, power=0.7, duration=1.5","","","","","","","","","","","","","","","","","","","","","","","","","","","","","","","","","","","","","","","","","",""
"11630.499480055","2026-08-15 09:24:19.113818","/home/akatoki/SC-30/scripts/SC-30/2_phase/motordrive.py","move","150","","","","move: direction=w, power=0.7, duration=1.5","","","","","","","","","","","","","","","","","","","","","","","","","","","","","","","","","","","","","","","","","",""
"11630.558441308","2026-08-15 09:24:19.172781","/home/akatoki/SC-30/scripts/SC-30/2_phase/motordrive.py","move","150","","","","move: direction=w, power=0.7, duration=1.5","","","","","","","","","","","","","","","","","","","","","","","","","","","","","","","","","","","","","","","","","",""
"11630.629336869","2026-08-15 09:24:19.243677","/home/akatoki/SC-30/scripts/SC-30/2_phase/motordrive.py","move","150","","","","move: direction=w, power=0.7, duration=1.5","","","","","","","","","","","","","","","","","","","","","","","","","","","","","","","","","","","","","","","","","",""
"11630.713374594","2026-08-15 09:24:19.327718","/home/akatoki/SC-30/scripts/SC-30/2_phase/motordrive.py","move","150","","","","move: direction=w, power=0.7, duration=1.5","","","","","","","","","","","","","","","","","","","","","","","","","","","","","","","","","","","","","","","","","",""
"11630.782775581","2026-08-15 09:24:19.397113","/home/akatoki/SC-30/scripts/SC-30/2_phase/motordrive.py","move","150","","","","move: direction=w, power=0.7, duration=1.5","","","","","","","","","","","","","","","","","","","","","","","","","","","","","","","","","","","","","","","","","",""
"11630.8410907","2026-08-15 09:24:19.455429","/home/akatoki/SC-30/scripts/SC-30/2_phase/motordrive.py","move","150","","","","move: direction=w, power=0.7, duration=1.5","","","","","","","","","","","","","","","","","","","","","","","","","","","","","","","","","","","","","","","","","",""
"11630.910989722","2026-08-15 09:24:19.525348","/home/akatoki/SC-30/scripts/SC-30/2_phase/motordrive.py","move","150","","","","move: direction=w, power=0.7, duration=1.5","","","","","","","","","","","","","","","","","","","","","","","","","","","","","","","","","","","","","","","","","",""
"11630.973290061","2026-08-15 09:24:19.587628","/home/akatoki/SC-30/scripts/SC-30/2_phase/motordrive.py","move","150","","","","move: direction=w, power=0.7, duration=1.5","","","","","","","","","","","","","","","","","","","","","","","","","","","","","","","","","","","","","","","","","",""
"11631.027206546","2026-08-15 09:24:19.641549","/home/akatoki/SC-30/scripts/SC-30/2_phase/motordrive.py","move","150","","","","move: direction=w, power=0.7, duration=1.5","","","","","","","","","","","","","","","","","","","","","","","","","","","","","","","","","","","","","","","","","",""
"11631.091137216","2026-08-15 09:24:19.705479","/home/akatoki/SC-30/scripts/SC-30/2_phase/motordrive.py","move","150","","","","move: direction=w, power=0.7, duration=1.5","","","","","","","","","","","","","","","","","","","","","","","","","","","","","","","","","","","","","","","","","",""
"11631.158589127","2026-08-15 09:24:19.772932","/home/akatoki/SC-30/scripts/SC-30/2_phase/motordrive.py","move","150","","","","move: direction=w, power=0.7, duration=1.5","","","","","","","","","","","","","","","","","","","","","","","","","","","","","","","","","","","","","","","","","",""
"11631.224988779","2026-08-15 09:24:19.839328","/home/akatoki/SC-30/scripts/SC-30/2_phase/motordrive.py","move","150","","","","move: direction=w, power=0.7, duration=1.5","","","","","","","","","","","","","","","","","","","","","","","","","","","","","","","","","","","","","","","","","",""
"11631.279633414","2026-08-15 09:24:19.893972","/home/akatoki/SC-30/scripts/SC-30/2_phase/motordrive.py","move","150","","","","move: direction=w, power=0.7, duration=1.5","","","","","","","","","","","","","","","","","","","","","","","","","","","","","","","","","","","","","","","","","",""
"11631.347036531","2026-08-15 09:24:19.961375","/home/akatoki/SC-30/scripts/SC-30/2_phase/motordrive.py","move","150","","","","move: direction=w, power=0.7, duration=1.5","","","","","","","","","","","","","","","","","","","","","","","","","","","","","","","","","","","","","","","","","",""
"11631.405711127","2026-08-15 09:24:20.020048","/home/akatoki/SC-30/scripts/SC-30/2_phase/motordrive.py","move","150","","","","move: direction=w, power=0.7, duration=1.5","","","","","","","","","","","","","","","","","","","","","","","","","","","","","","","","","","","","","","","","","",""
"11631.458844716","2026-08-15 09:24:20.073184","/home/akatoki/SC-30/scripts/SC-30/2_phase/motordrive.py","move","150","","","","move: direction=w, power=0.7, duration=1.5","","","","","","","","","","","","","","","","","","","","","","","","","","","","","","","","","","","","","","","","","",""
"11631.525265504","2026-08-15 09:24:20.139605","/home/akatoki/SC-30/scripts/SC-30/2_phase/motordrive.py","move","150","","","","move: direction=w, power=0.7, duration=1.5","","","","","","","","","","","","","","","","","","","","","","","","","","","","","","","","","","","","","","","","","",""
"11631.593832053","2026-08-15 09:24:20.208172","/home/akatoki/SC-30/scripts/SC-30/2_phase/motordrive.py","move","150","","","","move: direction=w, power=0.7, duration=1.5","","","","","","","","","","","","","","","","","","","","","","","","","","","","","","","","","","","","","","","","","",""
"11631.652778505","2026-08-15 09:24:20.267124","/home/akatoki/SC-30/scripts/SC-30/2_phase/motordrive.py","move","150","","","","move: direction=w, power=0.7, duration=1.5","","","","","","","","","","","","","","","","","","","","","","","","","","","","","","","","","","","","","","","","","",""
"11631.717552974","2026-08-15 09:24:20.331908","/home/akatoki/SC-30/scripts/SC-30/2_phase/motordrive.py","move","150","","","","move: direction=w, power=0.7, duration=1.5","","","","","","","","","","","","","","","","","","","","","","","","","","","","","","","","","","","","","","","","","",""
"11631.778804898","2026-08-15 09:24:20.393145","/home/akatoki/SC-30/scripts/SC-30/2_phase/motordrive.py","move","150","","","","move: direction=w, power=0.7, duration=1.5","","","","","","","","","","","","","","","","","","","","","","","","","","","","","","","","","","","","","","","","","",""
"11631.841184224","2026-08-15 09:24:20.455524","/home/akatoki/SC-30/scripts/SC-30/2_phase/motordrive.py","move","150","","","","move: direction=e, power=0.7, duration=0.1","","","","","","","","","","","","","","","","","","","","","","","","","","","","","","","","","","","","","","","","","",""
"11631.896141601","2026-08-15 09:24:20.510487","/home/akatoki/SC-30/scripts/SC-30/2_phase/motordrive.py","move","150","","","","move: direction=e, power=0.7, duration=0.1","","","","","","","","","","","","","","","","","","","","","","","","","","","","","","","","","","","","","","","","","",""
"11631.963061986","2026-08-15 09:24:20.577405","/home/akatoki/SC-30/scripts/SC-30/2_phase/motordrive.py","move","150","","","","move: direction=w, power=0.7, duration=1.5","","","","","","","","","","","","","","","","","","","","","","","","","","","","","","","","","","","","","","","","","",""
"11632.023909296","2026-08-15 09:24:20.638255","/home/akatoki/SC-30/scripts/SC-30/2_phase/motordrive.py","move","150","","","","move: direction=w, power=0.7, duration=1.5","","","","","","","","","","","","","","","","","","","","","","","","","","","","","","","","","","","","","","","","","",""
"11632.079132874","2026-08-15 09:24:20.693472","/home/akatoki/SC-30/scripts/SC-30/2_phase/motordrive.py","move","150","","","","move: direction=w, power=0.7, duration=1.5","","","","","","","","","","","","","","","","","","","","","","","","","","","","","","","","","","","","","","","","","",""
"11632.130859477","2026-08-15 09:24:20.745199","/home/akatoki/SC-30/scripts/SC-30/2_phase/motordrive.py","move","150","","","","move: direction=w, power=0.7, duration=1.5","","","","","","","","","","","","","","","","","","","","","","","","","","","","","","","","","","","","","","","","","",""
"11632.186457728","2026-08-15 09:24:20.800798","/home/akatoki/SC-30/scripts/SC-30/2_phase/motordrive.py","move","150","","","","move: direction=w, power=0.7, duration=1.5","","","","","","","","","","","","","","","","","","","","","","","","","","","","","","","","","","","","","","","","","",""
"11632.24097107","2026-08-15 09:24:20.855310","/home/akatoki/SC-30/scripts/SC-30/2_phase/motordrive.py","move","150","","","","move: direction=w, power=0.7, duration=1.5","","","","","","","","","","","","","","","","","","","","","","","","","","","","","","","","","","","","","","","","","",""
"11632.298308592","2026-08-15 09:24:20.912647","/home/akatoki/SC-30/scripts/SC-30/2_phase/motordrive.py","move","150","","","","move: direction=w, power=0.7, duration=1.5","","","","","","","","","","","","","","","","","","","","","","","","","","","","","","","","","","","","","","","","","",""
"11632.354754712","2026-08-15 09:24:20.969100","/home/akatoki/SC-30/scripts/SC-30/2_phase/motordrive.py","move","150","","","","move: direction=w, power=0.7, duration=1.5","","","","","","","","","","","","","","","","","","","","","","","","","","","","","","","","","","","","","","","","","",""
"11632.411817141","2026-08-15 09:24:21.026160","/home/akatoki/SC-30/scripts/SC-30/2_phase/motordrive.py","move","150","","","","move: direction=w, power=0.7, duration=1.5","","","","","","","","","","","","","","","","","","","","","","","","","","","","","","","","","","","","","","","","","",""
"11632.470790868","2026-08-15 09:24:21.085130","/home/akatoki/SC-30/scripts/SC-30/2_phase/motordrive.py","move","150","","","","move: direction=w, power=0.7, duration=1.5","","","","","","","","","","","","","","","","","","","","","","","","","","","","","","","","","","","","","","","","","",""
"11632.535810234","2026-08-15 09:24:21.150152","/home/akatoki/SC-30/scripts/SC-30/2_phase/motordrive.py","move","150","","","","move: direction=w, power=0.7, duration=1.5","","","","","","","","","","","","","","","","","","","","","","","","","","","","","","","","","","","","","","","","","",""
"11632.593037502","2026-08-15 09:24:21.207379","/home/akatoki/SC-30/scripts/SC-30/2_phase/motordrive.py","move","150","","","","move: direction=w, power=0.7, duration=1.5","","","","","","","","","","","","","","","","","","","","","","","","","","","","","","","","","","","","","","","","","",""
"11632.646358438","2026-08-15 09:24:21.260697","/home/akatoki/SC-30/scripts/SC-30/2_phase/motordrive.py","move","150","","","","move: direction=w, power=0.7, duration=1.5","","","","","","","","","","","","","","","","","","","","","","","","","","","","","","","","","","","","","","","","","",""
"11632.706136605","2026-08-15 09:24:21.320487","/home/akatoki/SC-30/scripts/SC-30/2_phase/motordrive.py","move","150","","","","move: direction=w, power=0.7, duration=1.5","","","","","","","","","","","","","","","","","","","","","","","","","","","","","","","","","","","","","","","","","",""
"11632.763644449","2026-08-15 09:24:21.377987","/home/akatoki/SC-30/scripts/SC-30/2_phase/motordrive.py","move","150","","","","move: direction=w, power=0.7, duration=1.5","","","","","","","","","","","","","","","","","","","","","","","","","","","","","","","","","","","","","","","","","",""
"11632.832262233","2026-08-15 09:24:21.446602","/home/akatoki/SC-30/scripts/SC-30/2_phase/motordrive.py","move","150","","","","move: direction=w, power=0.7, duration=1.5","","","","","","","","","","","","","","","","","","","","","","","","","","","","","","","","","","","","","","","","","",""
"11632.888666108","2026-08-15 09:24:21.503005","/home/akatoki/SC-30/scripts/SC-30/2_phase/motordrive.py","move","150","","","","move: direction=w, power=0.7, duration=1.5","","","","","","","","","","","","","","","","","","","","","","","","","","","","","","","","","","","","","","","","","",""
"11632.943592382","2026-08-15 09:24:21.557963","/home/akatoki/SC-30/scripts/SC-30/2_phase/motordrive.py","move","150","","","","move: direction=w, power=0.7, duration=1.5","","","","","","","","","","","","","","","","","","","","","","","","","","","","","","","","","","","","","","","","","",""
"11632.993317711","2026-08-15 09:24:21.607661","/home/akatoki/SC-30/scripts/SC-30/2_phase/motordrive.py","move","150","","","","move: direction=w, power=0.7, duration=1.5","","","","","","","","","","","","","","","","","","","","","","","","","","","","","","","","","","","","","","","","","",""
"11633.053610369","2026-08-15 09:24:21.667948","/home/akatoki/SC-30/scripts/SC-30/2_phase/motordrive.py","move","150","","","","move: direction=w, power=0.7, duration=1.5","","","","","","","","","","","","","","","","","","","","","","","","","","","","","","","","","","","","","","","","","",""
"11633.111430761","2026-08-15 09:24:21.725769","/home/akatoki/SC-30/scripts/SC-30/2_phase/motordrive.py","move","150","","","","move: direction=w, power=0.7, duration=1.5","","","","","","","","","","","","","","","","","","","","","","","","","","","","","","","","","","","","","","","","","",""
"11633.160812037","2026-08-15 09:24:21.775153","/home/akatoki/SC-30/scripts/SC-30/2_phase/motordrive.py","move","150","","","","move: direction=w, power=0.7, duration=1.5","","","","","","","","","","","","","","","","","","","","","","","","","","","","","","","","","","","","","","","","","",""
"11633.238097126","2026-08-15 09:24:21.852441","/home/akatoki/SC-30/scripts/SC-30/2_phase/motordrive.py","move","150","","","","move: direction=w, power=0.7, duration=1.5","","","","","","","","","","","","","","","","","","","","","","","","","","","","","","","","","","","","","","","","","",""
"11633.301389039","2026-08-15 09:24:21.915727","/home/akatoki/SC-30/scripts/SC-30/2_phase/motordrive.py","move","150","","","","move: direction=w, power=0.7, duration=1.5","","","","","","","","","","","","","","","","","","","","","","","","","","","","","","","","","","","","","","","","","",""
"11633.353897933","2026-08-15 09:24:21.968237","/home/akatoki/SC-30/scripts/SC-30/2_phase/motordrive.py","move","150","","","","move: direction=w, power=0.7, duration=1.5","","","","","","","","","","","","","","","","","","","","","","","","","","","","","","","","","","","","","","","","","",""
"11633.408579054","2026-08-15 09:24:22.022922","/home/akatoki/SC-30/scripts/SC-30/2_phase/motordrive.py","move","150","","","","move: direction=w, power=0.7, duration=1.5","","","","","","","","","","","","","","","","","","","","","","","","","","","","","","","","","","","","","","","","","",""
"11633.462072391","2026-08-15 09:24:22.076412","/home/akatoki/SC-30/scripts/SC-30/2_phase/motordrive.py","move","150","","","","move: direction=w, power=0.7, duration=1.5","","","","","","","","","","","","","","","","","","","","","","","","","","","","","","","","","","","","","","","","","",""
"11633.536408683","2026-08-15 09:24:22.150747","/home/akatoki/SC-30/scripts/SC-30/2_phase/motordrive.py","move","150","","","","move: direction=w, power=0.7, duration=1.5","","","","","","","","","","","","","","","","","","","","","","","","","","","","","","","","","","","","","","","","","",""
"11633.609723803","2026-08-15 09:24:22.224063","/home/akatoki/SC-30/scripts/SC-30/2_phase/motordrive.py","move","150","","","","move: direction=w, power=0.7, duration=1.5","","","","","","","","","","","","","","","","","","","","","","","","","","","","","","","","","","","","","","","","","",""
"11633.684839227","2026-08-15 09:24:22.299186","/home/akatoki/SC-30/scripts/SC-30/2_phase/motordrive.py","move","150","","","","move: direction=w, power=0.7, duration=1.5","","","","","","","","","","","","","","","","","","","","","","","","","","","","","","","","","","","","","","","","","",""
"11633.742740894","2026-08-15 09:24:22.357084","/home/akatoki/SC-30/scripts/SC-30/2_phase/motordrive.py","move","150","","","","move: direction=w, power=0.7, duration=1.5","","","","","","","","","","","","","","","","","","","","","","","","","","","","","","","","","","","","","","","","","",""
"11633.812901628","2026-08-15 09:24:22.427240","/home/akatoki/SC-30/scripts/SC-30/2_phase/motordrive.py","move","150","","","","move: direction=w, power=0.7, duration=1.5","","","","","","","","","","","","","","","","","","","","","","","","","","","","","","","","","","","","","","","","","",""
"11633.869652562","2026-08-15 09:24:22.483991","/home/akatoki/SC-30/scripts/SC-30/2_phase/motordrive.py","move","150","","","","move: direction=w, power=0.7, duration=1.5","","","","","","","","","","","","","","","","","","","","","","","","","","","","","","","","","","","","","","","","","",""
"11633.922866678","2026-08-15 09:24:22.537206","/home/akatoki/SC-30/scripts/SC-30/2_phase/motordrive.py","move","150","","","","move: direction=w, power=0.7, duration=1.5","","","","","","","","","","","","","","","","","","","","","","","","","","","","","","","","","","","","","","","","","",""
"11633.974432963","2026-08-15 09:24:22.588773","/home/akatoki/SC-30/scripts/SC-30/2_phase/motordrive.py","move","150","","","","move: direction=w, power=0.7, duration=1.5","","","","","","","","","","","","","","","","","","","","","","","","","","","","","","","","","","","","","","","","","",""
"11634.021189532","2026-08-15 09:24:22.635527","/home/akatoki/SC-30/scripts/SC-30/2_phase/motordrive.py","move","150","","","","move: direction=w, power=0.7, duration=1.5","","","","","","","","","","","","","","","","","","","","","","","","","","","","","","","","","","","","","","","","","",""
"11634.073523805","2026-08-15 09:24:22.687863","/home/akatoki/SC-30/scripts/SC-30/2_phase/motordrive.py","move","150","","","","move: direction=w, power=0.7, duration=1.5","","","","","","","","","","","","","","","","","","","","","","","","","","","","","","","","","","","","","","","","","",""
"11634.124343348","2026-08-15 09:24:22.738682","/home/akatoki/SC-30/scripts/SC-30/2_phase/motordrive.py","move","150","","","","move: direction=w, power=0.7, duration=1.5","","","","","","","","","","","","","","","","","","","","","","","","","","","","","","","","","","","","","","","","","",""
"11634.172698486","2026-08-15 09:24:22.787040","/home/akatoki/SC-30/scripts/SC-30/2_phase/motordrive.py","move","150","","","","move: direction=w, power=0.7, duration=1.5","","","","","","","","","","","","","","","","","","","","","","","","","","","","","","","","","","","","","","","","","",""
"11634.22071358","2026-08-15 09:24:22.835053","/home/akatoki/SC-30/scripts/SC-30/2_phase/motordrive.py","move","150","","","","move: direction=w, power=0.7, duration=1.5","","","","","","","","","","","","","","","","","","","","","","","","","","","","","","","","","","","","","","","","","",""
"11634.272212169","2026-08-15 09:24:22.886563","/home/akatoki/SC-30/scripts/SC-30/2_phase/motordrive.py","move","150","","","","move: direction=w, power=0.7, duration=1.5","","","","","","","","","","","","","","","","","","","","","","","","","","","","","","","","","","","","","","","","","",""
"11634.318406806","2026-08-15 09:24:22.932745","/home/akatoki/SC-30/scripts/SC-30/2_phase/motordrive.py","move","150","","","","move: direction=w, power=0.7, duration=1.5","","","","","","","","","","","","","","","","","","","","","","","","","","","","","","","","","","","","","","","","","",""
"11634.381744328","2026-08-15 09:24:22.996082","/home/akatoki/SC-30/scripts/SC-30/2_phase/motordrive.py","move","150","","","","move: direction=w, power=0.7, duration=1.5","","","","","","","","","","","","","","","","","","","","","","","","","","","","","","","","","","","","","","","","","",""
"11634.425278628","2026-08-15 09:24:23.039626","/home/akatoki/SC-30/scripts/SC-30/2_phase/motordrive.py","set_values","186","","","","","","","","","","","","","","","","","","","","","","0.0","0.0","","","","","","","","","","","","","","","","","","","","","","",""
"11634.515001251","2026-08-15 09:24:23.129340","/home/akatoki/SC-30/scripts/SC-30/2_phase/motordrive.py","move","150","","","","move: direction=w, power=0.7, duration=1.5","","","","","","","","","","","","","","","","","","","","","","","","","","","","","","","","","","","","","","","","","",""
"11634.569639578","2026-08-15 09:24:23.183978","/home/akatoki/SC-30/scripts/SC-30/2_phase/motordrive.py","move","150","","","","move: direction=w, power=0.7, duration=1.5","","","","","","","","","","","","","","","","","","","","","","","","","","","","","","","","","","","","","","","","","",""
"11634.620076411","2026-08-15 09:24:23.234418","/home/akatoki/SC-30/scripts/SC-30/2_phase/motordrive.py","move","150","","","","move: direction=w, power=0.7, duration=1.5","","","","","","","","","","","","","","","","","","","","","","","","","","","","","","","","","","","","","","","","","",""
"11634.673146995","2026-08-15 09:24:23.287484","/home/akatoki/SC-30/scripts/SC-30/2_phase/motordrive.py","move","150","","","","move: direction=w, power=0.7, duration=1.5","","","","","","","","","","","","","","","","","","","","","","","","","","","","","","","","","","","","","","","","","",""
"11634.72300341","2026-08-15 09:24:23.337341","/home/akatoki/SC-30/scripts/SC-30/2_phase/motordrive.py","move","150","","","","move: direction=w, power=0.7, duration=1.5","","","","","","","","","","","","","","","","","","","","","","","","","","","","","","","","","","","","","","","","","",""
"11634.776299735","2026-08-15 09:24:23.390642","/home/akatoki/SC-30/scripts/SC-30/2_phase/motordrive.py","move","150","","","","move: direction=w, power=0.7, duration=1.5","","","","","","","","","","","","","","","","","","","","","","","","","","","","","","","","","","","","","","","","","",""
"11634.824716041","2026-08-15 09:24:23.439053","/home/akatoki/SC-30/scripts/SC-30/2_phase/motordrive.py","move","150","","","","move: direction=w, power=0.7, duration=1.5","","","","","","","","","","","","","","","","","","","","","","","","","","","","","","","","","","","","","","","","","",""
"11634.871680886","2026-08-15 09:24:23.486027","/home/akatoki/SC-30/scripts/SC-30/2_phase/motordrive.py","move","150","","","","move: direction=w, power=0.7, duration=1.5","","","","","","","","","","","","","","","","","","","","","","","","","","","","","","","","","","","","","","","","","",""
"11634.920662612","2026-08-15 09:24:23.535000","/home/akatoki/SC-30/scripts/SC-30/2_phase/motordrive.py","move","150","","","","move: direction=w, power=0.7, duration=1.5","","","","","","","","","","","","","","","","","","","","","","","","","","","","","","","","","","","","","","","","","",""
"11634.971886753","2026-08-15 09:24:23.586224","/home/akatoki/SC-30/scripts/SC-30/2_phase/motordrive.py","move","150","","","","move: direction=w, power=0.7, duration=1.5","","","","","","","","","","","","","","","","","","","","","","","","","","","","","","","","","","","","","","","","","",""
"11635.015886134","2026-08-15 09:24:23.630230","/home/akatoki/SC-30/scripts/SC-30/2_phase/motordrive.py","move","150","","","","move: direction=w, power=0.7, duration=1.5","","","","","","","","","","","","","","","","","","","","","","","","","","","","","","","","","","","","","","","","","",""
"11635.068289702","2026-08-15 09:24:23.682629","/home/akatoki/SC-30/scripts/SC-30/2_phase/motordrive.py","move","150","","","","move: direction=w, power=0.7, duration=1.5","","","","","","","","","","","","","","","","","","","","","","","","","","","","","","","","","","","","","","","","","",""
"11635.118366077","2026-08-15 09:24:23.732709","/home/akatoki/SC-30/scripts/SC-30/2_phase/motordrive.py","move","150","","","","move: direction=w, power=0.7, duration=1.5","","","","","","","","","","","","","","","","","","","","","","","","","","","","","","","","","","","","","","","","","",""
"11635.169293448","2026-08-15 09:24:23.783635","/home/akatoki/SC-30/scripts/SC-30/2_phase/motordrive.py","move","150","","","","move: direction=w, power=0.7, duration=1.5","","","","","","","","","","","","","","","","","","","","","","","","","","","","","","","","","","","","","","","","","",""
"11635.216418108","2026-08-15 09:24:23.830756","/home/akatoki/SC-30/scripts/SC-30/2_phase/motordrive.py","move","150","","","","move: direction=w, power=0.7, duration=1.5","","","","","","","","","","","","","","","","","","","","","","","","","","","","","","","","","","","","","","","","","",""
"11635.265972858","2026-08-15 09:24:23.880312","/home/akatoki/SC-30/scripts/SC-30/2_phase/motordrive.py","move","150","","","","move: direction=w, power=0.7, duration=1.5","","","","","","","","","","","","","","","","","","","","","","","","","","","","","","","","","","","","","","","","","",""
"11635.317272038","2026-08-15 09:24:23.931613","/home/akatoki/SC-30/scripts/SC-30/2_phase/motordrive.py","move","150","","","","move: direction=w, power=0.7, duration=1.5","","","","","","","","","","","","","","","","","","","","","","","","","","","","","","","","","","","","","","","","","",""
"11635.368553877","2026-08-15 09:24:23.982892","/home/akatoki/SC-30/scripts/SC-30/2_phase/motordrive.py","move","150","","","","move: direction=w, power=0.7, duration=1.5","","","","","","","","","","","","","","","","","","","","","","","","","","","","","","","","","","","","","","","","","",""
"11635.416934789","2026-08-15 09:24:24.031273","/home/akatoki/SC-30/scripts/SC-30/2_phase/motordrive.py","move","150","","","","move: direction=w, power=0.7, duration=1.5","","","","","","","","","","","","","","","","","","","","","","","","","","","","","","","","","","","","","","","","","",""
"11635.468852696","2026-08-15 09:24:24.083191","/home/akatoki/SC-30/scripts/SC-30/2_phase/motordrive.py","move","150","","","","move: direction=w, power=0.7, duration=1.5","","","","","","","","","","","","","","","","","","","","","","","","","","","","","","","","","","","","","","","","","",""
"11635.519379964","2026-08-15 09:24:24.133720","/home/akatoki/SC-30/scripts/SC-30/2_phase/motordrive.py","move","150","","","","move: direction=w, power=0.7, duration=1.5","","","","","","","","","","","","","","","","","","","","","","","","","","","","","","","","","","","","","","","","","",""
"11635.573294706","2026-08-15 09:24:24.187634","/home/akatoki/SC-30/scripts/SC-30/2_phase/motordrive.py","move","150","","","","move: direction=w, power=0.7, duration=1.5","","","","","","","","","","","","","","","","","","","","","","","","","","","","","","","","","","","","","","","","","",""
"11635.618347524","2026-08-15 09:24:24.232685","/home/akatoki/SC-30/scripts/SC-30/2_phase/motordrive.py","move","150","","","","move: direction=w, power=0.7, duration=1.5","","","","","","","","","","","","","","","","","","","","","","","","","","","","","","","","","","","","","","","","","",""
"11635.668907234","2026-08-15 09:24:24.283246","/home/akatoki/SC-30/scripts/SC-30/2_phase/motordrive.py","move","150","","","","move: direction=w, power=0.7, duration=1.5","","","","","","","","","","","","","","","","","","","","","","","","","","","","","","","","","","","","","","","","","",""
"11635.719515893","2026-08-15 09:24:24.333856","/home/akatoki/SC-30/scripts/SC-30/2_phase/motordrive.py","move","150","","","","move: direction=w, power=0.7, duration=1.5","","","","","","","","","","","","","","","","","","","","","","","","","","","","","","","","","","","","","","","","","",""
"11635.777246679","2026-08-15 09:24:24.391587","/home/akatoki/SC-30/scripts/SC-30/2_phase/motordrive.py","move","150","","","","move: direction=w, power=0.7, duration=1.5","","","","","","","","","","","","","","","","","","","","","","","","","","","","","","","","","","","","","","","","","",""
"11635.823760229","2026-08-15 09:24:24.438100","/home/akatoki/SC-30/scripts/SC-30/2_phase/motordrive.py","move","150","","","","move: direction=w, power=0.7, duration=1.5","","","","","","","","","","","","","","","","","","","","","","","","","","","","","","","","","","","","","","","","","",""
"11635.871877142","2026-08-15 09:24:24.486215","/home/akatoki/SC-30/scripts/SC-30/2_phase/motordrive.py","move","150","","","","move: direction=w, power=0.7, duration=1.5","","","","","","","","","","","","","","","","","","","","","","","","","","","","","","","","","","","","","","","","","",""
"11635.922330933","2026-08-15 09:24:24.536670","/home/akatoki/SC-30/scripts/SC-30/2_phase/motordrive.py","move","150","","","","move: direction=w, power=0.7, duration=1.5","","","","","","","","","","","","","","","","","","","","","","","","","","","","","","","","","","","","","","","","","",""
"11635.973610723","2026-08-15 09:24:24.587966","/home/akatoki/SC-30/scripts/SC-30/2_phase/motordrive.py","move","150","","","","move: direction=w, power=0.7, duration=1.5","","","","","","","","","","","","","","","","","","","","","","","","","","","","","","","","","","","","","","","","","",""
"11636.023054745","2026-08-15 09:24:24.637393","/home/akatoki/SC-30/scripts/SC-30/2_phase/motordrive.py","move","150","","","","move: direction=w, power=0.7, duration=1.5","","","","","","","","","","","","","","","","","","","","","","","","","","","","","","","","","","","","","","","","","",""
"11636.070907121","2026-08-15 09:24:24.685244","/home/akatoki/SC-30/scripts/SC-30/2_phase/motordrive.py","move","150","","","","move: direction=w, power=0.7, duration=1.5","","","","","","","","","","","","","","","","","","","","","","","","","","","","","","","","","","","","","","","","","",""
"11636.11800614","2026-08-15 09:24:24.732343","/home/akatoki/SC-30/scripts/SC-30/2_phase/motordrive.py","move","150","","","","move: direction=w, power=0.7, duration=1.5","","","","","","","","","","","","","","","","","","","","","","","","","","","","","","","","","","","","","","","","","",""
"11636.171270163","2026-08-15 09:24:24.785615","/home/akatoki/SC-30/scripts/SC-30/2_phase/motordrive.py","move","150","","","","move: direction=w, power=0.7, duration=1.5","","","","","","","","","","","","","","","","","","","","","","","","","","","","","","","","","","","","","","","","","",""
"11636.219588342","2026-08-15 09:24:24.833932","/home/akatoki/SC-30/scripts/SC-30/2_phase/motordrive.py","move","150","","","","move: direction=w, power=0.7, duration=1.5","","","","","","","","","","","","","","","","","","","","","","","","","","","","","","","","","","","","","","","","","",""
"11636.272401352","2026-08-15 09:24:24.886741","/home/akatoki/SC-30/scripts/SC-30/2_phase/motordrive.py","move","150","","","","move: direction=w, power=0.7, duration=1.5","","","","","","","","","","","","","","","","","","","","","","","","","","","","","","","","","","","","","","","","","",""
"11636.325123284","2026-08-15 09:24:24.939461","/home/akatoki/SC-30/scripts/SC-30/2_phase/motordrive.py","move","150","","","","move: direction=w, power=0.7, duration=1.5","","","","","","","","","","","","","","","","","","","","","","","","","","","","","","","","","","","","","","","","","",""
"11636.371565544","2026-08-15 09:24:24.985904","/home/akatoki/SC-30/scripts/SC-30/2_phase/motordrive.py","move","150","","","","move: direction=w, power=0.7, duration=1.5","","","","","","","","","","","","","","","","","","","","","","","","","","","","","","","","","","","","","","","","","",""
"11636.424443564","2026-08-15 09:24:25.038782","/home/akatoki/SC-30/scripts/SC-30/2_phase/motordrive.py","move","150","","","","move: direction=w, power=0.7, duration=1.5","","","","","","","","","","","","","","","","","","","","","","","","","","","","","","","","","","","","","","","","","",""
"11636.481942502","2026-08-15 09:24:25.096285","/home/akatoki/SC-30/scripts/SC-30/2_phase/motordrive.py","move","150","","","","move: direction=w, power=0.7, duration=1.5","","","","","","","","","","","","","","","","","","","","","","","","","","","","","","","","","","","","","","","","","",""
"11636.532809536","2026-08-15 09:24:25.147149","/home/akatoki/SC-30/scripts/SC-30/2_phase/motordrive.py","move","150","","","","move: direction=w, power=0.7, duration=1.5","","","","","","","","","","","","","","","","","","","","","","","","","","","","","","","","","","","","","","","","","",""
"11636.584155235","2026-08-15 09:24:25.198500","/home/akatoki/SC-30/scripts/SC-30/2_phase/motordrive.py","move","150","","","","move: direction=w, power=0.7, duration=1.5","","","","","","","","","","","","","","","","","","","","","","","","","","","","","","","","","","","","","","","","","",""
"11636.634183823","2026-08-15 09:24:25.248522","/home/akatoki/SC-30/scripts/SC-30/2_phase/motordrive.py","move","150","","","","move: direction=w, power=0.7, duration=1.5","","","","","","","","","","","","","","","","","","","","","","","","","","","","","","","","","","","","","","","","","",""
"11636.683802326","2026-08-15 09:24:25.298141","/home/akatoki/SC-30/scripts/SC-30/2_phase/motordrive.py","move","150","","","","move: direction=w, power=0.7, duration=1.5","","","","","","","","","","","","","","","","","","","","","","","","","","","","","","","","","","","","","","","","","",""
"11636.73614738","2026-08-15 09:24:25.350487","/home/akatoki/SC-30/scripts/SC-30/2_phase/motordrive.py","move","150","","","","move: direction=w, power=0.7, duration=1.5","","","","","","","","","","","","","","","","","","","","","","","","","","","","","","","","","","","","","","","","","",""
"11636.787078048","2026-08-15 09:24:25.401420","/home/akatoki/SC-30/scripts/SC-30/2_phase/motordrive.py","move","150","","","","move: direction=e, power=0.7, duration=0.1","","","","","","","","","","","","","","","","","","","","","","","","","","","","","","","","","","","","","","","","","",""
"11636.839828813","2026-08-15 09:24:25.454168","/home/akatoki/SC-30/scripts/SC-30/2_phase/motordrive.py","move","150","","","","move: direction=w, power=0.7, duration=1.5","","","","","","","","","","","","","","","","","","","","","","","","","","","","","","","","","","","","","","","","","",""
"11636.899665361","2026-08-15 09:24:25.514014","/home/akatoki/SC-30/scripts/SC-30/2_phase/motordrive.py","move","150","","","","move: direction=w, power=0.7, duration=1.5","","","","","","","","","","","","","","","","","","","","","","","","","","","","","","","","","","","","","","","","","",""
"11636.957745603","2026-08-15 09:24:25.572085","/home/akatoki/SC-30/scripts/SC-30/2_phase/motordrive.py","move","150","","","","move: direction=w, power=0.7, duration=1.5","","","","","","","","","","","","","","","","","","","","","","","","","","","","","","","","","","","","","","","","","",""
"11637.010570313","2026-08-15 09:24:25.624912","/home/akatoki/SC-30/scripts/SC-30/2_phase/motordrive.py","move","150","","","","move: direction=w, power=0.7, duration=1.5","","","","","","","","","","","","","","","","","","","","","","","","","","","","","","","","","","","","","","","","","",""
"11637.06646542","2026-08-15 09:24:25.680809","/home/akatoki/SC-30/scripts/SC-30/2_phase/motordrive.py","move","150","","","","move: direction=e, power=0.7, duration=0.1","","","","","","","","","","","","","","","","","","","","","","","","","","","","","","","","","","","","","","","","","",""
"11637.114192485","2026-08-15 09:24:25.728532","/home/akatoki/SC-30/scripts/SC-30/2_phase/motordrive.py","move","150","","","","move: direction=e, power=0.7, duration=0.1","","","","","","","","","","","","","","","","","","","","","","","","","","","","","","","","","","","","","","","","","",""
"11637.16427273","2026-08-15 09:24:25.778612","/home/akatoki/SC-30/scripts/SC-30/2_phase/motordrive.py","move","150","","","","move: direction=w, power=0.7, duration=1.5","","","","","","","","","","","","","","","","","","","","","","","","","","","","","","","","","","","","","","","","","",""
"11637.219778166","2026-08-15 09:24:25.834117","/home/akatoki/SC-30/scripts/SC-30/2_phase/motordrive.py","move","150","","","","move: direction=w, power=0.7, duration=1.5","","","","","","","","","","","","","","","","","","","","","","","","","","","","","","","","","","","","","","","","","",""
"11637.274062566","2026-08-15 09:24:25.888401","/home/akatoki/SC-30/scripts/SC-30/2_phase/motordrive.py","move","150","","","","move: direction=w, power=0.7, duration=1.5","","","","","","","","","","","","","","","","","","","","","","","","","","","","","","","","","","","","","","","","","",""
"11637.324697036","2026-08-15 09:24:25.939035","/home/akatoki/SC-30/scripts/SC-30/2_phase/motordrive.py","move","150","","","","move: direction=w, power=0.7, duration=1.5","","","","","","","","","","","","","","","","","","","","","","","","","","","","","","","","","","","","","","","","","",""
"11637.375079103","2026-08-15 09:24:25.989417","/home/akatoki/SC-30/scripts/SC-30/2_phase/motordrive.py","move","150","","","","move: direction=w, power=0.7, duration=1.5","","","","","","","","","","","","","","","","","","","","","","","","","","","","","","","","","","","","","","","","","",""
"11637.424339254","2026-08-15 09:24:26.038685","/home/akatoki/SC-30/scripts/SC-30/2_phase/motordrive.py","move","150","","","","move: direction=e, power=0.7, duration=0.1","","","","","","","","","","","","","","","","","","","","","","","","","","","","","","","","","","","","","","","","","",""
"11637.473055084","2026-08-15 09:24:26.087396","/home/akatoki/SC-30/scripts/SC-30/2_phase/motordrive.py","move","150","","","","move: direction=w, power=0.7, duration=1.5","","","","","","","","","","","","","","","","","","","","","","","","","","","","","","","","","","","","","","","","","",""
"11637.529746964","2026-08-15 09:24:26.144086","/home/akatoki/SC-30/scripts/SC-30/2_phase/motordrive.py","move","150","","","","move: direction=w, power=0.7, duration=1.5","","","","","","","","","","","","","","","","","","","","","","","","","","","","","","","","","","","","","","","","","",""
"11637.57527679","2026-08-15 09:24:26.189614","/home/akatoki/SC-30/scripts/SC-30/2_phase/motordrive.py","move","150","","","","move: direction=w, power=0.7, duration=1.5","","","","","","","","","","","","","","","","","","","","","","","","","","","","","","","","","","","","","","","","","",""
"11637.631306494","2026-08-15 09:24:26.245655","/home/akatoki/SC-30/scripts/SC-30/2_phase/motordrive.py","move","150","","","","move: direction=w, power=0.7, duration=1.5","","","","","","","","","","","","","","","","","","","","","","","","","","","","","","","","","","","","","","","","","",""
"11637.683320444","2026-08-15 09:24:26.297657","/home/akatoki/SC-30/scripts/SC-30/2_phase/motordrive.py","move","150","","","","move: direction=w, power=0.7, duration=1.5","","","","","","","","","","","","","","","","","","","","","","","","","","","","","","","","","","","","","","","","","",""
"11637.733118168","2026-08-15 09:24:26.347455","/home/akatoki/SC-30/scripts/SC-30/2_phase/motordrive.py","move","150","","","","move: direction=w, power=0.7, duration=1.5","","","","","","","","","","","","","","","","","","","","","","","","","","","","","","","","","","","","","","","","","",""
"11637.780672327","2026-08-15 09:24:26.395009","/home/akatoki/SC-30/scripts/SC-30/2_phase/motordrive.py","move","150","","","","move: direction=w, power=0.7, duration=1.5","","","","","","","","","","","","","","","","","","","","","","","","","","","","","","","","","","","","","","","","","",""
"11637.830400688","2026-08-15 09:24:26.444743","/home/akatoki/SC-30/scripts/SC-30/2_phase/motordrive.py","move","150","","","","move: direction=w, power=0.7, duration=1.5","","","","","","","","","","","","","","","","","","","","","","","","","","","","","","","","","","","","","","","","","",""
"11637.878151688","2026-08-15 09:24:26.492489","/home/akatoki/SC-30/scripts/SC-30/2_phase/motordrive.py","move","150","","","","move: direction=w, power=0.7, duration=1.5","","","","","","","","","","","","","","","","","","","","","","","","","","","","","","","","","","","","","","","","","",""
"11637.928512021","2026-08-15 09:24:26.542858","/home/akatoki/SC-30/scripts/SC-30/2_phase/motordrive.py","move","150","","","","move: direction=w, power=0.7, duration=1.5","","","","","","","","","","","","","","","","","","","","","","","","","","","","","","","","","","","","","","","","","",""
"11637.984562763","2026-08-15 09:24:26.598900","/home/akatoki/SC-30/scripts/SC-30/2_phase/motordrive.py","move","150","","","","move: direction=w, power=0.7, duration=1.5","","","","","","","","","","","","","","","","","","","","","","","","","","","","","","","","","","","","","","","","","",""
"11638.034755574","2026-08-15 09:24:26.649096","/home/akatoki/SC-30/scripts/SC-30/2_phase/motordrive.py","move","150","","","","move: direction=e, power=0.7, duration=0.1","","","","","","","","","","","","","","","","","","","","","","","","","","","","","","","","","","","","","","","","","",""
"11638.082341759","2026-08-15 09:24:26.696682","/home/akatoki/SC-30/scripts/SC-30/2_phase/motordrive.py","move","150","","","","move: direction=e, power=0.7, duration=0.1","","","","","","","","","","","","","","","","","","","","","","","","","","","","","","","","","","","","","","","","","",""
"11638.135367823","2026-08-15 09:24:26.749705","/home/akatoki/SC-30/scripts/SC-30/2_phase/motordrive.py","move","150","","","","move: direction=w, power=0.7, duration=1.5","","","","","","","","","","","","","","","","","","","","","","","","","","","","","","","","","","","","","","","","","",""
"11638.186605242","2026-08-15 09:24:26.800951","/home/akatoki/SC-30/scripts/SC-30/2_phase/motordrive.py","move","150","","","","move: direction=w, power=0.7, duration=1.5","","","","","","","","","","","","","","","","","","","","","","","","","","","","","","","","","","","","","","","","","",""
"11638.234083737","2026-08-15 09:24:26.848421","/home/akatoki/SC-30/scripts/SC-30/2_phase/motordrive.py","move","150","","","","move: direction=w, power=0.7, duration=1.5","","","","","","","","","","","","","","","","","","","","","","","","","","","","","","","","","","","","","","","","","",""
"11638.285193523","2026-08-15 09:24:26.899532","/home/akatoki/SC-30/scripts/SC-30/2_phase/motordrive.py","move","150","","","","move: direction=w, power=0.7, duration=1.5","","","","","","","","","","","","","","","","","","","","","","","","","","","","","","","","","","","","","","","","","",""
"11638.337968433","2026-08-15 09:24:26.952308","/home/akatoki/SC-30/scripts/SC-30/2_phase/motordrive.py","move","150","","","","move: direction=e, power=0.7, duration=0.1","","","","","","","","","","","","","","","","","","","","","","","","","","","","","","","","","","","","","","","","","",""
"11638.390893421","2026-08-15 09:24:27.005235","/home/akatoki/SC-30/scripts/SC-30/2_phase/motordrive.py","move","150","","","","move: direction=e, power=0.7, duration=0.1","","","","","","","","","","","","","","","","","","","","","","","","","","","","","","","","","","","","","","","","","",""
"11638.443462933","2026-08-15 09:24:27.057801","/home/akatoki/SC-30/scripts/SC-30/2_phase/motordrive.py","move","150","","","","move: direction=w, power=0.7, duration=1.5","","","","","","","","","","","","","","","","","","","","","","","","","","","","","","","","","","","","","","","","","",""
"11638.495477282","2026-08-15 09:24:27.109815","/home/akatoki/SC-30/scripts/SC-30/2_phase/motordrive.py","move","150","","","","move: direction=w, power=0.7, duration=1.5","","","","","","","","","","","","","","","","","","","","","","","","","","","","","","","","","","","","","","","","","",""
"11638.542913473","2026-08-15 09:24:27.157251","/home/akatoki/SC-30/scripts/SC-30/2_phase/motordrive.py","move","150","","","","move: direction=w, power=0.7, duration=1.5","","","","","","","","","","","","","","","","","","","","","","","","","","","","","","","","","","","","","","","","","",""
"11638.60466862","2026-08-15 09:24:27.219006","/home/akatoki/SC-30/scripts/SC-30/2_phase/motordrive.py","move","150","","","","move: direction=w, power=0.7, duration=1.5","","","","","","","","","","","","","","","","","","","","","","","","","","","","","","","","","","","","","","","","","",""
"11638.654639732","2026-08-15 09:24:27.268985","/home/akatoki/SC-30/scripts/SC-30/2_phase/motordrive.py","move","150","","","","move: direction=e, power=0.7, duration=0.1","","","","","","","","","","","","","","","","","","","","","","","","","","","","","","","","","","","","","","","","","",""
"11638.702472937","2026-08-15 09:24:27.316811","/home/akatoki/SC-30/scripts/SC-30/2_phase/motordrive.py","move","150","","","","move: direction=e, power=0.7, duration=0.1","","","","","","","","","","","","","","","","","","","","","","","","","","","","","","","","","","","","","","","","","",""
"11638.749763788","2026-08-15 09:24:27.364103","/home/akatoki/SC-30/scripts/SC-30/2_phase/motordrive.py","move","150","","","","move: direction=w, power=0.7, duration=1.5","","","","","","","","","","","","","","","","","","","","","","","","","","","","","","","","","","","","","","","","","",""
"11638.809538552","2026-08-15 09:24:27.423889","/home/akatoki/SC-30/scripts/SC-30/2_phase/motordrive.py","move","150","","","","move: direction=w, power=0.7, duration=1.5","","","","","","","","","","","","","","","","","","","","","","","","","","","","","","","","","","","","","","","","","",""
"11638.866525782","2026-08-15 09:24:27.480865","/home/akatoki/SC-30/scripts/SC-30/2_phase/motordrive.py","move","150","","","","move: direction=w, power=0.7, duration=1.5","","","","","","","","","","","","","","","","","","","","","","","","","","","","","","","","","","","","","","","","","",""
"11638.923937886","2026-08-15 09:24:27.538278","/home/akatoki/SC-30/scripts/SC-30/2_phase/motordrive.py","move","150","","","","move: direction=w, power=0.7, duration=1.5","","","","","","","","","","","","","","","","","","","","","","","","","","","","","","","","","","","","","","","","","",""
"11639.001195325","2026-08-15 09:24:27.615533","/home/akatoki/SC-30/scripts/SC-30/2_phase/motordrive.py","move","150","","","","move: direction=e, power=0.7, duration=0.1","","","","","","","","","","","","","","","","","","","","","","","","","","","","","","","","","","","","","","","","","",""
"11639.062034017","2026-08-15 09:24:27.676381","/home/akatoki/SC-30/scripts/SC-30/2_phase/motordrive.py","move","150","","","","move: direction=w, power=0.7, duration=1.5","","","","","","","","","","","","","","","","","","","","","","","","","","","","","","","","","","","","","","","","","",""
"11639.125886506","2026-08-15 09:24:27.740223","/home/akatoki/SC-30/scripts/SC-30/2_phase/motordrive.py","move","150","","","","move: direction=w, power=0.7, duration=1.5","","","","","","","","","","","","","","","","","","","","","","","","","","","","","","","","","","","","","","","","","",""
"11639.199762192","2026-08-15 09:24:27.814109","/home/akatoki/SC-30/scripts/SC-30/2_phase/motordrive.py","move","150","","","","move: direction=w, power=0.7, duration=1.5","","","","","","","","","","","","","","","","","","","","","","","","","","","","","","","","","","","","","","","","","",""
"11640.267095969","2026-08-15 09:24:28.881434","/home/akatoki/SC-30/scripts/SC-30/2_phase/motordrive.py","move","150","","","","move: direction=e, power=0.7, duration=0.1","","","","","","","","","","","","","","","","","","","","","","","","","","","","","","","","","","","","","","","","","",""
"11640.33280021","2026-08-15 09:24:28.947140","/home/akatoki/SC-30/scripts/SC-30/2_phase/motordrive.py","move","150","","","","move: direction=e, power=0.7, duration=0.1","","","","","","","","","","","","","","","","","","","","","","","","","","","","","","","","","","","","","","","","","",""
"11640.389620215","2026-08-15 09:24:29.003960","/home/akatoki/SC-30/scripts/SC-30/2_phase/motordrive.py","move","150","","","","move: direction=e, power=0.7, duration=0.1","","","","","","","","","","","","","","","","","","","","","","","","","","","","","","","","","","","","","","","","","",""
"11640.477257518","2026-08-15 09:24:29.091596","/home/akatoki/SC-30/scripts/SC-30/2_phase/motordrive.py","move","150","","","","move: direction=e, power=0.7, duration=0.1","","","","","","","","","","","","","","","","","","","","","","","","","","","","","","","","","","","","","","","","","",""
"11640.537789053","2026-08-15 09:24:29.152138","/home/akatoki/SC-30/scripts/SC-30/2_phase/motordrive.py","move","150","","","","move: direction=e, power=0.7, duration=0.1","","","","","","","","","","","","","","","","","","","","","","","","","","","","","","","","","","","","","","","","","",""
"11640.606465686","2026-08-15 09:24:29.220804","/home/akatoki/SC-30/scripts/SC-30/2_phase/motordrive.py","move","150","","","","move: direction=e, power=0.7, duration=0.1","","","","","","","","","","","","","","","","","","","","","","","","","","","","","","","","","","","","","","","","","",""
"11640.670660284","2026-08-15 09:24:29.285004","/home/akatoki/SC-30/scripts/SC-30/2_phase/motordrive.py","move","150","","","","move: direction=e, power=0.7, duration=0.1","","","","","","","","","","","","","","","","","","","","","","","","","","","","","","","","","","","","","","","","","",""
"11640.743740685","2026-08-15 09:24:29.358084","/home/akatoki/SC-30/scripts/SC-30/2_phase/motordrive.py","move","150","","","","move: direction=e, power=0.7, duration=0.1","","","","","","","","","","","","","","","","","","","","","","","","","","","","","","","","","","","","","","","","","",""
"11640.80860199","2026-08-15 09:24:29.422941","/home/akatoki/SC-30/scripts/SC-30/2_phase/motordrive.py","move","150","","","","move: direction=e, power=0.7, duration=0.1","","","","","","","","","","","","","","","","","","","","","","","","","","","","","","","","","","","","","","","","","",""
"11640.875864077","2026-08-15 09:24:29.490201","/home/akatoki/SC-30/scripts/SC-30/2_phase/motordrive.py","move","150","","","","move: direction=e, power=0.7, duration=0.1","","","","","","","","","","","","","","","","","","","","","","","","","","","","","","","","","","","","","","","","","",""
"11640.942368639","2026-08-15 09:24:29.556710","/home/akatoki/SC-30/scripts/SC-30/2_phase/motordrive.py","move","150","","","","move: direction=e, power=0.7, duration=0.1","","","","","","","","","","","","","","","","","","","","","","","","","","","","","","","","","","","","","","","","","",""
"11640.994734038","2026-08-15 09:24:29.609080","/home/akatoki/SC-30/scripts/SC-30/2_phase/motordrive.py","move","150","","","","move: direction=e, power=0.7, duration=0.1","","","","","","","","","","","","","","","","","","","","","","","","","","","","","","","","","","","","","","","","","",""
"11641.055439085","2026-08-15 09:24:29.669782","/home/akatoki/SC-30/scripts/SC-30/2_phase/motordrive.py","move","150","","","","move: direction=e, power=0.7, duration=0.1","","","","","","","","","","","","","","","","","","","","","","","","","","","","","","","","","","","","","","","","","",""
"11641.112749772","2026-08-15 09:24:29.727095","/home/akatoki/SC-30/scripts/SC-30/2_phase/motordrive.py","move","150","","","","move: direction=e, power=0.7, duration=0.1","","","","","","","","","","","","","","","","","","","","","","","","","","","","","","","","","","","","","","","","","",""
"11641.175541749","2026-08-15 09:24:29.789892","/home/akatoki/SC-30/scripts/SC-30/2_phase/motordrive.py","move","150","","","","move: direction=e, power=0.7, duration=0.1","","","","","","","","","","","","","","","","","","","","","","","","","","","","","","","","","","","","","","","","","",""
"11641.240955198","2026-08-15 09:24:29.855297","/home/akatoki/SC-30/scripts/SC-30/2_phase/motordrive.py","move","150","","","","move: direction=e, power=0.7, duration=0.1","","","","","","","","","","","","","","","","","","","","","","","","","","","","","","","","","","","","","","","","","",""
"11641.302535353","2026-08-15 09:24:29.916888","/home/akatoki/SC-30/scripts/SC-30/2_phase/motordrive.py","move","150","","","","move: direction=e, power=0.7, duration=0.1","","","","","","","","","","","","","","","","","","","","","","","","","","","","","","","","","","","","","","","","","",""
"11641.362665344","2026-08-15 09:24:29.977009","/home/akatoki/SC-30/scripts/SC-30/2_phase/motordrive.py","move","150","","","","move: direction=e, power=0.7, duration=0.1","","","","","","","","","","","","","","","","","","","","","","","","","","","","","","","","","","","","","","","","","",""
"11641.420631512","2026-08-15 09:24:30.034970","/home/akatoki/SC-30/scripts/SC-30/2_phase/motordrive.py","move","150","","","","move: direction=e, power=0.7, duration=0.1","","","","","","","","","","","","","","","","","","","","","","","","","","","","","","","","","","","","","","","","","",""
"11641.486856895","2026-08-15 09:24:30.101198","/home/akatoki/SC-30/scripts/SC-30/2_phase/motordrive.py","move","150","","","","move: direction=e, power=0.7, duration=0.1","","","","","","","","","","","","","","","","","","","","","","","","","","","","","","","","","","","","","","","","","",""
"11641.550349469","2026-08-15 09:24:30.164696","/home/akatoki/SC-30/scripts/SC-30/2_phase/motordrive.py","move","150","","","","move: direction=e, power=0.7, duration=0.1","","","","","","","","","","","","","","","","","","","","","","","","","","","","","","","","","","","","","","","","","",""
"11641.610878232","2026-08-15 09:24:30.225217","/home/akatoki/SC-30/scripts/SC-30/2_phase/motordrive.py","move","150","","","","move: direction=e, power=0.7, duration=0.1","","","","","","","","","","","","","","","","","","","","","","","","","","","","","","","","","","","","","","","","","",""
"11641.677053833","2026-08-15 09:24:30.291392","/home/akatoki/SC-30/scripts/SC-30/2_phase/motordrive.py","move","150","","","","move: direction=e, power=0.7, duration=0.1","","","","","","","","","","","","","","","","","","","","","","","","","","","","","","","","","","","","","","","","","",""
"11641.739363382","2026-08-15 09:24:30.353702","/home/akatoki/SC-30/scripts/SC-30/2_phase/motordrive.py","move","150","","","","move: direction=e, power=0.7, duration=0.1","","","","","","","","","","","","","","","","","","","","","","","","","","","","","","","","","","","","","","","","","",""
"11641.795681466","2026-08-15 09:24:30.410025","/home/akatoki/SC-30/scripts/SC-30/2_phase/motordrive.py","move","150","","","","move: direction=e, power=0.7, duration=0.1","","","","","","","","","","","","","","","","","","","","","","","","","","","","","","","","","","","","","","","","","",""
"11641.861024971","2026-08-15 09:24:30.475364","/home/akatoki/SC-30/scripts/SC-30/2_phase/motordrive.py","move","150","","","","move: direction=e, power=0.7, duration=0.1","","","","","","","","","","","","","","","","","","","","","","","","","","","","","","","","","","","","","","","","","",""
"11641.928822322","2026-08-15 09:24:30.543187","/home/akatoki/SC-30/scripts/SC-30/2_phase/motordrive.py","move","150","","","","move: direction=e, power=0.7, duration=0.1","","","","","","","","","","","","","","","","","","","","","","","","","","","","","","","","","","","","","","","","","",""
"11641.979613184","2026-08-15 09:24:30.593964","/home/akatoki/SC-30/scripts/SC-30/2_phase/motordrive.py","move","150","","","","move: direction=e, power=0.7, duration=0.1","","","","","","","","","","","","","","","","","","","","","","","","","","","","","","","","","","","","","","","","","",""
"11642.040263385","2026-08-15 09:24:30.654602","/home/akatoki/SC-30/scripts/SC-30/2_phase/motordrive.py","move","150","","","","move: direction=e, power=0.7, duration=0.1","","","","","","","","","","","","","","","","","","","","","","","","","","","","","","","","","","","","","","","","","",""
"11642.111878618","2026-08-15 09:24:30.726224","/home/akatoki/SC-30/scripts/SC-30/2_phase/motordrive.py","move","150","","","","move: direction=e, power=0.7, duration=0.1","","","","","","","","","","","","","","","","","","","","","","","","","","","","","","","","","","","","","","","","","",""
"11642.175524864","2026-08-15 09:24:30.789868","/home/akatoki/SC-30/scripts/SC-30/2_phase/motordrive.py","move","150","","","","move: direction=e, power=0.7, duration=0.1","","","","","","","","","","","","","","","","","","","","","","","","","","","","","","","","","","","","","","","","","",""
"11642.226037024","2026-08-15 09:24:30.840378","/home/akatoki/SC-30/scripts/SC-30/2_phase/motordrive.py","move","150","","","","move: direction=e, power=0.7, duration=0.1","","","","","","","","","","","","","","","","","","","","","","","","","","","","","","","","","","","","","","","","","",""
"11642.289540117","2026-08-15 09:24:30.903881","/home/akatoki/SC-30/scripts/SC-30/2_phase/motordrive.py","move","150","","","","move: direction=e, power=0.7, duration=0.1","","","","","","","","","","","","","","","","","","","","","","","","","","","","","","","","","","","","","","","","","",""
"11642.347690385","2026-08-15 09:24:30.962030","/home/akatoki/SC-30/scripts/SC-30/2_phase/motordrive.py","move","150","","","","move: direction=e, power=0.7, duration=0.1","","","","","","","","","","","","","","","","","","","","","","","","","","","","","","","","","","","","","","","","","",""
"11642.404715337","2026-08-15 09:24:31.019060","/home/akatoki/SC-30/scripts/SC-30/2_phase/motordrive.py","move","150","","","","move: direction=e, power=0.7, duration=0.1","","","","","","","","","","","","","","","","","","","","","","","","","","","","","","","","","","","","","","","","","",""
"11642.464380591","2026-08-15 09:24:31.078726","/home/akatoki/SC-30/scripts/SC-30/2_phase/motordrive.py","move","150","","","","move: direction=e, power=0.7, duration=0.1","","","","","","","","","","","","","","","","","","","","","","","","","","","","","","","","","","","","","","","","","",""
"11642.545210848","2026-08-15 09:24:31.159552","/home/akatoki/SC-30/scripts/SC-30/2_phase/motordrive.py","move","150","","","","move: direction=e, power=0.7, duration=0.1","","","","","","","","","","","","","","","","","","","","","","","","","","","","","","","","","","","","","","","","","",""
"11642.603224459","2026-08-15 09:24:31.217562","/home/akatoki/SC-30/scripts/SC-30/2_phase/motordrive.py","move","150","","","","move: direction=e, power=0.7, duration=0.1","","","","","","","","","","","","","","","","","","","","","","","","","","","","","","","","","","","","","","","","","",""
"11642.663190911","2026-08-15 09:24:31.277530","/home/akatoki/SC-30/scripts/SC-30/2_phase/motordrive.py","move","150","","","","move: direction=e, power=0.7, duration=0.1","","","","","","","","","","","","","","","","","","","","","","","","","","","","","","","","","","","","","","","","","",""
"11642.723472361","2026-08-15 09:24:31.337815","/home/akatoki/SC-30/scripts/SC-30/2_phase/motordrive.py","move","150","","","","move: direction=q, power=0.7, duration=0.1","","","","","","","","","","","","","","","","","","","","","","","","","","","","","","","","","","","","","","","","","",""
"11642.784229822","2026-08-15 09:24:31.398569","/home/akatoki/SC-30/scripts/SC-30/2_phase/motordrive.py","move","150","","","","move: direction=e, power=0.7, duration=0.1","","","","","","","","","","","","","","","","","","","","","","","","","","","","","","","","","","","","","","","","","",""
"11642.843180512","2026-08-15 09:24:31.457519","/home/akatoki/SC-30/scripts/SC-30/2_phase/motordrive.py","move","150","","","","move: direction=e, power=0.7, duration=0.1","","","","","","","","","","","","","","","","","","","","","","","","","","","","","","","","","","","","","","","","","",""
"11642.902342623","2026-08-15 09:24:31.516685","/home/akatoki/SC-30/scripts/SC-30/2_phase/motordrive.py","move","150","","","","move: direction=e, power=0.7, duration=0.1","","","","","","","","","","","","","","","","","","","","","","","","","","","","","","","","","","","","","","","","","",""
"11642.963859797","2026-08-15 09:24:31.578201","/home/akatoki/SC-30/scripts/SC-30/2_phase/motordrive.py","move","150","","","","move: direction=e, power=0.7, duration=0.1","","","","","","","","","","","","","","","","","","","","","","","","","","","","","","","","","","","","","","","","","",""
"11643.022594846","2026-08-15 09:24:31.636933","/home/akatoki/SC-30/scripts/SC-30/2_phase/motordrive.py","move","150","","","","move: direction=e, power=0.7, duration=0.1","","","","","","","","","","","","","","","","","","","","","","","","","","","","","","","","","","","","","","","","","",""
"11643.081154926","2026-08-15 09:24:31.695493","/home/akatoki/SC-30/scripts/SC-30/2_phase/motordrive.py","move","150","","","","move: direction=q, power=0.7, duration=0.1","","","","","","","","","","","","","","","","","","","","","","","","","","","","","","","","","","","","","","","","","",""
"11643.138225834","2026-08-15 09:24:31.752564","/home/akatoki/SC-30/scripts/SC-30/2_phase/motordrive.py","move","150","","","","move: direction=q, power=0.7, duration=0.1","","","","","","","","","","","","","","","","","","","","","","","","","","","","","","","","","","","","","","","","","",""
"11643.193845951","2026-08-15 09:24:31.808185","/home/akatoki/SC-30/scripts/SC-30/2_phase/motordrive.py","move","150","","","","move: direction=q, power=0.7, duration=0.1","","","","","","","","","","","","","","","","","","","","","","","","","","","","","","","","","","","","","","","","","",""
"11643.25395217","2026-08-15 09:24:31.868291","/home/akatoki/SC-30/scripts/SC-30/2_phase/motordrive.py","move","150","","","","move: direction=q, power=0.7, duration=0.1","","","","","","","","","","","","","","","","","","","","","","","","","","","","","","","","","","","","","","","","","",""
"11643.313606488","2026-08-15 09:24:31.927950","/home/akatoki/SC-30/scripts/SC-30/2_phase/motordrive.py","move","150","","","","move: direction=q, power=0.7, duration=0.1","","","","","","","","","","","","","","","","","","","","","","","","","","","","","","","","","","","","","","","","","",""
"11643.374177732","2026-08-15 09:24:31.988517","/home/akatoki/SC-30/scripts/SC-30/2_phase/motordrive.py","move","150","","","","move: direction=q, power=0.7, duration=0.1","","","","","","","","","","","","","","","","","","","","","","","","","","","","","","","","","","","","","","","","","",""
"11643.432631505","2026-08-15 09:24:32.046971","/home/akatoki/SC-30/scripts/SC-30/2_phase/motordrive.py","move","150","","","","move: direction=e, power=0.7, duration=0.1","","","","","","","","","","","","","","","","","","","","","","","","","","","","","","","","","","","","","","","","","",""
"11643.493950316","2026-08-15 09:24:32.108290","/home/akatoki/SC-30/scripts/SC-30/2_phase/motordrive.py","move","150","","","","move: direction=e, power=0.7, duration=0.1","","","","","","","","","","","","","","","","","","","","","","","","","","","","","","","","","","","","","","","","","",""
"11643.551202637","2026-08-15 09:24:32.165546","/home/akatoki/SC-30/scripts/SC-30/2_phase/motordrive.py","move","150","","","","move: direction=e, power=0.7, duration=0.1","","","","","","","","","","","","","","","","","","","","","","","","","","","","","","","","","","","","","","","","","",""
"11643.606243567","2026-08-15 09:24:32.220586","/home/akatoki/SC-30/scripts/SC-30/2_phase/motordrive.py","move","150","","","","move: direction=e, power=0.7, duration=0.1","","","","","","","","","","","","","","","","","","","","","","","","","","","","","","","","","","","","","","","","","",""
"11643.661588246","2026-08-15 09:24:32.275931","/home/akatoki/SC-30/scripts/SC-30/2_phase/motordrive.py","move","150","","","","move: direction=e, power=0.7, duration=0.1","","","","","","","","","","","","","","","","","","","","","","","","","","","","","","","","","","","","","","","","","",""
"11643.715472655","2026-08-15 09:24:32.329813","/home/akatoki/SC-30/scripts/SC-30/2_phase/motordrive.py","move","150","","","","move: direction=e, power=0.7, duration=0.1","","","","","","","","","","","","","","","","","","","","","","","","","","","","","","","","","","","","","","","","","",""
"11643.774304028","2026-08-15 09:24:32.388653","/home/akatoki/SC-30/scripts/SC-30/2_phase/motordrive.py","move","150","","","","move: direction=e, power=0.7, duration=0.1","","","","","","","","","","","","","","","","","","","","","","","","","","","","","","","","","","","","","","","","","",""
"11643.834237608","2026-08-15 09:24:32.448578","/home/akatoki/SC-30/scripts/SC-30/2_phase/motordrive.py","move","150","","","","move: direction=e, power=0.7, duration=0.1","","","","","","","","","","","","","","","","","","","","","","","","","","","","","","","","","","","","","","","","","",""
"11643.88798303","2026-08-15 09:24:32.502403","/home/akatoki/SC-30/scripts/SC-30/2_phase/motordrive.py","move","150","","","","move: direction=e, power=0.7, duration=0.1","","","","","","","","","","","","","","","","","","","","","","","","","","","","","","","","","","","","","","","","","",""
"11643.948103662","2026-08-15 09:24:32.562452","/home/akatoki/SC-30/scripts/SC-30/2_phase/motordrive.py","move","150","","","","move: direction=e, power=0.7, duration=0.1","","","","","","","","","","","","","","","","","","","","","","","","","","","","","","","","","","","","","","","","","",""
"11644.011514094","2026-08-15 09:24:32.625857","/home/akatoki/SC-30/scripts/SC-30/2_phase/motordrive.py","move","150","","","","move: direction=e, power=0.7, duration=0.1","","","","","","","","","","","","","","","","","","","","","","","","","","","","","","","","","","","","","","","","","",""
"11644.075995697","2026-08-15 09:24:32.690400","/home/akatoki/SC-30/scripts/SC-30/2_phase/motordrive.py","move","150","","","","move: direction=e, power=0.7, duration=0.1","","","","","","","","","","","","","","","","","","","","","","","","","","","","","","","","","","","","","","","","","",""
"11644.133967009","2026-08-15 09:24:32.748312","/home/akatoki/SC-30/scripts/SC-30/2_phase/motordrive.py","move","150","","","","move: direction=e, power=0.7, duration=0.1","","","","","","","","","","","","","","","","","","","","","","","","","","","","","","","","","","","","","","","","","",""
"11644.197059787","2026-08-15 09:24:32.811402","/home/akatoki/SC-30/scripts/SC-30/2_phase/motordrive.py","move","150","","","","move: direction=e, power=0.7, duration=0.1","","","","","","","","","","","","","","","","","","","","","","","","","","","","","","","","","","","","","","","","","",""
"11644.245794193","2026-08-15 09:24:32.860135","/home/akatoki/SC-30/scripts/SC-30/2_phase/motordrive.py","move","150","","","","move: direction=e, power=0.7, duration=0.1","","","","","","","","","","","","","","","","","","","","","","","","","","","","","","","","","","","","","","","","","",""
"11644.301240626","2026-08-15 09:24:32.915582","/home/akatoki/SC-30/scripts/SC-30/2_phase/motordrive.py","move","150","","","","move: direction=e, power=0.7, duration=0.1","","","","","","","","","","","","","","","","","","","","","","","","","","","","","","","","","","","","","","","","","",""
"11644.356605198","2026-08-15 09:24:32.970947","/home/akatoki/SC-30/scripts/SC-30/2_phase/motordrive.py","move","150","","","","move: direction=e, power=0.7, duration=0.1","","","","","","","","","","","","","","","","","","","","","","","","","","","","","","","","","","","","","","","","","",""
"11644.41460043","2026-08-15 09:24:33.028968","/home/akatoki/SC-30/scripts/SC-30/2_phase/motordrive.py","move","150","","","","move: direction=e, power=0.7, duration=0.1","","","","","","","","","","","","","","","","","","","","","","","","","","","","","","","","","","","","","","","","","",""
"11644.47308513","2026-08-15 09:24:33.087423","/home/akatoki/SC-30/scripts/SC-30/2_phase/motordrive.py","move","150","","","","move: direction=e, power=0.7, duration=0.1","","","","","","","","","","","","","","","","","","","","","","","","","","","","","","","","","","","","","","","","","",""
"11644.525725203","2026-08-15 09:24:33.140065","/home/akatoki/SC-30/scripts/SC-30/2_phase/motordrive.py","move","150","","","","move: direction=e, power=0.7, duration=0.1","","","","","","","","","","","","","","","","","","","","","","","","","","","","","","","","","","","","","","","","","",""
"11644.587627445","2026-08-15 09:24:33.201971","/home/akatoki/SC-30/scripts/SC-30/2_phase/motordrive.py","move","150","","","","move: direction=e, power=0.7, duration=0.1","","","","","","","","","","","","","","","","","","","","","","","","","","","","","","","","","","","","","","","","","",""
"11644.64437791","2026-08-15 09:24:33.258719","/home/akatoki/SC-30/scripts/SC-30/2_phase/motordrive.py","move","150","","","","move: direction=e, power=0.7, duration=0.1","","","","","","","","","","","","","","","","","","","","","","","","","","","","","","","","","","","","","","","","","",""
"11644.691106128","2026-08-15 09:24:33.305448","/home/akatoki/SC-30/scripts/SC-30/2_phase/motordrive.py","move","150","","","","move: direction=e, power=0.7, duration=0.1","","","","","","","","","","","","","","","","","","","","","","","","","","","","","","","","","","","","","","","","","",""
"11644.750186039","2026-08-15 09:24:33.364538","/home/akatoki/SC-30/scripts/SC-30/2_phase/motordrive.py","move","150","","","","move: direction=e, power=0.7, duration=0.1","","","","","","","","","","","","","","","","","","","","","","","","","","","","","","","","","","","","","","","","","",""
"11644.807197449","2026-08-15 09:24:33.421543","/home/akatoki/SC-30/scripts/SC-30/2_phase/motordrive.py","move","150","","","","move: direction=e, power=0.7, duration=0.1","","","","","","","","","","","","","","","","","","","","","","","","","","","","","","","","","","","","","","","","","",""
"11644.857734548","2026-08-15 09:24:33.472079","/home/akatoki/SC-30/scripts/SC-30/2_phase/motordrive.py","move","150","","","","move: direction=e, power=0.7, duration=0.1","","","","","","","","","","","","","","","","","","","","","","","","","","","","","","","","","","","","","","","","","",""
"11644.91324736","2026-08-15 09:24:33.527591","/home/akatoki/SC-30/scripts/SC-30/2_phase/motordrive.py","move","150","","","","move: direction=e, power=0.7, duration=0.1","","","","","","","","","","","","","","","","","","","","","","","","","","","","","","","","","","","","","","","","","",""
"11644.975101797","2026-08-15 09:24:33.589445","/home/akatoki/SC-30/scripts/SC-30/2_phase/motordrive.py","move","150","","","","move: direction=e, power=0.7, duration=0.1","","","","","","","","","","","","","","","","","","","","","","","","","","","","","","","","","","","","","","","","","",""
"11645.034771867","2026-08-15 09:24:33.649116","/home/akatoki/SC-30/scripts/SC-30/2_phase/motordrive.py","move","150","","","","move: direction=e, power=0.7, duration=0.1","","","","","","","","","","","","","","","","","","","","","","","","","","","","","","","","","","","","","","","","","",""
"11645.107259645","2026-08-15 09:24:33.721601","/home/akatoki/SC-30/scripts/SC-30/2_phase/motordrive.py","move","150","","","","move: direction=e, power=0.7, duration=0.1","","","","","","","","","","","","","","","","","","","","","","","","","","","","","","","","","","","","","","","","","",""
"11645.159969862","2026-08-15 09:24:33.774313","/home/akatoki/SC-30/scripts/SC-30/2_phase/motordrive.py","move","150","","","","move: direction=e, power=0.7, duration=0.1","","","","","","","","","","","","","","","","","","","","","","","","","","","","","","","","","","","","","","","","","",""
"11645.213355277","2026-08-15 09:24:33.827702","/home/akatoki/SC-30/scripts/SC-30/2_phase/motordrive.py","move","150","","","","move: direction=e, power=0.7, duration=0.1","","","","","","","","","","","","","","","","","","","","","","","","","","","","","","","","","","","","","","","","","",""
"11645.268966093","2026-08-15 09:24:33.883307","/home/akatoki/SC-30/scripts/SC-30/2_phase/motordrive.py","move","150","","","","move: direction=e, power=0.7, duration=0.1","","","","","","","","","","","","","","","","","","","","","","","","","","","","","","","","","","","","","","","","","",""
"11645.321102033","2026-08-15 09:24:33.935441","/home/akatoki/SC-30/scripts/SC-30/2_phase/motordrive.py","move","150","","","","move: direction=e, power=0.7, duration=0.1","","","","","","","","","","","","","","","","","","","","","","","","","","","","","","","","","","","","","","","","","",""
"11645.382048709","2026-08-15 09:24:33.996392","/home/akatoki/SC-30/scripts/SC-30/2_phase/motordrive.py","move","150","","","","move: direction=e, power=0.7, duration=0.1","","","","","","","","","","","","","","","","","","","","","","","","","","","","","","","","","","","","","","","","","",""
"11645.437327947","2026-08-15 09:24:34.051674","/home/akatoki/SC-30/scripts/SC-30/2_phase/motordrive.py","move","150","","","","move: direction=e, power=0.7, duration=0.1","","","","","","","","","","","","","","","","","","","","","","","","","","","","","","","","","","","","","","","","","",""
"11645.49385682","2026-08-15 09:24:34.108200","/home/akatoki/SC-30/scripts/SC-30/2_phase/motordrive.py","move","150","","","","move: direction=e, power=0.7, duration=0.1","","","","","","","","","","","","","","","","","","","","","","","","","","","","","","","","","","","","","","","","","",""
"11645.547908979","2026-08-15 09:24:34.162253","/home/akatoki/SC-30/scripts/SC-30/2_phase/motordrive.py","move","150","","","","move: direction=e, power=0.7, duration=0.1","","","","","","","","","","","","","","","","","","","","","","","","","","","","","","","","","","","","","","","","","",""
"11645.607218525","2026-08-15 09:24:34.221560","/home/akatoki/SC-30/scripts/SC-30/2_phase/motordrive.py","move","150","","","","move: direction=e, power=0.7, duration=0.1","","","","","","","","","","","","","","","","","","","","","","","","","","","","","","","","","","","","","","","","","",""
"11645.664729106","2026-08-15 09:24:34.279070","/home/akatoki/SC-30/scripts/SC-30/2_phase/motordrive.py","move","150","","","","move: direction=e, power=0.7, duration=0.1","","","","","","","","","","","","","","","","","","","","","","","","","","","","","","","","","","","","","","","","","",""
"11645.719469637","2026-08-15 09:24:34.333809","/home/akatoki/SC-30/scripts/SC-30/2_phase/motordrive.py","move","150","","","","move: direction=e, power=0.7, duration=0.1","","","","","","","","","","","","","","","","","","","","","","","","","","","","","","","","","","","","","","","","","",""
"11645.787508948","2026-08-15 09:24:34.401852","/home/akatoki/SC-30/scripts/SC-30/2_phase/motordrive.py","move","150","","","","move: direction=e, power=0.7, duration=0.1","","","","","","","","","","","","","","","","","","","","","","","","","","","","","","","","","","","","","","","","","",""
"11645.845223504","2026-08-15 09:24:34.459562","/home/akatoki/SC-30/scripts/SC-30/2_phase/motordrive.py","move","150","","","","move: direction=e, power=0.7, duration=0.1","","","","","","","","","","","","","","","","","","","","","","","","","","","","","","","","","","","","","","","","","",""
"11645.909127112","2026-08-15 09:24:34.523469","/home/akatoki/SC-30/scripts/SC-30/2_phase/motordrive.py","move","150","","","","move: direction=q, power=0.7, duration=0.1","","","","","","","","","","","","","","","","","","","","","","","","","","","","","","","","","","","","","","","","","",""
"11645.971903308","2026-08-15 09:24:34.586242","/home/akatoki/SC-30/scripts/SC-30/2_phase/motordrive.py","move","150","","","","move: direction=q, power=0.7, duration=0.1","","","","","","","","","","","","","","","","","","","","","","","","","","","","","","","","","","","","","","","","","",""
"11646.038655754","2026-08-15 09:24:34.652994","/home/akatoki/SC-30/scripts/SC-30/2_phase/motordrive.py","move","150","","","","move: direction=q, power=0.7, duration=0.1","","","","","","","","","","","","","","","","","","","","","","","","","","","","","","","","","","","","","","","","","",""
"11646.09814178","2026-08-15 09:24:34.712486","/home/akatoki/SC-30/scripts/SC-30/2_phase/motordrive.py","move","150","","","","move: direction=q, power=0.7, duration=0.1","","","","","","","","","","","","","","","","","","","","","","","","","","","","","","","","","","","","","","","","","",""
"11646.152769987","2026-08-15 09:24:34.767110","/home/akatoki/SC-30/scripts/SC-30/2_phase/motordrive.py","move","150","","","","move: direction=e, power=0.7, duration=0.1","","","","","","","","","","","","","","","","","","","","","","","","","","","","","","","","","","","","","","","","","",""
"11646.213653119","2026-08-15 09:24:34.827992","/home/akatoki/SC-30/scripts/SC-30/2_phase/motordrive.py","move","150","","","","move: direction=q, power=0.7, duration=0.1","","","","","","","","","","","","","","","","","","","","","","","","","","","","","","","","","","","","","","","","","",""
"11646.267340444","2026-08-15 09:24:34.881686","/home/akatoki/SC-30/scripts/SC-30/2_phase/motordrive.py","move","150","","","","move: direction=q, power=0.7, duration=0.1","","","","","","","","","","","","","","","","","","","","","","","","","","","","","","","","","","","","","","","","","",""
"11646.319754653","2026-08-15 09:24:34.934104","/home/akatoki/SC-30/scripts/SC-30/2_phase/motordrive.py","move","150","","","","move: direction=q, power=0.7, duration=0.1","","","","","","","","","","","","","","","","","","","","","","","","","","","","","","","","","","","","","","","","","",""
"11646.381781913","2026-08-15 09:24:34.996122","/home/akatoki/SC-30/scripts/SC-30/2_phase/motordrive.py","move","150","","","","move: direction=q, power=0.7, duration=0.1","","","","","","","","","","","","","","","","","","","","","","","","","","","","","","","","","","","","","","","","","",""
"11646.439238578","2026-08-15 09:24:35.053583","/home/akatoki/SC-30/scripts/SC-30/2_phase/motordrive.py","move","150","","","","move: direction=q, power=0.7, duration=0.1","","","","","","","","","","","","","","","","","","","","","","","","","","","","","","","","","","","","","","","","","",""
"11646.500157681","2026-08-15 09:24:35.114497","/home/akatoki/SC-30/scripts/SC-30/2_phase/motordrive.py","move","150","","","","move: direction=w, power=0.7, duration=1.5","","","","","","","","","","","","","","","","","","","","","","","","","","","","","","","","","","","","","","","","","",""
"11646.551388791","2026-08-15 09:24:35.165731","/home/akatoki/SC-30/scripts/SC-30/2_phase/motordrive.py","move","150","","","","move: direction=w, power=0.7, duration=1.5","","","","","","","","","","","","","","","","","","","","","","","","","","","","","","","","","","","","","","","","","",""
"11646.61522365","2026-08-15 09:24:35.229564","/home/akatoki/SC-30/scripts/SC-30/2_phase/motordrive.py","move","150","","","","move: direction=w, power=0.7, duration=1.5","","","","","","","","","","","","","","","","","","","","","","","","","","","","","","","","","","","","","","","","","",""
"11646.672446869","2026-08-15 09:24:35.286789","/home/akatoki/SC-30/scripts/SC-30/2_phase/motordrive.py","move","150","","","","move: direction=w, power=0.7, duration=1.5","","","","","","","","","","","","","","","","","","","","","","","","","","","","","","","","","","","","","","","","","",""
"11646.733381178","2026-08-15 09:24:35.347721","/home/akatoki/SC-30/scripts/SC-30/2_phase/motordrive.py","move","150","","","","move: direction=q, power=0.7, duration=0.1","","","","","","","","","","","","","","","","","","","","","","","","","","","","","","","","","","","","","","","","","",""
"11646.795937087","2026-08-15 09:24:35.410279","/home/akatoki/SC-30/scripts/SC-30/2_phase/motordrive.py","move","150","","","","move: direction=q, power=0.7, duration=0.1","","","","","","","","","","","","","","","","","","","","","","","","","","","","","","","","","","","","","","","","","",""
"11646.852128554","2026-08-15 09:24:35.466467","/home/akatoki/SC-30/scripts/SC-30/2_phase/motordrive.py","move","150","","","","move: direction=q, power=0.7, duration=0.1","","","","","","","","","","","","","","","","","","","","","","","","","","","","","","","","","","","","","","","","","",""
"11646.909026359","2026-08-15 09:24:35.523378","/home/akatoki/SC-30/scripts/SC-30/2_phase/motordrive.py","move","150","","","","move: direction=e, power=0.7, duration=0.1","","","","","","","","","","","","","","","","","","","","","","","","","","","","","","","","","","","","","","","","","",""
"11646.974656851","2026-08-15 09:24:35.588995","/home/akatoki/SC-30/scripts/SC-30/2_phase/motordrive.py","move","150","","","","move: direction=e, power=0.7, duration=0.1","","","","","","","","","","","","","","","","","","","","","","","","","","","","","","","","","","","","","","","","","",""
"11647.030689959","2026-08-15 09:24:35.645030","/home/akatoki/SC-30/scripts/SC-30/2_phase/motordrive.py","move","150","","","","move: direction=e, power=0.7, duration=0.1","","","","","","","","","","","","","","","","","","","","","","","","","","","","","","","","","","","","","","","","","",""
"11647.093166611","2026-08-15 09:24:35.707513","/home/akatoki/SC-30/scripts/SC-30/2_phase/motordrive.py","move","150","","","","move: direction=e, power=0.7, duration=0.1","","","","","","","","","","","","","","","","","","","","","","","","","","","","","","","","","","","","","","","","","",""
"11647.152684025","2026-08-15 09:24:35.767025","/home/akatoki/SC-30/scripts/SC-30/2_phase/motordrive.py","move","150","","","","move: direction=e, power=0.7, duration=0.1","","","","","","","","","","","","","","","","","","","","","","","","","","","","","","","","","","","","","","","","","",""
"11647.203532022","2026-08-15 09:24:35.817871","/home/akatoki/SC-30/scripts/SC-30/2_phase/motordrive.py","move","150","","","","move: direction=e, power=0.7, duration=0.1","","","","","","","","","","","","","","","","","","","","","","","","","","","","","","","","","","","","","","","","","",""
"11647.25691584","2026-08-15 09:24:35.871256","/home/akatoki/SC-30/scripts/SC-30/2_phase/motordrive.py","move","150","","","","move: direction=e, power=0.7, duration=0.1","","","","","","","","","","","","","","","","","","","","","","","","","","","","","","","","","","","","","","","","","",""
"11647.309997104","2026-08-15 09:24:35.924337","/home/akatoki/SC-30/scripts/SC-30/2_phase/motordrive.py","move","150","","","","move: direction=e, power=0.7, duration=0.1","","","","","","","","","","","","","","","","","","","","","","","","","","","","","","","","","","","","","","","","","",""
"11647.362974585","2026-08-15 09:24:35.977314","/home/akatoki/SC-30/scripts/SC-30/2_phase/motordrive.py","move","150","","","","move: direction=e, power=0.7, duration=0.1","","","","","","","","","","","","","","","","","","","","","","","","","","","","","","","","","","","","","","","","","",""
"11647.421024352","2026-08-15 09:24:36.035368","/home/akatoki/SC-30/scripts/SC-30/2_phase/motordrive.py","move","150","","","","move: direction=e, power=0.7, duration=0.1","","","","","","","","","","","","","","","","","","","","","","","","","","","","","","","","","","","","","","","","","",""
"11647.491915977","2026-08-15 09:24:36.106254","/home/akatoki/SC-30/scripts/SC-30/2_phase/motordrive.py","move","150","","","","move: direction=w, power=0.7, duration=1.5","","","","","","","","","","","","","","","","","","","","","","","","","","","","","","","","","","","","","","","","","",""
"11647.542319968","2026-08-15 09:24:36.156658","/home/akatoki/SC-30/scripts/SC-30/2_phase/motordrive.py","move","150","","","","move: direction=w, power=0.7, duration=1.5","","","","","","","","","","","","","","","","","","","","","","","","","","","","","","","","","","","","","","","","","",""
"11647.591922635","2026-08-15 09:24:36.206261","/home/akatoki/SC-30/scripts/SC-30/2_phase/motordrive.py","move","150","","","","move: direction=w, power=0.7, duration=1.5","","","","","","","","","","","","","","","","","","","","","","","","","","","","","","","","","","","","","","","","","",""
"11647.644909106","2026-08-15 09:24:36.259275","/home/akatoki/SC-30/scripts/SC-30/2_phase/motordrive.py","move","150","","","","move: direction=w, power=0.7, duration=1.5","","","","","","","","","","","","","","","","","","","","","","","","","","","","","","","","","","","","","","","","","",""
"11647.696408849","2026-08-15 09:24:36.310748","/home/akatoki/SC-30/scripts/SC-30/2_phase/motordrive.py","move","150","","","","move: direction=w, power=0.7, duration=1.5","","","","","","","","","","","","","","","","","","","","","","","","","","","","","","","","","","","","","","","","","",""
"11647.747152522","2026-08-15 09:24:36.361491","/home/akatoki/SC-30/scripts/SC-30/2_phase/motordrive.py","move","150","","","","move: direction=w, power=0.7, duration=1.5","","","","","","","","","","","","","","","","","","","","","","","","","","","","","","","","","","","","","","","","","",""
"11647.795971312","2026-08-15 09:24:36.410311","/home/akatoki/SC-30/scripts/SC-30/2_phase/motordrive.py","move","150","","","","move: direction=e, power=0.7, duration=0.1","","","","","","","","","","","","","","","","","","","","","","","","","","","","","","","","","","","","","","","","","",""
"11647.850297713","2026-08-15 09:24:36.464640","/home/akatoki/SC-30/scripts/SC-30/2_phase/motordrive.py","move","150","","","","move: direction=e, power=0.7, duration=0.1","","","","","","","","","","","","","","","","","","","","","","","","","","","","","","","","","","","","","","","","","",""
"11647.900799552","2026-08-15 09:24:36.515136","/home/akatoki/SC-30/scripts/SC-30/2_phase/motordrive.py","move","150","","","","move: direction=w, power=0.7, duration=1.5","","","","","","","","","","","","","","","","","","","","","","","","","","","","","","","","","","","","","","","","","",""
"11647.949763421","2026-08-15 09:24:36.564100","/home/akatoki/SC-30/scripts/SC-30/2_phase/motordrive.py","move","150","","","","move: direction=w, power=0.7, duration=1.5","","","","","","","","","","","","","","","","","","","","","","","","","","","","","","","","","","","","","","","","","",""
"11647.99502354","2026-08-15 09:24:36.609361","/home/akatoki/SC-30/scripts/SC-30/2_phase/motordrive.py","move","150","","","","move: direction=w, power=0.7, duration=1.5","","","","","","","","","","","","","","","","","","","","","","","","","","","","","","","","","","","","","","","","","",""
"11648.049157682","2026-08-15 09:24:36.663499","/home/akatoki/SC-30/scripts/SC-30/2_phase/motordrive.py","move","150","","","","move: direction=w, power=0.7, duration=1.5","","","","","","","","","","","","","","","","","","","","","","","","","","","","","","","","","","","","","","","","","",""
"11648.101373554","2026-08-15 09:24:36.715715","/home/akatoki/SC-30/scripts/SC-30/2_phase/motordrive.py","move","150","","","","move: direction=w, power=0.7, duration=1.5","","","","","","","","","","","","","","","","","","","","","","","","","","","","","","","","","","","","","","","","","",""
"11648.150336538","2026-08-15 09:24:36.764674","/home/akatoki/SC-30/scripts/SC-30/2_phase/motordrive.py","move","150","","","","move: direction=w, power=0.7, duration=1.5","","","","","","","","","","","","","","","","","","","","","","","","","","","","","","","","","","","","","","","","","",""
"11648.198397435","2026-08-15 09:24:36.812738","/home/akatoki/SC-30/scripts/SC-30/2_phase/motordrive.py","move","150","","","","move: direction=w, power=0.7, duration=1.5","","","","","","","","","","","","","","","","","","","","","","","","","","","","","","","","","","","","","","","","","",""
"11648.246404643","2026-08-15 09:24:36.860743","/home/akatoki/SC-30/scripts/SC-30/2_phase/motordrive.py","move","150","","","","move: direction=w, power=0.7, duration=1.5","","","","","","","","","","","","","","","","","","","","","","","","","","","","","","","","","","","","","","","","","",""
"11648.302686599","2026-08-15 09:24:36.917033","/home/akatoki/SC-30/scripts/SC-30/2_phase/motordrive.py","move","150","","","","move: direction=w, power=0.7, duration=1.5","","","","","","","","","","","","","","","","","","","","","","","","","","","","","","","","","","","","","","","","","",""
"11648.354610333","2026-08-15 09:24:36.968948","/home/akatoki/SC-30/scripts/SC-30/2_phase/motordrive.py","move","150","","","","move: direction=w, power=0.7, duration=1.5","","","","","","","","","","","","","","","","","","","","","","","","","","","","","","","","","","","","","","","","","",""
"11648.402872716","2026-08-15 09:24:37.017214","/home/akatoki/SC-30/scripts/SC-30/2_phase/motordrive.py","move","150","","","","move: direction=w, power=0.7, duration=1.5","","","","","","","","","","","","","","","","","","","","","","","","","","","","","","","","","","","","","","","","","",""
"11648.462204352","2026-08-15 09:24:37.076544","/home/akatoki/SC-30/scripts/SC-30/2_phase/motordrive.py","move","150","","","","move: direction=w, power=0.7, duration=1.5","","","","","","","","","","","","","","","","","","","","","","","","","","","","","","","","","","","","","","","","","",""
"11648.51253219","2026-08-15 09:24:37.126869","/home/akatoki/SC-30/scripts/SC-30/2_phase/motordrive.py","move","150","","","","move: direction=w, power=0.7, duration=1.5","","","","","","","","","","","","","","","","","","","","","","","","","","","","","","","","","","","","","","","","","",""
"11648.564437627","2026-08-15 09:24:37.178775","/home/akatoki/SC-30/scripts/SC-30/2_phase/motordrive.py","move","150","","","","move: direction=w, power=0.7, duration=1.5","","","","","","","","","","","","","","","","","","","","","","","","","","","","","","","","","","","","","","","","","",""
"11648.614585235","2026-08-15 09:24:37.228923","/home/akatoki/SC-30/scripts/SC-30/2_phase/motordrive.py","move","150","","","","move: direction=w, power=0.7, duration=1.5","","","","","","","","","","","","","","","","","","","","","","","","","","","","","","","","","","","","","","","","","",""
"11648.663521379","2026-08-15 09:24:37.277862","/home/akatoki/SC-30/scripts/SC-30/2_phase/motordrive.py","move","150","","","","move: direction=w, power=0.7, duration=1.5","","","","","","","","","","","","","","","","","","","","","","","","","","","","","","","","","","","","","","","","","",""
"11648.710922678","2026-08-15 09:24:37.325263","/home/akatoki/SC-30/scripts/SC-30/2_phase/motordrive.py","move","150","","","","move: direction=e, power=0.7, duration=0.1","","","","","","","","","","","","","","","","","","","","","","","","","","","","","","","","","","","","","","","","","",""
"11648.769601039","2026-08-15 09:24:37.383940","/home/akatoki/SC-30/scripts/SC-30/2_phase/motordrive.py","move","150","","","","move: direction=e, power=0.7, duration=0.1","","","","","","","","","","","","","","","","","","","","","","","","","","","","","","","","","","","","","","","","","",""
"11648.819209206","2026-08-15 09:24:37.433547","/home/akatoki/SC-30/scripts/SC-30/2_phase/motordrive.py","move","150","","","","move: direction=e, power=0.7, duration=0.1","","","","","","","","","","","","","","","","","","","","","","","","","","","","","","","","","","","","","","","","","",""
"11648.870830108","2026-08-15 09:24:37.485169","/home/akatoki/SC-30/scripts/SC-30/2_phase/motordrive.py","move","150","","","","move: direction=e, power=0.7, duration=0.1","","","","","","","","","","","","","","","","","","","","","","","","","","","","","","","","","","","","","","","","","",""
"11648.920560598","2026-08-15 09:24:37.534901","/home/akatoki/SC-30/scripts/SC-30/2_phase/motordrive.py","move","150","","","","move: direction=w, power=0.7, duration=1.5","","","","","","","","","","","","","","","","","","","","","","","","","","","","","","","","","","","","","","","","","",""
"11648.967891961","2026-08-15 09:24:37.582231","/home/akatoki/SC-30/scripts/SC-30/2_phase/motordrive.py","move","150","","","","move: direction=e, power=0.7, duration=0.1","","","","","","","","","","","","","","","","","","","","","","","","","","","","","","","","","","","","","","","","","",""
"11649.020609918","2026-08-15 09:24:37.634949","/home/akatoki/SC-30/scripts/SC-30/2_phase/motordrive.py","move","150","","","","move: direction=e, power=0.7, duration=0.1","","","","","","","","","","","","","","","","","","","","","","","","","","","","","","","","","","","","","","","","","",""
"11649.070235738","2026-08-15 09:24:37.684580","/home/akatoki/SC-30/scripts/SC-30/2_phase/motordrive.py","move","150","","","","move: direction=e, power=0.7, duration=0.1","","","","","","","","","","","","","","","","","","","","","","","","","","","","","","","","","","","","","","","","","",""
"11649.120610547","2026-08-15 09:24:37.734949","/home/akatoki/SC-30/scripts/SC-30/2_phase/motordrive.py","move","150","","","","move: direction=e, power=0.7, duration=0.1","","","","","","","","","","","","","","","","","","","","","","","","","","","","","","","","","","","","","","","","","",""
"11649.176829009","2026-08-15 09:24:37.791167","/home/akatoki/SC-30/scripts/SC-30/2_phase/motordrive.py","move","150","","","","move: direction=e, power=0.7, duration=0.1","","","","","","","","","","","","","","","","","","","","","","","","","","","","","","","","","","","","","","","","","",""
"11649.224851141","2026-08-15 09:24:37.839198","/home/akatoki/SC-30/scripts/SC-30/2_phase/motordrive.py","move","150","","","","move: direction=e, power=0.7, duration=0.1","","","","","","","","","","","","","","","","","","","","","","","","","","","","","","","","","","","","","","","","","",""
"11649.273339653","2026-08-15 09:24:37.887677","/home/akatoki/SC-30/scripts/SC-30/2_phase/motordrive.py","move","150","","","","move: direction=e, power=0.7, duration=0.1","","","","","","","","","","","","","","","","","","","","","","","","","","","","","","","","","","","","","","","","","",""
"11649.323529233","2026-08-15 09:24:37.937871","/home/akatoki/SC-30/scripts/SC-30/2_phase/motordrive.py","move","150","","","","move: direction=e, power=0.7, duration=0.1","","","","","","","","","","","","","","","","","","","","","","","","","","","","","","","","","","","","","","","","","",""
"11649.372840419","2026-08-15 09:24:37.987196","/home/akatoki/SC-30/scripts/SC-30/2_phase/motordrive.py","move","150","","","","move: direction=e, power=0.7, duration=0.1","","","","","","","","","","","","","","","","","","","","","","","","","","","","","","","","","","","","","","","","","",""
"11649.420724053","2026-08-15 09:24:38.035063","/home/akatoki/SC-30/scripts/SC-30/2_phase/motordrive.py","move","150","","","","move: direction=e, power=0.7, duration=0.1","","","","","","","","","","","","","","","","","","","","","","","","","","","","","","","","","","","","","","","","","",""
"11649.474317418","2026-08-15 09:24:38.088657","/home/akatoki/SC-30/scripts/SC-30/2_phase/motordrive.py","move","150","","","","move: direction=e, power=0.7, duration=0.1","","","","","","","","","","","","","","","","","","","","","","","","","","","","","","","","","","","","","","","","","",""
"11649.522248554","2026-08-15 09:24:38.136589","/home/akatoki/SC-30/scripts/SC-30/2_phase/motordrive.py","move","150","","","","move: direction=e, power=0.7, duration=0.1","","","","","","","","","","","","","","","","","","","","","","","","","","","","","","","","","","","","","","","","","",""
"11649.583626083","2026-08-15 09:24:38.197968","/home/akatoki/SC-30/scripts/SC-30/2_phase/motordrive.py","move","150","","","","move: direction=e, power=0.7, duration=0.1","","","","","","","","","","","","","","","","","","","","","","","","","","","","","","","","","","","","","","","","","",""
"11649.630569625","2026-08-15 09:24:38.244908","/home/akatoki/SC-30/scripts/SC-30/2_phase/motordrive.py","move","150","","","","move: direction=e, power=0.7, duration=0.1","","","","","","","","","","","","","","","","","","","","","","","","","","","","","","","","","","","","","","","","","",""
"11649.68149","2026-08-15 09:24:38.295831","/home/akatoki/SC-30/scripts/SC-30/2_phase/motordrive.py","move","150","","","","move: direction=e, power=0.7, duration=0.1","","","","","","","","","","","","","","","","","","","","","","","","","","","","","","","","","","","","","","","","","",""
"11649.728545658","2026-08-15 09:24:38.342884","/home/akatoki/SC-30/scripts/SC-30/2_phase/motordrive.py","move","150","","","","move: direction=e, power=0.7, duration=0.1","","","","","","","","","","","","","","","","","","","","","","","","","","","","","","","","","","","","","","","","","",""
"11649.775805396","2026-08-15 09:24:38.390145","/home/akatoki/SC-30/scripts/SC-30/2_phase/motordrive.py","move","150","","","","move: direction=e, power=0.7, duration=0.1","","","","","","","","","","","","","","","","","","","","","","","","","","","","","","","","","","","","","","","","","",""
"11649.829073971","2026-08-15 09:24:38.443414","/home/akatoki/SC-30/scripts/SC-30/2_phase/motordrive.py","move","150","","","","move: direction=e, power=0.7, duration=0.1","","","","","","","","","","","","","","","","","","","","","","","","","","","","","","","","","","","","","","","","","",""
"11649.881896059","2026-08-15 09:24:38.496241","/home/akatoki/SC-30/scripts/SC-30/2_phase/motordrive.py","move","150","","","","move: direction=e, power=0.7, duration=0.1","","","","","","","","","","","","","","","","","","","","","","","","","","","","","","","","","","","","","","","","","",""
"11649.930170731","2026-08-15 09:24:38.544509","/home/akatoki/SC-30/scripts/SC-30/2_phase/motordrive.py","move","150","","","","move: direction=e, power=0.7, duration=0.1","","","","","","","","","","","","","","","","","","","","","","","","","","","","","","","","","","","","","","","","","",""
"11649.978084423","2026-08-15 09:24:38.592422","/home/akatoki/SC-30/scripts/SC-30/2_phase/motordrive.py","move","150","","","","move: direction=e, power=0.7, duration=0.1","","","","","","","","","","","","","","","","","","","","","","","","","","","","","","","","","","","","","","","","","",""
"11650.026042481","2026-08-15 09:24:38.640389","/home/akatoki/SC-30/scripts/SC-30/2_phase/motordrive.py","move","150","","","","move: direction=e, power=0.7, duration=0.1","","","","","","","","","","","","","","","","","","","","","","","","","","","","","","","","","","","","","","","","","",""
"11650.07397393","2026-08-15 09:24:38.688313","/home/akatoki/SC-30/scripts/SC-30/2_phase/motordrive.py","move","150","","","","move: direction=e, power=0.7, duration=0.1","","","","","","","","","","","","","","","","","","","","","","","","","","","","","","","","","","","","","","","","","",""
"11650.123638005","2026-08-15 09:24:38.737980","/home/akatoki/SC-30/scripts/SC-30/2_phase/motordrive.py","move","150","","","","move: direction=e, power=0.7, duration=0.1","","","","","","","","","","","","","","","","","","","","","","","","","","","","","","","","","","","","","","","","","",""
"11650.175981059","2026-08-15 09:24:38.790536","/home/akatoki/SC-30/scripts/SC-30/2_phase/motordrive.py","move","150","","","","move: direction=e, power=0.7, duration=0.1","","","","","","","","","","","","","","","","","","","","","","","","","","","","","","","","","","","","","","","","","",""
"11650.233534593","2026-08-15 09:24:38.847873","/home/akatoki/SC-30/scripts/SC-30/2_phase/motordrive.py","move","150","","","","move: direction=q, power=0.7, duration=0.1","","","","","","","","","","","","","","","","","","","","","","","","","","","","","","","","","","","","","","","","","",""
"11650.279150232","2026-08-15 09:24:38.893490","/home/akatoki/SC-30/scripts/SC-30/2_phase/motordrive.py","move","150","","","","move: direction=e, power=0.7, duration=0.1","","","","","","","","","","","","","","","","","","","","","","","","","","","","","","","","","","","","","","","","","",""
"11650.331338936","2026-08-15 09:24:38.945692","/home/akatoki/SC-30/scripts/SC-30/2_phase/motordrive.py","move","150","","","","move: direction=e, power=0.7, duration=0.1","","","","","","","","","","","","","","","","","","","","","","","","","","","","","","","","","","","","","","","","","",""
"11650.377953835","2026-08-15 09:24:38.992291","/home/akatoki/SC-30/scripts/SC-30/2_phase/motordrive.py","move","150","","","","move: direction=q, power=0.7, duration=0.1","","","","","","","","","","","","","","","","","","","","","","","","","","","","","","","","","","","","","","","","","",""
"11650.430698306","2026-08-15 09:24:39.045038","/home/akatoki/SC-30/scripts/SC-30/2_phase/motordrive.py","move","150","","","","move: direction=q, power=0.7, duration=0.1","","","","","","","","","","","","","","","","","","","","","","","","","","","","","","","","","","","","","","","","","",""
"11650.479114913","2026-08-15 09:24:39.093468","/home/akatoki/SC-30/scripts/SC-30/2_phase/motordrive.py","move","150","","","","move: direction=q, power=0.7, duration=0.1","","","","","","","","","","","","","","","","","","","","","","","","","","","","","","","","","","","","","","","","","",""
"11650.527969832","2026-08-15 09:24:39.142308","/home/akatoki/SC-30/scripts/SC-30/2_phase/motordrive.py","move","150","","","","move: direction=q, power=0.7, duration=0.1","","","","","","","","","","","","","","","","","","","","","","","","","","","","","","","","","","","","","","","","","",""
"11650.578470778","2026-08-15 09:24:39.192811","/home/akatoki/SC-30/scripts/SC-30/2_phase/motordrive.py","move","150","","","","move: direction=w, power=0.7, duration=1.5","","","","","","","","","","","","","","","","","","","","","","","","","","","","","","","","","","","","","","","","","",""
"11650.623836227","2026-08-15 09:24:39.238175","/home/akatoki/SC-30/scripts/SC-30/2_phase/motordrive.py","move","150","","","","move: direction=w, power=0.7, duration=1.5","","","","","","","","","","","","","","","","","","","","","","","","","","","","","","","","","","","","","","","","","",""
"11650.675125219","2026-08-15 09:24:39.289471","/home/akatoki/SC-30/scripts/SC-30/2_phase/motordrive.py","move","150","","","","move: direction=w, power=0.7, duration=1.5","","","","","","","","","","","","","","","","","","","","","","","","","","","","","","","","","","","","","","","","","",""
"11650.72271285","2026-08-15 09:24:39.337050","/home/akatoki/SC-30/scripts/SC-30/2_phase/motordrive.py","move","150","","","","move: direction=w, power=0.7, duration=1.5","","","","","","","","","","","","","","","","","","","","","","","","","","","","","","","","","","","","","","","","","",""
"11650.77005073","2026-08-15 09:24:39.384389","/home/akatoki/SC-30/scripts/SC-30/2_phase/motordrive.py","move","150","","","","move: direction=q, power=0.7, duration=0.1","","","","","","","","","","","","","","","","","","","","","","","","","","","","","","","","","","","","","","","","","",""
"11650.820197829","2026-08-15 09:24:39.434549","/home/akatoki/SC-30/scripts/SC-30/2_phase/motordrive.py","move","150","","","","move: direction=q, power=0.7, duration=0.1","","","","","","","","","","","","","","","","","","","","","","","","","","","","","","","","","","","","","","","","","",""
"11650.87080558","2026-08-15 09:24:39.485146","/home/akatoki/SC-30/scripts/SC-30/2_phase/motordrive.py","move","150","","","","move: direction=q, power=0.7, duration=0.1","","","","","","","","","","","","","","","","","","","","","","","","","","","","","","","","","","","","","","","","","",""
"11650.918875214","2026-08-15 09:24:39.533214","/home/akatoki/SC-30/scripts/SC-30/2_phase/motordrive.py","move","150","","","","move: direction=q, power=0.7, duration=0.1","","","","","","","","","","","","","","","","","","","","","","","","","","","","","","","","","","","","","","","","","",""
"11650.968107466","2026-08-15 09:24:39.582448","/home/akatoki/SC-30/scripts/SC-30/2_phase/motordrive.py","move","150","","","","move: direction=q, power=0.7, duration=0.1","","","","","","","","","","","","","","","","","","","","","","","","","","","","","","","","","","","","","","","","","",""
"11651.018090165","2026-08-15 09:24:39.632428","/home/akatoki/SC-30/scripts/SC-30/2_phase/motordrive.py","move","150","","","","move: direction=q, power=0.7, duration=0.1","","","","","","","","","","","","","","","","","","","","","","","","","","","","","","","","","","","","","","","","","",""
"11651.064991295","2026-08-15 09:24:39.679330","/home/akatoki/SC-30/scripts/SC-30/2_phase/motordrive.py","move","150","","","","move: direction=q, power=0.7, duration=0.1","","","","","","","","","","","","","","","","","","","","","","","","","","","","","","","","","","","","","","","","","",""
"11651.113421858","2026-08-15 09:24:39.727762","/home/akatoki/SC-30/scripts/SC-30/2_phase/motordrive.py","move","150","","","","move: direction=q, power=0.7, duration=0.1","","","","","","","","","","","","","","","","","","","","","","","","","","","","","","","","","","","","","","","","","",""
"11651.160723495","2026-08-15 09:24:39.775063","/home/akatoki/SC-30/scripts/SC-30/2_phase/motordrive.py","move","150","","","","move: direction=q, power=0.7, duration=0.1","","","","","","","","","","","","","","","","","","","","","","","","","","","","","","","","","","","","","","","","","",""
"11651.214763017","2026-08-15 09:24:39.829104","/home/akatoki/SC-30/scripts/SC-30/2_phase/motordrive.py","move","150","","","","move: direction=q, power=0.7, duration=0.1","","","","","","","","","","","","","","","","","","","","","","","","","","","","","","","","","","","","","","","","","",""
"11651.260509809","2026-08-15 09:24:39.874849","/home/akatoki/SC-30/scripts/SC-30/2_phase/motordrive.py","move","150","","","","move: direction=q, power=0.7, duration=0.1","","","","","","","","","","","","","","","","","","","","","","","","","","","","","","","","","","","","","","","","","",""
"11651.30721467","2026-08-15 09:24:39.921555","/home/akatoki/SC-30/scripts/SC-30/2_phase/motordrive.py","move","150","","","","move: direction=q, power=0.7, duration=0.1","","","","","","","","","","","","","","","","","","","","","","","","","","","","","","","","","","","","","","","","","",""
"11651.354394348","2026-08-15 09:24:39.968732","/home/akatoki/SC-30/scripts/SC-30/2_phase/motordrive.py","move","150","","","","move: direction=w, power=0.7, duration=1.5","","","","","","","","","","","","","","","","","","","","","","","","","","","","","","","","","","","","","","","","","",""
"11651.404682475","2026-08-15 09:24:40.019023","/home/akatoki/SC-30/scripts/SC-30/2_phase/motordrive.py","move","150","","","","move: direction=w, power=0.7, duration=1.5","","","","","","","","","","","","","","","","","","","","","","","","","","","","","","","","","","","","","","","","","",""
"11651.45046955","2026-08-15 09:24:40.064808","/home/akatoki/SC-30/scripts/SC-30/2_phase/motordrive.py","move","150","","","","move: direction=w, power=0.7, duration=1.5","","","","","","","","","","","","","","","","","","","","","","","","","","","","","","","","","","","","","","","","","",""
"11651.505307047","2026-08-15 09:24:40.119649","/home/akatoki/SC-30/scripts/SC-30/2_phase/motordrive.py","move","150","","","","move: direction=w, power=0.7, duration=1.5","","","","","","","","","","","","","","","","","","","","","","","","","","","","","","","","","","","","","","","","","",""
"11651.555790216","2026-08-15 09:24:40.170128","/home/akatoki/SC-30/scripts/SC-30/2_phase/motordrive.py","move","150","","","","move: direction=w, power=0.7, duration=1.5","","","","","","","","","","","","","","","","","","","","","","","","","","","","","","","","","","","","","","","","","",""
"11651.599396924","2026-08-15 09:24:40.213741","/home/akatoki/SC-30/scripts/SC-30/2_phase/motordrive.py","move","150","","","","move: direction=w, power=0.7, duration=1.5","","","","","","","","","","","","","","","","","","","","","","","","","","","","","","","","","","","","","","","","","",""
"11651.648165794","2026-08-15 09:24:40.262510","/home/akatoki/SC-30/scripts/SC-30/2_phase/motordrive.py","move","150","","","","move: direction=w, power=0.7, duration=1.5","","","","","","","","","","","","","","","","","","","","","","","","","","","","","","","","","","","","","","","","","",""
"11651.697508684","2026-08-15 09:24:40.311851","/home/akatoki/SC-30/scripts/SC-30/2_phase/motordrive.py","move","150","","","","move: direction=w, power=0.7, duration=1.5","","","","","","","","","","","","","","","","","","","","","","","","","","","","","","","","","","","","","","","","","",""
"11651.74455732","2026-08-15 09:24:40.358913","/home/akatoki/SC-30/scripts/SC-30/2_phase/motordrive.py","move","150","","","","move: direction=w, power=0.7, duration=1.5","","","","","","","","","","","","","","","","","","","","","","","","","","","","","","","","","","","","","","","","","",""
"11651.792064004","2026-08-15 09:24:40.406412","/home/akatoki/SC-30/scripts/SC-30/2_phase/motordrive.py","move","150","","","","move: direction=w, power=0.7, duration=1.5","","","","","","","","","","","","","","","","","","","","","","","","","","","","","","","","","","","","","","","","","",""
"11651.839251211","2026-08-15 09:24:40.453590","/home/akatoki/SC-30/scripts/SC-30/2_phase/motordrive.py","move","150","","","","move: direction=w, power=0.7, duration=1.5","","","","","","","","","","","","","","","","","","","","","","","","","","","","","","","","","","","","","","","","","",""
"11651.894975019","2026-08-15 09:24:40.509313","/home/akatoki/SC-30/scripts/SC-30/2_phase/motordrive.py","move","150","","","","move: direction=w, power=0.7, duration=1.5","","","","","","","","","","","","","","","","","","","","","","","","","","","","","","","","","","","","","","","","","",""
"11651.943861422","2026-08-15 09:24:40.558201","/home/akatoki/SC-30/scripts/SC-30/2_phase/motordrive.py","move","150","","","","move: direction=w, power=0.7, duration=1.5","","","","","","","","","","","","","","","","","","","","","","","","","","","","","","","","","","","","","","","","","",""
"11651.989789619","2026-08-15 09:24:40.604130","/home/akatoki/SC-30/scripts/SC-30/2_phase/motordrive.py","move","150","","","","move: direction=e, power=0.7, duration=0.1","","","","","","","","","","","","","","","","","","","","","","","","","","","","","","","","","","","","","","","","","",""
"11652.03515015","2026-08-15 09:24:40.649489","/home/akatoki/SC-30/scripts/SC-30/2_phase/motordrive.py","move","150","","","","move: direction=e, power=0.7, duration=0.1","","","","","","","","","","","","","","","","","","","","","","","","","","","","","","","","","","","","","","","","","",""
"11652.100144968","2026-08-15 09:24:40.714510","/home/akatoki/SC-30/scripts/SC-30/2_phase/motordrive.py","move","150","","","","move: direction=e, power=0.7, duration=0.1","","","","","","","","","","","","","","","","","","","","","","","","","","","","","","","","","","","","","","","","","",""
"11652.202126814","2026-08-15 09:24:40.816474","/home/akatoki/SC-30/scripts/SC-30/2_phase/motordrive.py","move","150","","","","move: direction=e, power=0.7, duration=0.1","","","","","","","","","","","","","","","","","","","","","","","","","","","","","","","","","","","","","","","","","",""
"11652.297339681","2026-08-15 09:24:40.911735","/home/akatoki/SC-30/scripts/SC-30/2_phase/motordrive.py","move","150","","","","move: direction=e, power=0.7, duration=0.1","","","","","","","","","","","","","","","","","","","","","","","","","","","","","","","","","","","","","","","","","",""
"11652.356464122","2026-08-15 09:24:40.970805","/home/akatoki/SC-30/scripts/SC-30/2_phase/motordrive.py","move","150","","","","move: direction=e, power=0.7, duration=0.1","","","","","","","","","","","","","","","","","","","","","","","","","","","","","","","","","","","","","","","","","",""
"11652.405895914","2026-08-15 09:24:41.020239","/home/akatoki/SC-30/scripts/SC-30/2_phase/motordrive.py","move","150","","","","move: direction=w, power=0.7, duration=1.5","","","","","","","","","","","","","","","","","","","","","","","","","","","","","","","","","","","","","","","","","",""
"11652.452916407","2026-08-15 09:24:41.067255","/home/akatoki/SC-30/scripts/SC-30/2_phase/motordrive.py","move","150","","","","move: direction=e, power=0.7, duration=0.1","","","","","","","","","","","","","","","","","","","","","","","","","","","","","","","","","","","","","","","","","",""
"11652.497737369","2026-08-15 09:24:41.112075","/home/akatoki/SC-30/scripts/SC-30/2_phase/motordrive.py","move","150","","","","move: direction=q, power=0.7, duration=0.1","","","","","","","","","","","","","","","","","","","","","","","","","","","","","","","","","","","","","","","","","",""
"11652.545062655","2026-08-15 09:24:41.159403","/home/akatoki/SC-30/scripts/SC-30/2_phase/motordrive.py","move","150","","","","move: direction=q, power=0.7, duration=0.1","","","","","","","","","","","","","","","","","","","","","","","","","","","","","","","","","","","","","","","","","",""
"11652.596660984","2026-08-15 09:24:41.211001","/home/akatoki/SC-30/scripts/SC-30/2_phase/motordrive.py","move","150","","","","move: direction=e, power=0.7, duration=0.1","","","","","","","","","","","","","","","","","","","","","","","","","","","","","","","","","","","","","","","","","",""
"11652.651550017","2026-08-15 09:24:41.265890","/home/akatoki/SC-30/scripts/SC-30/2_phase/motordrive.py","move","150","","","","move: direction=q, power=0.7, duration=0.1","","","","","","","","","","","","","","","","","","","","","","","","","","","","","","","","","","","","","","","","","",""
"11652.705307832","2026-08-15 09:24:41.319646","/home/akatoki/SC-30/scripts/SC-30/2_phase/motordrive.py","move","150","","","","move: direction=q, power=0.7, duration=0.1","","","","","","","","","","","","","","","","","","","","","","","","","","","","","","","","","","","","","","","","","",""
"11652.755703131","2026-08-15 09:24:41.370043","/home/akatoki/SC-30/scripts/SC-30/2_phase/motordrive.py","move","150","","","","move: direction=q, power=0.7, duration=0.1","","","","","","","","","","","","","","","","","","","","","","","","","","","","","","","","","","","","","","","","","",""
"11652.807336714","2026-08-15 09:24:41.421674","/home/akatoki/SC-30/scripts/SC-30/2_phase/motordrive.py","move","150","","","","move: direction=q, power=0.7, duration=0.1","","","","","","","","","","","","","","","","","","","","","","","","","","","","","","","","","","","","","","","","","",""
"11652.857977232","2026-08-15 09:24:41.472317","/home/akatoki/SC-30/scripts/SC-30/2_phase/motordrive.py","move","150","","","","move: direction=q, power=0.7, duration=0.1","","","","","","","","","","","","","","","","","","","","","","","","","","","","","","","","","","","","","","","","","",""
"11652.906717232","2026-08-15 09:24:41.521058","/home/akatoki/SC-30/scripts/SC-30/2_phase/motordrive.py","move","150","","","","move: direction=q, power=0.7, duration=0.1","","","","","","","","","","","","","","","","","","","","","","","","","","","","","","","","","","","","","","","","","",""
"11652.955964127","2026-08-15 09:24:41.570304","/home/akatoki/SC-30/scripts/SC-30/2_phase/motordrive.py","move","150","","","","move: direction=q, power=0.7, duration=0.1","","","","","","","","","","","","","","","","","","","","","","","","","","","","","","","","","","","","","","","","","",""
"11653.008328163","2026-08-15 09:24:41.622668","/home/akatoki/SC-30/scripts/SC-30/2_phase/motordrive.py","move","150","","","","move: direction=q, power=0.7, duration=0.1","","","","","","","","","","","","","","","","","","","","","","","","","","","","","","","","","","","","","","","","","",""
"11653.062941877","2026-08-15 09:24:41.677286","/home/akatoki/SC-30/scripts/SC-30/2_phase/motordrive.py","move","150","","","","move: direction=e, power=0.7, duration=0.1","","","","","","","","","","","","","","","","","","","","","","","","","","","","","","","","","","","","","","","","","",""
"11653.112276674","2026-08-15 09:24:41.726627","/home/akatoki/SC-30/scripts/SC-30/2_phase/motordrive.py","move","150","","","","move: direction=q, power=0.7, duration=0.1","","","","","","","","","","","","","","","","","","","","","","","","","","","","","","","","","","","","","","","","","",""
"11653.156836065","2026-08-15 09:24:41.771173","/home/akatoki/SC-30/scripts/SC-30/2_phase/motordrive.py","move","150","","","","move: direction=e, power=0.7, duration=0.1","","","","","","","","","","","","","","","","","","","","","","","","","","","","","","","","","","","","","","","","","",""
"11653.205668133","2026-08-15 09:24:41.820007","/home/akatoki/SC-30/scripts/SC-30/2_phase/motordrive.py","move","150","","","","move: direction=q, power=0.7, duration=0.1","","","","","","","","","","","","","","","","","","","","","","","","","","","","","","","","","","","","","","","","","",""
"11653.253847028","2026-08-15 09:24:41.868187","/home/akatoki/SC-30/scripts/SC-30/2_phase/motordrive.py","move","150","","","","move: direction=q, power=0.7, duration=0.1","","","","","","","","","","","","","","","","","","","","","","","","","","","","","","","","","","","","","","","","","",""
"11653.298341325","2026-08-15 09:24:41.912680","/home/akatoki/SC-30/scripts/SC-30/2_phase/motordrive.py","move","150","","","","move: direction=q, power=0.7, duration=0.1","","","","","","","","","","","","","","","","","","","","","","","","","","","","","","","","","","","","","","","","","",""
"11653.347681433","2026-08-15 09:24:41.962022","/home/akatoki/SC-30/scripts/SC-30/2_phase/motordrive.py","move","150","","","","move: direction=w, power=0.7, duration=1.5","","","","","","","","","","","","","","","","","","","","","","","","","","","","","","","","","","","","","","","","","",""
"11653.399042412","2026-08-15 09:24:42.013380","/home/akatoki/SC-30/scripts/SC-30/2_phase/motordrive.py","move","150","","","","move: direction=w, power=0.7, duration=1.5","","","","","","","","","","","","","","","","","","","","","","","","","","","","","","","","","","","","","","","","","",""
"11653.445716222","2026-08-15 09:24:42.060055","/home/akatoki/SC-30/scripts/SC-30/2_phase/motordrive.py","move","150","","","","move: direction=q, power=0.7, duration=0.1","","","","","","","","","","","","","","","","","","","","","","","","","","","","","","","","","","","","","","","","","",""
"11653.49272258","2026-08-15 09:24:42.107061","/home/akatoki/SC-30/scripts/SC-30/2_phase/motordrive.py","move","150","","","","move: direction=q, power=0.7, duration=0.1","","","","","","","","","","","","","","","","","","","","","","","","","","","","","","","","","","","","","","","","","",""
"11653.539897661","2026-08-15 09:24:42.154236","/home/akatoki/SC-30/scripts/SC-30/2_phase/motordrive.py","move","150","","","","move: direction=q, power=0.7, duration=0.1","","","","","","","","","","","","","","","","","","","","","","","","","","","","","","","","","","","","","","","","","",""
"11653.585664536","2026-08-15 09:24:42.200009","/home/akatoki/SC-30/scripts/SC-30/2_phase/motordrive.py","move","150","","","","move: direction=w, power=0.7, duration=1.5","","","","","","","","","","","","","","","","","","","","","","","","","","","","","","","","","","","","","","","","","",""
"11653.63638549","2026-08-15 09:24:42.250724","/home/akatoki/SC-30/scripts/SC-30/2_phase/motordrive.py","move","150","","","","move: direction=w, power=0.7, duration=1.5","","","","","","","","","","","","","","","","","","","","","","","","","","","","","","","","","","","","","","","","","",""
"11653.683165636","2026-08-15 09:24:42.297504","/home/akatoki/SC-30/scripts/SC-30/2_phase/motordrive.py","move","150","","","","move: direction=w, power=0.7, duration=1.5","","","","","","","","","","","","","","","","","","","","","","","","","","","","","","","","","","","","","","","","","",""
"11653.731728873","2026-08-15 09:24:42.346069","/home/akatoki/SC-30/scripts/SC-30/2_phase/motordrive.py","move","150","","","","move: direction=q, power=0.7, duration=0.1","","","","","","","","","","","","","","","","","","","","","","","","","","","","","","","","","","","","","","","","","",""
"11653.784091587","2026-08-15 09:24:42.398453","/home/akatoki/SC-30/scripts/SC-30/2_phase/motordrive.py","move","150","","","","move: direction=q, power=0.7, duration=0.1","","","","","","","","","","","","","","","","","","","","","","","","","","","","","","","","","","","","","","","","","",""
"11653.834423907","2026-08-15 09:24:42.448762","/home/akatoki/SC-30/scripts/SC-30/2_phase/motordrive.py","move","150","","","","move: direction=w, power=0.7, duration=1.5","","","","","","","","","","","","","","","","","","","","","","","","","","","","","","","","","","","","","","","","","",""
"11653.883611312","2026-08-15 09:24:42.497952","/home/akatoki/SC-30/scripts/SC-30/2_phase/motordrive.py","move","150","","","","move: direction=w, power=0.7, duration=1.5","","","","","","","","","","","","","","","","","","","","","","","","","","","","","","","","","","","","","","","","","",""
"11653.930126136","2026-08-15 09:24:42.544464","/home/akatoki/SC-30/scripts/SC-30/2_phase/motordrive.py","move","150","","","","move: direction=w, power=0.7, duration=1.5","","","","","","","","","","","","","","","","","","","","","","","","","","","","","","","","","","","","","","","","","",""
"11653.978435092","2026-08-15 09:24:42.592774","/home/akatoki/SC-30/scripts/SC-30/2_phase/motordrive.py","move","150","","","","move: direction=w, power=0.7, duration=1.5","","","","","","","","","","","","","","","","","","","","","","","","","","","","","","","","","","","","","","","","","",""
"11654.025935119","2026-08-15 09:24:42.640282","/home/akatoki/SC-30/scripts/SC-30/2_phase/motordrive.py","move","150","","","","move: direction=w, power=0.7, duration=1.5","","","","","","","","","","","","","","","","","","","","","","","","","","","","","","","","","","","","","","","","","",""
"11654.081204802","2026-08-15 09:24:42.695544","/home/akatoki/SC-30/scripts/SC-30/2_phase/motordrive.py","move","150","","","","move: direction=w, power=0.7, duration=1.5","","","","","","","","","","","","","","","","","","","","","","","","","","","","","","","","","","","","","","","","","",""
"11654.128441174","2026-08-15 09:24:42.742780","/home/akatoki/SC-30/scripts/SC-30/2_phase/motordrive.py","move","150","","","","move: direction=w, power=0.7, duration=1.5","","","","","","","","","","","","","","","","","","","","","","","","","","","","","","","","","","","","","","","","","",""
"11654.175419569","2026-08-15 09:24:42.789768","/home/akatoki/SC-30/scripts/SC-30/2_phase/motordrive.py","move","150","","","","move: direction=w, power=0.7, duration=1.5","","","","","","","","","","","","","","","","","","","","","","","","","","","","","","","","","","","","","","","","","",""
"11654.222978076","2026-08-15 09:24:42.837315","/home/akatoki/SC-30/scripts/SC-30/2_phase/motordrive.py","move","150","","","","move: direction=w, power=0.7, duration=1.5","","","","","","","","","","","","","","","","","","","","","","","","","","","","","","","","","","","","","","","","","",""
"11654.268372721","2026-08-15 09:24:42.882713","/home/akatoki/SC-30/scripts/SC-30/2_phase/motordrive.py","move","150","","","","move: direction=w, power=0.7, duration=1.5","","","","","","","","","","","","","","","","","","","","","","","","","","","","","","","","","","","","","","","","","",""
"11654.313801423","2026-08-15 09:24:42.928139","/home/akatoki/SC-30/scripts/SC-30/2_phase/motordrive.py","move","150","","","","move: direction=w, power=0.7, duration=1.5","","","","","","","","","","","","","","","","","","","","","","","","","","","","","","","","","","","","","","","","","",""
"11654.366124612","2026-08-15 09:24:42.980462","/home/akatoki/SC-30/scripts/SC-30/2_phase/motordrive.py","move","150","","","","move: direction=w, power=0.7, duration=1.5","","","","","","","","","","","","","","","","","","","","","","","","","","","","","","","","","","","","","","","","","",""
"11654.420951107","2026-08-15 09:24:43.035292","/home/akatoki/SC-30/scripts/SC-30/2_phase/motordrive.py","move","150","","","","move: direction=w, power=0.7, duration=1.5","","","","","","","","","","","","","","","","","","","","","","","","","","","","","","","","","","","","","","","","","",""
"11654.471036729","2026-08-15 09:24:43.085376","/home/akatoki/SC-30/scripts/SC-30/2_phase/motordrive.py","move","150","","","","move: direction=w, power=0.7, duration=1.5","","","","","","","","","","","","","","","","","","","","","","","","","","","","","","","","","","","","","","","","","",""
"11654.516084584","2026-08-15 09:24:43.130423","/home/akatoki/SC-30/scripts/SC-30/2_phase/motordrive.py","move","150","","","","move: direction=w, power=0.7, duration=1.5","","","","","","","","","","","","","","","","","","","","","","","","","","","","","","","","","","","","","","","","","",""
"11654.563594223","2026-08-15 09:24:43.177934","/home/akatoki/SC-30/scripts/SC-30/2_phase/motordrive.py","move","150","","","","move: direction=w, power=0.7, duration=1.5","","","","","","","","","","","","","","","","","","","","","","","","","","","","","","","","","","","","","","","","","",""
"11654.615722998","2026-08-15 09:24:43.230062","/home/akatoki/SC-30/scripts/SC-30/2_phase/motordrive.py","move","150","","","","move: direction=w, power=0.7, duration=1.5","","","","","","","","","","","","","","","","","","","","","","","","","","","","","","","","","","","","","","","","","",""
"11654.662182965","2026-08-15 09:24:43.276523","/home/akatoki/SC-30/scripts/SC-30/2_phase/motordrive.py","move","150","","","","move: direction=w, power=0.7, duration=1.5","","","","","","","","","","","","","","","","","","","","","","","","","","","","","","","","","","","","","","","","","",""
"11654.711234382","2026-08-15 09:24:43.325571","/home/akatoki/SC-30/scripts/SC-30/2_phase/motordrive.py","move","150","","","","move: direction=w, power=0.7, duration=1.5","","","","","","","","","","","","","","","","","","","","","","","","","","","","","","","","","","","","","","","","","",""
"11654.763677688","2026-08-15 09:24:43.378015","/home/akatoki/SC-30/scripts/SC-30/2_phase/motordrive.py","move","150","","","","move: direction=w, power=0.7, duration=1.5","","","","","","","","","","","","","","","","","","","","","","","","","","","","","","","","","","","","","","","","","",""
"11654.817941321","2026-08-15 09:24:43.432280","/home/akatoki/SC-30/scripts/SC-30/2_phase/motordrive.py","move","150","","","","move: direction=w, power=0.7, duration=1.5","","","","","","","","","","","","","","","","","","","","","","","","","","","","","","","","","","","","","","","","","",""
"11654.868406724","2026-08-15 09:24:43.482745","/home/akatoki/SC-30/scripts/SC-30/2_phase/motordrive.py","move","150","","","","move: direction=w, power=0.7, duration=1.5","","","","","","","","","","","","","","","","","","","","","","","","","","","","","","","","","","","","","","","","","",""
"11654.919627731","2026-08-15 09:24:43.533965","/home/akatoki/SC-30/scripts/SC-30/2_phase/motordrive.py","move","150","","","","move: direction=w, power=0.7, duration=1.5","","","","","","","","","","","","","","","","","","","","","","","","","","","","","","","","","","","","","","","","","",""
"11654.966234029","2026-08-15 09:24:43.580573","/home/akatoki/SC-30/scripts/SC-30/2_phase/motordrive.py","move","150","","","","move: direction=w, power=0.7, duration=1.5","","","","","","","","","","","","","","","","","","","","","","","","","","","","","","","","","","","","","","","","","",""
"11655.013750437","2026-08-15 09:24:43.628101","/home/akatoki/SC-30/scripts/SC-30/2_phase/motordrive.py","move","150","","","","move: direction=q, power=0.7, duration=0.1","","","","","","","","","","","","","","","","","","","","","","","","","","","","","","","","","","","","","","","","","",""
"11655.064197197","2026-08-15 09:24:43.678536","/home/akatoki/SC-30/scripts/SC-30/2_phase/motordrive.py","move","150","","","","move: direction=q, power=0.7, duration=0.1","","","","","","","","","","","","","","","","","","","","","","","","","","","","","","","","","","","","","","","","","",""
"11655.120750037","2026-08-15 09:24:43.735089","/home/akatoki/SC-30/scripts/SC-30/2_phase/motordrive.py","move","150","","","","move: direction=q, power=0.7, duration=0.1","","","","","","","","","","","","","","","","","","","","","","","","","","","","","","","","","","","","","","","","","",""
"11655.168910714","2026-08-15 09:24:43.783262","/home/akatoki/SC-30/scripts/SC-30/2_phase/motordrive.py","move","150","","","","move: direction=q, power=0.7, duration=0.1","","","","","","","","","","","","","","","","","","","","","","","","","","","","","","","","","","","","","","","","","",""
"11655.219026799","2026-08-15 09:24:43.833365","/home/akatoki/SC-30/scripts/SC-30/2_phase/motordrive.py","move","150","","","","move: direction=q, power=0.7, duration=0.1","","","","","","","","","","","","","","","","","","","","","","","","","","","","","","","","","","","","","","","","","",""
"11655.268336975","2026-08-15 09:24:43.882683","/home/akatoki/SC-30/scripts/SC-30/2_phase/motordrive.py","move","150","","","","move: direction=q, power=0.7, duration=0.1","","","","","","","","","","","","","","","","","","","","","","","","","","","","","","","","","","","","","","","","","",""
"11655.316236185","2026-08-15 09:24:43.930590","/home/akatoki/SC-30/scripts/SC-30/2_phase/motordrive.py","move","150","","","","move: direction=q, power=0.7, duration=0.1","","","","","","","","","","","","","","","","","","","","","","","","","","","","","","","","","","","","","","","","","",""
"11655.368637259","2026-08-15 09:24:43.982975","/home/akatoki/SC-30/scripts/SC-30/2_phase/motordrive.py","move","150","","","","move: direction=q, power=0.7, duration=0.1","","","","","","","","","","","","","","","","","","","","","","","","","","","","","","","","","","","","","","","","","",""
"11655.420920402","2026-08-15 09:24:44.035259","/home/akatoki/SC-30/scripts/SC-30/2_phase/motordrive.py","move","150","","","","move: direction=q, power=0.7, duration=0.1","","","","","","","","","","","","","","","","","","","","","","","","","","","","","","","","","","","","","","","","","",""
"11655.472180862","2026-08-15 09:24:44.086526","/home/akatoki/SC-30/scripts/SC-30/2_phase/motordrive.py","move","150","","","","move: direction=q, power=0.7, duration=0.1","","","","","","","","","","","","","","","","","","","","","","","","","","","","","","","","","","","","","","","","","",""
"11655.518006119","2026-08-15 09:24:44.132354","/home/akatoki/SC-30/scripts/SC-30/2_phase/motordrive.py","move","150","","","","move: direction=q, power=0.7, duration=0.1","","","","","","","","","","","","","","","","","","","","","","","","","","","","","","","","","","","","","","","","","",""
"11655.567166975","2026-08-15 09:24:44.181508","/home/akatoki/SC-30/scripts/SC-30/2_phase/motordrive.py","move","150","","","","move: direction=q, power=0.7, duration=0.1","","","","","","","","","","","","","","","","","","","","","","","","","","","","","","","","","","","","","","","","","",""
"11655.612775028","2026-08-15 09:24:44.227114","/home/akatoki/SC-30/scripts/SC-30/2_phase/motordrive.py","move","150","","","","move: direction=w, power=0.7, duration=1.5","","","","","","","","","","","","","","","","","","","","","","","","","","","","","","","","","","","","","","","","","",""
"11655.659407965","2026-08-15 09:24:44.273765","/home/akatoki/SC-30/scripts/SC-30/2_phase/motordrive.py","move","150","","","","move: direction=w, power=0.7, duration=1.5","","","","","","","","","","","","","","","","","","","","","","","","","","","","","","","","","","","","","","","","","",""
"11655.712464016","2026-08-15 09:24:44.326802","/home/akatoki/SC-30/scripts/SC-30/2_phase/motordrive.py","move","150","","","","move: direction=w, power=0.7, duration=1.5","","","","","","","","","","","","","","","","","","","","","","","","","","","","","","","","","","","","","","","","","",""
"11655.762895862","2026-08-15 09:24:44.377237","/home/akatoki/SC-30/scripts/SC-30/2_phase/motordrive.py","move","150","","","","move: direction=w, power=0.7, duration=1.5","","","","","","","","","","","","","","","","","","","","","","","","","","","","","","","","","","","","","","","","","",""
"11655.811859928","2026-08-15 09:24:44.426200","/home/akatoki/SC-30/scripts/SC-30/2_phase/motordrive.py","move","150","","","","move: direction=w, power=0.7, duration=1.5","","","","","","","","","","","","","","","","","","","","","","","","","","","","","","","","","","","","","","","","","",""
"11655.857352062","2026-08-15 09:24:44.471699","/home/akatoki/SC-30/scripts/SC-30/2_phase/motordrive.py","move","150","","","","move: direction=w, power=0.7, duration=1.5","","","","","","","","","","","","","","","","","","","","","","","","","","","","","","","","","","","","","","","","","",""
"11655.909077706","2026-08-15 09:24:44.523417","/home/akatoki/SC-30/scripts/SC-30/2_phase/motordrive.py","move","150","","","","move: direction=w, power=0.7, duration=1.5","","","","","","","","","","","","","","","","","","","","","","","","","","","","","","","","","","","","","","","","","",""
"11655.957411198","2026-08-15 09:24:44.571751","/home/akatoki/SC-30/scripts/SC-30/2_phase/motordrive.py","move","150","","","","move: direction=w, power=0.7, duration=1.5","","","","","","","","","","","","","","","","","","","","","","","","","","","","","","","","","","","","","","","","","",""
"11656.007563298","2026-08-15 09:24:44.621902","/home/akatoki/SC-30/scripts/SC-30/2_phase/motordrive.py","move","150","","","","move: direction=w, power=0.7, duration=1.5","","","","","","","","","","","","","","","","","","","","","","","","","","","","","","","","","","","","","","","","","",""
"11656.055868045","2026-08-15 09:24:44.670209","/home/akatoki/SC-30/scripts/SC-30/2_phase/motordrive.py","move","150","","","","move: direction=w, power=0.7, duration=1.5","","","","","","","","","","","","","","","","","","","","","","","","","","","","","","","","","","","","","","","","","",""
"11656.105004999","2026-08-15 09:24:44.719343","/home/akatoki/SC-30/scripts/SC-30/2_phase/motordrive.py","move","150","","","","move: direction=w, power=0.7, duration=1.5","","","","","","","","","","","","","","","","","","","","","","","","","","","","","","","","","","","","","","","","","",""
"11656.161102584","2026-08-15 09:24:44.775441","/home/akatoki/SC-30/scripts/SC-30/2_phase/motordrive.py","move","150","","","","move: direction=w, power=0.7, duration=1.5","","","","","","","","","","","","","","","","","","","","","","","","","","","","","","","","","","","","","","","","","",""
"11656.209972029","2026-08-15 09:24:44.824311","/home/akatoki/SC-30/scripts/SC-30/2_phase/motordrive.py","move","150","","","","move: direction=w, power=0.7, duration=1.5","","","","","","","","","","","","","","","","","","","","","","","","","","","","","","","","","","","","","","","","","",""
"11656.260696067","2026-08-15 09:24:44.875035","/home/akatoki/SC-30/scripts/SC-30/2_phase/motordrive.py","move","150","","","","move: direction=w, power=0.7, duration=1.5","","","","","","","","","","","","","","","","","","","","","","","","","","","","","","","","","","","","","","","","","",""
"11656.308645663","2026-08-15 09:24:44.922985","/home/akatoki/SC-30/scripts/SC-30/2_phase/motordrive.py","move","150","","","","move: direction=w, power=0.7, duration=1.5","","","","","","","","","","","","","","","","","","","","","","","","","","","","","","","","","","","","","","","","","",""
"11656.357288375","2026-08-15 09:24:44.971626","/home/akatoki/SC-30/scripts/SC-30/2_phase/motordrive.py","move","150","","","","move: direction=w, power=0.7, duration=1.5","","","","","","","","","","","","","","","","","","","","","","","","","","","","","","","","","","","","","","","","","",""
"11656.401770004","2026-08-15 09:24:45.016106","/home/akatoki/SC-30/scripts/SC-30/2_phase/motordrive.py","move","150","","","","move: direction=w, power=0.7, duration=1.5","","","","","","","","","","","","","","","","","","","","","","","","","","","","","","","","","","","","","","","","","",""
"11656.450945159","2026-08-15 09:24:45.065283","/home/akatoki/SC-30/scripts/SC-30/2_phase/motordrive.py","move","150","","","","move: direction=q, power=0.7, duration=0.1","","","","","","","","","","","","","","","","","","","","","","","","","","","","","","","","","","","","","","","","","",""
"11656.508513633","2026-08-15 09:24:45.122852","/home/akatoki/SC-30/scripts/SC-30/2_phase/motordrive.py","move","150","","","","move: direction=w, power=0.7, duration=1.5","","","","","","","","","","","","","","","","","","","","","","","","","","","","","","","","","","","","","","","","","",""
"11656.55950594","2026-08-15 09:24:45.173843","/home/akatoki/SC-30/scripts/SC-30/2_phase/motordrive.py","move","150","","","","move: direction=w, power=0.7, duration=1.5","","","","","","","","","","","","","","","","","","","","","","","","","","","","","","","","","","","","","","","","","",""
"11656.606767553","2026-08-15 09:24:45.221105","/home/akatoki/SC-30/scripts/SC-30/2_phase/motordrive.py","move","150","","","","move: direction=w, power=0.7, duration=1.5","","","","","","","","","","","","","","","","","","","","","","","","","","","","","","","","","","","","","","","","","",""
"11656.652976838","2026-08-15 09:24:45.267314","/home/akatoki/SC-30/scripts/SC-30/2_phase/motordrive.py","move","150","","","","move: direction=w, power=0.7, duration=1.5","","","","","","","","","","","","","","","","","","","","","","","","","","","","","","","","","","","","","","","","","",""
"11656.700094881","2026-08-15 09:24:45.314455","/home/akatoki/SC-30/scripts/SC-30/2_phase/motordrive.py","move","150","","","","move: direction=w, power=0.7, duration=1.5","","","","","","","","","","","","","","","","","","","","","","","","","","","","","","","","","","","","","","","","","",""
"11656.749001278","2026-08-15 09:24:45.363339","/home/akatoki/SC-30/scripts/SC-30/2_phase/motordrive.py","move","150","","","","move: direction=w, power=0.7, duration=1.5","","","","","","","","","","","","","","","","","","","","","","","","","","","","","","","","","","","","","","","","","",""
"11656.800209748","2026-08-15 09:24:45.414547","/home/akatoki/SC-30/scripts/SC-30/2_phase/motordrive.py","move","150","","","","move: direction=w, power=0.7, duration=1.5","","","","","","","","","","","","","","","","","","","","","","","","","","","","","","","","","","","","","","","","","",""
"11656.856836813","2026-08-15 09:24:45.471175","/home/akatoki/SC-30/scripts/SC-30/2_phase/motordrive.py","move","150","","","","move: direction=w, power=0.7, duration=1.5","","","","","","","","","","","","","","","","","","","","","","","","","","","","","","","","","","","","","","","","","",""
"11656.903048962","2026-08-15 09:24:45.517393","/home/akatoki/SC-30/scripts/SC-30/2_phase/motordrive.py","move","150","","","","move: direction=w, power=0.7, duration=1.5","","","","","","","","","","","","","","","","","","","","","","","","","","","","","","","","","","","","","","","","","",""
"11656.951756225","2026-08-15 09:24:45.566097","/home/akatoki/SC-30/scripts/SC-30/2_phase/motordrive.py","move","150","","","","move: direction=w, power=0.7, duration=1.5","","","","","","","","","","","","","","","","","","","","","","","","","","","","","","","","","","","","","","","","","",""
"11656.998843075","2026-08-15 09:24:45.613180","/home/akatoki/SC-30/scripts/SC-30/2_phase/motordrive.py","move","150","","","","move: direction=w, power=0.7, duration=1.5","","","","","","","","","","","","","","","","","","","","","","","","","","","","","","","","","","","","","","","","","",""
"11657.050216517","2026-08-15 09:24:45.664557","/home/akatoki/SC-30/scripts/SC-30/2_phase/motordrive.py","move","150","","","","move: direction=w, power=0.7, duration=1.5","","","","","","","","","","","","","","","","","","","","","","","","","","","","","","","","","","","","","","","","","",""
"11657.099620073","2026-08-15 09:24:45.713964","/home/akatoki/SC-30/scripts/SC-30/2_phase/motordrive.py","move","150","","","","move: direction=w, power=0.7, duration=1.5","","","","","","","","","","","","","","","","","","","","","","","","","","","","","","","","","","","","","","","","","",""
"11657.151943725","2026-08-15 09:24:45.766282","/home/akatoki/SC-30/scripts/SC-30/2_phase/motordrive.py","move","150","","","","move: direction=w, power=0.7, duration=1.5","","","","","","","","","","","","","","","","","","","","","","","","","","","","","","","","","","","","","","","","","",""
"11657.209802048","2026-08-15 09:24:45.824143","/home/akatoki/SC-30/scripts/SC-30/2_phase/motordrive.py","move","150","","","","move: direction=w, power=0.7, duration=1.5","","","","","","","","","","","","","","","","","","","","","","","","","","","","","","","","","","","","","","","","","",""
"11657.255386382","2026-08-15 09:24:45.869725","/home/akatoki/SC-30/scripts/SC-30/2_phase/motordrive.py","move","150","","","","move: direction=w, power=0.7, duration=1.5","","","","","","","","","","","","","","","","","","","","","","","","","","","","","","","","","","","","","","","","","",""
"11657.298234653","2026-08-15 09:24:45.912572","/home/akatoki/SC-30/scripts/SC-30/2_phase/motordrive.py","move","150","","","","move: direction=w, power=0.7, duration=1.5","","","","","","","","","","","","","","","","","","","","","","","","","","","","","","","","","","","","","","","","","",""
"11657.34683886","2026-08-15 09:24:45.961177","/home/akatoki/SC-30/scripts/SC-30/2_phase/motordrive.py","move","150","","","","move: direction=w, power=0.7, duration=1.5","","","","","","","","","","","","","","","","","","","","","","","","","","","","","","","","","","","","","","","","","",""
"11657.394486141","2026-08-15 09:24:46.008833","/home/akatoki/SC-30/scripts/SC-30/2_phase/motordrive.py","move","150","","","","move: direction=w, power=0.7, duration=1.5","","","","","","","","","","","","","","","","","","","","","","","","","","","","","","","","","","","","","","","","","",""
"11657.442954932","2026-08-15 09:24:46.057293","/home/akatoki/SC-30/scripts/SC-30/2_phase/motordrive.py","move","150","","","","move: direction=w, power=0.7, duration=1.5","","","","","","","","","","","","","","","","","","","","","","","","","","","","","","","","","","","","","","","","","",""
"11657.491532402","2026-08-15 09:24:46.105870","/home/akatoki/SC-30/scripts/SC-30/2_phase/motordrive.py","move","150","","","","move: direction=w, power=0.7, duration=1.5","","","","","","","","","","","","","","","","","","","","","","","","","","","","","","","","","","","","","","","","","",""
"11657.542822244","2026-08-15 09:24:46.157169","/home/akatoki/SC-30/scripts/SC-30/2_phase/motordrive.py","move","150","","","","move: direction=w, power=0.7, duration=1.5","","","","","","","","","","","","","","","","","","","","","","","","","","","","","","","","","","","","","","","","","",""
"11657.590891777","2026-08-15 09:24:46.205230","/home/akatoki/SC-30/scripts/SC-30/2_phase/motordrive.py","move","150","","","","move: direction=w, power=0.7, duration=1.5","","","","","","","","","","","","","","","","","","","","","","","","","","","","","","","","","","","","","","","","","",""
"11657.640576255","2026-08-15 09:24:46.254914","/home/akatoki/SC-30/scripts/SC-30/2_phase/motordrive.py","move","150","","","","move: direction=w, power=0.7, duration=1.5","","","","","","","","","","","","","","","","","","","","","","","","","","","","","","","","","","","","","","","","","",""
"11657.686721777","2026-08-15 09:24:46.301060","/home/akatoki/SC-30/scripts/SC-30/2_phase/motordrive.py","move","150","","","","move: direction=w, power=0.7, duration=1.5","","","","","","","","","","","","","","","","","","","","","","","","","","","","","","","","","","","","","","","","","",""
"11657.733325089","2026-08-15 09:24:46.347664","/home/akatoki/SC-30/scripts/SC-30/2_phase/motordrive.py","move","150","","","","move: direction=w, power=0.7, duration=1.5","","","","","","","","","","","","","","","","","","","","","","","","","","","","","","","","","","","","","","","","","",""
"11657.781213453","2026-08-15 09:24:46.395551","/home/akatoki/SC-30/scripts/SC-30/2_phase/motordrive.py","move","150","","","","move: direction=w, power=0.7, duration=1.5","","","","","","","","","","","","","","","","","","","","","","","","","","","","","","","","","","","","","","","","","",""
"11657.836247478","2026-08-15 09:24:46.450586","/home/akatoki/SC-30/scripts/SC-30/2_phase/motordrive.py","move","150","","","","move: direction=w, power=0.7, duration=1.5","","","","","","","","","","","","","","","","","","","","","","","","","","","","","","","","","","","","","","","","","",""
"11657.895353342","2026-08-15 09:24:46.509706","/home/akatoki/SC-30/scripts/SC-30/2_phase/motordrive.py","move","150","","","","move: direction=w, power=0.7, duration=1.5","","","","","","","","","","","","","","","","","","","","","","","","","","","","","","","","","","","","","","","","","",""
"11657.939644738","2026-08-15 09:24:46.553997","/home/akatoki/SC-30/scripts/SC-30/2_phase/motordrive.py","move","150","","","","move: direction=w, power=0.7, duration=1.5","","","","","","","","","","","","","","","","","","","","","","","","","","","","","","","","","","","","","","","","","",""
"11657.98928839","2026-08-15 09:24:46.603625","/home/akatoki/SC-30/scripts/SC-30/2_phase/motordrive.py","move","150","","","","move: direction=w, power=0.7, duration=1.5","","","","","","","","","","","","","","","","","","","","","","","","","","","","","","","","","","","","","","","","","",""
"11658.038275325","2026-08-15 09:24:46.652614","/home/akatoki/SC-30/scripts/SC-30/2_phase/motordrive.py","move","150","","","","move: direction=w, power=0.7, duration=1.5","","","","","","","","","","","","","","","","","","","","","","","","","","","","","","","","","","","","","","","","","",""
"11658.098769453","2026-08-15 09:24:46.713109","/home/akatoki/SC-30/scripts/SC-30/2_phase/motordrive.py","move","150","","","","move: direction=w, power=0.7, duration=1.5","","","","","","","","","","","","","","","","","","","","","","","","","","","","","","","","","","","","","","","","","",""
"11658.146539815","2026-08-15 09:24:46.760881","/home/akatoki/SC-30/scripts/SC-30/2_phase/motordrive.py","move","150","","","","move: direction=w, power=0.7, duration=1.5","","","","","","","","","","","","","","","","","","","","","","","","","","","","","","","","","","","","","","","","","",""
"11658.192592904","2026-08-15 09:24:46.806935","/home/akatoki/SC-30/scripts/SC-30/2_phase/motordrive.py","move","150","","","","move: direction=w, power=0.7, duration=1.5","","","","","","","","","","","","","","","","","","","","","","","","","","","","","","","","","","","","","","","","","",""
"11658.24359019","2026-08-15 09:24:46.857928","/home/akatoki/SC-30/scripts/SC-30/2_phase/motordrive.py","move","150","","","","move: direction=w, power=0.7, duration=1.5","","","","","","","","","","","","","","","","","","","","","","","","","","","","","","","","","","","","","","","","","",""
"11658.289309843","2026-08-15 09:24:46.903652","/home/akatoki/SC-30/scripts/SC-30/2_phase/motordrive.py","move","150","","","","move: direction=w, power=0.7, duration=1.5","","","","","","","","","","","","","","","","","","","","","","","","","","","","","","","","","","","","","","","","","",""
"11658.333785741","2026-08-15 09:24:46.948127","/home/akatoki/SC-30/scripts/SC-30/2_phase/motordrive.py","move","150","","","","move: direction=w, power=0.7, duration=1.5","","","","","","","","","","","","","","","","","","","","","","","","","","","","","","","","","","","","","","","","","",""
"11658.384907642","2026-08-15 09:24:46.999256","/home/akatoki/SC-30/scripts/SC-30/2_phase/motordrive.py","move","150","","","","move: direction=w, power=0.7, duration=1.5","","","","","","","","","","","","","","","","","","","","","","","","","","","","","","","","","","","","","","","","","",""
"11658.433302147","2026-08-15 09:24:47.047640","/home/akatoki/SC-30/scripts/SC-30/2_phase/motordrive.py","move","150","","","","move: direction=w, power=0.7, duration=1.5","","","","","","","","","","","","","","","","","","","","","","","","","","","","","","","","","","","","","","","","","",""
"11658.480700151","2026-08-15 09:24:47.095040","/home/akatoki/SC-30/scripts/SC-30/2_phase/motordrive.py","move","150","","","","move: direction=w, power=0.7, duration=1.5","","","","","","","","","","","","","","","","","","","","","","","","","","","","","","","","","","","","","","","","","",""
"11658.531019348","2026-08-15 09:24:47.145358","/home/akatoki/SC-30/scripts/SC-30/2_phase/motordrive.py","move","150","","","","move: direction=w, power=0.7, duration=1.5","","","","","","","","","","","","","","","","","","","","","","","","","","","","","","","","","","","","","","","","","",""
"11658.587701266","2026-08-15 09:24:47.202054","/home/akatoki/SC-30/scripts/SC-30/2_phase/motordrive.py","move","150","","","","move: direction=w, power=0.7, duration=1.5","","","","","","","","","","","","","","","","","","","","","","","","","","","","","","","","","","","","","","","","","",""
"11658.634617681","2026-08-15 09:24:47.248956","/home/akatoki/SC-30/scripts/SC-30/2_phase/motordrive.py","move","150","","","","move: direction=w, power=0.7, duration=1.5","","","","","","","","","","","","","","","","","","","","","","","","","","","","","","","","","","","","","","","","","",""
"11658.683881373","2026-08-15 09:24:47.298220","/home/akatoki/SC-30/scripts/SC-30/2_phase/motordrive.py","move","150","","","","move: direction=w, power=0.7, duration=1.5","","","","","","","","","","","","","","","","","","","","","","","","","","","","","","","","","","","","","","","","","",""
"11658.731905786","2026-08-15 09:24:47.346244","/home/akatoki/SC-30/scripts/SC-30/2_phase/motordrive.py","move","150","","","","move: direction=w, power=0.7, duration=1.5","","","","","","","","","","","","","","","","","","","","","","","","","","","","","","","","","","","","","","","","","",""
"11658.781712202","2026-08-15 09:24:47.396051","/home/akatoki/SC-30/scripts/SC-30/2_phase/motordrive.py","move","150","","","","move: direction=w, power=0.7, duration=1.5","","","","","","","","","","","","","","","","","","","","","","","","","","","","","","","","","","","","","","","","","",""
"11658.830990944","2026-08-15 09:24:47.445329","/home/akatoki/SC-30/scripts/SC-30/2_phase/motordrive.py","move","150","","","","move: direction=w, power=0.7, duration=1.5","","","","","","","","","","","","","","","","","","","","","","","","","","","","","","","","","","","","","","","","","",""
"11658.875656005","2026-08-15 09:24:47.489993","/home/akatoki/SC-30/scripts/SC-30/2_phase/motordrive.py","move","150","","","","move: direction=w, power=0.7, duration=1.5","","","","","","","","","","","","","","","","","","","","","","","","","","","","","","","","","","","","","","","","","",""
"11658.93224601","2026-08-15 09:24:47.546586","/home/akatoki/SC-30/scripts/SC-30/2_phase/motordrive.py","move","150","","","","move: direction=w, power=0.7, duration=1.5","","","","","","","","","","","","","","","","","","","","","","","","","","","","","","","","","","","","","","","","","",""
"11658.977219563","2026-08-15 09:24:47.591559","/home/akatoki/SC-30/scripts/SC-30/2_phase/motordrive.py","move","150","","","","move: direction=w, power=0.7, duration=1.5","","","","","","","","","","","","","","","","","","","","","","","","","","","","","","","","","","","","","","","","","",""
"11659.025745405","2026-08-15 09:24:47.640084","/home/akatoki/SC-30/scripts/SC-30/2_phase/motordrive.py","move","150","","","","move: direction=w, power=0.7, duration=1.5","","","","","","","","","","","","","","","","","","","","","","","","","","","","","","","","","","","","","","","","","",""
"11659.074423983","2026-08-15 09:24:47.688761","/home/akatoki/SC-30/scripts/SC-30/2_phase/motordrive.py","move","150","","","","move: direction=w, power=0.7, duration=1.5","","","","","","","","","","","","","","","","","","","","","","","","","","","","","","","","","","","","","","","","","",""
"11659.123846191","2026-08-15 09:24:47.738185","/home/akatoki/SC-30/scripts/SC-30/2_phase/motordrive.py","move","150","","","","move: direction=w, power=0.7, duration=1.5","","","","","","","","","","","","","","","","","","","","","","","","","","","","","","","","","","","","","","","","","",""
"11659.170256907","2026-08-15 09:24:47.784597","/home/akatoki/SC-30/scripts/SC-30/2_phase/motordrive.py","move","150","","","","move: direction=w, power=0.7, duration=1.5","","","","","","","","","","","","","","","","","","","","","","","","","","","","","","","","","","","","","","","","","",""
"11659.227636524","2026-08-15 09:24:47.841977","/home/akatoki/SC-30/scripts/SC-30/2_phase/motordrive.py","move","150","","","","move: direction=w, power=0.7, duration=1.5","","","","","","","","","","","","","","","","","","","","","","","","","","","","","","","","","","","","","","","","","",""
"11659.28335766","2026-08-15 09:24:47.897698","/home/akatoki/SC-30/scripts/SC-30/2_phase/motordrive.py","move","150","","","","move: direction=w, power=0.7, duration=1.5","","","","","","","","","","","","","","","","","","","","","","","","","","","","","","","","","","","","","","","","","",""
"11659.338435514","2026-08-15 09:24:47.952774","/home/akatoki/SC-30/scripts/SC-30/2_phase/motordrive.py","move","150","","","","move: direction=w, power=0.7, duration=1.5","","","","","","","","","","","","","","","","","","","","","","","","","","","","","","","","","","","","","","","","","",""
"11659.399240936","2026-08-15 09:24:48.013581","/home/akatoki/SC-30/scripts/SC-30/2_phase/motordrive.py","move","150","","","","move: direction=w, power=0.7, duration=1.5","","","","","","","","","","","","","","","","","","","","","","","","","","","","","","","","","","","","","","","","","",""
"11659.458532155","2026-08-15 09:24:48.072873","/home/akatoki/SC-30/scripts/SC-30/2_phase/motordrive.py","move","150","","","","move: direction=w, power=0.7, duration=1.5","","","","","","","","","","","","","","","","","","","","","","","","","","","","","","","","","","","","","","","","","",""
"11659.518622673","2026-08-15 09:24:48.132961","/home/akatoki/SC-30/scripts/SC-30/2_phase/motordrive.py","move","150","","","","move: direction=w, power=0.7, duration=1.5","","","","","","","","","","","","","","","","","","","","","","","","","","","","","","","","","","","","","","","","","",""
"11659.573100137","2026-08-15 09:24:48.187441","/home/akatoki/SC-30/scripts/SC-30/2_phase/motordrive.py","move","150","","","","move: direction=w, power=0.7, duration=1.5","","","","","","","","","","","","","","","","","","","","","","","","","","","","","","","","","","","","","","","","","",""
"11659.634815445","2026-08-15 09:24:48.249156","/home/akatoki/SC-30/scripts/SC-30/2_phase/motordrive.py","move","150","","","","move: direction=w, power=0.7, duration=1.5","","","","","","","","","","","","","","","","","","","","","","","","","","","","","","","","","","","","","","","","","",""
"11659.715823006","2026-08-15 09:24:48.330161","/home/akatoki/SC-30/scripts/SC-30/2_phase/motordrive.py","move","150","","","","move: direction=w, power=0.7, duration=1.5","","","","","","","","","","","","","","","","","","","","","","","","","","","","","","","","","","","","","","","","","",""
"11659.784311596","2026-08-15 09:24:48.398656","/home/akatoki/SC-30/scripts/SC-30/2_phase/motordrive.py","move","150","","","","move: direction=w, power=0.7, duration=1.5","","","","","","","","","","","","","","","","","","","","","","","","","","","","","","","","","","","","","","","","","",""
"11659.848506816","2026-08-15 09:24:48.462845","/home/akatoki/SC-30/scripts/SC-30/2_phase/motordrive.py","move","150","","","","move: direction=w, power=0.7, duration=1.5","","","","","","","","","","","","","","","","","","","","","","","","","","","","","","","","","","","","","","","","","",""
"11659.917649936","2026-08-15 09:24:48.531987","/home/akatoki/SC-30/scripts/SC-30/2_phase/motordrive.py","move","150","","","","move: direction=w, power=0.7, duration=1.5","","","","","","","","","","","","","","","","","","","","","","","","","","","","","","","","","","","","","","","","","",""
"11659.978518401","2026-08-15 09:24:48.592860","/home/akatoki/SC-30/scripts/SC-30/2_phase/motordrive.py","move","150","","","","move: direction=w, power=0.7, duration=1.5","","","","","","","","","","","","","","","","","","","","","","","","","","","","","","","","","","","","","","","","","",""
"11660.040814084","2026-08-15 09:24:48.655153","/home/akatoki/SC-30/scripts/SC-30/2_phase/motordrive.py","move","150","","","","move: direction=w, power=0.7, duration=1.5","","","","","","","","","","","","","","","","","","","","","","","","","","","","","","","","","","","","","","","","","",""
"11660.107833953","2026-08-15 09:24:48.722175","/home/akatoki/SC-30/scripts/SC-30/2_phase/motordrive.py","move","150","","","","move: direction=w, power=0.7, duration=1.5","","","","","","","","","","","","","","","","","","","","","","","","","","","","","","","","","","","","","","","","","",""
"11660.173632612","2026-08-15 09:24:48.787973","/home/akatoki/SC-30/scripts/SC-30/2_phase/motordrive.py","move","150","","","","move: direction=w, power=0.7, duration=1.5","","","","","","","","","","","","","","","","","","","","","","","","","","","","","","","","","","","","","","","","","",""
"11660.250349147","2026-08-15 09:24:48.864689","/home/akatoki/SC-30/scripts/SC-30/2_phase/motordrive.py","move","150","","","","move: direction=w, power=0.7, duration=1.5","","","","","","","","","","","","","","","","","","","","","","","","","","","","","","","","","","","","","","","","","",""
"11660.31614791","2026-08-15 09:24:48.930503","/home/akatoki/SC-30/scripts/SC-30/2_phase/motordrive.py","move","150","","","","move: direction=w, power=0.7, duration=1.5","","","","","","","","","","","","","","","","","","","","","","","","","","","","","","","","","","","","","","","","","",""
"11660.370076401","2026-08-15 09:24:48.984418","/home/akatoki/SC-30/scripts/SC-30/2_phase/motordrive.py","move","150","","","","move: direction=w, power=0.7, duration=1.5","","","","","","","","","","","","","","","","","","","","","","","","","","","","","","","","","","","","","","","","","",""
"11660.437873672","2026-08-15 09:24:49.052214","/home/akatoki/SC-30/scripts/SC-30/2_phase/motordrive.py","move","150","","","","move: direction=w, power=0.7, duration=1.5","","","","","","","","","","","","","","","","","","","","","","","","","","","","","","","","","","","","","","","","","",""
"11660.492434542","2026-08-15 09:24:49.106775","/home/akatoki/SC-30/scripts/SC-30/2_phase/motordrive.py","move","150","","","","move: direction=w, power=0.7, duration=1.5","","","","","","","","","","","","","","","","","","","","","","","","","","","","","","","","","","","","","","","","","",""
"11660.55954876","2026-08-15 09:24:49.173890","/home/akatoki/SC-30/scripts/SC-30/2_phase/motordrive.py","move","150","","","","move: direction=w, power=0.7, duration=1.5","","","","","","","","","","","","","","","","","","","","","","","","","","","","","","","","","","","","","","","","","",""
"11660.635558319","2026-08-15 09:24:49.249899","/home/akatoki/SC-30/scripts/SC-30/2_phase/motordrive.py","move","150","","","","move: direction=w, power=0.7, duration=1.5","","","","","","","","","","","","","","","","","","","","","","","","","","","","","","","","","","","","","","","","","",""
"11660.696779421","2026-08-15 09:24:49.311118","/home/akatoki/SC-30/scripts/SC-30/2_phase/motordrive.py","move","150","","","","move: direction=w, power=0.7, duration=1.5","","","","","","","","","","","","","","","","","","","","","","","","","","","","","","","","","","","","","","","","","",""
"11660.778041783","2026-08-15 09:24:49.392382","/home/akatoki/SC-30/scripts/SC-30/2_phase/motordrive.py","move","150","","","","move: direction=w, power=0.7, duration=1.5","","","","","","","","","","","","","","","","","","","","","","","","","","","","","","","","","","","","","","","","","",""
