time,date,file,func,line,serious_error,error,warning,msg,format_exception,phase,gnss_time,lat,lon,alt,alt_base_press,goal_lat,goal_lon,temp,press,camera_area,camera_order,camera_center_x,camera_center_y,camera_frame_size_x,camera_frame_size_y,motor_l,motor_r,goal_relative_x,goal_relative_y,goal_relative_angle_rad,goal_distance,accel_all_x,accel_all_y,accel_all_z,accel_line_x,accel_line_y,accel_line_z,mag_x,mag_y,mag_z,gyro_x,gyro_y,gyro_z,grav_x,grav_y,grav_z,euler_x,euler_y,euler_z,nmea
"47.095762949","2026-08-15 09:25:48.514870","/home/akatoki/SC-30/scripts/SC-30/2_phase/EM.py","log_msg","93","","","","bnoセットアップ開始","","","","","","","","","","","","","","","","","","","","","","","","","","","","","","","","","","","","","","","","","",""
"47.608227064","2026-08-15 09:25:49.027324","/home/akatoki/SC-30/scripts/SC-30/2_phase/EM.py","log_msg","93","","","","cameraセットアップ開始","","","","","","","","","","","","","","","","","","","","","","","","","","","","","","","","","","","","","","","","","",""
"47.616925397","2026-08-15 09:25:49.036021","/home/akatoki/SC-30/scripts/SC-30/2_phase/EM.py","log_msg","93","","Camera Setup Error: Camera.__init__() got an unexpected keyword argument 'model_path'","","","""Traceback (most recent call last):   File """"/home/akatoki/SC-30/scripts/SC-30/2_phase/EM.py"""", line 212, in setup_sensors     cam = Camera(model_path=""""./my_custom_model.pt"""", debug=True)           ^^^^^^^^^^^^^^^^^^^^^^^^^^^^^^^^^^^^^^^^^^^^^^^^^^^^^ TypeError: Camera.__init__() got an unexpected keyword argument 'model_path' ""","","","","","","","","","","","","","","","","","","","","","","","","","","","","","","","","","","","","","","","","",""
"47.62885498","2026-08-15 09:25:49.047961","/home/akatoki/SC-30/scripts/SC-30/2_phase/EM.py","log_msg","93","","","","bmeセットアップ開始","","","","","","","","","","","","","","","","","","","","","","","","","","","","","","","","","","","","","","","","","",""
"48.165433834","2026-08-15 09:25:49.584530","/home/akatoki/SC-30/scripts/SC-30/2_phase/EM.py","log_msg","93","","","","モータセットアップ開始","","","","","","","","","","","","","","","","","","","","","","","","","","","","","","","","","","","","","","","","","",""
"48.19103024","2026-08-15 09:25:49.610127","/home/akatoki/SC-30/scripts/SC-30/2_phase/EM.py","log_msg","93","","","","GPIOセットアップ開始","","","","","","","","","","","","","","","","","","","","","","","","","","","","","","","","","","","","","","","","","",""
"48.195583418","2026-08-15 09:25:49.614667","/home/akatoki/SC-30/scripts/SC-30/2_phase/EM.py","log_msg","93","","","","","","","","","","","","40.14262816666667","","","","","","","","","","","","","","","","","","","","","","","","","","","","","","","","","",""
"48.198729043","2026-08-15 09:25:49.617813","/home/akatoki/SC-30/scripts/SC-30/2_phase/EM.py","log_msg","93","","","","","","","","","","","","","139.987715","","","","","","","","","","","","","","","","","","","","","","","","","","","","","","","","",""
"48.203066126","2026-08-15 09:25:49.622157","/home/akatoki/SC-30/scripts/SC-30/2_phase/EM.py","log_msg","93","","","","","","","","","","0.0","","","","","","","","","","","","","","","","","","","","","","","","","","","","","","","","","","","",""
"48.210108938","2026-08-15 09:25:49.629199","/home/akatoki/SC-30/scripts/SC-30/2_phase/EM.py","log_msg","93","","","","[待機] alt=0.000 m","","","","","","","","","","","","","","","","","","","","","","","","","","","","","","","","","","","","","","","","","",""
"49.316314094","2026-08-15 09:25:50.735398","/home/akatoki/SC-30/scripts/SC-30/2_phase/EM.py","log_msg","93","","","","","","","","","","1.167733197603814","","","","","","","","","","","","","","","","","","","","","","","","","","","","","","","","","","","",""
"49.32030274","2026-08-15 09:25:50.739392","/home/akatoki/SC-30/scripts/SC-30/2_phase/EM.py","log_msg","93","","","","[待機] alt=1.168 m","","","","","","","","","","","","","","","","","","","","","","","","","","","","","","","","","","","","","","","","","",""
"50.425746125","2026-08-15 09:25:51.844830","/home/akatoki/SC-30/scripts/SC-30/2_phase/EM.py","log_msg","93","","","","","","","","","","0.6788410181257976","","","","","","","","","","","","","","","","","","","","","","","","","","","","","","","","","","","",""
"50.435356385","2026-08-15 09:25:51.854447","/home/akatoki/SC-30/scripts/SC-30/2_phase/EM.py","log_msg","93","","","","[待機] alt=0.679 m","","","","","","","","","","","","","","","","","","","","","","","","","","","","","","","","","","","","","","","","","",""
"51.539887323","2026-08-15 09:25:52.958970","/home/akatoki/SC-30/scripts/SC-30/2_phase/EM.py","log_msg","93","","","","","","","","","","0.48242193276459955","","","","","","","","","","","","","","","","","","","","","","","","","","","","","","","","","","","",""
"51.551802843","2026-08-15 09:25:52.970896","/home/akatoki/SC-30/scripts/SC-30/2_phase/EM.py","log_msg","93","","","","[待機] alt=0.482 m","","","","","","","","","","","","","","","","","","","","","","","","","","","","","","","","","","","","","","","","","",""
"52.674850083","2026-08-15 09:25:54.093940","/home/akatoki/SC-30/scripts/SC-30/2_phase/EM.py","log_msg","93","","","","","","","","","","0.6799599166464099","","","","","","","","","","","","","","","","","","","","","","","","","","","","","","","","","","","",""
"52.679506905","2026-08-15 09:25:54.098599","/home/akatoki/SC-30/scripts/SC-30/2_phase/EM.py","log_msg","93","","","","[待機] alt=0.680 m","","","","","","","","","","","","","","","","","","","","","","","","","","","","","","","","","","","","","","","","","",""
"53.784663728","2026-08-15 09:25:55.203759","/home/akatoki/SC-30/scripts/SC-30/2_phase/EM.py","log_msg","93","","","","","","","","","","0.47914701930706904","","","","","","","","","","","","","","","","","","","","","","","","","","","","","","","","","","","",""
"53.788744874","2026-08-15 09:25:55.207836","/home/akatoki/SC-30/scripts/SC-30/2_phase/EM.py","log_msg","93","","","","[待機] alt=0.479 m","","","","","","","","","","","","","","","","","","","","","","","","","","","","","","","","","","","","","","","","","",""
"54.8980393","2026-08-15 09:25:56.317123","/home/akatoki/SC-30/scripts/SC-30/2_phase/EM.py","log_msg","93","","","","","","","","","","0.7131957692762791","","","","","","","","","","","","","","","","","","","","","","","","","","","","","","","","","","","",""
"54.905917842","2026-08-15 09:25:56.325011","/home/akatoki/SC-30/scripts/SC-30/2_phase/EM.py","log_msg","93","","","","[待機] alt=0.713 m","","","","","","","","","","","","","","","","","","","","","","","","","","","","","","","","","","","","","","","","","",""
"56.015764456","2026-08-15 09:25:57.434848","/home/akatoki/SC-30/scripts/SC-30/2_phase/EM.py","log_msg","93","","","","","","","","","","0.7686314179648601","","","","","","","","","","","","","","","","","","","","","","","","","","","","","","","","","","","",""
"56.023167425","2026-08-15 09:25:57.442261","/home/akatoki/SC-30/scripts/SC-30/2_phase/EM.py","log_msg","93","","","","[待機] alt=0.769 m","","","","","","","","","","","","","","","","","","","","","","","","","","","","","","","","","","","","","","","","","",""
"57.134014716","2026-08-15 09:25:58.553098","/home/akatoki/SC-30/scripts/SC-30/2_phase/EM.py","log_msg","93","","","","","","","","","","0.37627740952506206","","","","","","","","","","","","","","","","","","","","","","","","","","","","","","","","","","","",""
"57.140766487","2026-08-15 09:25:58.559863","/home/akatoki/SC-30/scripts/SC-30/2_phase/EM.py","log_msg","93","","","","[待機] alt=0.376 m","","","","","","","","","","","","","","","","","","","","","","","","","","","","","","","","","","","","","","","","","",""
"58.245818518","2026-08-15 09:25:59.664902","/home/akatoki/SC-30/scripts/SC-30/2_phase/EM.py","log_msg","93","","","","","","","","","","0.7833676659239475","","","","","","","","","","","","","","","","","","","","","","","","","","","","","","","","","","","",""
"58.266578518","2026-08-15 09:25:59.685671","/home/akatoki/SC-30/scripts/SC-30/2_phase/EM.py","log_msg","93","","","","[待機] alt=0.783 m","","","","","","","","","","","","","","","","","","","","","","","","","","","","","","","","","","","","","","","","","",""
"59.384730653","2026-08-15 09:26:00.803825","/home/akatoki/SC-30/scripts/SC-30/2_phase/EM.py","log_msg","93","","","","","","","","","","0.3823570065020454","","","","","","","","","","","","","","","","","","","","","","","","","","","","","","","","","","","",""
"59.389115236","2026-08-15 09:26:00.808209","/home/akatoki/SC-30/scripts/SC-30/2_phase/EM.py","log_msg","93","","","","[待機] alt=0.382 m","","","","","","","","","","","","","","","","","","","","","","","","","","","","","","","","","","","","","","","","","",""
"60.494075236","2026-08-15 09:26:01.913160","/home/akatoki/SC-30/scripts/SC-30/2_phase/EM.py","log_msg","93","","","","","","","","","","1.0257360423428286","","","","","","","","","","","","","","","","","","","","","","","","","","","","","","","","","","","",""
"60.503503517","2026-08-15 09:26:01.922596","/home/akatoki/SC-30/scripts/SC-30/2_phase/EM.py","log_msg","93","","","","[待機] alt=1.026 m","","","","","","","","","","","","","","","","","","","","","","","","","","","","","","","","","","","","","","","","","",""
"61.626524767","2026-08-15 09:26:03.045613","/home/akatoki/SC-30/scripts/SC-30/2_phase/EM.py","log_msg","93","","","","","","","","","","0.08984461686770806","","","","","","","","","","","","","","","","","","","","","","","","","","","","","","","","","","","",""
"61.642253204","2026-08-15 09:26:03.061348","/home/akatoki/SC-30/scripts/SC-30/2_phase/EM.py","log_msg","93","","","","[待機] alt=0.090 m","","","","","","","","","","","","","","","","","","","","","","","","","","","","","","","","","","","","","","","","","",""
"62.750201016","2026-08-15 09:26:04.169285","/home/akatoki/SC-30/scripts/SC-30/2_phase/EM.py","log_msg","93","","","","","","","","","","0.0962136485196452","","","","","","","","","","","","","","","","","","","","","","","","","","","","","","","","","","","",""
"62.7544506","2026-08-15 09:26:04.173544","/home/akatoki/SC-30/scripts/SC-30/2_phase/EM.py","log_msg","93","","","","[待機] alt=0.096 m","","","","","","","","","","","","","","","","","","","","","","","","","","","","","","","","","","","","","","","","","",""
"63.859241953","2026-08-15 09:26:05.278326","/home/akatoki/SC-30/scripts/SC-30/2_phase/EM.py","log_msg","93","","","","","","","","","","-0.09657201772835577","","","","","","","","","","","","","","","","","","","","","","","","","","","","","","","","","","","",""
"63.89232388","2026-08-15 09:26:05.311418","/home/akatoki/SC-30/scripts/SC-30/2_phase/EM.py","log_msg","93","","","","[待機] alt=-0.097 m","","","","","","","","","","","","","","","","","","","","","","","","","","","","","","","","","","","","","","","","","",""
"64.997264609","2026-08-15 09:26:06.416352","/home/akatoki/SC-30/scripts/SC-30/2_phase/EM.py","log_msg","93","","","","","","","","","","-0.08390974605266388","","","","","","","","","","","","","","","","","","","","","","","","","","","","","","","","","","","",""
"65.000579036","2026-08-15 09:26:06.419672","/home/akatoki/SC-30/scripts/SC-30/2_phase/EM.py","log_msg","93","","","","[待機] alt=-0.084 m","","","","","","","","","","","","","","","","","","","","","","","","","","","","","","","","","","","","","","","","","",""
"66.105453254","2026-08-15 09:26:07.524537","/home/akatoki/SC-30/scripts/SC-30/2_phase/EM.py","log_msg","93","","","","","","","","","","0.503548448658172","","","","","","","","","","","","","","","","","","","","","","","","","","","","","","","","","","","",""
"66.114608515","2026-08-15 09:26:07.533701","/home/akatoki/SC-30/scripts/SC-30/2_phase/EM.py","log_msg","93","","","","[待機] alt=0.504 m","","","","","","","","","","","","","","","","","","","","","","","","","","","","","","","","","","","","","","","","","",""
"67.219399817","2026-08-15 09:26:08.638483","/home/akatoki/SC-30/scripts/SC-30/2_phase/EM.py","log_msg","93","","","","","","","","","","0.11157242775210352","","","","","","","","","","","","","","","","","","","","","","","","","","","","","","","","","","","",""
"67.224505285","2026-08-15 09:26:08.643599","/home/akatoki/SC-30/scripts/SC-30/2_phase/EM.py","log_msg","93","","","","[待機] alt=0.112 m","","","","","","","","","","","","","","","","","","","","","","","","","","","","","","","","","","","","","","","","","",""
"68.333935129","2026-08-15 09:26:09.753020","/home/akatoki/SC-30/scripts/SC-30/2_phase/EM.py","log_msg","93","","","","","","","","","","0.07452451036129903","","","","","","","","","","","","","","","","","","","","","","","","","","","","","","","","","","","",""
"68.436521743","2026-08-15 09:26:09.855616","/home/akatoki/SC-30/scripts/SC-30/2_phase/EM.py","log_msg","93","","","","[待機] alt=0.075 m","","","","","","","","","","","","","","","","","","","","","","","","","","","","","","","","","","","","","","","","","",""
"69.556844086","2026-08-15 09:26:10.975946","/home/akatoki/SC-30/scripts/SC-30/2_phase/EM.py","log_msg","93","","","","","","","","","","1.168690193286941","","","","","","","","","","","","","","","","","","","","","","","","","","","","","","","","","","","",""
"69.837692524","2026-08-15 09:26:11.256793","/home/akatoki/SC-30/scripts/SC-30/2_phase/EM.py","log_msg","93","","","","[待機] alt=1.169 m","","","","","","","","","","","","","","","","","","","","","","","","","","","","","","","","","","","","","","","","","",""
"70.942871013","2026-08-15 09:26:12.361960","/home/akatoki/SC-30/scripts/SC-30/2_phase/EM.py","log_msg","93","","","","","","","","","","0.01884123048356723","","","","","","","","","","","","","","","","","","","","","","","","","","","","","","","","","","","",""
"71.153819607","2026-08-15 09:26:12.572911","/home/akatoki/SC-30/scripts/SC-30/2_phase/EM.py","log_msg","93","","","","[待機] alt=0.019 m","","","","","","","","","","","","","","","","","","","","","","","","","","","","","","","","","","","","","","","","","",""
"72.260344634","2026-08-15 09:26:13.679428","/home/akatoki/SC-30/scripts/SC-30/2_phase/EM.py","log_msg","93","","","","","","","","","","0.5193796318799304","","","","","","","","","","","","","","","","","","","","","","","","","","","","","","","","","","","",""
"73.420898312","2026-08-15 09:26:14.839989","/home/akatoki/SC-30/scripts/SC-30/2_phase/EM.py","log_msg","93","","","","[待機] alt=0.519 m","","","","","","","","","","","","","","","","","","","","","","","","","","","","","","","","","","","","","","","","","",""
"74.530788849","2026-08-15 09:26:15.949873","/home/akatoki/SC-30/scripts/SC-30/2_phase/EM.py","log_msg","93","","","","","","","","","","0.6191782718825989","","","","","","","","","","","","","","","","","","","","","","","","","","","","","","","","","","","",""
"74.536987933","2026-08-15 09:26:15.956081","/home/akatoki/SC-30/scripts/SC-30/2_phase/EM.py","log_msg","93","","","","[待機] alt=0.619 m","","","","","","","","","","","","","","","","","","","","","","","","","","","","","","","","","","","","","","","","","",""
"75.648076798","2026-08-15 09:26:17.067160","/home/akatoki/SC-30/scripts/SC-30/2_phase/EM.py","log_msg","93","","","","","","","","","","0.21751991787141822","","","","","","","","","","","","","","","","","","","","","","","","","","","","","","","","","","","",""
"75.660787327","2026-08-15 09:26:17.079881","/home/akatoki/SC-30/scripts/SC-30/2_phase/EM.py","log_msg","93","","","","[待機] alt=0.218 m","","","","","","","","","","","","","","","","","","","","","","","","","","","","","","","","","","","","","","","","","",""
"76.77170545","2026-08-15 09:26:18.190789","/home/akatoki/SC-30/scripts/SC-30/2_phase/EM.py","log_msg","93","","","","","","","","","","0.7613802088799249","","","","","","","","","","","","","","","","","","","","","","","","","","","","","","","","","","","",""
"76.803060671","2026-08-15 09:26:18.222154","/home/akatoki/SC-30/scripts/SC-30/2_phase/EM.py","log_msg","93","","","","[待機] alt=0.761 m","","","","","","","","","","","","","","","","","","","","","","","","","","","","","","","","","","","","","","","","","",""
"77.978483854","2026-08-15 09:26:19.397568","/home/akatoki/SC-30/scripts/SC-30/2_phase/EM.py","log_msg","93","","","","","","","","","","1.0782664688482169","","","","","","","","","","","","","","","","","","","","","","","","","","","","","","","","","","","",""
"77.982553579","2026-08-15 09:26:19.401646","/home/akatoki/SC-30/scripts/SC-30/2_phase/EM.py","log_msg","93","","","","[待機] alt=1.078 m","","","","","","","","","","","","","","","","","","","","","","","","","","","","","","","","","","","","","","","","","",""
"79.092073334","2026-08-15 09:26:20.511168","/home/akatoki/SC-30/scripts/SC-30/2_phase/EM.py","log_msg","93","","","","","","","","","","0.0903458582104677","","","","","","","","","","","","","","","","","","","","","","","","","","","","","","","","","","","",""
"79.876164999","2026-08-15 09:26:21.295258","/home/akatoki/SC-30/scripts/SC-30/2_phase/EM.py","log_msg","93","","","","[待機] alt=0.090 m","","","","","","","","","","","","","","","","","","","","","","","","","","","","","","","","","","","","","","","","","",""
"80.997832522","2026-08-15 09:26:22.416921","/home/akatoki/SC-30/scripts/SC-30/2_phase/EM.py","log_msg","93","","","","","","","","","","0.2616352772088959","","","","","","","","","","","","","","","","","","","","","","","","","","","","","","","","","","","",""
"81.015713266","2026-08-15 09:26:22.434812","/home/akatoki/SC-30/scripts/SC-30/2_phase/EM.py","log_msg","93","","","","[待機] alt=0.262 m","","","","","","","","","","","","","","","","","","","","","","","","","","","","","","","","","","","","","","","","","",""
"82.139969858","2026-08-15 09:26:23.559058","/home/akatoki/SC-30/scripts/SC-30/2_phase/EM.py","log_msg","93","","","","","","","","","","0.640781035682535","","","","","","","","","","","","","","","","","","","","","","","","","","","","","","","","","","","",""
"82.143393458","2026-08-15 09:26:23.562486","/home/akatoki/SC-30/scripts/SC-30/2_phase/EM.py","log_msg","93","","","","[待機] alt=0.641 m","","","","","","","","","","","","","","","","","","","","","","","","","","","","","","","","","","","","","","","","","",""
"83.24849935","2026-08-15 09:26:24.667587","/home/akatoki/SC-30/scripts/SC-30/2_phase/EM.py","log_msg","93","","","","","","","","","","0.4761602163236167","","","","","","","","","","","","","","","","","","","","","","","","","","","","","","","","","","","",""
"83.281573423","2026-08-15 09:26:24.700666","/home/akatoki/SC-30/scripts/SC-30/2_phase/EM.py","log_msg","93","","","","[待機] alt=0.476 m","","","","","","","","","","","","","","","","","","","","","","","","","","","","","","","","","","","","","","","","","",""
"84.408722119","2026-08-15 09:26:25.827807","/home/akatoki/SC-30/scripts/SC-30/2_phase/EM.py","log_msg","93","","","","","","","","","","0.4545645758530681","","","","","","","","","","","","","","","","","","","","","","","","","","","","","","","","","","","",""
"84.414772366","2026-08-15 09:26:25.833867","/home/akatoki/SC-30/scripts/SC-30/2_phase/EM.py","log_msg","93","","","","[待機] alt=0.455 m","","","","","","","","","","","","","","","","","","","","","","","","","","","","","","","","","","","","","","","","","",""
"85.519980275","2026-08-15 09:26:26.939065","/home/akatoki/SC-30/scripts/SC-30/2_phase/EM.py","log_msg","93","","","","","","","","","","0.50448945188595","","","","","","","","","","","","","","","","","","","","","","","","","","","","","","","","","","","",""
"85.531204444","2026-08-15 09:26:26.950297","/home/akatoki/SC-30/scripts/SC-30/2_phase/EM.py","log_msg","93","","","","[待機] alt=0.504 m","","","","","","","","","","","","","","","","","","","","","","","","","","","","","","","","","","","","","","","","","",""
"86.636772058","2026-08-15 09:26:28.055859","/home/akatoki/SC-30/scripts/SC-30/2_phase/EM.py","log_msg","93","","","","","","","","","","0.17529545151337977","","","","","","","","","","","","","","","","","","","","","","","","","","","","","","","","","","","",""
"86.64187082","2026-08-15 09:26:28.060967","/home/akatoki/SC-30/scripts/SC-30/2_phase/EM.py","log_msg","93","","","","[待機] alt=0.175 m","","","","","","","","","","","","","","","","","","","","","","","","","","","","","","","","","","","","","","","","","",""
"87.749549809","2026-08-15 09:26:29.168634","/home/akatoki/SC-30/scripts/SC-30/2_phase/EM.py","log_msg","93","","","","","","","","","","-0.07961032707857862","","","","","","","","","","","","","","","","","","","","","","","","","","","","","","","","","","","",""
"87.753517668","2026-08-15 09:26:29.172610","/home/akatoki/SC-30/scripts/SC-30/2_phase/EM.py","log_msg","93","","","","[待機] alt=-0.080 m","","","","","","","","","","","","","","","","","","","","","","","","","","","","","","","","","","","","","","","","","",""
"88.859787637","2026-08-15 09:26:30.278872","/home/akatoki/SC-30/scripts/SC-30/2_phase/EM.py","log_msg","93","","","","","","","","","","0.18490556433336636","","","","","","","","","","","","","","","","","","","","","","","","","","","","","","","","","","","",""
"88.864136278","2026-08-15 09:26:30.283231","/home/akatoki/SC-30/scripts/SC-30/2_phase/EM.py","log_msg","93","","","","[待機] alt=0.185 m","","","","","","","","","","","","","","","","","","","","","","","","","","","","","","","","","","","","","","","","","",""
"89.97132992","2026-08-15 09:26:31.390413","/home/akatoki/SC-30/scripts/SC-30/2_phase/EM.py","log_msg","93","","","","","","","","","","0.640781035682535","","","","","","","","","","","","","","","","","","","","","","","","","","","","","","","","","","","",""
"89.976746798","2026-08-15 09:26:31.395839","/home/akatoki/SC-30/scripts/SC-30/2_phase/EM.py","log_msg","93","","","","[待機] alt=0.641 m","","","","","","","","","","","","","","","","","","","","","","","","","","","","","","","","","","","","","","","","","",""
"91.082756701","2026-08-15 09:26:32.501842","/home/akatoki/SC-30/scripts/SC-30/2_phase/EM.py","log_msg","93","","","","","","","","","","-0.08917643445596202","","","","","","","","","","","","","","","","","","","","","","","","","","","","","","","","","","","",""
"91.088919312","2026-08-15 09:26:32.508012","/home/akatoki/SC-30/scripts/SC-30/2_phase/EM.py","log_msg","93","","","","[待機] alt=-0.089 m","","","","","","","","","","","","","","","","","","","","","","","","","","","","","","","","","","","","","","","","","",""
"92.203904739","2026-08-15 09:26:33.622988","/home/akatoki/SC-30/scripts/SC-30/2_phase/EM.py","log_msg","93","","","","","","","","","","0.80540786763041","","","","","","","","","","","","","","","","","","","","","","","","","","","","","","","","","","","",""
"92.210405527","2026-08-15 09:26:33.629516","/home/akatoki/SC-30/scripts/SC-30/2_phase/EM.py","log_msg","93","","","","[待機] alt=0.805 m","","","","","","","","","","","","","","","","","","","","","","","","","","","","","","","","","","","","","","","","","",""
"93.321579791","2026-08-15 09:26:34.740664","/home/akatoki/SC-30/scripts/SC-30/2_phase/EM.py","log_msg","93","","","","","","","","","","0.9052178131522237","","","","","","","","","","","","","","","","","","","","","","","","","","","","","","","","","","","",""
"93.326070975","2026-08-15 09:26:34.745164","/home/akatoki/SC-30/scripts/SC-30/2_phase/EM.py","log_msg","93","","","","[待機] alt=0.905 m","","","","","","","","","","","","","","","","","","","","","","","","","","","","","","","","","","","","","","","","","",""
"94.431527243","2026-08-15 09:26:35.850610","/home/akatoki/SC-30/scripts/SC-30/2_phase/EM.py","log_msg","93","","","","","","","","","","0.04881771166010629","","","","","","","","","","","","","","","","","","","","","","","","","","","","","","","","","","","",""
"94.435783215","2026-08-15 09:26:35.854877","/home/akatoki/SC-30/scripts/SC-30/2_phase/EM.py","log_msg","93","","","","[待機] alt=0.049 m","","","","","","","","","","","","","","","","","","","","","","","","","","","","","","","","","","","","","","","","","",""
"95.54209586","2026-08-15 09:26:36.961180","/home/akatoki/SC-30/scripts/SC-30/2_phase/EM.py","log_msg","93","","","","","","","","","","0.5356115193064104","","","","","","","","","","","","","","","","","","","","","","","","","","","","","","","","","","","",""
"95.549724875","2026-08-15 09:26:36.968820","/home/akatoki/SC-30/scripts/SC-30/2_phase/EM.py","log_msg","93","","","","[待機] alt=0.536 m","","","","","","","","","","","","","","","","","","","","","","","","","","","","","","","","","","","","","","","","","",""
"96.655714365","2026-08-15 09:26:38.074798","/home/akatoki/SC-30/scripts/SC-30/2_phase/EM.py","log_msg","93","","","","","","","","","","0.7355200464677547","","","","","","","","","","","","","","","","","","","","","","","","","","","","","","","","","","","",""
"96.664273222","2026-08-15 09:26:38.083370","/home/akatoki/SC-30/scripts/SC-30/2_phase/EM.py","log_msg","93","","","","[待機] alt=0.736 m","","","","","","","","","","","","","","","","","","","","","","","","","","","","","","","","","","","","","","","","","",""
"97.770127952","2026-08-15 09:26:39.189211","/home/akatoki/SC-30/scripts/SC-30/2_phase/EM.py","log_msg","93","","","","","","","","","","-0.13231785688992526","","","","","","","","","","","","","","","","","","","","","","","","","","","","","","","","","","","",""
"97.779473374","2026-08-15 09:26:39.198567","/home/akatoki/SC-30/scripts/SC-30/2_phase/EM.py","log_msg","93","","","","[待機] alt=-0.132 m","","","","","","","","","","","","","","","","","","","","","","","","","","","","","","","","","","","","","","","","","",""
"98.885636782","2026-08-15 09:26:40.304720","/home/akatoki/SC-30/scripts/SC-30/2_phase/EM.py","log_msg","93","","","","","","","","","","-0.0027810603798128497","","","","","","","","","","","","","","","","","","","","","","","","","","","","","","","","","","","",""
"98.889926286","2026-08-15 09:26:40.309022","/home/akatoki/SC-30/scripts/SC-30/2_phase/EM.py","log_msg","93","","","","[待機] alt=-0.003 m","","","","","","","","","","","","","","","","","","","","","","","","","","","","","","","","","","","","","","","","","",""
"99.99464892","2026-08-15 09:26:41.413732","/home/akatoki/SC-30/scripts/SC-30/2_phase/EM.py","log_msg","93","","","","","","","","","","0.11157242775210352","","","","","","","","","","","","","","","","","","","","","","","","","","","","","","","","","","","",""
"99.999143163","2026-08-15 09:26:41.418237","/home/akatoki/SC-30/scripts/SC-30/2_phase/EM.py","log_msg","93","","","","[待機] alt=0.112 m","","","","","","","","","","","","","","","","","","","","","","","","","","","","","","","","","","","","","","","","","",""
"101.104987203","2026-08-15 09:26:42.524072","/home/akatoki/SC-30/scripts/SC-30/2_phase/EM.py","log_msg","93","","","","","","","","","","-0.23308851140201314","","","","","","","","","","","","","","","","","","","","","","","","","","","","","","","","","","","",""
"101.109817644","2026-08-15 09:26:42.528913","/home/akatoki/SC-30/scripts/SC-30/2_phase/EM.py","log_msg","93","","","","[待機] alt=-0.233 m","","","","","","","","","","","","","","","","","","","","","","","","","","","","","","","","","","","","","","","","","",""
"102.21570306","2026-08-15 09:26:43.634788","/home/akatoki/SC-30/scripts/SC-30/2_phase/EM.py","log_msg","93","","","","","","","","","","-0.3106787054584337","","","","","","","","","","","","","","","","","","","","","","","","","","","","","","","","","","","",""
"102.225710764","2026-08-15 09:26:43.644808","/home/akatoki/SC-30/scripts/SC-30/2_phase/EM.py","log_msg","93","","","","[待機] alt=-0.311 m","","","","","","","","","","","","","","","","","","","","","","","","","","","","","","","","","","","","","","","","","",""
"103.333867852","2026-08-15 09:26:44.752951","/home/akatoki/SC-30/scripts/SC-30/2_phase/EM.py","log_msg","93","","","","","","","","","","0.17496124712258143","","","","","","","","","","","","","","","","","","","","","","","","","","","","","","","","","","","",""
"103.338358341","2026-08-15 09:26:44.757453","/home/akatoki/SC-30/scripts/SC-30/2_phase/EM.py","log_msg","93","","","","[待機] alt=0.175 m","","","","","","","","","","","","","","","","","","","","","","","","","","","","","","","","","","","","","","","","","",""
"104.443839293","2026-08-15 09:26:45.862923","/home/akatoki/SC-30/scripts/SC-30/2_phase/EM.py","log_msg","93","","","","","","","","","","-0.23782387394139182","","","","","","","","","","","","","","","","","","","","","","","","","","","","","","","","","","","",""
"104.454304128","2026-08-15 09:26:45.873398","/home/akatoki/SC-30/scripts/SC-30/2_phase/EM.py","log_msg","93","","","","[待機] alt=-0.238 m","","","","","","","","","","","","","","","","","","","","","","","","","","","","","","","","","","","","","","","","","",""
"105.561207733","2026-08-15 09:26:46.980294","/home/akatoki/SC-30/scripts/SC-30/2_phase/EM.py","log_msg","93","","","","","","","","","","0.11104665308523387","","","","","","","","","","","","","","","","","","","","","","","","","","","","","","","","","","","",""
"105.568094739","2026-08-15 09:26:46.987189","/home/akatoki/SC-30/scripts/SC-30/2_phase/EM.py","log_msg","93","","","","[待機] alt=0.111 m","","","","","","","","","","","","","","","","","","","","","","","","","","","","","","","","","","","","","","","","","",""
"106.673323905","2026-08-15 09:26:48.092408","/home/akatoki/SC-30/scripts/SC-30/2_phase/EM.py","log_msg","93","","","","","","","","","","-0.22434762218180637","","","","","","","","","","","","","","","","","","","","","","","","","","","","","","","","","","","",""
"106.684715923","2026-08-15 09:26:48.103820","/home/akatoki/SC-30/scripts/SC-30/2_phase/EM.py","log_msg","93","","","","[待機] alt=-0.224 m","","","","","","","","","","","","","","","","","","","","","","","","","","","","","","","","","","","","","","","","","",""
"107.791439814","2026-08-15 09:26:49.210524","/home/akatoki/SC-30/scripts/SC-30/2_phase/EM.py","log_msg","93","","","","","","","","","","-0.15288294074821795","","","","","","","","","","","","","","","","","","","","","","","","","","","","","","","","","","","",""
"107.795778058","2026-08-15 09:26:49.214873","/home/akatoki/SC-30/scripts/SC-30/2_phase/EM.py","log_msg","93","","","","[待機] alt=-0.153 m","","","","","","","","","","","","","","","","","","","","","","","","","","","","","","","","","","","","","","","","","",""
"108.900652209","2026-08-15 09:26:50.319736","/home/akatoki/SC-30/scripts/SC-30/2_phase/EM.py","log_msg","93","","","","","","","","","","-0.06504274659879572","","","","","","","","","","","","","","","","","","","","","","","","","","","","","","","","","","","",""
"108.907365093","2026-08-15 09:26:50.326461","/home/akatoki/SC-30/scripts/SC-30/2_phase/EM.py","log_msg","93","","","","[待機] alt=-0.065 m","","","","","","","","","","","","","","","","","","","","","","","","","","","","","","","","","","","","","","","","","",""
"110.012104996","2026-08-15 09:26:51.431189","/home/akatoki/SC-30/scripts/SC-30/2_phase/EM.py","log_msg","93","","","","","","","","","","-0.372860302403224","","","","","","","","","","","","","","","","","","","","","","","","","","","","","","","","","","","",""
"110.016486154","2026-08-15 09:26:51.435585","/home/akatoki/SC-30/scripts/SC-30/2_phase/EM.py","log_msg","93","","","","[待機] alt=-0.373 m","","","","","","","","","","","","","","","","","","","","","","","","","","","","","","","","","","","","","","","","","",""
"111.12355808","2026-08-15 09:26:52.542643","/home/akatoki/SC-30/scripts/SC-30/2_phase/EM.py","log_msg","93","","","","","","","","","","-0.7627579994106926","","","","","","","","","","","","","","","","","","","","","","","","","","","","","","","","","","","",""
"111.129119866","2026-08-15 09:26:52.548235","/home/akatoki/SC-30/scripts/SC-30/2_phase/EM.py","log_msg","93","","","","[待機] alt=-0.763 m","","","","","","","","","","","","","","","","","","","","","","","","","","","","","","","","","","","","","","","","","",""
"112.237558255","2026-08-15 09:26:53.656647","/home/akatoki/SC-30/scripts/SC-30/2_phase/EM.py","log_msg","93","","","","","","","","","","-0.7819066319175638","","","","","","","","","","","","","","","","","","","","","","","","","","","","","","","","","","","",""
"112.242451027","2026-08-15 09:26:53.661556","/home/akatoki/SC-30/scripts/SC-30/2_phase/EM.py","log_msg","93","","","","[待機] alt=-0.782 m","","","","","","","","","","","","","","","","","","","","","","","","","","","","","","","","","","","","","","","","","",""
"113.351094901","2026-08-15 09:26:54.770179","/home/akatoki/SC-30/scripts/SC-30/2_phase/EM.py","log_msg","93","","","","","","","","","","-0.5045349491302309","","","","","","","","","","","","","","","","","","","","","","","","","","","","","","","","","","","",""
"113.355350327","2026-08-15 09:26:54.774446","/home/akatoki/SC-30/scripts/SC-30/2_phase/EM.py","log_msg","93","","","","[待機] alt=-0.505 m","","","","","","","","","","","","","","","","","","","","","","","","","","","","","","","","","","","","","","","","","",""
"114.461714692","2026-08-15 09:26:55.880803","/home/akatoki/SC-30/scripts/SC-30/2_phase/EM.py","log_msg","93","","","","","","","","","","-0.7960547092039172","","","","","","","","","","","","","","","","","","","","","","","","","","","","","","","","","","","",""
"114.467066891","2026-08-15 09:26:55.886198","/home/akatoki/SC-30/scripts/SC-30/2_phase/EM.py","log_msg","93","","","","[待機] alt=-0.796 m","","","","","","","","","","","","","","","","","","","","","","","","","","","","","","","","","","","","","","","","","",""
"115.573600308","2026-08-15 09:26:56.992684","/home/akatoki/SC-30/scripts/SC-30/2_phase/EM.py","log_msg","93","","","","","","","","","","0.061512830587910905","","","","","","","","","","","","","","","","","","","","","","","","","","","","","","","","","","","",""
"115.578273338","2026-08-15 09:26:56.997369","/home/akatoki/SC-30/scripts/SC-30/2_phase/EM.py","log_msg","93","","","","[待機] alt=0.062 m","","","","","","","","","","","","","","","","","","","","","","","","","","","","","","","","","","","","","","","","","",""
"116.684701951","2026-08-15 09:26:58.103786","/home/akatoki/SC-30/scripts/SC-30/2_phase/EM.py","log_msg","93","","","","","","","","","","0.5483565574692018","","","","","","","","","","","","","","","","","","","","","","","","","","","","","","","","","","","",""
"116.689133886","2026-08-15 09:26:58.108230","/home/akatoki/SC-30/scripts/SC-30/2_phase/EM.py","log_msg","93","","","","[待機] alt=0.548 m","","","","","","","","","","","","","","","","","","","","","","","","","","","","","","","","","","","","","","","","","",""
"117.794175737","2026-08-15 09:26:59.213263","/home/akatoki/SC-30/scripts/SC-30/2_phase/EM.py","log_msg","93","","","","","","","","","","-0.8634477382300676","","","","","","","","","","","","","","","","","","","","","","","","","","","","","","","","","","","",""
"117.798677724","2026-08-15 09:26:59.217778","/home/akatoki/SC-30/scripts/SC-30/2_phase/EM.py","log_msg","93","","","","[待機] alt=-0.863 m","","","","","","","","","","","","","","","","","","","","","","","","","","","","","","","","","","","","","","","","","",""
"118.904341005","2026-08-15 09:27:00.323428","/home/akatoki/SC-30/scripts/SC-30/2_phase/EM.py","log_msg","93","","","","","","","","","","0.3120504241931721","","","","","","","","","","","","","","","","","","","","","","","","","","","","","","","","","","","",""
"118.914403365","2026-08-15 09:27:00.333503","/home/akatoki/SC-30/scripts/SC-30/2_phase/EM.py","log_msg","93","","","","[待機] alt=0.312 m","","","","","","","","","","","","","","","","","","","","","","","","","","","","","","","","","","","","","","","","","",""
"120.019955166","2026-08-15 09:27:01.439042","/home/akatoki/SC-30/scripts/SC-30/2_phase/EM.py","log_msg","93","","","","","","","","","","-0.18951595956280265","","","","","","","","","","","","","","","","","","","","","","","","","","","","","","","","","","","",""
"120.026110123","2026-08-15 09:27:01.445208","/home/akatoki/SC-30/scripts/SC-30/2_phase/EM.py","log_msg","93","","","","[待機] alt=-0.190 m","","","","","","","","","","","","","","","","","","","","","","","","","","","","","","","","","","","","","","","","","",""
"121.131279776","2026-08-15 09:27:02.550368","/home/akatoki/SC-30/scripts/SC-30/2_phase/EM.py","log_msg","93","","","","","","","","","","-0.1833741932352595","","","","","","","","","","","","","","","","","","","","","","","","","","","","","","","","","","","",""
"121.138044838","2026-08-15 09:27:02.557145","/home/akatoki/SC-30/scripts/SC-30/2_phase/EM.py","log_msg","93","","","","[待機] alt=-0.183 m","","","","","","","","","","","","","","","","","","","","","","","","","","","","","","","","","","","","","","","","","",""
"122.243537716","2026-08-15 09:27:03.662625","/home/akatoki/SC-30/scripts/SC-30/2_phase/EM.py","log_msg","93","","","","","","","","","","-0.13996645276251884","","","","","","","","","","","","","","","","","","","","","","","","","","","","","","","","","","","",""
"122.254736585","2026-08-15 09:27:03.673834","/home/akatoki/SC-30/scripts/SC-30/2_phase/EM.py","log_msg","93","","","","[待機] alt=-0.140 m","","","","","","","","","","","","","","","","","","","","","","","","","","","","","","","","","","","","","","","","","",""
"123.363402751","2026-08-15 09:27:04.782489","/home/akatoki/SC-30/scripts/SC-30/2_phase/EM.py","log_msg","93","","","","","","","","","","0.003146669865413676","","","","","","","","","","","","","","","","","","","","","","","","","","","","","","","","","","","",""
"123.368288226","2026-08-15 09:27:04.787386","/home/akatoki/SC-30/scripts/SC-30/2_phase/EM.py","log_msg","93","","","","[待機] alt=0.003 m","","","","","","","","","","","","","","","","","","","","","","","","","","","","","","","","","","","","","","","","","",""
"124.477875653","2026-08-15 09:27:05.896969","/home/akatoki/SC-30/scripts/SC-30/2_phase/EM.py","log_msg","93","","","","","","","","","","-0.4257579493433572","","","","","","","","","","","","","","","","","","","","","","","","","","","","","","","","","","","",""
"124.481540761","2026-08-15 09:27:05.900640","/home/akatoki/SC-30/scripts/SC-30/2_phase/EM.py","log_msg","93","","","","[待機] alt=-0.426 m","","","","","","","","","","","","","","","","","","","","","","","","","","","","","","","","","","","","","","","","","",""
"125.587560492","2026-08-15 09:27:07.006648","/home/akatoki/SC-30/scripts/SC-30/2_phase/EM.py","log_msg","93","","","","","","","","","","-0.12683590273296463","","","","","","","","","","","","","","","","","","","","","","","","","","","","","","","","","","","",""
"125.592878622","2026-08-15 09:27:07.011978","/home/akatoki/SC-30/scripts/SC-30/2_phase/EM.py","log_msg","93","","","","[待機] alt=-0.127 m","","","","","","","","","","","","","","","","","","","","","","","","","","","","","","","","","","","","","","","","","",""
"126.704980093","2026-08-15 09:27:08.124071","/home/akatoki/SC-30/scripts/SC-30/2_phase/EM.py","log_msg","93","","","","","","","","","","0.46086717106184394","","","","","","","","","","","","","","","","","","","","","","","","","","","","","","","","","","","",""
"126.710238379","2026-08-15 09:27:08.129336","/home/akatoki/SC-30/scripts/SC-30/2_phase/EM.py","log_msg","93","","","","[待機] alt=0.461 m","","","","","","","","","","","","","","","","","","","","","","","","","","","","","","","","","","","","","","","","","",""
"127.816150341","2026-08-15 09:27:09.235240","/home/akatoki/SC-30/scripts/SC-30/2_phase/EM.py","log_msg","93","","","","","","","","","","-1.071844756185134","","","","","","","","","","","","","","","","","","","","","","","","","","","","","","","","","","","",""
"127.822339097","2026-08-15 09:27:09.241437","/home/akatoki/SC-30/scripts/SC-30/2_phase/EM.py","log_msg","93","","","","[待機] alt=-1.072 m","","","","","","","","","","","","","","","","","","","","","","","","","","","","","","","","","","","","","","","","","",""
"128.929000625","2026-08-15 09:27:10.348090","/home/akatoki/SC-30/scripts/SC-30/2_phase/EM.py","log_msg","93","","","","","","","","","","-0.6271858503353944","","","","","","","","","","","","","","","","","","","","","","","","","","","","","","","","","","","",""
"128.933619119","2026-08-15 09:27:10.352742","/home/akatoki/SC-30/scripts/SC-30/2_phase/EM.py","log_msg","93","","","","[待機] alt=-0.627 m","","","","","","","","","","","","","","","","","","","","","","","","","","","","","","","","","","","","","","","","","",""
"130.040304227","2026-08-15 09:27:11.459391","/home/akatoki/SC-30/scripts/SC-30/2_phase/EM.py","log_msg","93","","","","","","","","","","-0.5338727729068871","","","","","","","","","","","","","","","","","","","","","","","","","","","","","","","","","","","",""
"130.060789399","2026-08-15 09:27:11.479887","/home/akatoki/SC-30/scripts/SC-30/2_phase/EM.py","log_msg","93","","","","[待機] alt=-0.534 m","","","","","","","","","","","","","","","","","","","","","","","","","","","","","","","","","","","","","","","","","",""
"131.174456118","2026-08-15 09:27:12.593541","/home/akatoki/SC-30/scripts/SC-30/2_phase/EM.py","log_msg","93","","","","","","","","","","-1.034202732723306","","","","","","","","","","","","","","","","","","","","","","","","","","","","","","","","","","","",""
"131.179075809","2026-08-15 09:27:12.598173","/home/akatoki/SC-30/scripts/SC-30/2_phase/EM.py","log_msg","93","","","","[待機] alt=-1.034 m","","","","","","","","","","","","","","","","","","","","","","","","","","","","","","","","","","","","","","","","","",""
"132.284373506","2026-08-15 09:27:13.703457","/home/akatoki/SC-30/scripts/SC-30/2_phase/EM.py","log_msg","93","","","","","","","","","","-1.0047974032965978","","","","","","","","","","","","","","","","","","","","","","","","","","","","","","","","","","","",""
"132.2940207","2026-08-15 09:27:13.713112","/home/akatoki/SC-30/scripts/SC-30/2_phase/EM.py","log_msg","93","","","","[待機] alt=-1.005 m","","","","","","","","","","","","","","","","","","","","","","","","","","","","","","","","","","","","","","","","","",""
"133.410340226","2026-08-15 09:27:14.829423","/home/akatoki/SC-30/scripts/SC-30/2_phase/EM.py","log_msg","93","","","","","","","","","","-0.8950523813213862","","","","","","","","","","","","","","","","","","","","","","","","","","","","","","","","","","","",""
"133.421372785","2026-08-15 09:27:14.840465","/home/akatoki/SC-30/scripts/SC-30/2_phase/EM.py","log_msg","93","","","","[待機] alt=-0.895 m","","","","","","","","","","","","","","","","","","","","","","","","","","","","","","","","","","","","","","","","","",""
"134.527708036","2026-08-15 09:27:15.946801","/home/akatoki/SC-30/scripts/SC-30/2_phase/EM.py","log_msg","93","","","","","","","","","","-1.2385592137383217","","","","","","","","","","","","","","","","","","","","","","","","","","","","","","","","","","","",""
"134.546860599","2026-08-15 09:27:15.965953","/home/akatoki/SC-30/scripts/SC-30/2_phase/EM.py","log_msg","93","","","","[待機] alt=-1.239 m","","","","","","","","","","","","","","","","","","","","","","","","","","","","","","","","","","","","","","","","","",""
"135.658947263","2026-08-15 09:27:17.078035","/home/akatoki/SC-30/scripts/SC-30/2_phase/EM.py","log_msg","93","","","","","","","","","","-0.7711158313033284","","","","","","","","","","","","","","","","","","","","","","","","","","","","","","","","","","","",""
"135.663728151","2026-08-15 09:27:17.082824","/home/akatoki/SC-30/scripts/SC-30/2_phase/EM.py","log_msg","93","","","","[待機] alt=-0.771 m","","","","","","","","","","","","","","","","","","","","","","","","","","","","","","","","","","","","","","","","","",""
"136.768880817","2026-08-15 09:27:18.187966","/home/akatoki/SC-30/scripts/SC-30/2_phase/EM.py","log_msg","93","","","","","","","","","","-1.5649710962130325","","","","","","","","","","","","","","","","","","","","","","","","","","","","","","","","","","","",""
"136.778204927","2026-08-15 09:27:18.197300","/home/akatoki/SC-30/scripts/SC-30/2_phase/EM.py","log_msg","93","","","","[待機] alt=-1.565 m","","","","","","","","","","","","","","","","","","","","","","","","","","","","","","","","","","","","","","","","","",""
"137.883149433","2026-08-15 09:27:19.302238","/home/akatoki/SC-30/scripts/SC-30/2_phase/EM.py","log_msg","93","","","","","","","","","","-1.190742538354146","","","","","","","","","","","","","","","","","","","","","","","","","","","","","","","","","","","",""
"137.887663827","2026-08-15 09:27:19.306761","/home/akatoki/SC-30/scripts/SC-30/2_phase/EM.py","log_msg","93","","","","[待機] alt=-1.191 m","","","","","","","","","","","","","","","","","","","","","","","","","","","","","","","","","","","","","","","","","",""
"138.994250128","2026-08-15 09:27:20.413337","/home/akatoki/SC-30/scripts/SC-30/2_phase/EM.py","log_msg","93","","","","","","","","","","-0.8954635090419716","","","","","","","","","","","","","","","","","","","","","","","","","","","","","","","","","","","",""
"139.000924929","2026-08-15 09:27:20.420024","/home/akatoki/SC-30/scripts/SC-30/2_phase/EM.py","log_msg","93","","","","[待機] alt=-0.895 m","","","","","","","","","","","","","","","","","","","","","","","","","","","","","","","","","","","","","","","","","",""
"140.117665769","2026-08-15 09:27:21.536747","/home/akatoki/SC-30/scripts/SC-30/2_phase/EM.py","log_msg","93","","","","","","","","","","-0.9494525257978181","","","","","","","","","","","","","","","","","","","","","","","","","","","","","","","","","","","",""
"140.127513228","2026-08-15 09:27:21.546603","/home/akatoki/SC-30/scripts/SC-30/2_phase/EM.py","log_msg","93","","","","[待機] alt=-0.949 m","","","","","","","","","","","","","","","","","","","","","","","","","","","","","","","","","","","","","","","","","",""
"141.233070744","2026-08-15 09:27:22.652161","/home/akatoki/SC-30/scripts/SC-30/2_phase/EM.py","log_msg","93","","","","","","","","","","-1.1664766343120792","","","","","","","","","","","","","","","","","","","","","","","","","","","","","","","","","","","",""
"141.248922202","2026-08-15 09:27:22.668014","/home/akatoki/SC-30/scripts/SC-30/2_phase/EM.py","log_msg","93","","","","[待機] alt=-1.166 m","","","","","","","","","","","","","","","","","","","","","","","","","","","","","","","","","","","","","","","","","",""
"142.365664189","2026-08-15 09:27:23.784747","/home/akatoki/SC-30/scripts/SC-30/2_phase/EM.py","log_msg","93","","","","","","","","","","-0.680268025345252","","","","","","","","","","","","","","","","","","","","","","","","","","","","","","","","","","","",""
"142.370013845","2026-08-15 09:27:23.789107","/home/akatoki/SC-30/scripts/SC-30/2_phase/EM.py","log_msg","93","","","","[待機] alt=-0.680 m","","","","","","","","","","","","","","","","","","","","","","","","","","","","","","","","","","","","","","","","","",""
"143.474980268","2026-08-15 09:27:24.894064","/home/akatoki/SC-30/scripts/SC-30/2_phase/EM.py","log_msg","93","","","","","","","","","","-1.5623171471380592","","","","","","","","","","","","","","","","","","","","","","","","","","","","","","","","","","","",""
"143.47933462","2026-08-15 09:27:24.898429","/home/akatoki/SC-30/scripts/SC-30/2_phase/EM.py","log_msg","93","","","","[待機] alt=-1.562 m","","","","","","","","","","","","","","","","","","","","","","","","","","","","","","","","","","","","","","","","","",""
"144.593845107","2026-08-15 09:27:26.012932","/home/akatoki/SC-30/scripts/SC-30/2_phase/EM.py","log_msg","93","","","","","","","","","","-0.763146495176108","","","","","","","","","","","","","","","","","","","","","","","","","","","","","","","","","","","",""
"144.59900457","2026-08-15 09:27:26.018097","/home/akatoki/SC-30/scripts/SC-30/2_phase/EM.py","log_msg","93","","","","[待機] alt=-0.763 m","","","","","","","","","","","","","","","","","","","","","","","","","","","","","","","","","","","","","","","","","",""
"145.703964185","2026-08-15 09:27:27.123048","/home/akatoki/SC-30/scripts/SC-30/2_phase/EM.py","log_msg","93","","","","","","","","","","-0.8877578395397467","","","","","","","","","","","","","","","","","","","","","","","","","","","","","","","","","","","",""
"145.708274764","2026-08-15 09:27:27.127369","/home/akatoki/SC-30/scripts/SC-30/2_phase/EM.py","log_msg","93","","","","[待機] alt=-0.888 m","","","","","","","","","","","","","","","","","","","","","","","","","","","","","","","","","","","","","","","","","",""
"146.813137906","2026-08-15 09:27:28.232222","/home/akatoki/SC-30/scripts/SC-30/2_phase/EM.py","log_msg","93","","","","","","","","","","-1.2555675894748886","","","","","","","","","","","","","","","","","","","","","","","","","","","","","","","","","","","",""
"146.819069625","2026-08-15 09:27:28.238163","/home/akatoki/SC-30/scripts/SC-30/2_phase/EM.py","log_msg","93","","","","[待機] alt=-1.256 m","","","","","","","","","","","","","","","","","","","","","","","","","","","","","","","","","","","","","","","","","",""
"147.928390336","2026-08-15 09:27:29.347475","/home/akatoki/SC-30/scripts/SC-30/2_phase/EM.py","log_msg","93","","","","","","","","","","-1.2396804223830693","","","","","","","","","","","","","","","","","","","","","","","","","","","","","","","","","","","",""
"147.932694705","2026-08-15 09:27:29.351788","/home/akatoki/SC-30/scripts/SC-30/2_phase/EM.py","log_msg","93","","","","[待機] alt=-1.240 m","","","","","","","","","","","","","","","","","","","","","","","","","","","","","","","","","","","","","","","","","",""
"149.039844364","2026-08-15 09:27:30.458929","/home/akatoki/SC-30/scripts/SC-30/2_phase/EM.py","log_msg","93","","","","","","","","","","-0.8188247617355726","","","","","","","","","","","","","","","","","","","","","","","","","","","","","","","","","","","",""
"149.058212598","2026-08-15 09:27:30.477305","/home/akatoki/SC-30/scripts/SC-30/2_phase/EM.py","log_msg","93","","","","[待機] alt=-0.819 m","","","","","","","","","","","","","","","","","","","","","","","","","","","","","","","","","","","","","","","","","",""
"150.176175856","2026-08-15 09:27:31.595260","/home/akatoki/SC-30/scripts/SC-30/2_phase/EM.py","log_msg","93","","","","","","","","","","-0.9164122681075293","","","","","","","","","","","","","","","","","","","","","","","","","","","","","","","","","","","",""
"150.180074671","2026-08-15 09:27:31.599168","/home/akatoki/SC-30/scripts/SC-30/2_phase/EM.py","log_msg","93","","","","[待機] alt=-0.916 m","","","","","","","","","","","","","","","","","","","","","","","","","","","","","","","","","","","","","","","","","",""
"151.29145931","2026-08-15 09:27:32.710543","/home/akatoki/SC-30/scripts/SC-30/2_phase/EM.py","log_msg","93","","","","","","","","","","-0.14441194946361868","","","","","","","","","","","","","","","","","","","","","","","","","","","","","","","","","","","",""
"151.305557051","2026-08-15 09:27:32.724651","/home/akatoki/SC-30/scripts/SC-30/2_phase/EM.py","log_msg","93","","","","[待機] alt=-0.144 m","","","","","","","","","","","","","","","","","","","","","","","","","","","","","","","","","","","","","","","","","",""
"152.410914482","2026-08-15 09:27:33.830001","/home/akatoki/SC-30/scripts/SC-30/2_phase/EM.py","log_msg","93","","","","","","","","","","-1.0688865206634168","","","","","","","","","","","","","","","","","","","","","","","","","","","","","","","","","","","",""
"152.41659361","2026-08-15 09:27:33.835685","/home/akatoki/SC-30/scripts/SC-30/2_phase/EM.py","log_msg","93","","","","[待機] alt=-1.069 m","","","","","","","","","","","","","","","","","","","","","","","","","","","","","","","","","","","","","","","","","",""
"153.522045159","2026-08-15 09:27:34.941139","/home/akatoki/SC-30/scripts/SC-30/2_phase/EM.py","log_msg","93","","","","","","","","","","-0.3812022994405839","","","","","","","","","","","","","","","","","","","","","","","","","","","","","","","","","","","",""
"153.606797144","2026-08-15 09:27:35.025891","/home/akatoki/SC-30/scripts/SC-30/2_phase/EM.py","log_msg","93","","","","[待機] alt=-0.381 m","","","","","","","","","","","","","","","","","","","","","","","","","","","","","","","","","","","","","","","","","",""
"154.77589026","2026-08-15 09:27:36.194973","/home/akatoki/SC-30/scripts/SC-30/2_phase/EM.py","log_msg","93","","","","","","","","","","-0.6666917935305672","","","","","","","","","","","","","","","","","","","","","","","","","","","","","","","","","","","",""
"154.780247152","2026-08-15 09:27:36.199340","/home/akatoki/SC-30/scripts/SC-30/2_phase/EM.py","log_msg","93","","","","[待機] alt=-0.667 m","","","","","","","","","","","","","","","","","","","","","","","","","","","","","","","","","","","","","","","","","",""
"155.891071383","2026-08-15 09:27:37.310155","/home/akatoki/SC-30/scripts/SC-30/2_phase/EM.py","log_msg","93","","","","","","","","","","-0.4072161738076252","","","","","","","","","","","","","","","","","","","","","","","","","","","","","","","","","","","",""
"155.901936548","2026-08-15 09:27:37.321029","/home/akatoki/SC-30/scripts/SC-30/2_phase/EM.py","log_msg","93","","","","[待機] alt=-0.407 m","","","","","","","","","","","","","","","","","","","","","","","","","","","","","","","","","","","","","","","","","",""
"157.020404246","2026-08-15 09:27:38.439494","/home/akatoki/SC-30/scripts/SC-30/2_phase/EM.py","log_msg","93","","","","","","","","","","-1.094917276891203","","","","","","","","","","","","","","","","","","","","","","","","","","","","","","","","","","","",""
"157.034750552","2026-08-15 09:27:38.453843","/home/akatoki/SC-30/scripts/SC-30/2_phase/EM.py","log_msg","93","","","","[待機] alt=-1.095 m","","","","","","","","","","","","","","","","","","","","","","","","","","","","","","","","","","","","","","","","","",""
"158.15660003","2026-08-15 09:27:39.575683","/home/akatoki/SC-30/scripts/SC-30/2_phase/EM.py","log_msg","93","","","","","","","","","","-0.4132185210727579","","","","","","","","","","","","","","","","","","","","","","","","","","","","","","","","","","","",""
"158.165350402","2026-08-15 09:27:39.584445","/home/akatoki/SC-30/scripts/SC-30/2_phase/EM.py","log_msg","93","","","","[待機] alt=-0.413 m","","","","","","","","","","","","","","","","","","","","","","","","","","","","","","","","","","","","","","","","","",""
"159.272719855","2026-08-15 09:27:40.691815","/home/akatoki/SC-30/scripts/SC-30/2_phase/EM.py","log_msg","93","","","","","","","","","","-0.7473191346001773","","","","","","","","","","","","","","","","","","","","","","","","","","","","","","","","","","","",""
"160.224353608","2026-08-15 09:27:41.643446","/home/akatoki/SC-30/scripts/SC-30/2_phase/EM.py","log_msg","93","","","","[待機] alt=-0.747 m","","","","","","","","","","","","","","","","","","","","","","","","","","","","","","","","","","","","","","","","","",""
"161.368513091","2026-08-15 09:27:42.787597","/home/akatoki/SC-30/scripts/SC-30/2_phase/EM.py","log_msg","93","","","","","","","","","","-0.8217961885635305","","","","","","","","","","","","","","","","","","","","","","","","","","","","","","","","","","","",""
"161.377634372","2026-08-15 09:27:42.796727","/home/akatoki/SC-30/scripts/SC-30/2_phase/EM.py","log_msg","93","","","","[待機] alt=-0.822 m","","","","","","","","","","","","","","","","","","","","","","","","","","","","","","","","","","","","","","","","","",""
"162.489990106","2026-08-15 09:27:43.909073","/home/akatoki/SC-30/scripts/SC-30/2_phase/EM.py","log_msg","93","","","","","","","","","","-0.4194563363813919","","","","","","","","","","","","","","","","","","","","","","","","","","","","","","","","","","","",""
"162.494073924","2026-08-15 09:27:43.913164","/home/akatoki/SC-30/scripts/SC-30/2_phase/EM.py","log_msg","93","","","","[待機] alt=-0.419 m","","","","","","","","","","","","","","","","","","","","","","","","","","","","","","","","","","","","","","","","","",""
"163.60675225","2026-08-15 09:27:45.025836","/home/akatoki/SC-30/scripts/SC-30/2_phase/EM.py","log_msg","93","","","","","","","","","","-1.2299195668699703","","","","","","","","","","","","","","","","","","","","","","","","","","","","","","","","","","","",""
"163.612272577","2026-08-15 09:27:45.031366","/home/akatoki/SC-30/scripts/SC-30/2_phase/EM.py","log_msg","93","","","","[待機] alt=-1.230 m","","","","","","","","","","","","","","","","","","","","","","","","","","","","","","","","","","","","","","","","","",""
"164.717495252","2026-08-15 09:27:46.136580","/home/akatoki/SC-30/scripts/SC-30/2_phase/EM.py","log_msg","93","","","","","","","","","","-0.35671731396311745","","","","","","","","","","","","","","","","","","","","","","","","","","","","","","","","","","","",""
"164.721657265","2026-08-15 09:27:46.140750","/home/akatoki/SC-30/scripts/SC-30/2_phase/EM.py","log_msg","93","","","","[待機] alt=-0.357 m","","","","","","","","","","","","","","","","","","","","","","","","","","","","","","","","","","","","","","","","","",""
"165.832876112","2026-08-15 09:27:47.251962","/home/akatoki/SC-30/scripts/SC-30/2_phase/EM.py","log_msg","93","","","","","","","","","","-0.4765782104454086","","","","","","","","","","","","","","","","","","","","","","","","","","","","","","","","","","","",""
"165.837149696","2026-08-15 09:27:47.256246","/home/akatoki/SC-30/scripts/SC-30/2_phase/EM.py","log_msg","93","","","","[待機] alt=-0.477 m","","","","","","","","","","","","","","","","","","","","","","","","","","","","","","","","","","","","","","","","","",""
"166.960464581","2026-08-15 09:27:48.379549","/home/akatoki/SC-30/scripts/SC-30/2_phase/EM.py","log_msg","93","","","","","","","","","","-1.190066273478123","","","","","","","","","","","","","","","","","","","","","","","","","","","","","","","","","","","",""
"166.966425705","2026-08-15 09:27:48.385519","/home/akatoki/SC-30/scripts/SC-30/2_phase/EM.py","log_msg","93","","","","[待機] alt=-1.190 m","","","","","","","","","","","","","","","","","","","","","","","","","","","","","","","","","","","","","","","","","",""
"168.076227744","2026-08-15 09:27:49.495315","/home/akatoki/SC-30/scripts/SC-30/2_phase/EM.py","log_msg","93","","","","","","","","","","-1.0528474445828229","","","","","","","","","","","","","","","","","","","","","","","","","","","","","","","","","","","",""
"168.080683603","2026-08-15 09:27:49.499778","/home/akatoki/SC-30/scripts/SC-30/2_phase/EM.py","log_msg","93","","","","[待機] alt=-1.053 m","","","","","","","","","","","","","","","","","","","","","","","","","","","","","","","","","","","","","","","","","",""
"169.190433125","2026-08-15 09:27:50.609519","/home/akatoki/SC-30/scripts/SC-30/2_phase/EM.py","log_msg","93","","","","","","","","","","-1.0043832649628137","","","","","","","","","","","","","","","","","","","","","","","","","","","","","","","","","","","",""
"169.200670032","2026-08-15 09:27:50.619776","/home/akatoki/SC-30/scripts/SC-30/2_phase/EM.py","log_msg","93","","","","[待機] alt=-1.004 m","","","","","","","","","","","","","","","","","","","","","","","","","","","","","","","","","","","","","","","","","",""
"170.306510082","2026-08-15 09:27:51.725594","/home/akatoki/SC-30/scripts/SC-30/2_phase/EM.py","log_msg","93","","","","","","","","","","-0.9586134997991325","","","","","","","","","","","","","","","","","","","","","","","","","","","","","","","","","","","",""
"170.310771949","2026-08-15 09:27:51.729868","/home/akatoki/SC-30/scripts/SC-30/2_phase/EM.py","log_msg","93","","","","[待機] alt=-0.959 m","","","","","","","","","","","","","","","","","","","","","","","","","","","","","","","","","","","","","","","","","",""
"171.416647423","2026-08-15 09:27:52.835731","/home/akatoki/SC-30/scripts/SC-30/2_phase/EM.py","log_msg","93","","","","","","","","","","-0.9531629106159389","","","","","","","","","","","","","","","","","","","","","","","","","","","","","","","","","","","",""
"171.420830821","2026-08-15 09:27:52.839922","/home/akatoki/SC-30/scripts/SC-30/2_phase/EM.py","log_msg","93","","","","[待機] alt=-0.953 m","","","","","","","","","","","","","","","","","","","","","","","","","","","","","","","","","","","","","","","","","",""
"172.531722195","2026-08-15 09:27:53.950808","/home/akatoki/SC-30/scripts/SC-30/2_phase/EM.py","log_msg","93","","","","","","","","","","-0.23967753054458196","","","","","","","","","","","","","","","","","","","","","","","","","","","","","","","","","","","",""
"172.540556413","2026-08-15 09:27:53.959672","/home/akatoki/SC-30/scripts/SC-30/2_phase/EM.py","log_msg","93","","","","[待機] alt=-0.240 m","","","","","","","","","","","","","","","","","","","","","","","","","","","","","","","","","","","","","","","","","",""
"173.648092767","2026-08-15 09:27:55.067180","/home/akatoki/SC-30/scripts/SC-30/2_phase/EM.py","log_msg","93","","","","","","","","","","-0.9330374968151034","","","","","","","","","","","","","","","","","","","","","","","","","","","","","","","","","","","",""
"173.669611466","2026-08-15 09:27:55.088710","/home/akatoki/SC-30/scripts/SC-30/2_phase/EM.py","log_msg","93","","","","[待機] alt=-0.933 m","","","","","","","","","","","","","","","","","","","","","","","","","","","","","","","","","","","","","","","","","",""
"174.782521094","2026-08-15 09:27:56.201605","/home/akatoki/SC-30/scripts/SC-30/2_phase/EM.py","log_msg","93","","","","","","","","","","-0.8616914356243743","","","","","","","","","","","","","","","","","","","","","","","","","","","","","","","","","","","",""
"174.791904774","2026-08-15 09:27:56.211000","/home/akatoki/SC-30/scripts/SC-30/2_phase/EM.py","log_msg","93","","","","[待機] alt=-0.862 m","","","","","","","","","","","","","","","","","","","","","","","","","","","","","","","","","","","","","","","","","",""
"175.896862208","2026-08-15 09:27:57.315946","/home/akatoki/SC-30/scripts/SC-30/2_phase/EM.py","log_msg","93","","","","","","","","","","-0.8159262606870898","","","","","","","","","","","","","","","","","","","","","","","","","","","","","","","","","","","",""
"175.901232768","2026-08-15 09:27:57.320329","/home/akatoki/SC-30/scripts/SC-30/2_phase/EM.py","log_msg","93","","","","[待機] alt=-0.816 m","","","","","","","","","","","","","","","","","","","","","","","","","","","","","","","","","","","","","","","","","",""
"177.009121341","2026-08-15 09:27:58.428205","/home/akatoki/SC-30/scripts/SC-30/2_phase/EM.py","log_msg","93","","","","","","","","","","-0.48475439253919284","","","","","","","","","","","","","","","","","","","","","","","","","","","","","","","","","","","",""
"177.014766997","2026-08-15 09:27:58.433867","/home/akatoki/SC-30/scripts/SC-30/2_phase/EM.py","log_msg","93","","","","[待機] alt=-0.485 m","","","","","","","","","","","","","","","","","","","","","","","","","","","","","","","","","","","","","","","","","",""
"178.121396876","2026-08-15 09:27:59.540481","/home/akatoki/SC-30/scripts/SC-30/2_phase/EM.py","log_msg","93","","","","","","","","","","-0.3930529962864848","","","","","","","","","","","","","","","","","","","","","","","","","","","","","","","","","","","",""
"178.127317113","2026-08-15 09:27:59.546412","/home/akatoki/SC-30/scripts/SC-30/2_phase/EM.py","log_msg","93","","","","[待機] alt=-0.393 m","","","","","","","","","","","","","","","","","","","","","","","","","","","","","","","","","","","","","","","","","",""
"179.233048632","2026-08-15 09:28:00.652133","/home/akatoki/SC-30/scripts/SC-30/2_phase/EM.py","log_msg","93","","","","","","","","","","-0.34206822643845225","","","","","","","","","","","","","","","","","","","","","","","","","","","","","","","","","","","",""
"179.238214583","2026-08-15 09:28:00.657309","/home/akatoki/SC-30/scripts/SC-30/2_phase/EM.py","log_msg","93","","","","[待機] alt=-0.342 m","","","","","","","","","","","","","","","","","","","","","","","","","","","","","","","","","","","","","","","","","",""
"180.343047709","2026-08-15 09:28:01.762132","/home/akatoki/SC-30/scripts/SC-30/2_phase/EM.py","log_msg","93","","","","","","","","","","-0.3795480791790906","","","","","","","","","","","","","","","","","","","","","","","","","","","","","","","","","","","",""
"180.347629001","2026-08-15 09:28:01.766724","/home/akatoki/SC-30/scripts/SC-30/2_phase/EM.py","log_msg","93","","","","[待機] alt=-0.380 m","","","","","","","","","","","","","","","","","","","","","","","","","","","","","","","","","","","","","","","","","",""
"181.452569238","2026-08-15 09:28:02.871653","/home/akatoki/SC-30/scripts/SC-30/2_phase/EM.py","log_msg","93","","","","","","","","","","0.08006511389761828","","","","","","","","","","","","","","","","","","","","","","","","","","","","","","","","","","","",""
"181.457493825","2026-08-15 09:28:02.876589","/home/akatoki/SC-30/scripts/SC-30/2_phase/EM.py","log_msg","93","","","","[待機] alt=0.080 m","","","","","","","","","","","","","","","","","","","","","","","","","","","","","","","","","","","","","","","","","",""
"182.568996634","2026-08-15 09:28:03.988082","/home/akatoki/SC-30/scripts/SC-30/2_phase/EM.py","log_msg","93","","","","","","","","","","-0.21908265606943145","","","","","","","","","","","","","","","","","","","","","","","","","","","","","","","","","","","",""
"182.573939186","2026-08-15 09:28:03.993033","/home/akatoki/SC-30/scripts/SC-30/2_phase/EM.py","log_msg","93","","","","[待機] alt=-0.219 m","","","","","","","","","","","","","","","","","","","","","","","","","","","","","","","","","","","","","","","","","",""
"183.678639124","2026-08-15 09:28:05.097724","/home/akatoki/SC-30/scripts/SC-30/2_phase/EM.py","log_msg","93","","","","","","","","","","-0.29655845340942566","","","","","","","","","","","","","","","","","","","","","","","","","","","","","","","","","","","",""
"183.683187391","2026-08-15 09:28:05.102284","/home/akatoki/SC-30/scripts/SC-30/2_phase/EM.py","log_msg","93","","","","[待機] alt=-0.297 m","","","","","","","","","","","","","","","","","","","","","","","","","","","","","","","","","","","","","","","","","",""
"184.789774571","2026-08-15 09:28:06.208859","/home/akatoki/SC-30/scripts/SC-30/2_phase/EM.py","log_msg","93","","","","","","","","","","-0.7399487640321345","","","","","","","","","","","","","","","","","","","","","","","","","","","","","","","","","","","",""
"184.794983156","2026-08-15 09:28:06.214078","/home/akatoki/SC-30/scripts/SC-30/2_phase/EM.py","log_msg","93","","","","[待機] alt=-0.740 m","","","","","","","","","","","","","","","","","","","","","","","","","","","","","","","","","","","","","","","","","",""
"185.906931531","2026-08-15 09:28:07.326017","/home/akatoki/SC-30/scripts/SC-30/2_phase/EM.py","log_msg","93","","","","","","","","","","0.37218370349202057","","","","","","","","","","","","","","","","","","","","","","","","","","","","","","","","","","","",""
"185.913791514","2026-08-15 09:28:07.332890","/home/akatoki/SC-30/scripts/SC-30/2_phase/EM.py","log_msg","93","","","","[待機] alt=0.372 m","","","","","","","","","","","","","","","","","","","","","","","","","","","","","","","","","","","","","","","","","",""
"187.021030019","2026-08-15 09:28:08.440114","/home/akatoki/SC-30/scripts/SC-30/2_phase/EM.py","log_msg","93","","","","","","","","","","-0.5865438278837276","","","","","","","","","","","","","","","","","","","","","","","","","","","","","","","","","","","",""
"187.025769093","2026-08-15 09:28:08.444864","/home/akatoki/SC-30/scripts/SC-30/2_phase/EM.py","log_msg","93","","","","[待機] alt=-0.587 m","","","","","","","","","","","","","","","","","","","","","","","","","","","","","","","","","","","","","","","","","",""
"188.133388991","2026-08-15 09:28:09.552473","/home/akatoki/SC-30/scripts/SC-30/2_phase/EM.py","log_msg","93","","","","","","","","","","0.4955802990593883","","","","","","","","","","","","","","","","","","","","","","","","","","","","","","","","","","","",""
"188.141777585","2026-08-15 09:28:09.560872","/home/akatoki/SC-30/scripts/SC-30/2_phase/EM.py","log_msg","93","","","","[待機] alt=0.496 m","","","","","","","","","","","","","","","","","","","","","","","","","","","","","","","","","","","","","","","","","",""
"189.246824703","2026-08-15 09:28:10.665909","/home/akatoki/SC-30/scripts/SC-30/2_phase/EM.py","log_msg","93","","","","","","","","","","-0.30800738831600727","","","","","","","","","","","","","","","","","","","","","","","","","","","","","","","","","","","",""
"189.251058701","2026-08-15 09:28:10.670152","/home/akatoki/SC-30/scripts/SC-30/2_phase/EM.py","log_msg","93","","","","[待機] alt=-0.308 m","","","","","","","","","","","","","","","","","","","","","","","","","","","","","","","","","","","","","","","","","",""
"190.356558838","2026-08-15 09:28:11.775642","/home/akatoki/SC-30/scripts/SC-30/2_phase/EM.py","log_msg","93","","","","","","","","","","0.5851771757044055","","","","","","","","","","","","","","","","","","","","","","","","","","","","","","","","","","","",""
"190.365849022","2026-08-15 09:28:11.784954","/home/akatoki/SC-30/scripts/SC-30/2_phase/EM.py","log_msg","93","","","","[待機] alt=0.585 m","","","","","","","","","","","","","","","","","","","","","","","","","","","","","","","","","","","","","","","","","",""
"191.47764222","2026-08-15 09:28:12.896726","/home/akatoki/SC-30/scripts/SC-30/2_phase/EM.py","log_msg","93","","","","","","","","","","0.5893754408370255","","","","","","","","","","","","","","","","","","","","","","","","","","","","","","","","","","","",""
"191.481907055","2026-08-15 09:28:12.901004","/home/akatoki/SC-30/scripts/SC-30/2_phase/EM.py","log_msg","93","","","","[待機] alt=0.589 m","","","","","","","","","","","","","","","","","","","","","","","","","","","","","","","","","","","","","","","","","",""
"192.588634937","2026-08-15 09:28:14.007718","/home/akatoki/SC-30/scripts/SC-30/2_phase/EM.py","log_msg","93","","","","","","","","","","0.08302338163132972","","","","","","","","","","","","","","","","","","","","","","","","","","","","","","","","","","","",""
"192.594549507","2026-08-15 09:28:14.013643","/home/akatoki/SC-30/scripts/SC-30/2_phase/EM.py","log_msg","93","","","","[待機] alt=0.083 m","","","","","","","","","","","","","","","","","","","","","","","","","","","","","","","","","","","","","","","","","",""
"193.701985585","2026-08-15 09:28:15.121074","/home/akatoki/SC-30/scripts/SC-30/2_phase/EM.py","log_msg","93","","","","","","","","","","-0.5035181455580839","","","","","","","","","","","","","","","","","","","","","","","","","","","","","","","","","","","",""
"193.710475423","2026-08-15 09:28:15.129571","/home/akatoki/SC-30/scripts/SC-30/2_phase/EM.py","log_msg","93","","","","[待機] alt=-0.504 m","","","","","","","","","","","","","","","","","","","","","","","","","","","","","","","","","","","","","","","","","",""
"194.817392224","2026-08-15 09:28:16.236482","/home/akatoki/SC-30/scripts/SC-30/2_phase/EM.py","log_msg","93","","","","","","","","","","-0.2695239254060722","","","","","","","","","","","","","","","","","","","","","","","","","","","","","","","","","","","",""
"194.822548382","2026-08-15 09:28:16.241655","/home/akatoki/SC-30/scripts/SC-30/2_phase/EM.py","log_msg","93","","","","[待機] alt=-0.270 m","","","","","","","","","","","","","","","","","","","","","","","","","","","","","","","","","","","","","","","","","",""
"195.930047872","2026-08-15 09:28:17.349132","/home/akatoki/SC-30/scripts/SC-30/2_phase/EM.py","log_msg","93","","","","","","","","","","-0.35580182230498414","","","","","","","","","","","","","","","","","","","","","","","","","","","","","","","","","","","",""
"195.935435952","2026-08-15 09:28:17.354531","/home/akatoki/SC-30/scripts/SC-30/2_phase/EM.py","log_msg","93","","","","[待機] alt=-0.356 m","","","","","","","","","","","","","","","","","","","","","","","","","","","","","","","","","","","","","","","","","",""
"197.040337303","2026-08-15 09:28:18.459422","/home/akatoki/SC-30/scripts/SC-30/2_phase/EM.py","log_msg","93","","","","","","","","","","0.7824296158248623","","","","","","","","","","","","","","","","","","","","","","","","","","","","","","","","","","","",""
"197.043965746","2026-08-15 09:28:18.463062","/home/akatoki/SC-30/scripts/SC-30/2_phase/EM.py","log_msg","93","","","","[待機] alt=0.782 m","","","","","","","","","","","","","","","","","","","","","","","","","","","","","","","","","","","","","","","","","",""
"198.151138554","2026-08-15 09:28:19.570224","/home/akatoki/SC-30/scripts/SC-30/2_phase/EM.py","log_msg","93","","","","","","","","","","0.3941481520130641","","","","","","","","","","","","","","","","","","","","","","","","","","","","","","","","","","","",""
"198.155381949","2026-08-15 09:28:19.574476","/home/akatoki/SC-30/scripts/SC-30/2_phase/EM.py","log_msg","93","","","","[待機] alt=0.394 m","","","","","","","","","","","","","","","","","","","","","","","","","","","","","","","","","","","","","","","","","",""
"199.27228842","2026-08-15 09:28:20.691372","/home/akatoki/SC-30/scripts/SC-30/2_phase/EM.py","log_msg","93","","","","","","","","","","0.6579195334798671","","","","","","","","","","","","","","","","","","","","","","","","","","","","","","","","","","","",""
"199.282689793","2026-08-15 09:28:20.701785","/home/akatoki/SC-30/scripts/SC-30/2_phase/EM.py","log_msg","93","","","","[待機] alt=0.658 m","","","","","","","","","","","","","","","","","","","","","","","","","","","","","","","","","","","","","","","","","",""
"200.387538543","2026-08-15 09:28:21.806623","/home/akatoki/SC-30/scripts/SC-30/2_phase/EM.py","log_msg","93","","","","","","","","","","1.1086862117466334","","","","","","","","","","","","","","","","","","","","","","","","","","","","","","","","","","","",""
"200.396546785","2026-08-15 09:28:21.815638","/home/akatoki/SC-30/scripts/SC-30/2_phase/EM.py","log_msg","93","","","","[待機] alt=1.109 m","","","","","","","","","","","","","","","","","","","","","","","","","","","","","","","","","","","","","","","","","",""
"201.501005522","2026-08-15 09:28:22.920089","/home/akatoki/SC-30/scripts/SC-30/2_phase/EM.py","log_msg","93","","","","","","","","","","0.7020097089290711","","","","","","","","","","","","","","","","","","","","","","","","","","","","","","","","","","","",""
"201.516212061","2026-08-15 09:28:22.935304","/home/akatoki/SC-30/scripts/SC-30/2_phase/EM.py","log_msg","93","","","","[待機] alt=0.702 m","","","","","","","","","","","","","","","","","","","","","","","","","","","","","","","","","","","","","","","","","",""
"202.634451797","2026-08-15 09:28:24.053540","/home/akatoki/SC-30/scripts/SC-30/2_phase/EM.py","log_msg","93","","","","","","","","","","0.6358885587896324","","","","","","","","","","","","","","","","","","","","","","","","","","","","","","","","","","","",""
"202.64981242","2026-08-15 09:28:24.068912","/home/akatoki/SC-30/scripts/SC-30/2_phase/EM.py","log_msg","93","","","","[待機] alt=0.636 m","","","","","","","","","","","","","","","","","","","","","","","","","","","","","","","","","","","","","","","","","",""
"203.769215919","2026-08-15 09:28:25.188305","/home/akatoki/SC-30/scripts/SC-30/2_phase/EM.py","log_msg","93","","","","","","","","","","-0.46068101136233386","","","","","","","","","","","","","","","","","","","","","","","","","","","","","","","","","","","",""
"203.77950683","2026-08-15 09:28:25.198604","/home/akatoki/SC-30/scripts/SC-30/2_phase/EM.py","log_msg","93","","","","[待機] alt=-0.461 m","","","","","","","","","","","","","","","","","","","","","","","","","","","","","","","","","","","","","","","","","",""
"204.889092654","2026-08-15 09:28:26.308179","/home/akatoki/SC-30/scripts/SC-30/2_phase/EM.py","log_msg","93","","","","","","","","","","-0.08141797145899687","","","","","","","","","","","","","","","","","","","","","","","","","","","","","","","","","","","",""
"204.904366936","2026-08-15 09:28:26.323460","/home/akatoki/SC-30/scripts/SC-30/2_phase/EM.py","log_msg","93","","","","[待機] alt=-0.081 m","","","","","","","","","","","","","","","","","","","","","","","","","","","","","","","","","","","","","","","","","",""
"206.013472828","2026-08-15 09:28:27.432556","/home/akatoki/SC-30/scripts/SC-30/2_phase/EM.py","log_msg","93","","","","","","","","","","0.16334121934825085","","","","","","","","","","","","","","","","","","","","","","","","","","","","","","","","","","","",""
"206.023930794","2026-08-15 09:28:27.443022","/home/akatoki/SC-30/scripts/SC-30/2_phase/EM.py","log_msg","93","","","","[待機] alt=0.163 m","","","","","","","","","","","","","","","","","","","","","","","","","","","","","","","","","","","","","","","","","",""
"207.130832137","2026-08-15 09:28:28.549915","/home/akatoki/SC-30/scripts/SC-30/2_phase/EM.py","log_msg","93","","","","","","","","","","-0.5687238594420507","","","","","","","","","","","","","","","","","","","","","","","","","","","","","","","","","","","",""
"207.134835949","2026-08-15 09:28:28.553926","/home/akatoki/SC-30/scripts/SC-30/2_phase/EM.py","log_msg","93","","","","[待機] alt=-0.569 m","","","","","","","","","","","","","","","","","","","","","","","","","","","","","","","","","","","","","","","","","",""
"208.24057917","2026-08-15 09:28:29.659662","/home/akatoki/SC-30/scripts/SC-30/2_phase/EM.py","log_msg","93","","","","","","","","","","0.46086717106184394","","","","","","","","","","","","","","","","","","","","","","","","","","","","","","","","","","","",""
"208.244609445","2026-08-15 09:28:29.663700","/home/akatoki/SC-30/scripts/SC-30/2_phase/EM.py","log_msg","93","","","","[待機] alt=0.461 m","","","","","","","","","","","","","","","","","","","","","","","","","","","","","","","","","","","","","","","","","",""
"209.349192696","2026-08-15 09:28:30.768280","/home/akatoki/SC-30/scripts/SC-30/2_phase/EM.py","log_msg","93","","","","","","","","","","0.41124964167421285","","","","","","","","","","","","","","","","","","","","","","","","","","","","","","","","","","","",""
"209.358410737","2026-08-15 09:28:30.777507","/home/akatoki/SC-30/scripts/SC-30/2_phase/EM.py","log_msg","93","","","","[待機] alt=0.411 m","","","","","","","","","","","","","","","","","","","","","","","","","","","","","","","","","","","","","","","","","",""
"210.46335836","2026-08-15 09:28:31.882447","/home/akatoki/SC-30/scripts/SC-30/2_phase/EM.py","log_msg","93","","","","","","","","","","0.3120504241931721","","","","","","","","","","","","","","","","","","","","","","","","","","","","","","","","","","","",""
"210.467934203","2026-08-15 09:28:31.887030","/home/akatoki/SC-30/scripts/SC-30/2_phase/EM.py","log_msg","93","","","","[待機] alt=0.312 m","","","","","","","","","","","","","","","","","","","","","","","","","","","","","","","","","","","","","","","","","",""
"211.573000847","2026-08-15 09:28:32.992089","/home/akatoki/SC-30/scripts/SC-30/2_phase/EM.py","log_msg","93","","","","","","","","","","-0.02475133729823442","","","","","","","","","","","","","","","","","","","","","","","","","","","","","","","","","","","",""
"211.577529781","2026-08-15 09:28:32.996625","/home/akatoki/SC-30/scripts/SC-30/2_phase/EM.py","log_msg","93","","","","[待機] alt=-0.025 m","","","","","","","","","","","","","","","","","","","","","","","","","","","","","","","","","","","","","","","","","",""
"212.682596692","2026-08-15 09:28:34.101684","/home/akatoki/SC-30/scripts/SC-30/2_phase/EM.py","log_msg","93","","","","","","","","","","-0.2113069312824467","","","","","","","","","","","","","","","","","","","","","","","","","","","","","","","","","","","",""
"212.687026549","2026-08-15 09:28:34.106122","/home/akatoki/SC-30/scripts/SC-30/2_phase/EM.py","log_msg","93","","","","[待機] alt=-0.211 m","","","","","","","","","","","","","","","","","","","","","","","","","","","","","","","","","","","","","","","","","",""
"213.792415964","2026-08-15 09:28:35.211505","/home/akatoki/SC-30/scripts/SC-30/2_phase/EM.py","log_msg","93","","","","","","","","","","-0.9572326281283705","","","","","","","","","","","","","","","","","","","","","","","","","","","","","","","","","","","",""
"213.801706606","2026-08-15 09:28:35.220803","/home/akatoki/SC-30/scripts/SC-30/2_phase/EM.py","log_msg","93","","","","[待機] alt=-0.957 m","","","","","","","","","","","","","","","","","","","","","","","","","","","","","","","","","","","","","","","","","",""
"214.906697073","2026-08-15 09:28:36.325784","/home/akatoki/SC-30/scripts/SC-30/2_phase/EM.py","log_msg","93","","","","","","","","","","-0.640206383849764","","","","","","","","","","","","","","","","","","","","","","","","","","","","","","","","","","","",""
"214.912111776","2026-08-15 09:28:36.331209","/home/akatoki/SC-30/scripts/SC-30/2_phase/EM.py","log_msg","93","","","","[待機] alt=-0.640 m","","","","","","","","","","","","","","","","","","","","","","","","","","","","","","","","","","","","","","","","","",""
"216.017191759","2026-08-15 09:28:37.436279","/home/akatoki/SC-30/scripts/SC-30/2_phase/EM.py","log_msg","93","","","","","","","","","","0.09035334503584513","","","","","","","","","","","","","","","","","","","","","","","","","","","","","","","","","","","",""
"216.021627482","2026-08-15 09:28:37.440723","/home/akatoki/SC-30/scripts/SC-30/2_phase/EM.py","log_msg","93","","","","[待機] alt=0.090 m","","","","","","","","","","","","","","","","","","","","","","","","","","","","","","","","","","","","","","","","","",""
"217.128273207","2026-08-15 09:28:38.547361","/home/akatoki/SC-30/scripts/SC-30/2_phase/EM.py","log_msg","93","","","","","","","","","","-0.12683590273296463","","","","","","","","","","","","","","","","","","","","","","","","","","","","","","","","","","","",""
"217.132732738","2026-08-15 09:28:38.551828","/home/akatoki/SC-30/scripts/SC-30/2_phase/EM.py","log_msg","93","","","","[待機] alt=-0.127 m","","","","","","","","","","","","","","","","","","","","","","","","","","","","","","","","","","","","","","","","","",""
"218.237918356","2026-08-15 09:28:39.657007","/home/akatoki/SC-30/scripts/SC-30/2_phase/EM.py","log_msg","93","","","","","","","","","","-0.4127518821002307","","","","","","","","","","","","","","","","","","","","","","","","","","","","","","","","","","","",""
"218.24241566","2026-08-15 09:28:39.661512","/home/akatoki/SC-30/scripts/SC-30/2_phase/EM.py","log_msg","93","","","","[待機] alt=-0.413 m","","","","","","","","","","","","","","","","","","","","","","","","","","","","","","","","","","","","","","","","","",""
"219.347546919","2026-08-15 09:28:40.766635","/home/akatoki/SC-30/scripts/SC-30/2_phase/EM.py","log_msg","93","","","","","","","","","","-0.2697944668826935","","","","","","","","","","","","","","","","","","","","","","","","","","","","","","","","","","","",""
"219.352091584","2026-08-15 09:28:40.771189","/home/akatoki/SC-30/scripts/SC-30/2_phase/EM.py","log_msg","93","","","","[待機] alt=-0.270 m","","","","","","","","","","","","","","","","","","","","","","","","","","","","","","","","","","","","","","","","","",""
"220.457186054","2026-08-15 09:28:41.876275","/home/akatoki/SC-30/scripts/SC-30/2_phase/EM.py","log_msg","93","","","","","","","","","","-0.22612337116592718","","","","","","","","","","","","","","","","","","","","","","","","","","","","","","","","","","","",""
"220.466601678","2026-08-15 09:28:41.885698","/home/akatoki/SC-30/scripts/SC-30/2_phase/EM.py","log_msg","93","","","","[待機] alt=-0.226 m","","","","","","","","","","","","","","","","","","","","","","","","","","","","","","","","","","","","","","","","","",""
"221.571664506","2026-08-15 09:28:42.990752","/home/akatoki/SC-30/scripts/SC-30/2_phase/EM.py","log_msg","93","","","","","","","","","","-0.09623360998483932","","","","","","","","","","","","","","","","","","","","","","","","","","","","","","","","","","","",""
"221.576223231","2026-08-15 09:28:42.995321","/home/akatoki/SC-30/scripts/SC-30/2_phase/EM.py","log_msg","93","","","","[待機] alt=-0.096 m","","","","","","","","","","","","","","","","","","","","","","","","","","","","","","","","","","","","","","","","","",""
"222.681338316","2026-08-15 09:28:44.100426","/home/akatoki/SC-30/scripts/SC-30/2_phase/EM.py","log_msg","93","","","","","","","","","","0.43206161960590683","","","","","","","","","","","","","","","","","","","","","","","","","","","","","","","","","","","",""
"222.68595904","2026-08-15 09:28:44.105056","/home/akatoki/SC-30/scripts/SC-30/2_phase/EM.py","log_msg","93","","","","[待機] alt=0.432 m","","","","","","","","","","","","","","","","","","","","","","","","","","","","","","","","","","","","","","","","","",""
"223.791093532","2026-08-15 09:28:45.210181","/home/akatoki/SC-30/scripts/SC-30/2_phase/EM.py","log_msg","93","","","","","","","","","","-0.45403993509760987","","","","","","","","","","","","","","","","","","","","","","","","","","","","","","","","","","","",""
"223.795649065","2026-08-15 09:28:45.214744","/home/akatoki/SC-30/scripts/SC-30/2_phase/EM.py","log_msg","93","","","","[待機] alt=-0.454 m","","","","","","","","","","","","","","","","","","","","","","","","","","","","","","","","","","","","","","","","","",""
"224.9053652","2026-08-15 09:28:46.324452","/home/akatoki/SC-30/scripts/SC-30/2_phase/EM.py","log_msg","93","","","","","","","","","","-0.9137734519961072","","","","","","","","","","","","","","","","","","","","","","","","","","","","","","","","","","","",""
"224.911118284","2026-08-15 09:28:46.330215","/home/akatoki/SC-30/scripts/SC-30/2_phase/EM.py","log_msg","93","","","","[待機] alt=-0.914 m","","","","","","","","","","","","","","","","","","","","","","","","","","","","","","","","","","","","","","","","","",""
"226.016262082","2026-08-15 09:28:47.435349","/home/akatoki/SC-30/scripts/SC-30/2_phase/EM.py","log_msg","93","","","","","","","","","","0.08984461686770806","","","","","","","","","","","","","","","","","","","","","","","","","","","","","","","","","","","",""
"226.020575251","2026-08-15 09:28:47.439669","/home/akatoki/SC-30/scripts/SC-30/2_phase/EM.py","log_msg","93","","","","[待機] alt=0.090 m","","","","","","","","","","","","","","","","","","","","","","","","","","","","","","","","","","","","","","","","","",""
"227.125601012","2026-08-15 09:28:48.544688","/home/akatoki/SC-30/scripts/SC-30/2_phase/EM.py","log_msg","93","","","","","","","","","","-0.13996645276251884","","","","","","","","","","","","","","","","","","","","","","","","","","","","","","","","","","","",""
"227.130136524","2026-08-15 09:28:48.549233","/home/akatoki/SC-30/scripts/SC-30/2_phase/EM.py","log_msg","93","","","","[待機] alt=-0.140 m","","","","","","","","","","","","","","","","","","","","","","","","","","","","","","","","","","","","","","","","","",""
"228.235176358","2026-08-15 09:28:49.654264","/home/akatoki/SC-30/scripts/SC-30/2_phase/EM.py","log_msg","93","","","","","","","","","","0.36977107810400756","","","","","","","","","","","","","","","","","","","","","","","","","","","","","","","","","","","",""
"228.239668044","2026-08-15 09:28:49.658764","/home/akatoki/SC-30/scripts/SC-30/2_phase/EM.py","log_msg","93","","","","[待機] alt=0.370 m","","","","","","","","","","","","","","","","","","","","","","","","","","","","","","","","","","","","","","","","","",""
"229.344990839","2026-08-15 09:28:50.764078","/home/akatoki/SC-30/scripts/SC-30/2_phase/EM.py","log_msg","93","","","","","","","","","","0.19012753603649624","","","","","","","","","","","","","","","","","","","","","","","","","","","","","","","","","","","",""
"229.349477623","2026-08-15 09:28:50.768574","/home/akatoki/SC-30/scripts/SC-30/2_phase/EM.py","log_msg","93","","","","[待機] alt=0.190 m","","","","","","","","","","","","","","","","","","","","","","","","","","","","","","","","","","","","","","","","","",""
"230.454524781","2026-08-15 09:28:51.873612","/home/akatoki/SC-30/scripts/SC-30/2_phase/EM.py","log_msg","93","","","","","","","","","","-0.18226294068056426","","","","","","","","","","","","","","","","","","","","","","","","","","","","","","","","","","","",""
"230.458968677","2026-08-15 09:28:51.878064","/home/akatoki/SC-30/scripts/SC-30/2_phase/EM.py","log_msg","93","","","","[待機] alt=-0.182 m","","","","","","","","","","","","","","","","","","","","","","","","","","","","","","","","","","","","","","","","","",""
"231.563960512","2026-08-15 09:28:52.983048","/home/akatoki/SC-30/scripts/SC-30/2_phase/EM.py","log_msg","93","","","","","","","","","","-0.35178688502663036","","","","","","","","","","","","","","","","","","","","","","","","","","","","","","","","","","","",""
"231.573366308","2026-08-15 09:28:52.992461","/home/akatoki/SC-30/scripts/SC-30/2_phase/EM.py","log_msg","93","","","","[待機] alt=-0.352 m","","","","","","","","","","","","","","","","","","","","","","","","","","","","","","","","","","","","","","","","","",""
"232.678628962","2026-08-15 09:28:54.097716","/home/akatoki/SC-30/scripts/SC-30/2_phase/EM.py","log_msg","93","","","","","","","","","","-0.2753420388847472","","","","","","","","","","","","","","","","","","","","","","","","","","","","","","","","","","","",""
"232.683086868","2026-08-15 09:28:54.102181","/home/akatoki/SC-30/scripts/SC-30/2_phase/EM.py","log_msg","93","","","","[待機] alt=-0.275 m","","","","","","","","","","","","","","","","","","","","","","","","","","","","","","","","","","","","","","","","","",""
"233.789451775","2026-08-15 09:28:55.208538","/home/akatoki/SC-30/scripts/SC-30/2_phase/EM.py","log_msg","93","","","","","","","","","","0.13361632518569144","","","","","","","","","","","","","","","","","","","","","","","","","","","","","","","","","","","",""
"233.793834122","2026-08-15 09:28:55.212928","/home/akatoki/SC-30/scripts/SC-30/2_phase/EM.py","log_msg","93","","","","[待機] alt=0.134 m","","","","","","","","","","","","","","","","","","","","","","","","","","","","","","","","","","","","","","","","","",""
"234.903455683","2026-08-15 09:28:56.322543","/home/akatoki/SC-30/scripts/SC-30/2_phase/EM.py","log_msg","93","","","","","","","","","","-0.5689406440662936","","","","","","","","","","","","","","","","","","","","","","","","","","","","","","","","","","","",""
"234.907953448","2026-08-15 09:28:56.327049","/home/akatoki/SC-30/scripts/SC-30/2_phase/EM.py","log_msg","93","","","","[待機] alt=-0.569 m","","","","","","","","","","","","","","","","","","","","","","","","","","","","","","","","","","","","","","","","","",""
"236.013087963","2026-08-15 09:28:57.432176","/home/akatoki/SC-30/scripts/SC-30/2_phase/EM.py","log_msg","93","","","","","","","","","","-0.33867761622384585","","","","","","","","","","","","","","","","","","","","","","","","","","","","","","","","","","","",""
"236.017561079","2026-08-15 09:28:57.436657","/home/akatoki/SC-30/scripts/SC-30/2_phase/EM.py","log_msg","93","","","","[待機] alt=-0.339 m","","","","","","","","","","","","","","","","","","","","","","","","","","","","","","","","","","","","","","","","","",""
"237.122638196","2026-08-15 09:28:58.541726","/home/akatoki/SC-30/scripts/SC-30/2_phase/EM.py","log_msg","93","","","","","","","","","","-0.2395600444690582","","","","","","","","","","","","","","","","","","","","","","","","","","","","","","","","","","","",""
"237.127150495","2026-08-15 09:28:58.546247","/home/akatoki/SC-30/scripts/SC-30/2_phase/EM.py","log_msg","93","","","","[待機] alt=-0.240 m","","","","","","","","","","","","","","","","","","","","","","","","","","","","","","","","","","","","","","","","","",""
"238.232345487","2026-08-15 09:28:59.651433","/home/akatoki/SC-30/scripts/SC-30/2_phase/EM.py","log_msg","93","","","","","","","","","","-0.2981436419647232","","","","","","","","","","","","","","","","","","","","","","","","","","","","","","","","","","","",""
"238.236810263","2026-08-15 09:28:59.655907","/home/akatoki/SC-30/scripts/SC-30/2_phase/EM.py","log_msg","93","","","","[待機] alt=-0.298 m","","","","","","","","","","","","","","","","","","","","","","","","","","","","","","","","","","","","","","","","","",""
"239.346586684","2026-08-15 09:29:00.765676","/home/akatoki/SC-30/scripts/SC-30/2_phase/EM.py","log_msg","93","","","","","","","","","","-1.0629664324369692","","","","","","","","","","","","","","","","","","","","","","","","","","","","","","","","","","","",""
"239.351083712","2026-08-15 09:29:00.770180","/home/akatoki/SC-30/scripts/SC-30/2_phase/EM.py","log_msg","93","","","","[待機] alt=-1.063 m","","","","","","","","","","","","","","","","","","","","","","","","","","","","","","","","","","","","","","","","","",""
"240.456185274","2026-08-15 09:29:01.875273","/home/akatoki/SC-30/scripts/SC-30/2_phase/EM.py","log_msg","93","","","","","","","","","","0.3885281921939854","","","","","","","","","","","","","","","","","","","","","","","","","","","","","","","","","","","",""
"240.460688137","2026-08-15 09:29:01.879785","/home/akatoki/SC-30/scripts/SC-30/2_phase/EM.py","log_msg","93","","","","[待機] alt=0.389 m","","","","","","","","","","","","","","","","","","","","","","","","","","","","","","","","","","","","","","","","","",""
"241.565706577","2026-08-15 09:29:02.984795","/home/akatoki/SC-30/scripts/SC-30/2_phase/EM.py","log_msg","93","","","","","","","","","","0.28901805120258084","","","","","","","","","","","","","","","","","","","","","","","","","","","","","","","","","","","",""
"241.576088421","2026-08-15 09:29:02.995187","/home/akatoki/SC-30/scripts/SC-30/2_phase/EM.py","log_msg","93","","","","[待機] alt=0.289 m","","","","","","","","","","","","","","","","","","","","","","","","","","","","","","","","","","","","","","","","","",""
"242.681437685","2026-08-15 09:29:04.100525","/home/akatoki/SC-30/scripts/SC-30/2_phase/EM.py","log_msg","93","","","","","","","","","","-0.031030312054574072","","","","","","","","","","","","","","","","","","","","","","","","","","","","","","","","","","","",""
"242.685962534","2026-08-15 09:29:04.105059","/home/akatoki/SC-30/scripts/SC-30/2_phase/EM.py","log_msg","93","","","","[待機] alt=-0.031 m","","","","","","","","","","","","","","","","","","","","","","","","","","","","","","","","","","","","","","","","","",""
"243.790990695","2026-08-15 09:29:05.210079","/home/akatoki/SC-30/scripts/SC-30/2_phase/EM.py","log_msg","93","","","","","","","","","","-0.09590056888259424","","","","","","","","","","","","","","","","","","","","","","","","","","","","","","","","","","","",""
"243.795464008","2026-08-15 09:29:05.214560","/home/akatoki/SC-30/scripts/SC-30/2_phase/EM.py","log_msg","93","","","","[待機] alt=-0.096 m","","","","","","","","","","","","","","","","","","","","","","","","","","","","","","","","","","","","","","","","","",""
"244.900637355","2026-08-15 09:29:06.319726","/home/akatoki/SC-30/scripts/SC-30/2_phase/EM.py","log_msg","93","","","","","","","","","","-0.41836507765645514","","","","","","","","","","","","","","","","","","","","","","","","","","","","","","","","","","","",""
"244.905143495","2026-08-15 09:29:06.324240","/home/akatoki/SC-30/scripts/SC-30/2_phase/EM.py","log_msg","93","","","","[待機] alt=-0.418 m","","","","","","","","","","","","","","","","","","","","","","","","","","","","","","","","","","","","","","","","","",""
"246.014995857","2026-08-15 09:29:07.434084","/home/akatoki/SC-30/scripts/SC-30/2_phase/EM.py","log_msg","93","","","","","","","","","","0.06341784510873527","","","","","","","","","","","","","","","","","","","","","","","","","","","","","","","","","","","",""
"246.018495322","2026-08-15 09:29:07.437593","/home/akatoki/SC-30/scripts/SC-30/2_phase/EM.py","log_msg","93","","","","[待機] alt=0.063 m","","","","","","","","","","","","","","","","","","","","","","","","","","","","","","","","","","","","","","","","","",""
"247.123658802","2026-08-15 09:29:08.542746","/home/akatoki/SC-30/scripts/SC-30/2_phase/EM.py","log_msg","93","","","","","","","","","","-0.5018028421915655","","","","","","","","","","","","","","","","","","","","","","","","","","","","","","","","","","","",""
"247.128214182","2026-08-15 09:29:08.547310","/home/akatoki/SC-30/scripts/SC-30/2_phase/EM.py","log_msg","93","","","","[待機] alt=-0.502 m","","","","","","","","","","","","","","","","","","","","","","","","","","","","","","","","","","","","","","","","","",""
"248.233306917","2026-08-15 09:29:09.652395","/home/akatoki/SC-30/scripts/SC-30/2_phase/EM.py","log_msg","93","","","","","","","","","","-0.30175774645614606","","","","","","","","","","","","","","","","","","","","","","","","","","","","","","","","","","","",""
"248.237797526","2026-08-15 09:29:09.656893","/home/akatoki/SC-30/scripts/SC-30/2_phase/EM.py","log_msg","93","","","","[待機] alt=-0.302 m","","","","","","","","","","","","","","","","","","","","","","","","","","","","","","","","","","","","","","","","","",""
"249.342899622","2026-08-15 09:29:10.761988","/home/akatoki/SC-30/scripts/SC-30/2_phase/EM.py","log_msg","93","","","","","","","","","","-0.005796046712349678","","","","","","","","","","","","","","","","","","","","","","","","","","","","","","","","","","","",""
"249.352258621","2026-08-15 09:29:10.771356","/home/akatoki/SC-30/scripts/SC-30/2_phase/EM.py","log_msg","93","","","","[待機] alt=-0.006 m","","","","","","","","","","","","","","","","","","","","","","","","","","","","","","","","","","","","","","","","","",""
"250.457210227","2026-08-15 09:29:11.876298","/home/akatoki/SC-30/scripts/SC-30/2_phase/EM.py","log_msg","93","","","","","","","","","","-0.3703352403531057","","","","","","","","","","","","","","","","","","","","","","","","","","","","","","","","","","","",""
"250.463304664","2026-08-15 09:29:11.882403","/home/akatoki/SC-30/scripts/SC-30/2_phase/EM.py","log_msg","93","","","","[待機] alt=-0.370 m","","","","","","","","","","","","","","","","","","","","","","","","","","","","","","","","","","","","","","","","","",""
"251.568615306","2026-08-15 09:29:12.987703","/home/akatoki/SC-30/scripts/SC-30/2_phase/EM.py","log_msg","93","","","","","","","","","","0.04024175401198371","","","","","","","","","","","","","","","","","","","","","","","","","","","","","","","","","","","",""
"251.573188243","2026-08-15 09:29:12.992283","/home/akatoki/SC-30/scripts/SC-30/2_phase/EM.py","log_msg","93","","","","[待機] alt=0.040 m","","","","","","","","","","","","","","","","","","","","","","","","","","","","","","","","","","","","","","","","","",""
"252.693589966","2026-08-15 09:29:14.112678","/home/akatoki/SC-30/scripts/SC-30/2_phase/EM.py","log_msg","93","","","","","","","","","","-0.3815323658476033","","","","","","","","","","","","","","","","","","","","","","","","","","","","","","","","","","","",""
"252.702429964","2026-08-15 09:29:14.121527","/home/akatoki/SC-30/scripts/SC-30/2_phase/EM.py","log_msg","93","","","","[待機] alt=-0.382 m","","","","","","","","","","","","","","","","","","","","","","","","","","","","","","","","","","","","","","","","","",""
"253.807372198","2026-08-15 09:29:15.226456","/home/akatoki/SC-30/scripts/SC-30/2_phase/EM.py","log_msg","93","","","","","","","","","","0.2836676730509724","","","","","","","","","","","","","","","","","","","","","","","","","","","","","","","","","","","",""
"253.811453496","2026-08-15 09:29:15.230544","/home/akatoki/SC-30/scripts/SC-30/2_phase/EM.py","log_msg","93","","","","[待機] alt=0.284 m","","","","","","","","","","","","","","","","","","","","","","","","","","","","","","","","","","","","","","","","","",""
"254.916032903","2026-08-15 09:29:16.335117","/home/akatoki/SC-30/scripts/SC-30/2_phase/EM.py","log_msg","93","","","","","","","","","","0.19833866792741794","","","","","","","","","","","","","","","","","","","","","","","","","","","","","","","","","","","",""
"254.920088719","2026-08-15 09:29:16.339177","/home/akatoki/SC-30/scripts/SC-30/2_phase/EM.py","log_msg","93","","","","[待機] alt=0.198 m","","","","","","","","","","","","","","","","","","","","","","","","","","","","","","","","","","","","","","","","","",""
"256.024632859","2026-08-15 09:29:17.443716","/home/akatoki/SC-30/scripts/SC-30/2_phase/EM.py","log_msg","93","","","","","","","","","","-0.5307651176822148","","","","","","","","","","","","","","","","","","","","","","","","","","","","","","","","","","","",""
"256.035160419","2026-08-15 09:29:17.454252","/home/akatoki/SC-30/scripts/SC-30/2_phase/EM.py","log_msg","93","","","","[待機] alt=-0.531 m","","","","","","","","","","","","","","","","","","","","","","","","","","","","","","","","","","","","","","","","","",""
"257.139701765","2026-08-15 09:29:18.558785","/home/akatoki/SC-30/scripts/SC-30/2_phase/EM.py","log_msg","93","","","","","","","","","","-0.09873283931493004","","","","","","","","","","","","","","","","","","","","","","","","","","","","","","","","","","","",""
"257.143744188","2026-08-15 09:29:18.562834","/home/akatoki/SC-30/scripts/SC-30/2_phase/EM.py","log_msg","93","","","","[待機] alt=-0.099 m","","","","","","","","","","","","","","","","","","","","","","","","","","","","","","","","","","","","","","","","","",""
"258.248269774","2026-08-15 09:29:19.667353","/home/akatoki/SC-30/scripts/SC-30/2_phase/EM.py","log_msg","93","","","","","","","","","","-0.027185092199200067","","","","","","","","","","","","","","","","","","","","","","","","","","","","","","","","","","","",""
"258.252309384","2026-08-15 09:29:19.671399","/home/akatoki/SC-30/scripts/SC-30/2_phase/EM.py","log_msg","93","","","","[待機] alt=-0.027 m","","","","","","","","","","","","","","","","","","","","","","","","","","","","","","","","","","","","","","","","","",""
"259.362804171","2026-08-15 09:29:20.781892","/home/akatoki/SC-30/scripts/SC-30/2_phase/EM.py","log_msg","93","","","","","","","","","","-0.14127299071651","","","","","","","","","","","","","","","","","","","","","","","","","","","","","","","","","","","",""
"259.367871659","2026-08-15 09:29:20.786976","/home/akatoki/SC-30/scripts/SC-30/2_phase/EM.py","log_msg","93","","","","[待機] alt=-0.141 m","","","","","","","","","","","","","","","","","","","","","","","","","","","","","","","","","","","","","","","","","",""
"260.473203907","2026-08-15 09:29:21.892292","/home/akatoki/SC-30/scripts/SC-30/2_phase/EM.py","log_msg","93","","","","","","","","","","0.14492868223110356","","","","","","","","","","","","","","","","","","","","","","","","","","","","","","","","","","","",""
"260.477739999","2026-08-15 09:29:21.896836","/home/akatoki/SC-30/scripts/SC-30/2_phase/EM.py","log_msg","93","","","","[待機] alt=0.145 m","","","","","","","","","","","","","","","","","","","","","","","","","","","","","","","","","","","","","","","","","",""
"261.582807748","2026-08-15 09:29:23.001896","/home/akatoki/SC-30/scripts/SC-30/2_phase/EM.py","log_msg","93","","","","","","","","","","0.24554195513593058","","","","","","","","","","","","","","","","","","","","","","","","","","","","","","","","","","","",""
"261.587324455","2026-08-15 09:29:23.006420","/home/akatoki/SC-30/scripts/SC-30/2_phase/EM.py","log_msg","93","","","","[待機] alt=0.246 m","","","","","","","","","","","","","","","","","","","","","","","","","","","","","","","","","","","","","","","","","",""
"262.692351873","2026-08-15 09:29:24.111440","/home/akatoki/SC-30/scripts/SC-30/2_phase/EM.py","log_msg","93","","","","","","","","","","0.2958664122453891","","","","","","","","","","","","","","","","","","","","","","","","","","","","","","","","","","","",""
"262.696826581","2026-08-15 09:29:24.115923","/home/akatoki/SC-30/scripts/SC-30/2_phase/EM.py","log_msg","93","","","","[待機] alt=0.296 m","","","","","","","","","","","","","","","","","","","","","","","","","","","","","","","","","","","","","","","","","",""
"263.801891168","2026-08-15 09:29:25.220979","/home/akatoki/SC-30/scripts/SC-30/2_phase/EM.py","log_msg","93","","","","","","","","","","0.4177594995236322","","","","","","","","","","","","","","","","","","","","","","","","","","","","","","","","","","","",""
"263.806392398","2026-08-15 09:29:25.225488","/home/akatoki/SC-30/scripts/SC-30/2_phase/EM.py","log_msg","93","","","","[待機] alt=0.418 m","","","","","","","","","","","","","","","","","","","","","","","","","","","","","","","","","","","","","","","","","",""
"264.916271614","2026-08-15 09:29:26.335359","/home/akatoki/SC-30/scripts/SC-30/2_phase/EM.py","log_msg","93","","","","","","","","","","0.12105091793440104","","","","","","","","","","","","","","","","","","","","","","","","","","","","","","","","","","","",""
"264.920808851","2026-08-15 09:29:26.339908","/home/akatoki/SC-30/scripts/SC-30/2_phase/EM.py","log_msg","93","","","","[待機] alt=0.121 m","","","","","","","","","","","","","","","","","","","","","","","","","","","","","","","","","","","","","","","","","",""
"266.025951284","2026-08-15 09:29:27.445039","/home/akatoki/SC-30/scripts/SC-30/2_phase/EM.py","log_msg","93","","","","","","","","","","-0.24984865408960388","","","","","","","","","","","","","","","","","","","","","","","","","","","","","","","","","","","",""
"266.030705549","2026-08-15 09:29:27.449802","/home/akatoki/SC-30/scripts/SC-30/2_phase/EM.py","log_msg","93","","","","[待機] alt=-0.250 m","","","","","","","","","","","","","","","","","","","","","","","","","","","","","","","","","","","","","","","","","",""
"267.135820554","2026-08-15 09:29:28.554908","/home/akatoki/SC-30/scripts/SC-30/2_phase/EM.py","log_msg","93","","","","","","","","","","0.6089383963318917","","","","","","","","","","","","","","","","","","","","","","","","","","","","","","","","","","","",""
"267.148905661","2026-08-15 09:29:28.568004","/home/akatoki/SC-30/scripts/SC-30/2_phase/EM.py","log_msg","93","","","","[待機] alt=0.609 m","","","","","","","","","","","","","","","","","","","","","","","","","","","","","","","","","","","","","","","","","",""
