time,date,file,func,line,serious_error,error,warning,msg,format_exception,phase,gnss_time,lat,lon,alt,alt_base_press,goal_lat,goal_lon,temp,press,camera_area,camera_order,camera_center_x,camera_center_y,camera_frame_size_x,camera_frame_size_y,motor_l,motor_r,goal_relative_x,goal_relative_y,goal_relative_angle_rad,goal_distance,accel_all_x,accel_all_y,accel_all_z,accel_line_x,accel_line_y,accel_line_z,mag_x,mag_y,mag_z,gyro_x,gyro_y,gyro_z,grav_x,grav_y,grav_z,euler_x,euler_y,euler_z,nmea
"44.708234617","2026-08-14 08:49:38.472625","/home/akatoki/SC-30/scripts/SC-30/2_phase/EM.py","log_msg","90","","","","bnoセットアップ開始","","","","","","","","","","","","","","","","","","","","","","","","","","","","","","","","","","","","","","","","","",""
"44.85232644","2026-08-14 08:49:38.616712","/home/akatoki/SC-30/scripts/SC-30/2_phase/EM.py","log_msg","90","","","","cameraセットアップ開始","","","","","","","","","","","","","","","","","","","","","","","","","","","","","","","","","","","","","","","","","",""
"44.861442013","2026-08-14 08:49:38.625827","/home/akatoki/SC-30/scripts/SC-30/2_phase/EM.py","log_msg","90","","Camera Setup Error: Camera.__init__() got an unexpected keyword argument 'model_path'","","","""Traceback (most recent call last):   File """"/home/akatoki/SC-30/scripts/SC-30/2_phase/EM.py"""", line 209, in setup_sensors     cam = Camera(model_path=""""./my_custom_model.pt"""", debug=True)           ^^^^^^^^^^^^^^^^^^^^^^^^^^^^^^^^^^^^^^^^^^^^^^^^^^^^^ TypeError: Camera.__init__() got an unexpected keyword argument 'model_path' ""","","","","","","","","","","","","","","","","","","","","","","","","","","","","","","","","","","","","","","","","",""
"44.879693836","2026-08-14 08:49:38.644090","/home/akatoki/SC-30/scripts/SC-30/2_phase/EM.py","log_msg","90","","","","bmeセットアップ開始","","","","","","","","","","","","","","","","","","","","","","","","","","","","","","","","","","","","","","","","","",""
"45.408408315","2026-08-14 08:49:39.172794","/home/akatoki/SC-30/scripts/SC-30/2_phase/EM.py","log_msg","90","","","","モータセットアップ開始","","","","","","","","","","","","","","","","","","","","","","","","","","","","","","","","","","","","","","","","","",""
"45.433768836","2026-08-14 08:49:39.198155","/home/akatoki/SC-30/scripts/SC-30/2_phase/EM.py","log_msg","90","","","","GPIOセットアップ開始","","","","","","","","","","","","","","","","","","","","","","","","","","","","","","","","","","","","","","","","","",""
"45.439737325","2026-08-14 08:49:39.204117","/home/akatoki/SC-30/scripts/SC-30/2_phase/EM.py","log_msg","90","","","","","","","","","","0.0","","","","","","","","","","","","","","","","","","","","","","","","","","","","","","","","","","","",""
"45.442924513","2026-08-14 08:49:39.207306","/home/akatoki/SC-30/scripts/SC-30/2_phase/EM.py","log_msg","90","","","","[待機] alt=0.000 m","","","","","","","","","","","","","","","","","","","","","","","","","","","","","","","","","","","","","","","","","",""
"46.549275137","2026-08-14 08:49:40.313649","/home/akatoki/SC-30/scripts/SC-30/2_phase/EM.py","log_msg","90","","","","","","","","","","0.5376128560516724","","","","","","","","","","","","","","","","","","","","","","","","","","","","","","","","","","","",""
"46.553306387","2026-08-14 08:49:40.317686","/home/akatoki/SC-30/scripts/SC-30/2_phase/EM.py","log_msg","90","","","","[待機] alt=0.538 m","","","","","","","","","","","","","","","","","","","","","","","","","","","","","","","","","","","","","","","","","",""
"47.662430085","2026-08-14 08:49:41.426802","/home/akatoki/SC-30/scripts/SC-30/2_phase/EM.py","log_msg","90","","","","","","","","","","-0.38943615758981087","","","","","","","","","","","","","","","","","","","","","","","","","","","","","","","","","","","",""
"47.666472897","2026-08-14 08:49:41.430854","/home/akatoki/SC-30/scripts/SC-30/2_phase/EM.py","log_msg","90","","","","[待機] alt=-0.389 m","","","","","","","","","","","","","","","","","","","","","","","","","","","","","","","","","","","","","","","","","",""
"48.771855866","2026-08-14 08:49:42.536229","/home/akatoki/SC-30/scripts/SC-30/2_phase/EM.py","log_msg","90","","","","","","","","","","0.0016967939707746016","","","","","","","","","","","","","","","","","","","","","","","","","","","","","","","","","","","",""
"48.775945032","2026-08-14 08:49:42.540325","/home/akatoki/SC-30/scripts/SC-30/2_phase/EM.py","log_msg","90","","","","[待機] alt=0.002 m","","","","","","","","","","","","","","","","","","","","","","","","","","","","","","","","","","","","","","","","","",""
"49.880475501","2026-08-14 08:49:43.644848","/home/akatoki/SC-30/scripts/SC-30/2_phase/EM.py","log_msg","90","","","","","","","","","","0.16108078525798097","","","","","","","","","","","","","","","","","","","","","","","","","","","","","","","","","","","",""
"49.884515396","2026-08-14 08:49:43.648895","/home/akatoki/SC-30/scripts/SC-30/2_phase/EM.py","log_msg","90","","","","[待機] alt=0.161 m","","","","","","","","","","","","","","","","","","","","","","","","","","","","","","","","","","","","","","","","","",""
"50.989007427","2026-08-14 08:49:44.753380","/home/akatoki/SC-30/scripts/SC-30/2_phase/EM.py","log_msg","90","","","","","","","","","","0.16108078525798097","","","","","","","","","","","","","","","","","","","","","","","","","","","","","","","","","","","",""
"50.993039771","2026-08-14 08:49:44.757419","/home/akatoki/SC-30/scripts/SC-30/2_phase/EM.py","log_msg","90","","","","[待機] alt=0.161 m","","","","","","","","","","","","","","","","","","","","","","","","","","","","","","","","","","","","","","","","","",""
"52.097542948","2026-08-14 08:49:45.861915","/home/akatoki/SC-30/scripts/SC-30/2_phase/EM.py","log_msg","90","","","","","","","","","","-0.36020730746687324","","","","","","","","","","","","","","","","","","","","","","","","","","","","","","","","","","","",""
"52.101591177","2026-08-14 08:49:45.865971","/home/akatoki/SC-30/scripts/SC-30/2_phase/EM.py","log_msg","90","","","","[待機] alt=-0.360 m","","","","","","","","","","","","","","","","","","","","","","","","","","","","","","","","","","","","","","","","","",""
"53.210853051","2026-08-14 08:49:46.975225","/home/akatoki/SC-30/scripts/SC-30/2_phase/EM.py","log_msg","90","","","","","","","","","","-0.36020730746687324","","","","","","","","","","","","","","","","","","","","","","","","","","","","","","","","","","","",""
"53.214893208","2026-08-14 08:49:46.979271","/home/akatoki/SC-30/scripts/SC-30/2_phase/EM.py","log_msg","90","","","","[待機] alt=-0.360 m","","","","","","","","","","","","","","","","","","","","","","","","","","","","","","","","","","","","","","","","","",""
"54.319369613","2026-08-14 08:49:48.083742","/home/akatoki/SC-30/scripts/SC-30/2_phase/EM.py","log_msg","90","","","","","","","","","","0.10333051367596768","","","","","","","","","","","","","","","","","","","","","","","","","","","","","","","","","","","",""
"54.32337352","2026-08-14 08:49:48.087751","/home/akatoki/SC-30/scripts/SC-30/2_phase/EM.py","log_msg","90","","","","[待機] alt=0.103 m","","","","","","","","","","","","","","","","","","","","","","","","","","","","","","","","","","","","","","","","","",""
"55.427831488","2026-08-14 08:49:49.192204","/home/akatoki/SC-30/scripts/SC-30/2_phase/EM.py","log_msg","90","","","","","","","","","","0.10333051367596768","","","","","","","","","","","","","","","","","","","","","","","","","","","","","","","","","","","",""
"55.431887009","2026-08-14 08:49:49.196265","/home/akatoki/SC-30/scripts/SC-30/2_phase/EM.py","log_msg","90","","","","[待機] alt=0.103 m","","","","","","","","","","","","","","","","","","","","","","","","","","","","","","","","","","","","","","","","","",""
"56.541076904","2026-08-14 08:49:50.305449","/home/akatoki/SC-30/scripts/SC-30/2_phase/EM.py","log_msg","90","","","","","","","","","","0.10333051367596768","","","","","","","","","","","","","","","","","","","","","","","","","","","","","","","","","","","",""
"56.545058623","2026-08-14 08:49:50.309437","/home/akatoki/SC-30/scripts/SC-30/2_phase/EM.py","log_msg","90","","","","[待機] alt=0.103 m","","","","","","","","","","","","","","","","","","","","","","","","","","","","","","","","","","","","","","","","","",""
"57.650379664","2026-08-14 08:49:51.414752","/home/akatoki/SC-30/scripts/SC-30/2_phase/EM.py","log_msg","90","","","","","","","","","","0.49450935273074315","","","","","","","","","","","","","","","","","","","","","","","","","","","","","","","","","","","",""
"57.654497477","2026-08-14 08:49:51.418878","/home/akatoki/SC-30/scripts/SC-30/2_phase/EM.py","log_msg","90","","","","[待機] alt=0.495 m","","","","","","","","","","","","","","","","","","","","","","","","","","","","","","","","","","","","","","","","","",""
"58.759027997","2026-08-14 08:49:52.523401","/home/akatoki/SC-30/scripts/SC-30/2_phase/EM.py","log_msg","90","","","","","","","","","","0.03095098723080114","","","","","","","","","","","","","","","","","","","","","","","","","","","","","","","","","","","",""
"58.763093518","2026-08-14 08:49:52.527475","/home/akatoki/SC-30/scripts/SC-30/2_phase/EM.py","log_msg","90","","","","[待機] alt=0.031 m","","","","","","","","","","","","","","","","","","","","","","","","","","","","","","","","","","","","","","","","","",""
"59.867617111","2026-08-14 08:49:53.631989","/home/akatoki/SC-30/scripts/SC-30/2_phase/EM.py","log_msg","90","","","","","","","","","","-0.18618611071716584","","","","","","","","","","","","","","","","","","","","","","","","","","","","","","","","","","","",""
"59.878025653","2026-08-14 08:49:53.642409","/home/akatoki/SC-30/scripts/SC-30/2_phase/EM.py","log_msg","90","","","","[待機] alt=-0.186 m","","","","","","","","","","","","","","","","","","","","","","","","","","","","","","","","","","","","","","","","","",""
"60.982740132","2026-08-14 08:49:54.747118","/home/akatoki/SC-30/scripts/SC-30/2_phase/EM.py","log_msg","90","","","","","","","","","","0.045591402927354086","","","","","","","","","","","","","","","","","","","","","","","","","","","","","","","","","","","",""
"60.987269559","2026-08-14 08:49:54.751655","/home/akatoki/SC-30/scripts/SC-30/2_phase/EM.py","log_msg","90","","","","[待機] alt=0.046 m","","","","","","","","","","","","","","","","","","","","","","","","","","","","","","","","","","","","","","","","","",""
"62.106844767","2026-08-14 08:49:55.871222","/home/akatoki/SC-30/scripts/SC-30/2_phase/EM.py","log_msg","90","","","","","","","","","","-0.02678685924748736","","","","","","","","","","","","","","","","","","","","","","","","","","","","","","","","","","","",""
"62.11567211","2026-08-14 08:49:55.880057","/home/akatoki/SC-30/scripts/SC-30/2_phase/EM.py","log_msg","90","","","","[待機] alt=-0.027 m","","","","","","","","","","","","","","","","","","","","","","","","","","","","","","","","","","","","","","","","","",""
"63.220801485","2026-08-14 08:49:56.985179","/home/akatoki/SC-30/scripts/SC-30/2_phase/EM.py","log_msg","90","","","","","","","","","","-0.33094294136870817","","","","","","","","","","","","","","","","","","","","","","","","","","","","","","","","","","","",""
"63.225274818","2026-08-14 08:49:56.989661","/home/akatoki/SC-30/scripts/SC-30/2_phase/EM.py","log_msg","90","","","","[待機] alt=-0.331 m","","","","","","","","","","","","","","","","","","","","","","","","","","","","","","","","","","","","","","","","","",""
"64.330380651","2026-08-14 08:49:58.094758","/home/akatoki/SC-30/scripts/SC-30/2_phase/EM.py","log_msg","90","","","","","","","","","","-0.17154264271638242","","","","","","","","","","","","","","","","","","","","","","","","","","","","","","","","","","","",""
"64.334867318","2026-08-14 08:49:58.099253","/home/akatoki/SC-30/scripts/SC-30/2_phase/EM.py","log_msg","90","","","","[待機] alt=-0.172 m","","","","","","","","","","","","","","","","","","","","","","","","","","","","","","","","","","","","","","","","","",""
"65.43989138","2026-08-14 08:49:59.204269","/home/akatoki/SC-30/scripts/SC-30/2_phase/EM.py","log_msg","90","","","","","","","","","","-0.17154264271638242","","","","","","","","","","","","","","","","","","","","","","","","","","","","","","","","","","","",""
"65.445319401","2026-08-14 08:49:59.209706","/home/akatoki/SC-30/scripts/SC-30/2_phase/EM.py","log_msg","90","","","","[待機] alt=-0.172 m","","","","","","","","","","","","","","","","","","","","","","","","","","","","","","","","","","","","","","","","","",""
"66.554750338","2026-08-14 08:50:00.319128","/home/akatoki/SC-30/scripts/SC-30/2_phase/EM.py","log_msg","90","","","","","","","","","","-0.24392016399074956","","","","","","","","","","","","","","","","","","","","","","","","","","","","","","","","","","","",""
"66.559200182","2026-08-14 08:50:00.323586","/home/akatoki/SC-30/scripts/SC-30/2_phase/EM.py","log_msg","90","","","","[待機] alt=-0.244 m","","","","","","","","","","","","","","","","","","","","","","","","","","","","","","","","","","","","","","","","","",""
"67.664290702","2026-08-14 08:50:01.428668","/home/akatoki/SC-30/scripts/SC-30/2_phase/EM.py","log_msg","90","","","","","","","","","","0.21965207064044256","","","","","","","","","","","","","","","","","","","","","","","","","","","","","","","","","","","",""
"67.66874966","2026-08-14 08:50:01.433135","/home/akatoki/SC-30/scripts/SC-30/2_phase/EM.py","log_msg","90","","","","[待機] alt=0.220 m","","","","","","","","","","","","","","","","","","","","","","","","","","","","","","","","","","","","","","","","","",""
"68.773849087","2026-08-14 08:50:02.538226","/home/akatoki/SC-30/scripts/SC-30/2_phase/EM.py","log_msg","90","","","","","","","","","","0.1472753496015844","","","","","","","","","","","","","","","","","","","","","","","","","","","","","","","","","","","",""
"68.778392316","2026-08-14 08:50:02.542778","/home/akatoki/SC-30/scripts/SC-30/2_phase/EM.py","log_msg","90","","","","[待機] alt=0.147 m","","","","","","","","","","","","","","","","","","","","","","","","","","","","","","","","","","","","","","","","","",""
"69.883381639","2026-08-14 08:50:03.647760","/home/akatoki/SC-30/scripts/SC-30/2_phase/EM.py","log_msg","90","","","","","","","","","","0.1472753496015844","","","","","","","","","","","","","","","","","","","","","","","","","","","","","","","","","","","",""
"69.887903566","2026-08-14 08:50:03.652289","/home/akatoki/SC-30/scripts/SC-30/2_phase/EM.py","log_msg","90","","","","[待機] alt=0.147 m","","","","","","","","","","","","","","","","","","","","","","","","","","","","","","","","","","","","","","","","","",""
"70.997671638","2026-08-14 08:50:04.762049","/home/akatoki/SC-30/scripts/SC-30/2_phase/EM.py","log_msg","90","","","","","","","","","","0.3937411102941213","","","","","","","","","","","","","","","","","","","","","","","","","","","","","","","","","","","",""
"71.002257211","2026-08-14 08:50:04.766643","/home/akatoki/SC-30/scripts/SC-30/2_phase/EM.py","log_msg","90","","","","[待機] alt=0.394 m","","","","","","","","","","","","","","","","","","","","","","","","","","","","","","","","","","","","","","","","","",""
"72.107745212","2026-08-14 08:50:05.872122","/home/akatoki/SC-30/scripts/SC-30/2_phase/EM.py","log_msg","90","","","","","","","","","","-0.37401906380555516","","","","","","","","","","","","","","","","","","","","","","","","","","","","","","","","","","","",""
"72.112547605","2026-08-14 08:50:05.876934","/home/akatoki/SC-30/scripts/SC-30/2_phase/EM.py","log_msg","90","","","","[待機] alt=-0.374 m","","","","","","","","","","","","","","","","","","","","","","","","","","","","","","","","","","","","","","","","","",""
"73.217577868","2026-08-14 08:50:06.981954","/home/akatoki/SC-30/scripts/SC-30/2_phase/EM.py","log_msg","90","","","","","","","","","","0.3937411102941213","","","","","","","","","","","","","","","","","","","","","","","","","","","","","","","","","","","",""
"73.221944226","2026-08-14 08:50:06.986329","/home/akatoki/SC-30/scripts/SC-30/2_phase/EM.py","log_msg","90","","","","[待機] alt=0.394 m","","","","","","","","","","","","","","","","","","","","","","","","","","","","","","","","","","","","","","","","","",""
"74.332357775","2026-08-14 08:50:08.096736","/home/akatoki/SC-30/scripts/SC-30/2_phase/EM.py","log_msg","90","","","","","","","","","","-0.21460455011093282","","","","","","","","","","","","","","","","","","","","","","","","","","","","","","","","","","","",""
"74.336910587","2026-08-14 08:50:08.101297","/home/akatoki/SC-30/scripts/SC-30/2_phase/EM.py","log_msg","90","","","","[待機] alt=-0.215 m","","","","","","","","","","","","","","","","","","","","","","","","","","","","","","","","","","","","","","","","","",""
"75.442196975","2026-08-14 08:50:09.206574","/home/akatoki/SC-30/scripts/SC-30/2_phase/EM.py","log_msg","90","","","","","","","","","","-0.44639482624105886","","","","","","","","","","","","","","","","","","","","","","","","","","","","","","","","","","","",""
"75.446660459","2026-08-14 08:50:09.211045","/home/akatoki/SC-30/scripts/SC-30/2_phase/EM.py","log_msg","90","","","","[待機] alt=-0.446 m","","","","","","","","","","","","","","","","","","","","","","","","","","","","","","","","","","","","","","","","","",""
"76.551867335","2026-08-14 08:50:10.316244","/home/akatoki/SC-30/scripts/SC-30/2_phase/EM.py","log_msg","90","","","","","","","","","","0.4954848866158479","","","","","","","","","","","","","","","","","","","","","","","","","","","","","","","","","","","",""
"76.556392614","2026-08-14 08:50:10.320779","/home/akatoki/SC-30/scripts/SC-30/2_phase/EM.py","log_msg","90","","","","[待機] alt=0.495 m","","","","","","","","","","","","","","","","","","","","","","","","","","","","","","","","","","","","","","","","","",""
"77.661465096","2026-08-14 08:50:11.425844","/home/akatoki/SC-30/scripts/SC-30/2_phase/EM.py","log_msg","90","","","","","","","","","","-0.12755895261447936","","","","","","","","","","","","","","","","","","","","","","","","","","","","","","","","","","","",""
"77.670902272","2026-08-14 08:50:11.435287","/home/akatoki/SC-30/scripts/SC-30/2_phase/EM.py","log_msg","90","","","","[待機] alt=-0.128 m","","","","","","","","","","","","","","","","","","","","","","","","","","","","","","","","","","","","","","","","","",""
"78.776121049","2026-08-14 08:50:12.540499","/home/akatoki/SC-30/scripts/SC-30/2_phase/EM.py","log_msg","90","","","","","","","","","","-0.12755895261447936","","","","","","","","","","","","","","","","","","","","","","","","","","","","","","","","","","","",""
"78.783188857","2026-08-14 08:50:12.547576","/home/akatoki/SC-30/scripts/SC-30/2_phase/EM.py","log_msg","90","","","","[待機] alt=-0.128 m","","","","","","","","","","","","","","","","","","","","","","","","","","","","","","","","","","","","","","","","","",""
"79.88999295","2026-08-14 08:50:13.654385","/home/akatoki/SC-30/scripts/SC-30/2_phase/EM.py","log_msg","90","","","","","","","","","","-0.2723076412846104","","","","","","","","","","","","","","","","","","","","","","","","","","","","","","","","","","","",""
"79.894731615","2026-08-14 08:50:13.659117","/home/akatoki/SC-30/scripts/SC-30/2_phase/EM.py","log_msg","90","","","","[待機] alt=-0.272 m","","","","","","","","","","","","","","","","","","","","","","","","","","","","","","","","","","","","","","","","","",""
"80.999845042","2026-08-14 08:50:14.764223","/home/akatoki/SC-30/scripts/SC-30/2_phase/EM.py","log_msg","90","","","","","","","","","","0.1189266970281222","","","","","","","","","","","","","","","","","","","","","","","","","","","","","","","","","","","",""
"81.004349947","2026-08-14 08:50:14.768736","/home/akatoki/SC-30/scripts/SC-30/2_phase/EM.py","log_msg","90","","","","[待機] alt=0.119 m","","","","","","","","","","","","","","","","","","","","","","","","","","","","","","","","","","","","","","","","","",""
"82.109485167","2026-08-14 08:50:15.873862","/home/akatoki/SC-30/scripts/SC-30/2_phase/EM.py","log_msg","90","","","","","","","","","","0.04376994510872256","","","","","","","","","","","","","","","","","","","","","","","","","","","","","","","","","","","",""
"82.119243837","2026-08-14 08:50:15.883631","/home/akatoki/SC-30/scripts/SC-30/2_phase/EM.py","log_msg","90","","","","[待機] alt=0.044 m","","","","","","","","","","","","","","","","","","","","","","","","","","","","","","","","","","","","","","","","","",""
"83.225686347","2026-08-14 08:50:16.990064","/home/akatoki/SC-30/scripts/SC-30/2_phase/EM.py","log_msg","90","","","","","","","","","","0.8143766602185765","","","","","","","","","","","","","","","","","","","","","","","","","","","","","","","","","","","",""
"83.230175089","2026-08-14 08:50:16.994560","/home/akatoki/SC-30/scripts/SC-30/2_phase/EM.py","log_msg","90","","","","[待機] alt=0.814 m","","","","","","","","","","","","","","","","","","","","","","","","","","","","","","","","","","","","","","","","","",""
"84.335371092","2026-08-14 08:50:18.099749","/home/akatoki/SC-30/scripts/SC-30/2_phase/EM.py","log_msg","90","","","","","","","","","","-0.02860297146968893","","","","","","","","","","","","","","","","","","","","","","","","","","","","","","","","","","","",""
"84.339900425","2026-08-14 08:50:18.104286","/home/akatoki/SC-30/scripts/SC-30/2_phase/EM.py","log_msg","90","","","","[待機] alt=-0.029 m","","","","","","","","","","","","","","","","","","","","","","","","","","","","","","","","","","","","","","","","","",""
"85.445094453","2026-08-14 08:50:19.209471","/home/akatoki/SC-30/scripts/SC-30/2_phase/EM.py","log_msg","90","","","","","","","","","","0.4350264652699898","","","","","","","","","","","","","","","","","","","","","","","","","","","","","","","","","","","",""
"85.454251377","2026-08-14 08:50:19.218638","/home/akatoki/SC-30/scripts/SC-30/2_phase/EM.py","log_msg","90","","","","[待機] alt=0.435 m","","","","","","","","","","","","","","","","","","","","","","","","","","","","","","","","","","","","","","","","","",""
"86.559261066","2026-08-14 08:50:20.323638","/home/akatoki/SC-30/scripts/SC-30/2_phase/EM.py","log_msg","90","","","","","","","","","","-0.8687563835112577","","","","","","","","","","","","","","","","","","","","","","","","","","","","","","","","","","","",""
"86.563737333","2026-08-14 08:50:20.328123","/home/akatoki/SC-30/scripts/SC-30/2_phase/EM.py","log_msg","90","","","","[待機] alt=-0.869 m","","","","","","","","","","","","","","","","","","","","","","","","","","","","","","","","","","","","","","","","","",""
"87.668953765","2026-08-14 08:50:21.433331","/home/akatoki/SC-30/scripts/SC-30/2_phase/EM.py","log_msg","90","","","","","","","","","","-0.5645856335785093","","","","","","","","","","","","","","","","","","","","","","","","","","","","","","","","","","","",""
"87.673474334","2026-08-14 08:50:21.437860","/home/akatoki/SC-30/scripts/SC-30/2_phase/EM.py","log_msg","90","","","","[待機] alt=-0.565 m","","","","","","","","","","","","","","","","","","","","","","","","","","","","","","","","","","","","","","","","","",""
"88.778534629","2026-08-14 08:50:22.542912","/home/akatoki/SC-30/scripts/SC-30/2_phase/EM.py","log_msg","90","","","","","","","","","","-0.5645856335785093","","","","","","","","","","","","","","","","","","","","","","","","","","","","","","","","","","","",""
"88.783027389","2026-08-14 08:50:22.547413","/home/akatoki/SC-30/scripts/SC-30/2_phase/EM.py","log_msg","90","","","","[待機] alt=-0.565 m","","","","","","","","","","","","","","","","","","","","","","","","","","","","","","","","","","","","","","","","","",""
"89.888232617","2026-08-14 08:50:23.652610","/home/akatoki/SC-30/scripts/SC-30/2_phase/EM.py","log_msg","90","","","","","","","","","","0.07316835647691478","","","","","","","","","","","","","","","","","","","","","","","","","","","","","","","","","","","",""
"89.897387065","2026-08-14 08:50:23.661773","/home/akatoki/SC-30/scripts/SC-30/2_phase/EM.py","log_msg","90","","","","[待機] alt=0.073 m","","","","","","","","","","","","","","","","","","","","","","","","","","","","","","","","","","","","","","","","","",""
"91.002414572","2026-08-14 08:50:24.766791","/home/akatoki/SC-30/scripts/SC-30/2_phase/EM.py","log_msg","90","","","","","","","","","","0.3049919573299886","","","","","","","","","","","","","","","","","","","","","","","","","","","","","","","","","","","",""
"91.008207714","2026-08-14 08:50:24.772597","/home/akatoki/SC-30/scripts/SC-30/2_phase/EM.py","log_msg","90","","","","[待機] alt=0.305 m","","","","","","","","","","","","","","","","","","","","","","","","","","","","","","","","","","","","","","","","","",""
"92.113655409","2026-08-14 08:50:25.878032","/home/akatoki/SC-30/scripts/SC-30/2_phase/EM.py","log_msg","90","","","","","","","","","","-0.07157315625172522","","","","","","","","","","","","","","","","","","","","","","","","","","","","","","","","","","","",""
"92.118156817","2026-08-14 08:50:25.882544","/home/akatoki/SC-30/scripts/SC-30/2_phase/EM.py","log_msg","90","","","","[待機] alt=-0.072 m","","","","","","","","","","","","","","","","","","","","","","","","","","","","","","","","","","","","","","","","","",""
"93.223314818","2026-08-14 08:50:26.987693","/home/akatoki/SC-30/scripts/SC-30/2_phase/EM.py","log_msg","90","","","","","","","","","","-0.07157315625172522","","","","","","","","","","","","","","","","","","","","","","","","","","","","","","","","","","","",""
"93.227884164","2026-08-14 08:50:26.992272","/home/akatoki/SC-30/scripts/SC-30/2_phase/EM.py","log_msg","90","","","","[待機] alt=-0.072 m","","","","","","","","","","","","","","","","","","","","","","","","","","","","","","","","","","","","","","","","","",""
"94.337546552","2026-08-14 08:50:28.101924","/home/akatoki/SC-30/scripts/SC-30/2_phase/EM.py","log_msg","90","","","","","","","","","","0.08788088890773649","","","","","","","","","","","","","","","","","","","","","","","","","","","","","","","","","","","",""
"94.342052971","2026-08-14 08:50:28.106440","/home/akatoki/SC-30/scripts/SC-30/2_phase/EM.py","log_msg","90","","","","[待機] alt=0.088 m","","","","","","","","","","","","","","","","","","","","","","","","","","","","","","","","","","","","","","","","","",""
"95.447090352","2026-08-14 08:50:29.211468","/home/akatoki/SC-30/scripts/SC-30/2_phase/EM.py","log_msg","90","","","","","","","","","","-0.30339231044201886","","","","","","","","","","","","","","","","","","","","","","","","","","","","","","","","","","","",""
"95.451516971","2026-08-14 08:50:29.215903","/home/akatoki/SC-30/scripts/SC-30/2_phase/EM.py","log_msg","90","","","","[待機] alt=-0.303 m","","","","","","","","","","","","","","","","","","","","","","","","","","","","","","","","","","","","","","","","","",""
"96.556699275","2026-08-14 08:50:30.321076","/home/akatoki/SC-30/scripts/SC-30/2_phase/EM.py","log_msg","90","","","","","","","","","","0.08788088890773649","","","","","","","","","","","","","","","","","","","","","","","","","","","","","","","","","","","",""
"96.561158791","2026-08-14 08:50:30.325544","/home/akatoki/SC-30/scripts/SC-30/2_phase/EM.py","log_msg","90","","","","[待機] alt=0.088 m","","","","","","","","","","","","","","","","","","","","","","","","","","","","","","","","","","","","","","","","","",""
"97.66623879","2026-08-14 08:50:31.430616","/home/akatoki/SC-30/scripts/SC-30/2_phase/EM.py","log_msg","90","","","","","","","","","","-0.14394354166134216","","","","","","","","","","","","","","","","","","","","","","","","","","","","","","","","","","","",""
"97.675546726","2026-08-14 08:50:31.439933","/home/akatoki/SC-30/scripts/SC-30/2_phase/EM.py","log_msg","90","","","","[待機] alt=-0.144 m","","","","","","","","","","","","","","","","","","","","","","","","","","","","","","","","","","","","","","","","","",""
"98.780637684","2026-08-14 08:50:32.545015","/home/akatoki/SC-30/scripts/SC-30/2_phase/EM.py","log_msg","90","","","","","","","","","","-0.05685858679738809","","","","","","","","","","","","","","","","","","","","","","","","","","","","","","","","","","","",""
"98.785121952","2026-08-14 08:50:32.549507","/home/akatoki/SC-30/scripts/SC-30/2_phase/EM.py","log_msg","90","","","","[待機] alt=-0.057 m","","","","","","","","","","","","","","","","","","","","","","","","","","","","","","","","","","","","","","","","","",""
"99.891154769","2026-08-14 08:50:33.655532","/home/akatoki/SC-30/scripts/SC-30/2_phase/EM.py","log_msg","90","","","","","","","","","","0.030233463765986235","","","","","","","","","","","","","","","","","","","","","","","","","","","","","","","","","","","",""
"99.895656265","2026-08-14 08:50:33.660045","/home/akatoki/SC-30/scripts/SC-30/2_phase/EM.py","log_msg","90","","","","[待機] alt=0.030 m","","","","","","","","","","","","","","","","","","","","","","","","","","","","","","","","","","","","","","","","","",""
"101.000859784","2026-08-14 08:50:34.765237","/home/akatoki/SC-30/scripts/SC-30/2_phase/EM.py","log_msg","90","","","","","","","","","","-0.4334226099108185","","","","","","","","","","","","","","","","","","","","","","","","","","","","","","","","","","","",""
"101.00534267","2026-08-14 08:50:34.769728","/home/akatoki/SC-30/scripts/SC-30/2_phase/EM.py","log_msg","90","","","","[待機] alt=-0.433 m","","","","","","","","","","","","","","","","","","","","","","","","","","","","","","","","","","","","","","","","","",""
"102.114895682","2026-08-14 08:50:35.879274","/home/akatoki/SC-30/scripts/SC-30/2_phase/EM.py","log_msg","90","","","","","","","","","","-0.20159707309966857","","","","","","","","","","","","","","","","","","","","","","","","","","","","","","","","","","","",""
"102.119363452","2026-08-14 08:50:35.883750","/home/akatoki/SC-30/scripts/SC-30/2_phase/EM.py","log_msg","90","","","","[待機] alt=-0.202 m","","","","","","","","","","","","","","","","","","","","","","","","","","","","","","","","","","","","","","","","","",""
"103.224426507","2026-08-14 08:50:36.988804","/home/akatoki/SC-30/scripts/SC-30/2_phase/EM.py","log_msg","90","","","","","","","","","","0.27680615363247396","","","","","","","","","","","","","","","","","","","","","","","","","","","","","","","","","","","",""
"103.228959547","2026-08-14 08:50:36.993346","/home/akatoki/SC-30/scripts/SC-30/2_phase/EM.py","log_msg","90","","","","[待機] alt=0.277 m","","","","","","","","","","","","","","","","","","","","","","","","","","","","","","","","","","","","","","","","","",""
"104.333981534","2026-08-14 08:50:38.098359","/home/akatoki/SC-30/scripts/SC-30/2_phase/EM.py","log_msg","90","","","","","","","","","","-0.1868715806048593","","","","","","","","","","","","","","","","","","","","","","","","","","","","","","","","","","","",""
"104.338428415","2026-08-14 08:50:38.102814","/home/akatoki/SC-30/scripts/SC-30/2_phase/EM.py","log_msg","90","","","","[待機] alt=-0.187 m","","","","","","","","","","","","","","","","","","","","","","","","","","","","","","","","","","","","","","","","","",""
"105.443452464","2026-08-14 08:50:39.207831","/home/akatoki/SC-30/scripts/SC-30/2_phase/EM.py","log_msg","90","","","","","","","","","","0.044964786233091525","","","","","","","","","","","","","","","","","","","","","","","","","","","","","","","","","","","",""
"105.45280214","2026-08-14 08:50:39.217189","/home/akatoki/SC-30/scripts/SC-30/2_phase/EM.py","log_msg","90","","","","[待機] alt=0.045 m","","","","","","","","","","","","","","","","","","","","","","","","","","","","","","","","","","","","","","","","","",""
"106.557785772","2026-08-14 08:50:40.322164","/home/akatoki/SC-30/scripts/SC-30/2_phase/EM.py","log_msg","90","","","","","","","","","","0.11733261039790222","","","","","","","","","","","","","","","","","","","","","","","","","","","","","","","","","","","",""
"106.562246576","2026-08-14 08:50:40.326632","/home/akatoki/SC-30/scripts/SC-30/2_phase/EM.py","log_msg","90","","","","[待機] alt=0.117 m","","","","","","","","","","","","","","","","","","","","","","","","","","","","","","","","","","","","","","","","","",""
"107.667300965","2026-08-14 08:50:41.431679","/home/akatoki/SC-30/scripts/SC-30/2_phase/EM.py","log_msg","90","","","","","","","","","","-0.1868715806048593","","","","","","","","","","","","","","","","","","","","","","","","","","","","","","","","","","","",""
"107.671800484","2026-08-14 08:50:41.436187","/home/akatoki/SC-30/scripts/SC-30/2_phase/EM.py","log_msg","90","","","","[待機] alt=-0.187 m","","","","","","","","","","","","","","","","","","","","","","","","","","","","","","","","","","","","","","","","","",""
"108.77787778","2026-08-14 08:50:42.542255","/home/akatoki/SC-30/scripts/SC-30/2_phase/EM.py","log_msg","90","","","","","","","","","","0.044964786233091525","","","","","","","","","","","","","","","","","","","","","","","","","","","","","","","","","","","",""
"108.782341475","2026-08-14 08:50:42.546727","/home/akatoki/SC-30/scripts/SC-30/2_phase/EM.py","log_msg","90","","","","[待機] alt=0.045 m","","","","","","","","","","","","","","","","","","","","","","","","","","","","","","","","","","","","","","","","","",""
"109.891990238","2026-08-14 08:50:43.656436","/home/akatoki/SC-30/scripts/SC-30/2_phase/EM.py","log_msg","90","","","","","","","","","","0.20443885344287316","","","","","","","","","","","","","","","","","","","","","","","","","","","","","","","","","","","",""
"109.897269255","2026-08-14 08:50:43.661659","/home/akatoki/SC-30/scripts/SC-30/2_phase/EM.py","log_msg","90","","","","[待機] alt=0.204 m","","","","","","","","","","","","","","","","","","","","","","","","","","","","","","","","","","","","","","","","","",""
"111.003706142","2026-08-14 08:50:44.768084","/home/akatoki/SC-30/scripts/SC-30/2_phase/EM.py","log_msg","90","","","","","","","","","","0.21918591198836768","","","","","","","","","","","","","","","","","","","","","","","","","","","","","","","","","","","",""
"111.008333484","2026-08-14 08:50:44.772720","/home/akatoki/SC-30/scripts/SC-30/2_phase/EM.py","log_msg","90","","","","[待機] alt=0.219 m","","","","","","","","","","","","","","","","","","","","","","","","","","","","","","","","","","","","","","","","","",""
"112.113444613","2026-08-14 08:50:45.877822","/home/akatoki/SC-30/scripts/SC-30/2_phase/EM.py","log_msg","90","","","","","","","","","","-0.01266156240153915","","","","","","","","","","","","","","","","","","","","","","","","","","","","","","","","","","","",""
"112.118060931","2026-08-14 08:50:45.882449","/home/akatoki/SC-30/scripts/SC-30/2_phase/EM.py","log_msg","90","","","","[待機] alt=-0.013 m","","","","","","","","","","","","","","","","","","","","","","","","","","","","","","","","","","","","","","","","","",""
"113.227721197","2026-08-14 08:50:46.992099","/home/akatoki/SC-30/scripts/SC-30/2_phase/EM.py","log_msg","90","","","","","","","","","","-0.09977011979339423","","","","","","","","","","","","","","","","","","","","","","","","","","","","","","","","","","","",""
"113.232274875","2026-08-14 08:50:46.996662","/home/akatoki/SC-30/scripts/SC-30/2_phase/EM.py","log_msg","90","","","","[待機] alt=-0.100 m","","","","","","","","","","","","","","","","","","","","","","","","","","","","","","","","","","","","","","","","","",""
"114.337460118","2026-08-14 08:50:48.101838","/home/akatoki/SC-30/scripts/SC-30/2_phase/EM.py","log_msg","90","","","","","","","","","","-0.17213720162553958","","","","","","","","","","","","","","","","","","","","","","","","","","","","","","","","","","","",""
"114.341973009","2026-08-14 08:50:48.106359","/home/akatoki/SC-30/scripts/SC-30/2_phase/EM.py","log_msg","90","","","","[待機] alt=-0.172 m","","","","","","","","","","","","","","","","","","","","","","","","","","","","","","","","","","","","","","","","","",""
"115.447076102","2026-08-14 08:50:49.211454","/home/akatoki/SC-30/scripts/SC-30/2_phase/EM.py","log_msg","90","","","","","","","","","","-0.01266156240153915","","","","","","","","","","","","","","","","","","","","","","","","","","","","","","","","","","","",""
"115.451547194","2026-08-14 08:50:49.215934","/home/akatoki/SC-30/scripts/SC-30/2_phase/EM.py","log_msg","90","","","","[待機] alt=-0.013 m","","","","","","","","","","","","","","","","","","","","","","","","","","","","","","","","","","","","","","","","","",""
"116.556657048","2026-08-14 08:50:50.321035","/home/akatoki/SC-30/scripts/SC-30/2_phase/EM.py","log_msg","90","","","","","","","","","","-0.15739393554158543","","","","","","","","","","","","","","","","","","","","","","","","","","","","","","","","","","","",""
"116.566887097","2026-08-14 08:50:50.331275","/home/akatoki/SC-30/scripts/SC-30/2_phase/EM.py","log_msg","90","","","","[待機] alt=-0.157 m","","","","","","","","","","","","","","","","","","","","","","","","","","","","","","","","","","","","","","","","","",""
"117.671859999","2026-08-14 08:50:51.436238","/home/akatoki/SC-30/scripts/SC-30/2_phase/EM.py","log_msg","90","","","","","","","","","","-0.302125318589761","","","","","","","","","","","","","","","","","","","","","","","","","","","","","","","","","","","",""
"117.676377405","2026-08-14 08:50:51.440764","/home/akatoki/SC-30/scripts/SC-30/2_phase/EM.py","log_msg","90","","","","[待機] alt=-0.302 m","","","","","","","","","","","","","","","","","","","","","","","","","","","","","","","","","","","","","","","","","",""
"118.781441571","2026-08-14 08:50:52.545820","/home/akatoki/SC-30/scripts/SC-30/2_phase/EM.py","log_msg","90","","","","","","","","","","-0.38923696219087756","","","","","","","","","","","","","","","","","","","","","","","","","","","","","","","","","","","",""
"118.785974478","2026-08-14 08:50:52.550360","/home/akatoki/SC-30/scripts/SC-30/2_phase/EM.py","log_msg","90","","","","[待機] alt=-0.389 m","","","","","","","","","","","","","","","","","","","","","","","","","","","","","","","","","","","","","","","","","",""
"119.89117628","2026-08-14 08:50:53.655554","/home/akatoki/SC-30/scripts/SC-30/2_phase/EM.py","log_msg","90","","","","","","","","","","-0.15739393554158543","","","","","","","","","","","","","","","","","","","","","","","","","","","","","","","","","","","",""
"119.895667291","2026-08-14 08:50:53.660053","/home/akatoki/SC-30/scripts/SC-30/2_phase/EM.py","log_msg","90","","","","[待機] alt=-0.157 m","","","","","","","","","","","","","","","","","","","","","","","","","","","","","","","","","","","","","","","","","",""
"121.005327911","2026-08-14 08:50:54.769705","/home/akatoki/SC-30/scripts/SC-30/2_phase/EM.py","log_msg","90","","","","","","","","","","0.0020885531581749106","","","","","","","","","","","","","","","","","","","","","","","","","","","","","","","","","","","",""
"121.009865001","2026-08-14 08:50:54.774255","/home/akatoki/SC-30/scripts/SC-30/2_phase/EM.py","log_msg","90","","","","[待機] alt=0.002 m","","","","","","","","","","","","","","","","","","","","","","","","","","","","","","","","","","","","","","","","","",""
"122.115374143","2026-08-14 08:50:55.879751","/home/akatoki/SC-30/scripts/SC-30/2_phase/EM.py","log_msg","90","","","","","","","","","","0.16157684353092394","","","","","","","","","","","","","","","","","","","","","","","","","","","","","","","","","","","",""
"122.119921165","2026-08-14 08:50:55.884307","/home/akatoki/SC-30/scripts/SC-30/2_phase/EM.py","log_msg","90","","","","[待機] alt=0.162 m","","","","","","","","","","","","","","","","","","","","","","","","","","","","","","","","","","","","","","","","","",""
"123.22502568","2026-08-14 08:50:56.989403","/home/akatoki/SC-30/scripts/SC-30/2_phase/EM.py","log_msg","90","","","","","","","","","","-0.4468557114082605","","","","","","","","","","","","","","","","","","","","","","","","","","","","","","","","","","","",""
"123.229537892","2026-08-14 08:50:56.993924","/home/akatoki/SC-30/scripts/SC-30/2_phase/EM.py","log_msg","90","","","","[待機] alt=-0.447 m","","","","","","","","","","","","","","","","","","","","","","","","","","","","","","","","","","","","","","","","","",""
"124.334597388","2026-08-14 08:50:58.098975","/home/akatoki/SC-30/scripts/SC-30/2_phase/EM.py","log_msg","90","","","","","","","","","","-0.14264178174271613","","","","","","","","","","","","","","","","","","","","","","","","","","","","","","","","","","","",""
"124.339094415","2026-08-14 08:50:58.103481","/home/akatoki/SC-30/scripts/SC-30/2_phase/EM.py","log_msg","90","","","","[待機] alt=-0.143 m","","","","","","","","","","","","","","","","","","","","","","","","","","","","","","","","","","","","","","","","","",""
"125.449488849","2026-08-14 08:50:59.213866","/home/akatoki/SC-30/scripts/SC-30/2_phase/EM.py","log_msg","90","","","","","","","","","","-0.3744906387875635","","","","","","","","","","","","","","","","","","","","","","","","","","","","","","","","","","","",""
"125.454086753","2026-08-14 08:50:59.218473","/home/akatoki/SC-30/scripts/SC-30/2_phase/EM.py","log_msg","90","","","","[待機] alt=-0.374 m","","","","","","","","","","","","","","","","","","","","","","","","","","","","","","","","","","","","","","","","","",""
"126.559219222","2026-08-14 08:51:00.323597","/home/akatoki/SC-30/scripts/SC-30/2_phase/EM.py","log_msg","90","","","","","","","","","","0.10397894943640962","","","","","","","","","","","","","","","","","","","","","","","","","","","","","","","","","","","",""
"126.563861074","2026-08-14 08:51:00.328246","/home/akatoki/SC-30/scripts/SC-30/2_phase/EM.py","log_msg","90","","","","[待機] alt=0.104 m","","","","","","","","","","","","","","","","","","","","","","","","","","","","","","","","","","","","","","","","","",""
"127.669035955","2026-08-14 08:51:01.433413","/home/akatoki/SC-30/scripts/SC-30/2_phase/EM.py","log_msg","90","","","","","","","","","","-0.5192205364420088","","","","","","","","","","","","","","","","","","","","","","","","","","","","","","","","","","","",""
"127.673554302","2026-08-14 08:51:01.437940","/home/akatoki/SC-30/scripts/SC-30/2_phase/EM.py","log_msg","90","","","","[待機] alt=-0.519 m","","","","","","","","","","","","","","","","","","","","","","","","","","","","","","","","","","","","","","","","","",""
"128.783027844","2026-08-14 08:51:02.547404","/home/akatoki/SC-30/scripts/SC-30/2_phase/EM.py","log_msg","90","","","","","","","","","","-0.2873711263548717","","","","","","","","","","","","","","","","","","","","","","","","","","","","","","","","","","","",""
"128.798736781","2026-08-14 08:51:02.563122","/home/akatoki/SC-30/scripts/SC-30/2_phase/EM.py","log_msg","90","","","","[待機] alt=-0.287 m","","","","","","","","","","","","","","","","","","","","","","","","","","","","","","","","","","","","","","","","","",""
"129.909694352","2026-08-14 08:51:03.674068","/home/akatoki/SC-30/scripts/SC-30/2_phase/EM.py","log_msg","90","","","","","","","","","","0.3358436400273823","","","","","","","","","","","","","","","","","","","","","","","","","","","","","","","","","","","",""
"129.91478952","2026-08-14 08:51:03.679173","/home/akatoki/SC-30/scripts/SC-30/2_phase/EM.py","log_msg","90","","","","[待機] alt=0.336 m","","","","","","","","","","","","","","","","","","","","","","","","","","","","","","","","","","","","","","","","","",""
"131.033537196","2026-08-14 08:51:04.797909","/home/akatoki/SC-30/scripts/SC-30/2_phase/EM.py","log_msg","90","","","","","","","","","","0.10397894943640962","","","","","","","","","","","","","","","","","","","","","","","","","","","","","","","","","","","",""
"131.038477296","2026-08-14 08:51:04.802856","/home/akatoki/SC-30/scripts/SC-30/2_phase/EM.py","log_msg","90","","","","[待機] alt=0.104 m","","","","","","","","","","","","","","","","","","","","","","","","","","","","","","","","","","","","","","","","","",""
"132.143058844","2026-08-14 08:51:05.907431","/home/akatoki/SC-30/scripts/SC-30/2_phase/EM.py","log_msg","90","","","","","","","","","","0.03161544916952308","","","","","","","","","","","","","","","","","","","","","","","","","","","","","","","","","","","",""
"132.151769669","2026-08-14 08:51:05.916149","/home/akatoki/SC-30/scripts/SC-30/2_phase/EM.py","log_msg","90","","","","[待機] alt=0.032 m","","","","","","","","","","","","","","","","","","","","","","","","","","","","","","","","","","","","","","","","","",""
"133.256205367","2026-08-14 08:51:07.020578","/home/akatoki/SC-30/scripts/SC-30/2_phase/EM.py","log_msg","90","","","","","","","","","","-0.2726080455093327","","","","","","","","","","","","","","","","","","","","","","","","","","","","","","","","","","","",""
"133.260225573","2026-08-14 08:51:07.024604","/home/akatoki/SC-30/scripts/SC-30/2_phase/EM.py","log_msg","90","","","","[待機] alt=-0.273 m","","","","","","","","","","","","","","","","","","","","","","","","","","","","","","","","","","","","","","","","","",""
"134.366805996","2026-08-14 08:51:08.131179","/home/akatoki/SC-30/scripts/SC-30/2_phase/EM.py","log_msg","90","","","","","","","","","","0.11875471168388718","","","","","","","","","","","","","","","","","","","","","","","","","","","","","","","","","","","",""
"134.370823696","2026-08-14 08:51:08.135203","/home/akatoki/SC-30/scripts/SC-30/2_phase/EM.py","log_msg","90","","","","[待機] alt=0.119 m","","","","","","","","","","","","","","","","","","","","","","","","","","","","","","","","","","","","","","","","","",""
"135.47546081","2026-08-14 08:51:09.239838","/home/akatoki/SC-30/scripts/SC-30/2_phase/EM.py","log_msg","90","","","","","","","","","","0.04639223086632671","","","","","","","","","","","","","","","","","","","","","","","","","","","","","","","","","","","",""
"135.484972676","2026-08-14 08:51:09.249359","/home/akatoki/SC-30/scripts/SC-30/2_phase/EM.py","log_msg","90","","","","[待機] alt=0.046 m","","","","","","","","","","","","","","","","","","","","","","","","","","","","","","","","","","","","","","","","","",""
"136.589925047","2026-08-14 08:51:10.354302","/home/akatoki/SC-30/scripts/SC-30/2_phase/EM.py","log_msg","90","","","","","","","","","","-0.18547356578461738","","","","","","","","","","","","","","","","","","","","","","","","","","","","","","","","","","","",""
"136.59441903","2026-08-14 08:51:10.358807","/home/akatoki/SC-30/scripts/SC-30/2_phase/EM.py","log_msg","90","","","","[待機] alt=-0.185 m","","","","","","","","","","","","","","","","","","","","","","","","","","","","","","","","","","","","","","","","","",""
"137.699487673","2026-08-14 08:51:11.463867","/home/akatoki/SC-30/scripts/SC-30/2_phase/EM.py","log_msg","90","","","","","","","","","","-0.4896971470002942","","","","","","","","","","","","","","","","","","","","","","","","","","","","","","","","","","","",""
"137.703993739","2026-08-14 08:51:11.468414","/home/akatoki/SC-30/scripts/SC-30/2_phase/EM.py","log_msg","90","","","","[待機] alt=-0.490 m","","","","","","","","","","","","","","","","","","","","","","","","","","","","","","","","","","","","","","","","","",""
"138.809040571","2026-08-14 08:51:12.573418","/home/akatoki/SC-30/scripts/SC-30/2_phase/EM.py","log_msg","90","","","","","","","","","","0.4377771497786609","","","","","","","","","","","","","","","","","","","","","","","","","","","","","","","","","","","",""
"138.81350647","2026-08-14 08:51:12.577893","/home/akatoki/SC-30/scripts/SC-30/2_phase/EM.py","log_msg","90","","","","[待機] alt=0.438 m","","","","","","","","","","","","","","","","","","","","","","","","","","","","","","","","","","","","","","","","","",""
"139.918573744","2026-08-14 08:51:13.682952","/home/akatoki/SC-30/scripts/SC-30/2_phase/EM.py","log_msg","90","","","","","","","","","","-0.013966429643170741","","","","","","","","","","","","","","","","","","","","","","","","","","","","","","","","","","","",""
"139.928154998","2026-08-14 08:51:13.692542","/home/akatoki/SC-30/scripts/SC-30/2_phase/EM.py","log_msg","90","","","","[待機] alt=-0.014 m","","","","","","","","","","","","","","","","","","","","","","","","","","","","","","","","","","","","","","","","","",""
"141.033152944","2026-08-14 08:51:14.797530","/home/akatoki/SC-30/scripts/SC-30/2_phase/EM.py","log_msg","90","","","","","","","","","","0.21791048756756748","","","","","","","","","","","","","","","","","","","","","","","","","","","","","","","","","","","",""
"141.037620303","2026-08-14 08:51:14.802006","/home/akatoki/SC-30/scripts/SC-30/2_phase/EM.py","log_msg","90","","","","[待機] alt=0.218 m","","","","","","","","","","","","","","","","","","","","","","","","","","","","","","","","","","","","","","","","","",""
"142.142655965","2026-08-14 08:51:15.907035","/home/akatoki/SC-30/scripts/SC-30/2_phase/EM.py","log_msg","90","","","","","","","","","","0.14554980780651539","","","","","","","","","","","","","","","","","","","","","","","","","","","","","","","","","","","",""
"142.148087027","2026-08-14 08:51:15.912476","/home/akatoki/SC-30/scripts/SC-30/2_phase/EM.py","log_msg","90","","","","[待機] alt=0.146 m","","","","","","","","","","","","","","","","","","","","","","","","","","","","","","","","","","","","","","","","","",""
"143.253221215","2026-08-14 08:51:17.017599","/home/akatoki/SC-30/scripts/SC-30/2_phase/EM.py","log_msg","90","","","","","","","","","","-0.08632738590075961","","","","","","","","","","","","","","","","","","","","","","","","","","","","","","","","","","","",""
"143.262429486","2026-08-14 08:51:17.026815","/home/akatoki/SC-30/scripts/SC-30/2_phase/EM.py","log_msg","90","","","","[待機] alt=-0.086 m","","","","","","","","","","","","","","","","","","","","","","","","","","","","","","","","","","","","","","","","","",""
"144.367340258","2026-08-14 08:51:18.131718","/home/akatoki/SC-30/scripts/SC-30/2_phase/EM.py","log_msg","90","","","","","","","","","","0.07318937580466867","","","","","","","","","","","","","","","","","","","","","","","","","","","","","","","","","","","",""
"144.371802275","2026-08-14 08:51:18.136188","/home/akatoki/SC-30/scripts/SC-30/2_phase/EM.py","log_msg","90","","","","[待機] alt=0.073 m","","","","","","","","","","","","","","","","","","","","","","","","","","","","","","","","","","","","","","","","","",""
"145.476865891","2026-08-14 08:51:19.241244","/home/akatoki/SC-30/scripts/SC-30/2_phase/EM.py","log_msg","90","","","","","","","","","","0.07318937580466867","","","","","","","","","","","","","","","","","","","","","","","","","","","","","","","","","","","",""
"145.481332004","2026-08-14 08:51:19.245718","/home/akatoki/SC-30/scripts/SC-30/2_phase/EM.py","log_msg","90","","","","[待機] alt=0.073 m","","","","","","","","","","","","","","","","","","","","","","","","","","","","","","","","","","","","","","","","","",""
"146.586345483","2026-08-14 08:51:20.350723","/home/akatoki/SC-30/scripts/SC-30/2_phase/EM.py","log_msg","90","","","","","","","","","","-0.15868809440406473","","","","","","","","","","","","","","","","","","","","","","","","","","","","","","","","","","","",""
"146.590803094","2026-08-14 08:51:20.355189","/home/akatoki/SC-30/scripts/SC-30/2_phase/EM.py","log_msg","90","","","","[待機] alt=-0.159 m","","","","","","","","","","","","","","","","","","","","","","","","","","","","","","","","","","","","","","","","","",""
"147.695839373","2026-08-14 08:51:21.460217","/home/akatoki/SC-30/scripts/SC-30/2_phase/EM.py","log_msg","90","","","","","","","","","","-0.08632738590075961","","","","","","","","","","","","","","","","","","","","","","","","","","","","","","","","","","","",""
"147.70035942","2026-08-14 08:51:21.464746","/home/akatoki/SC-30/scripts/SC-30/2_phase/EM.py","log_msg","90","","","","[待機] alt=-0.086 m","","","","","","","","","","","","","","","","","","","","","","","","","","","","","","","","","","","","","","","","","",""
"148.805380452","2026-08-14 08:51:22.569759","/home/akatoki/SC-30/scripts/SC-30/2_phase/EM.py","log_msg","90","","","","","","","","","","0.0008291915620273205","","","","","","","","","","","","","","","","","","","","","","","","","","","","","","","","","","","",""
"148.809897978","2026-08-14 08:51:22.574284","/home/akatoki/SC-30/scripts/SC-30/2_phase/EM.py","log_msg","90","","","","[待機] alt=0.001 m","","","","","","","","","","","","","","","","","","","","","","","","","","","","","","","","","","","","","","","","","",""
"149.915009706","2026-08-14 08:51:23.679387","/home/akatoki/SC-30/scripts/SC-30/2_phase/EM.py","log_msg","90","","","","","","","","","","-0.07153074489187894","","","","","","","","","","","","","","","","","","","","","","","","","","","","","","","","","","","",""
"149.925445105","2026-08-14 08:51:23.689832","/home/akatoki/SC-30/scripts/SC-30/2_phase/EM.py","log_msg","90","","","","[待機] alt=-0.072 m","","","","","","","","","","","","","","","","","","","","","","","","","","","","","","","","","","","","","","","","","",""
"151.031783064","2026-08-14 08:51:24.796160","/home/akatoki/SC-30/scripts/SC-30/2_phase/EM.py","log_msg","90","","","","","","","","","","-0.21624987436950516","","","","","","","","","","","","","","","","","","","","","","","","","","","","","","","","","","","",""
"151.036305221","2026-08-14 08:51:24.800691","/home/akatoki/SC-30/scripts/SC-30/2_phase/EM.py","log_msg","90","","","","[待機] alt=-0.216 m","","","","","","","","","","","","","","","","","","","","","","","","","","","","","","","","","","","","","","","","","",""
"152.141407043","2026-08-14 08:51:25.905786","/home/akatoki/SC-30/scripts/SC-30/2_phase/EM.py","log_msg","90","","","","","","","","","","0.07318937580466867","","","","","","","","","","","","","","","","","","","","","","","","","","","","","","","","","","","",""
"152.146243301","2026-08-14 08:51:25.910633","/home/akatoki/SC-30/scripts/SC-30/2_phase/EM.py","log_msg","90","","","","[待機] alt=0.073 m","","","","","","","","","","","","","","","","","","","","","","","","","","","","","","","","","","","","","","","","","",""
"153.251370065","2026-08-14 08:51:27.015747","/home/akatoki/SC-30/scripts/SC-30/2_phase/EM.py","log_msg","90","","","","","","","","","","0.10280525297373555","","","","","","","","","","","","","","","","","","","","","","","","","","","","","","","","","","","",""
"153.260798024","2026-08-14 08:51:27.025187","/home/akatoki/SC-30/scripts/SC-30/2_phase/EM.py","log_msg","90","","","","[待機] alt=0.103 m","","","","","","","","","","","","","","","","","","","","","","","","","","","","","","","","","","","","","","","","","",""
"154.365898509","2026-08-14 08:51:28.130277","/home/akatoki/SC-30/scripts/SC-30/2_phase/EM.py","log_msg","90","","","","","","","","","","0.10280525297373555","","","","","","","","","","","","","","","","","","","","","","","","","","","","","","","","","","","",""
"154.370411215","2026-08-14 08:51:28.134799","/home/akatoki/SC-30/scripts/SC-30/2_phase/EM.py","log_msg","90","","","","[待機] alt=0.103 m","","","","","","","","","","","","","","","","","","","","","","","","","","","","","","","","","","","","","","","","","",""
"155.475638958","2026-08-14 08:51:29.240016","/home/akatoki/SC-30/scripts/SC-30/2_phase/EM.py","log_msg","90","","","","","","","","","","-0.07153074489187894","","","","","","","","","","","","","","","","","","","","","","","","","","","","","","","","","","","",""
"155.480208676","2026-08-14 08:51:29.244595","/home/akatoki/SC-30/scripts/SC-30/2_phase/EM.py","log_msg","90","","","","[待機] alt=-0.072 m","","","","","","","","","","","","","","","","","","","","","","","","","","","","","","","","","","","","","","","","","",""
"156.585352466","2026-08-14 08:51:30.349731","/home/akatoki/SC-30/scripts/SC-30/2_phase/EM.py","log_msg","90","","","","","","","","","","-0.27380047481908143","","","","","","","","","","","","","","","","","","","","","","","","","","","","","","","","","","","",""
"156.58997602","2026-08-14 08:51:30.354364","/home/akatoki/SC-30/scripts/SC-30/2_phase/EM.py","log_msg","90","","","","[待機] alt=-0.274 m","","","","","","","","","","","","","","","","","","","","","","","","","","","","","","","","","","","","","","","","","",""
"157.695034481","2026-08-14 08:51:31.459411","/home/akatoki/SC-30/scripts/SC-30/2_phase/EM.py","log_msg","90","","","","","","","","","","0.24752228520692032","","","","","","","","","","","","","","","","","","","","","","","","","","","","","","","","","","","",""
"157.704553709","2026-08-14 08:51:31.468939","/home/akatoki/SC-30/scripts/SC-30/2_phase/EM.py","log_msg","90","","","","[待機] alt=0.248 m","","","","","","","","","","","","","","","","","","","","","","","","","","","","","","","","","","","","","","","","","",""
"158.809451786","2026-08-14 08:51:32.573830","/home/akatoki/SC-30/scripts/SC-30/2_phase/EM.py","log_msg","90","","","","","","","","","","-0.1290838810775119","","","","","","","","","","","","","","","","","","","","","","","","","","","","","","","","","","","",""
"158.813980304","2026-08-14 08:51:32.578366","/home/akatoki/SC-30/scripts/SC-30/2_phase/EM.py","log_msg","90","","","","[待機] alt=-0.129 m","","","","","","","","","","","","","","","","","","","","","","","","","","","","","","","","","","","","","","","","","",""
"159.919944626","2026-08-14 08:51:33.684323","/home/akatoki/SC-30/scripts/SC-30/2_phase/EM.py","log_msg","90","","","","","","","","","","-0.5780433607099411","","","","","","","","","","","","","","","","","","","","","","","","","","","","","","","","","","","",""
"159.92446758","2026-08-14 08:51:33.688854","/home/akatoki/SC-30/scripts/SC-30/2_phase/EM.py","log_msg","90","","","","[待機] alt=-0.578 m","","","","","","","","","","","","","","","","","","","","","","","","","","","","","","","","","","","","","","","","","",""
"161.029501801","2026-08-14 08:51:34.793879","/home/akatoki/SC-30/scripts/SC-30/2_phase/EM.py","log_msg","90","","","","","","","","","","-0.8822815492406089","","","","","","","","","","","","","","","","","","","","","","","","","","","","","","","","","","","",""
"161.038602637","2026-08-14 08:51:34.802989","/home/akatoki/SC-30/scripts/SC-30/2_phase/EM.py","log_msg","90","","","","[待機] alt=-0.882 m","","","","","","","","","","","","","","","","","","","","","","","","","","","","","","","","","","","","","","","","","",""
"162.143486831","2026-08-14 08:51:35.907864","/home/akatoki/SC-30/scripts/SC-30/2_phase/EM.py","log_msg","90","","","","","","","","","","0.045269405750378855","","","","","","","","","","","","","","","","","","","","","","","","","","","","","","","","","","","",""
"162.148413297","2026-08-14 08:51:35.912799","/home/akatoki/SC-30/scripts/SC-30/2_phase/EM.py","log_msg","90","","","","[待機] alt=0.045 m","","","","","","","","","","","","","","","","","","","","","","","","","","","","","","","","","","","","","","","","","",""
"163.253513918","2026-08-14 08:51:37.017892","/home/akatoki/SC-30/scripts/SC-30/2_phase/EM.py","log_msg","90","","","","","","","","","","-0.3313398945519186","","","","","","","","","","","","","","","","","","","","","","","","","","","","","","","","","","","",""
"163.258051868","2026-08-14 08:51:37.022438","/home/akatoki/SC-30/scripts/SC-30/2_phase/EM.py","log_msg","90","","","","[待機] alt=-0.331 m","","","","","","","","","","","","","","","","","","","","","","","","","","","","","","","","","","","","","","","","","",""
"164.363082637","2026-08-14 08:51:38.127460","/home/akatoki/SC-30/scripts/SC-30/2_phase/EM.py","log_msg","90","","","","","","","","","","-0.24415661160370083","","","","","","","","","","","","","","","","","","","","","","","","","","","","","","","","","","","",""
"164.373282307","2026-08-14 08:51:38.137670","/home/akatoki/SC-30/scripts/SC-30/2_phase/EM.py","log_msg","90","","","","[待機] alt=-0.244 m","","","","","","","","","","","","","","","","","","","","","","","","","","","","","","","","","","","","","","","","","",""
"165.478248423","2026-08-14 08:51:39.242627","/home/akatoki/SC-30/scripts/SC-30/2_phase/EM.py","log_msg","90","","","","","","","","","","-0.01225525986542575","","","","","","","","","","","","","","","","","","","","","","","","","","","","","","","","","","","",""
"165.48268922","2026-08-14 08:51:39.247073","/home/akatoki/SC-30/scripts/SC-30/2_phase/EM.py","log_msg","90","","","","[待機] alt=-0.012 m","","","","","","","","","","","","","","","","","","","","","","","","","","","","","","","","","","","","","","","","","",""
"166.587731884","2026-08-14 08:51:40.352110","/home/akatoki/SC-30/scripts/SC-30/2_phase/EM.py","log_msg","90","","","","","","","","","","-0.15696622777359837","","","","","","","","","","","","","","","","","","","","","","","","","","","","","","","","","","","",""
"166.592290438","2026-08-14 08:51:40.356678","/home/akatoki/SC-30/scripts/SC-30/2_phase/EM.py","log_msg","90","","","","[待機] alt=-0.157 m","","","","","","","","","","","","","","","","","","","","","","","","","","","","","","","","","","","","","","","","","",""
"167.697291357","2026-08-14 08:51:41.461668","/home/akatoki/SC-30/scripts/SC-30/2_phase/EM.py","log_msg","90","","","","","","","","","","-0.01225525986542575","","","","","","","","","","","","","","","","","","","","","","","","","","","","","","","","","","","",""
"167.708732027","2026-08-14 08:51:41.473123","/home/akatoki/SC-30/scripts/SC-30/2_phase/EM.py","log_msg","90","","","","[待機] alt=-0.012 m","","","","","","","","","","","","","","","","","","","","","","","","","","","","","","","","","","","","","","","","","",""
"168.822601499","2026-08-14 08:51:42.586980","/home/akatoki/SC-30/scripts/SC-30/2_phase/EM.py","log_msg","90","","","","","","","","","","0.1472957637277339","","","","","","","","","","","","","","","","","","","","","","","","","","","","","","","","","","","",""
"168.83078145","2026-08-14 08:51:42.595169","/home/akatoki/SC-30/scripts/SC-30/2_phase/EM.py","log_msg","90","","","","[待機] alt=0.147 m","","","","","","","","","","","","","","","","","","","","","","","","","","","","","","","","","","","","","","","","","",""
"169.935978547","2026-08-14 08:51:43.700392","/home/akatoki/SC-30/scripts/SC-30/2_phase/EM.py","log_msg","90","","","","","","","","","","-0.47605296023114585","","","","","","","","","","","","","","","","","","","","","","","","","","","","","","","","","","","",""
"170.645774793","2026-08-14 08:51:44.410156","/home/akatoki/SC-30/scripts/SC-30/2_phase/EM.py","log_msg","90","","","","[待機] alt=-0.476 m","","","","","","","","","","","","","","","","","","","","","","","","","","","","","","","","","","","","","","","","","",""
"171.784320939","2026-08-14 08:51:45.548693","/home/akatoki/SC-30/scripts/SC-30/2_phase/EM.py","log_msg","90","","","","","","","","","","0.060100596074442736","","","","","","","","","","","","","","","","","","","","","","","","","","","","","","","","","","","",""
"171.835740984","2026-08-14 08:51:45.600135","/home/akatoki/SC-30/scripts/SC-30/2_phase/EM.py","log_msg","90","","","","[待機] alt=0.060 m","","","","","","","","","","","","","","","","","","","","","","","","","","","","","","","","","","","","","","","","","",""
"174.597934593","2026-08-14 08:51:48.362311","/home/akatoki/SC-30/scripts/SC-30/2_phase/EM.py","log_msg","90","","","","","","","","","","-0.38886813240651463","","","","","","","","","","","","","","","","","","","","","","","","","","","","","","","","","","","",""
"174.602370126","2026-08-14 08:51:48.366754","/home/akatoki/SC-30/scripts/SC-30/2_phase/EM.py","log_msg","90","","","","[待機] alt=-0.389 m","","","","","","","","","","","","","","","","","","","","","","","","","","","","","","","","","","","","","","","","","",""
"175.707265397","2026-08-14 08:51:49.471638","/home/akatoki/SC-30/scripts/SC-30/2_phase/EM.py","log_msg","90","","","","","","","","","","-0.461223520787688","","","","","","","","","","","","","","","","","","","","","","","","","","","","","","","","","","","",""
"175.716415081","2026-08-14 08:51:49.480798","/home/akatoki/SC-30/scripts/SC-30/2_phase/EM.py","log_msg","90","","","","[待機] alt=-0.461 m","","","","","","","","","","","","","","","","","","","","","","","","","","","","","","","","","","","","","","","","","",""
"176.821302699","2026-08-14 08:51:50.585676","/home/akatoki/SC-30/scripts/SC-30/2_phase/EM.py","log_msg","90","","","","","","","","","","-0.30167620360156633","","","","","","","","","","","","","","","","","","","","","","","","","","","","","","","","","","","",""
"176.825657752","2026-08-14 08:51:50.590042","/home/akatoki/SC-30/scripts/SC-30/2_phase/EM.py","log_msg","90","","","","[待機] alt=-0.302 m","","","","","","","","","","","","","","","","","","","","","","","","","","","","","","","","","","","","","","","","","",""
"177.935857554","2026-08-14 08:51:51.700231","/home/akatoki/SC-30/scripts/SC-30/2_phase/EM.py","log_msg","90","","","","","","","","","","0.3217074036683043","","","","","","","","","","","","","","","","","","","","","","","","","","","","","","","","","","","",""
"177.939917631","2026-08-14 08:51:51.704297","/home/akatoki/SC-30/scripts/SC-30/2_phase/EM.py","log_msg","90","","","","[待機] alt=0.322 m","","","","","","","","","","","","","","","","","","","","","","","","","","","","","","","","","","","","","","","","","",""
"179.046607044","2026-08-14 08:51:52.810979","/home/akatoki/SC-30/scripts/SC-30/2_phase/EM.py","log_msg","90","","","","","","","","","","-0.35918461186081885","","","","","","","","","","","","","","","","","","","","","","","","","","","","","","","","","","","",""
"179.050640752","2026-08-14 08:51:52.815021","/home/akatoki/SC-30/scripts/SC-30/2_phase/EM.py","log_msg","90","","","","[待機] alt=-0.359 m","","","","","","","","","","","","","","","","","","","","","","","","","","","","","","","","","","","","","","","","","",""
"180.155242559","2026-08-14 08:51:53.919619","/home/akatoki/SC-30/scripts/SC-30/2_phase/EM.py","log_msg","90","","","","","","","","","","-0.21447717344225792","","","","","","","","","","","","","","","","","","","","","","","","","","","","","","","","","","","",""
"180.159746876","2026-08-14 08:51:53.924134","/home/akatoki/SC-30/scripts/SC-30/2_phase/EM.py","log_msg","90","","","","[待機] alt=-0.214 m","","","","","","","","","","","","","","","","","","","","","","","","","","","","","","","","","","","","","","","","","",""
"181.264849547","2026-08-14 08:51:55.029227","/home/akatoki/SC-30/scripts/SC-30/2_phase/EM.py","log_msg","90","","","","","","","","","","0.03229473837529584","","","","","","","","","","","","","","","","","","","","","","","","","","","","","","","","","","","",""
"181.274432602","2026-08-14 08:51:55.038819","/home/akatoki/SC-30/scripts/SC-30/2_phase/EM.py","log_msg","90","","","","[待機] alt=0.032 m","","","","","","","","","","","","","","","","","","","","","","","","","","","","","","","","","","","","","","","","","",""
"182.379408346","2026-08-14 08:51:56.143786","/home/akatoki/SC-30/scripts/SC-30/2_phase/EM.py","log_msg","90","","","","","","","","","","-0.35918461186081885","","","","","","","","","","","","","","","","","","","","","","","","","","","","","","","","","","","",""
"182.383904886","2026-08-14 08:51:56.148292","/home/akatoki/SC-30/scripts/SC-30/2_phase/EM.py","log_msg","90","","","","[待機] alt=-0.359 m","","","","","","","","","","","","","","","","","","","","","","","","","","","","","","","","","","","","","","","","","",""
"183.489099684","2026-08-14 08:51:57.253477","/home/akatoki/SC-30/scripts/SC-30/2_phase/EM.py","log_msg","90","","","","","","","","","","-0.5187393069175239","","","","","","","","","","","","","","","","","","","","","","","","","","","","","","","","","","","",""
"183.493755892","2026-08-14 08:51:57.258161","/home/akatoki/SC-30/scripts/SC-30/2_phase/EM.py","log_msg","90","","","","[待機] alt=-0.519 m","","","","","","","","","","","","","","","","","","","","","","","","","","","","","","","","","","","","","","","","","",""
"184.598838139","2026-08-14 08:51:58.363215","/home/akatoki/SC-30/scripts/SC-30/2_phase/EM.py","log_msg","90","","","","","","","","","","-0.12727104159391933","","","","","","","","","","","","","","","","","","","","","","","","","","","","","","","","","","","",""
"184.603310519","2026-08-14 08:51:58.367697","/home/akatoki/SC-30/scripts/SC-30/2_phase/EM.py","log_msg","90","","","","[待機] alt=-0.127 m","","","","","","","","","","","","","","","","","","","","","","","","","","","","","","","","","","","","","","","","","",""
"185.713575502","2026-08-14 08:51:59.477954","/home/akatoki/SC-30/scripts/SC-30/2_phase/EM.py","log_msg","90","","","","","","","","","","-0.2719769346832779","","","","","","","","","","","","","","","","","","","","","","","","","","","","","","","","","","","",""
"185.72623475","2026-08-14 08:51:59.490621","/home/akatoki/SC-30/scripts/SC-30/2_phase/EM.py","log_msg","90","","","","[待機] alt=-0.272 m","","","","","","","","","","","","","","","","","","","","","","","","","","","","","","","","","","","","","","","","","",""
"186.831286443","2026-08-14 08:52:00.595664","/home/akatoki/SC-30/scripts/SC-30/2_phase/EM.py","log_msg","90","","","","","","","","","","-0.35918461186081885","","","","","","","","","","","","","","","","","","","","","","","","","","","","","","","","","","","",""
"186.836779219","2026-08-14 08:52:00.601166","/home/akatoki/SC-30/scripts/SC-30/2_phase/EM.py","log_msg","90","","","","[待機] alt=-0.359 m","","","","","","","","","","","","","","","","","","","","","","","","","","","","","","","","","","","","","","","","","",""
"187.941924552","2026-08-14 08:52:01.706302","/home/akatoki/SC-30/scripts/SC-30/2_phase/EM.py","log_msg","90","","","","","","","","","","-0.2719769346832779","","","","","","","","","","","","","","","","","","","","","","","","","","","","","","","","","","","",""
"187.946404137","2026-08-14 08:52:01.710791","/home/akatoki/SC-30/scripts/SC-30/2_phase/EM.py","log_msg","90","","","","[待機] alt=-0.272 m","","","","","","","","","","","","","","","","","","","","","","","","","","","","","","","","","","","","","","","","","",""
"189.051431432","2026-08-14 08:52:02.815809","/home/akatoki/SC-30/scripts/SC-30/2_phase/EM.py","log_msg","90","","","","","","","","","","0.3514437138895643","","","","","","","","","","","","","","","","","","","","","","","","","","","","","","","","","","","",""
"189.060859484","2026-08-14 08:52:02.825247","/home/akatoki/SC-30/scripts/SC-30/2_phase/EM.py","log_msg","90","","","","[待機] alt=0.351 m","","","","","","","","","","","","","","","","","","","","","","","","","","","","","","","","","","","","","","","","","",""
"190.165868632","2026-08-14 08:52:03.930246","/home/akatoki/SC-30/scripts/SC-30/2_phase/EM.py","log_msg","90","","","","","","","","","","0.11951430196079027","","","","","","","","","","","","","","","","","","","","","","","","","","","","","","","","","","","",""
"190.170369819","2026-08-14 08:52:03.934757","/home/akatoki/SC-30/scripts/SC-30/2_phase/EM.py","log_msg","90","","","","[待機] alt=0.120 m","","","","","","","","","","","","","","","","","","","","","","","","","","","","","","","","","","","","","","","","","",""
"191.275372311","2026-08-14 08:52:05.039750","/home/akatoki/SC-30/scripts/SC-30/2_phase/EM.py","log_msg","90","","","","","","","","","","-0.48903391321213796","","","","","","","","","","","","","","","","","","","","","","","","","","","","","","","","","","","",""
"191.279875988","2026-08-14 08:52:05.044262","/home/akatoki/SC-30/scripts/SC-30/2_phase/EM.py","log_msg","90","","","","[待機] alt=-0.489 m","","","","","","","","","","","","","","","","","","","","","","","","","","","","","","","","","","","","","","","","","",""
"192.384979864","2026-08-14 08:52:06.149357","/home/akatoki/SC-30/scripts/SC-30/2_phase/EM.py","log_msg","90","","","","","","","","","","-0.09754027349916594","","","","","","","","","","","","","","","","","","","","","","","","","","","","","","","","","","","",""
"192.389499337","2026-08-14 08:52:06.153887","/home/akatoki/SC-30/scripts/SC-30/2_phase/EM.py","log_msg","90","","","","[待機] alt=-0.098 m","","","","","","","","","","","","","","","","","","","","","","","","","","","","","","","","","","","","","","","","","",""
"193.494561613","2026-08-14 08:52:07.258939","/home/akatoki/SC-30/scripts/SC-30/2_phase/EM.py","log_msg","90","","","","","","","","","","-0.04005780768250755","","","","","","","","","","","","","","","","","","","","","","","","","","","","","","","","","","","",""
"193.504247737","2026-08-14 08:52:07.268635","/home/akatoki/SC-30/scripts/SC-30/2_phase/EM.py","log_msg","90","","","","[待機] alt=-0.040 m","","","","","","","","","","","","","","","","","","","","","","","","","","","","","","","","","","","","","","","","","",""
"194.609214669","2026-08-14 08:52:08.373593","/home/akatoki/SC-30/scripts/SC-30/2_phase/EM.py","log_msg","90","","","","","","","","","","-0.04005780768250755","","","","","","","","","","","","","","","","","","","","","","","","","","","","","","","","","","","",""
"194.616357732","2026-08-14 08:52:08.380749","/home/akatoki/SC-30/scripts/SC-30/2_phase/EM.py","log_msg","90","","","","[待機] alt=-0.040 m","","","","","","","","","","","","","","","","","","","","","","","","","","","","","","","","","","","","","","","","","",""
"195.721552392","2026-08-14 08:52:09.485926","/home/akatoki/SC-30/scripts/SC-30/2_phase/EM.py","log_msg","90","","","","","","","","","","0.04716252863156911","","","","","","","","","","","","","","","","","","","","","","","","","","","","","","","","","","","",""
"195.726481723","2026-08-14 08:52:09.490863","/home/akatoki/SC-30/scripts/SC-30/2_phase/EM.py","log_msg","90","","","","[待機] alt=0.047 m","","","","","","","","","","","","","","","","","","","","","","","","","","","","","","","","","","","","","","","","","",""
"196.831023038","2026-08-14 08:52:10.595395","/home/akatoki/SC-30/scripts/SC-30/2_phase/EM.py","log_msg","90","","","","","","","","","","-0.41668183521011315","","","","","","","","","","","","","","","","","","","","","","","","","","","","","","","","","","","",""
"196.839881446","2026-08-14 08:52:10.604262","/home/akatoki/SC-30/scripts/SC-30/2_phase/EM.py","log_msg","90","","","","[待機] alt=-0.417 m","","","","","","","","","","","","","","","","","","","","","","","","","","","","","","","","","","","","","","","","","",""
"197.944322834","2026-08-14 08:52:11.708695","/home/akatoki/SC-30/scripts/SC-30/2_phase/EM.py","log_msg","90","","","","","","","","","","-0.1124101055922977","","","","","","","","","","","","","","","","","","","","","","","","","","","","","","","","","","","",""
"197.948613961","2026-08-14 08:52:11.712995","/home/akatoki/SC-30/scripts/SC-30/2_phase/EM.py","log_msg","90","","","","[待機] alt=-0.112 m","","","","","","","","","","","","","","","","","","","","","","","","","","","","","","","","","","","","","","","","","",""
"199.053133642","2026-08-14 08:52:12.817506","/home/akatoki/SC-30/scripts/SC-30/2_phase/EM.py","log_msg","90","","","","","","","","","","0.3514437138895643","","","","","","","","","","","","","","","","","","","","","","","","","","","","","","","","","","","",""
"199.057185462","2026-08-14 08:52:12.821565","/home/akatoki/SC-30/scripts/SC-30/2_phase/EM.py","log_msg","90","","","","[待機] alt=0.351 m","","","","","","","","","","","","","","","","","","","","","","","","","","","","","","","","","","","","","","","","","",""
"200.161820528","2026-08-14 08:52:13.926198","/home/akatoki/SC-30/scripts/SC-30/2_phase/EM.py","log_msg","90","","","","","","","","","","-0.025188996529952323","","","","","","","","","","","","","","","","","","","","","","","","","","","","","","","","","","","",""
"200.166323776","2026-08-14 08:52:13.930711","/home/akatoki/SC-30/scripts/SC-30/2_phase/EM.py","log_msg","90","","","","[待機] alt=-0.025 m","","","","","","","","","","","","","","","","","","","","","","","","","","","","","","","","","","","","","","","","","",""
"201.271375099","2026-08-14 08:52:15.035753","/home/akatoki/SC-30/scripts/SC-30/2_phase/EM.py","log_msg","90","","","","","","","","","","0.13438996770758882","","","","","","","","","","","","","","","","","","","","","","","","","","","","","","","","","","","",""
"201.281068022","2026-08-14 08:52:15.045455","/home/akatoki/SC-30/scripts/SC-30/2_phase/EM.py","log_msg","90","","","","[待機] alt=0.134 m","","","","","","","","","","","","","","","","","","","","","","","","","","","","","","","","","","","","","","","","","",""
"202.386038769","2026-08-14 08:52:16.150416","/home/akatoki/SC-30/scripts/SC-30/2_phase/EM.py","log_msg","90","","","","","","","","","","-0.5613857430169333","","","","","","","","","","","","","","","","","","","","","","","","","","","","","","","","","","","",""
"202.390530762","2026-08-14 08:52:16.154916","/home/akatoki/SC-30/scripts/SC-30/2_phase/EM.py","log_msg","90","","","","[待機] alt=-0.561 m","","","","","","","","","","","","","","","","","","","","","","","","","","","","","","","","","","","","","","","","","",""
"203.495577952","2026-08-14 08:52:17.259956","/home/akatoki/SC-30/scripts/SC-30/2_phase/EM.py","log_msg","90","","","","","","","","","","0.20674096825408994","","","","","","","","","","","","","","","","","","","","","","","","","","","","","","","","","","","",""
"203.500097975","2026-08-14 08:52:17.264484","/home/akatoki/SC-30/scripts/SC-30/2_phase/EM.py","log_msg","90","","","","[待機] alt=0.207 m","","","","","","","","","","","","","","","","","","","","","","","","","","","","","","","","","","","","","","","","","",""
"204.606185972","2026-08-14 08:52:18.370564","/home/akatoki/SC-30/scripts/SC-30/2_phase/EM.py","log_msg","90","","","","","","","","","","-0.708871396627555","","","","","","","","","","","","","","","","","","","","","","","","","","","","","","","","","","","",""
"204.615550875","2026-08-14 08:52:18.379937","/home/akatoki/SC-30/scripts/SC-30/2_phase/EM.py","log_msg","90","","","","[待機] alt=-0.709 m","","","","","","","","","","","","","","","","","","","","","","","","","","","","","","","","","","","","","","","","","",""
"205.720650025","2026-08-14 08:52:19.485028","/home/akatoki/SC-30/scripts/SC-30/2_phase/EM.py","log_msg","90","","","","","","","","","","-0.01309399551404189","","","","","","","","","","","","","","","","","","","","","","","","","","","","","","","","","","","",""
"205.725202099","2026-08-14 08:52:19.489587","/home/akatoki/SC-30/scripts/SC-30/2_phase/EM.py","log_msg","90","","","","[待機] alt=-0.013 m","","","","","","","","","","","","","","","","","","","","","","","","","","","","","","","","","","","","","","","","","",""
"206.830251031","2026-08-14 08:52:20.594628","/home/akatoki/SC-30/scripts/SC-30/2_phase/EM.py","log_msg","90","","","","","","","","","","-0.47695060046965665","","","","","","","","","","","","","","","","","","","","","","","","","","","","","","","","","","","",""
"206.847492796","2026-08-14 08:52:20.611879","/home/akatoki/SC-30/scripts/SC-30/2_phase/EM.py","log_msg","90","","","","[待機] alt=-0.477 m","","","","","","","","","","","","","","","","","","","","","","","","","","","","","","","","","","","","","","","","","",""
"207.952615672","2026-08-14 08:52:21.716994","/home/akatoki/SC-30/scripts/SC-30/2_phase/EM.py","log_msg","90","","","","","","","","","","-0.16989130227115012","","","","","","","","","","","","","","","","","","","","","","","","","","","","","","","","","","","",""
"207.957103305","2026-08-14 08:52:21.721489","/home/akatoki/SC-30/scripts/SC-30/2_phase/EM.py","log_msg","90","","","","[待機] alt=-0.170 m","","","","","","","","","","","","","","","","","","","","","","","","","","","","","","","","","","","","","","","","","",""
"209.066681544","2026-08-14 08:52:22.831059","/home/akatoki/SC-30/scripts/SC-30/2_phase/EM.py","log_msg","90","","","","","","","","","","-0.16989130227115012","","","","","","","","","","","","","","","","","","","","","","","","","","","","","","","","","","","",""
"209.071139663","2026-08-14 08:52:22.835525","/home/akatoki/SC-30/scripts/SC-30/2_phase/EM.py","log_msg","90","","","","[待機] alt=-0.170 m","","","","","","","","","","","","","","","","","","","","","","","","","","","","","","","","","","","","","","","","","",""
"210.176163819","2026-08-14 08:52:23.940542","/home/akatoki/SC-30/scripts/SC-30/2_phase/EM.py","log_msg","90","","","","","","","","","","-0.09754027349916594","","","","","","","","","","","","","","","","","","","","","","","","","","","","","","","","","","","",""
"210.180644238","2026-08-14 08:52:23.945031","/home/akatoki/SC-30/scripts/SC-30/2_phase/EM.py","log_msg","90","","","","[待機] alt=-0.098 m","","","","","","","","","","","","","","","","","","","","","","","","","","","","","","","","","","","","","","","","","",""
"211.285662769","2026-08-14 08:52:25.050040","/home/akatoki/SC-30/scripts/SC-30/2_phase/EM.py","log_msg","90","","","","","","","","","","-0.24502480018707473","","","","","","","","","","","","","","","","","","","","","","","","","","","","","","","","","","","",""
"211.29015779","2026-08-14 08:52:25.054543","/home/akatoki/SC-30/scripts/SC-30/2_phase/EM.py","log_msg","90","","","","[待機] alt=-0.245 m","","","","","","","","","","","","","","","","","","","","","","","","","","","","","","","","","","","","","","","","","",""
"212.395162489","2026-08-14 08:52:26.159540","/home/akatoki/SC-30/scripts/SC-30/2_phase/EM.py","log_msg","90","","","","","","","","","","0.062039215358317135","","","","","","","","","","","","","","","","","","","","","","","","","","","","","","","","","","","",""
"212.405332446","2026-08-14 08:52:26.169720","/home/akatoki/SC-30/scripts/SC-30/2_phase/EM.py","log_msg","90","","","","[待機] alt=0.062 m","","","","","","","","","","","","","","","","","","","","","","","","","","","","","","","","","","","","","","","","","",""
"213.51032063","2026-08-14 08:52:27.274698","/home/akatoki/SC-30/scripts/SC-30/2_phase/EM.py","log_msg","90","","","","","","","","","","0.13438996770758882","","","","","","","","","","","","","","","","","","","","","","","","","","","","","","","","","","","",""
"213.514891075","2026-08-14 08:52:27.279276","/home/akatoki/SC-30/scripts/SC-30/2_phase/EM.py","log_msg","90","","","","[待機] alt=0.134 m","","","","","","","","","","","","","","","","","","","","","","","","","","","","","","","","","","","","","","","","","",""
"214.619966157","2026-08-14 08:52:28.384344","/home/akatoki/SC-30/scripts/SC-30/2_phase/EM.py","log_msg","90","","","","","","","","","","0.14649184384581404","","","","","","","","","","","","","","","","","","","","","","","","","","","","","","","","","","","",""
"214.624498963","2026-08-14 08:52:28.388885","/home/akatoki/SC-30/scripts/SC-30/2_phase/EM.py","log_msg","90","","","","[待機] alt=0.146 m","","","","","","","","","","","","","","","","","","","","","","","","","","","","","","","","","","","","","","","","","",""
"215.729609349","2026-08-14 08:52:29.493986","/home/akatoki/SC-30/scripts/SC-30/2_phase/EM.py","log_msg","90","","","","","","","","","","-0.15779423997306585","","","","","","","","","","","","","","","","","","","","","","","","","","","","","","","","","","","",""
"215.734173461","2026-08-14 08:52:29.498561","/home/akatoki/SC-30/scripts/SC-30/2_phase/EM.py","log_msg","90","","","","[待機] alt=-0.158 m","","","","","","","","","","","","","","","","","","","","","","","","","","","","","","","","","","","","","","","","","",""
"216.843817412","2026-08-14 08:52:30.608196","/home/akatoki/SC-30/scripts/SC-30/2_phase/EM.py","log_msg","90","","","","","","","","","","0.0017926487300279348","","","","","","","","","","","","","","","","","","","","","","","","","","","","","","","","","","","",""
"216.848343571","2026-08-14 08:52:30.612729","/home/akatoki/SC-30/scripts/SC-30/2_phase/EM.py","log_msg","90","","","","[待機] alt=0.002 m","","","","","","","","","","","","","","","","","","","","","","","","","","","","","","","","","","","","","","","","","",""
"217.953362302","2026-08-14 08:52:31.717740","/home/akatoki/SC-30/scripts/SC-30/2_phase/EM.py","log_msg","90","","","","","","","","","","-0.07055657642620616","","","","","","","","","","","","","","","","","","","","","","","","","","","","","","","","","","","",""
"217.957956844","2026-08-14 08:52:31.722342","/home/akatoki/SC-30/scripts/SC-30/2_phase/EM.py","log_msg","90","","","","[待機] alt=-0.071 m","","","","","","","","","","","","","","","","","","","","","","","","","","","","","","","","","","","","","","","","","",""
"219.062989996","2026-08-14 08:52:32.827368","/home/akatoki/SC-30/scripts/SC-30/2_phase/EM.py","log_msg","90","","","","","","","","","","-0.3024934913577182","","","","","","","","","","","","","","","","","","","","","","","","","","","","","","","","","","","",""
"219.067480606","2026-08-14 08:52:32.831867","/home/akatoki/SC-30/scripts/SC-30/2_phase/EM.py","log_msg","90","","","","[待機] alt=-0.302 m","","","","","","","","","","","","","","","","","","","","","","","","","","","","","","","","","","","","","","","","","",""
"220.172779929","2026-08-14 08:52:33.937157","/home/akatoki/SC-30/scripts/SC-30/2_phase/EM.py","log_msg","90","","","","","","","","","","-0.5344254016526984","","","","","","","","","","","","","","","","","","","","","","","","","","","","","","","","","","","",""
"220.182189847","2026-08-14 08:52:33.946576","/home/akatoki/SC-30/scripts/SC-30/2_phase/EM.py","log_msg","90","","","","[待機] alt=-0.534 m","","","","","","","","","","","","","","","","","","","","","","","","","","","","","","","","","","","","","","","","","",""
"221.288509159","2026-08-14 08:52:35.052887","/home/akatoki/SC-30/scripts/SC-30/2_phase/EM.py","log_msg","90","","","","","","","","","","0.0017926487300279348","","","","","","","","","","","","","","","","","","","","","","","","","","","","","","","","","","","",""
"221.293078427","2026-08-14 08:52:35.057465","/home/akatoki/SC-30/scripts/SC-30/2_phase/EM.py","log_msg","90","","","","[待機] alt=0.002 m","","","","","","","","","","","","","","","","","","","","","","","","","","","","","","","","","","","","","","","","","",""
"222.398191575","2026-08-14 08:52:36.162569","/home/akatoki/SC-30/scripts/SC-30/2_phase/EM.py","log_msg","90","","","","","","","","","","-0.07055657642620616","","","","","","","","","","","","","","","","","","","","","","","","","","","","","","","","","","","",""
"222.402663367","2026-08-14 08:52:36.167049","/home/akatoki/SC-30/scripts/SC-30/2_phase/EM.py","log_msg","90","","","","[待機] alt=-0.071 m","","","","","","","","","","","","","","","","","","","","","","","","","","","","","","","","","","","","","","","","","",""
"223.507742809","2026-08-14 08:52:37.272121","/home/akatoki/SC-30/scripts/SC-30/2_phase/EM.py","log_msg","90","","","","","","","","","","-0.14290555327693522","","","","","","","","","","","","","","","","","","","","","","","","","","","","","","","","","","","",""
"223.512290378","2026-08-14 08:52:37.276677","/home/akatoki/SC-30/scripts/SC-30/2_phase/EM.py","log_msg","90","","","","[待機] alt=-0.143 m","","","","","","","","","","","","","","","","","","","","","","","","","","","","","","","","","","","","","","","","","",""
"224.621931581","2026-08-14 08:52:38.386309","/home/akatoki/SC-30/scripts/SC-30/2_phase/EM.py","log_msg","90","","","","","","","","","","0.24863566857641795","","","","","","","","","","","","","","","","","","","","","","","","","","","","","","","","","","","",""
"224.626414687","2026-08-14 08:52:38.390801","/home/akatoki/SC-30/scripts/SC-30/2_phase/EM.py","log_msg","90","","","","[待機] alt=0.249 m","","","","","","","","","","","","","","","","","","","","","","","","","","","","","","","","","","","","","","","","","",""
"225.731404176","2026-08-14 08:52:39.495782","/home/akatoki/SC-30/scripts/SC-30/2_phase/EM.py","log_msg","90","","","","","","","","","","-0.21525428181231598","","","","","","","","","","","","","","","","","","","","","","","","","","","","","","","","","","","",""
"225.735910203","2026-08-14 08:52:39.500296","/home/akatoki/SC-30/scripts/SC-30/2_phase/EM.py","log_msg","90","","","","[待機] alt=-0.215 m","","","","","","","","","","","","","","","","","","","","","","","","","","","","","","","","","","","","","","","","","",""
"226.840981076","2026-08-14 08:52:40.605358","/home/akatoki/SC-30/scripts/SC-30/2_phase/EM.py","log_msg","90","","","","","","","","","","-0.35995099387797325","","","","","","","","","","","","","","","","","","","","","","","","","","","","","","","","","","","",""
"226.845550381","2026-08-14 08:52:40.609937","/home/akatoki/SC-30/scripts/SC-30/2_phase/EM.py","log_msg","90","","","","[待機] alt=-0.360 m","","","","","","","","","","","","","","","","","","","","","","","","","","","","","","","","","","","","","","","","","",""
"227.95058603","2026-08-14 08:52:41.714963","/home/akatoki/SC-30/scripts/SC-30/2_phase/EM.py","log_msg","90","","","","","","","","","","-0.35995099387797325","","","","","","","","","","","","","","","","","","","","","","","","","","","","","","","","","","","",""
"227.959990967","2026-08-14 08:52:41.724419","/home/akatoki/SC-30/scripts/SC-30/2_phase/EM.py","log_msg","90","","","","[待機] alt=-0.360 m","","","","","","","","","","","","","","","","","","","","","","","","","","","","","","","","","","","","","","","","","",""
"229.065037009","2026-08-14 08:52:42.829415","/home/akatoki/SC-30/scripts/SC-30/2_phase/EM.py","log_msg","90","","","","","","","","","","-0.2727031343121511","","","","","","","","","","","","","","","","","","","","","","","","","","","","","","","","","","","",""
"229.069507644","2026-08-14 08:52:42.833892","/home/akatoki/SC-30/scripts/SC-30/2_phase/EM.py","log_msg","90","","","","[待機] alt=-0.273 m","","","","","","","","","","","","","","","","","","","","","","","","","","","","","","","","","","","","","","","","","",""
"230.175456015","2026-08-14 08:52:43.939834","/home/akatoki/SC-30/scripts/SC-30/2_phase/EM.py","log_msg","90","","","","","","","","","","-0.04075455097086289","","","","","","","","","","","","","","","","","","","","","","","","","","","","","","","","","","","",""
"230.179940664","2026-08-14 08:52:43.944326","/home/akatoki/SC-30/scripts/SC-30/2_phase/EM.py","log_msg","90","","","","[待機] alt=-0.041 m","","","","","","","","","","","","","","","","","","","","","","","","","","","","","","","","","","","","","","","","","",""
"231.285009234","2026-08-14 08:52:45.049387","/home/akatoki/SC-30/scripts/SC-30/2_phase/EM.py","log_msg","90","","","","","","","","","","-0.2727031343121511","","","","","","","","","","","","","","","","","","","","","","","","","","","","","","","","","","","",""
"231.289464733","2026-08-14 08:52:45.053850","/home/akatoki/SC-30/scripts/SC-30/2_phase/EM.py","log_msg","90","","","","[待機] alt=-0.273 m","","","","","","","","","","","","","","","","","","","","","","","","","","","","","","","","","","","","","","","","","",""
"232.399130426","2026-08-14 08:52:46.163508","/home/akatoki/SC-30/scripts/SC-30/2_phase/EM.py","log_msg","90","","","","","","","","","","0.10394006209333506","","","","","","","","","","","","","","","","","","","","","","","","","","","","","","","","","","","",""
"232.403656702","2026-08-14 08:52:46.168042","/home/akatoki/SC-30/scripts/SC-30/2_phase/EM.py","log_msg","90","","","","[待機] alt=0.104 m","","","","","","","","","","","","","","","","","","","","","","","","","","","","","","","","","","","","","","","","","",""
"233.508721029","2026-08-14 08:52:47.273098","/home/akatoki/SC-30/scripts/SC-30/2_phase/EM.py","log_msg","90","","","","","","","","","","0.10394006209333506","","","","","","","","","","","","","","","","","","","","","","","","","","","","","","","","","","","",""
"233.51318888","2026-08-14 08:52:47.277574","/home/akatoki/SC-30/scripts/SC-30/2_phase/EM.py","log_msg","90","","","","[待機] alt=0.104 m","","","","","","","","","","","","","","","","","","","","","","","","","","","","","","","","","","","","","","","","","",""
"234.61818285","2026-08-14 08:52:48.382561","/home/akatoki/SC-30/scripts/SC-30/2_phase/EM.py","log_msg","90","","","","","","","","","","-0.2003556755740732","","","","","","","","","","","","","","","","","","","","","","","","","","","","","","","","","","","",""
"234.622677838","2026-08-14 08:52:48.387065","/home/akatoki/SC-30/scripts/SC-30/2_phase/EM.py","log_msg","90","","","","[待機] alt=-0.200 m","","","","","","","","","","","","","","","","","","","","","","","","","","","","","","","","","","","","","","","","","",""
"235.727697533","2026-08-14 08:52:49.492075","/home/akatoki/SC-30/scripts/SC-30/2_phase/EM.py","log_msg","90","","","","","","","","","","-0.055660012994380725","","","","","","","","","","","","","","","","","","","","","","","","","","","","","","","","","","","",""
"235.737172088","2026-08-14 08:52:49.501560","/home/akatoki/SC-30/scripts/SC-30/2_phase/EM.py","log_msg","90","","","","[待機] alt=-0.056 m","","","","","","","","","","","","","","","","","","","","","","","","","","","","","","","","","","","","","","","","","",""
"236.842126489","2026-08-14 08:52:50.606504","/home/akatoki/SC-30/scripts/SC-30/2_phase/EM.py","log_msg","90","","","","","","","","","","-0.2727031343121511","","","","","","","","","","","","","","","","","","","","","","","","","","","","","","","","","","","",""
"236.846675126","2026-08-14 08:52:50.611061","/home/akatoki/SC-30/scripts/SC-30/2_phase/EM.py","log_msg","90","","","","[待機] alt=-0.273 m","","","","","","","","","","","","","","","","","","","","","","","","","","","","","","","","","","","","","","","","","",""
"237.951718431","2026-08-14 08:52:51.716096","/home/akatoki/SC-30/scripts/SC-30/2_phase/EM.py","log_msg","90","","","","","","","","","","-0.2727031343121511","","","","","","","","","","","","","","","","","","","","","","","","","","","","","","","","","","","",""
"237.957158147","2026-08-14 08:52:51.721546","/home/akatoki/SC-30/scripts/SC-30/2_phase/EM.py","log_msg","90","","","","[待機] alt=-0.273 m","","","","","","","","","","","","","","","","","","","","","","","","","","","","","","","","","","","","","","","","","",""
"239.062242766","2026-08-14 08:52:52.826620","/home/akatoki/SC-30/scripts/SC-30/2_phase/EM.py","log_msg","90","","","","","","","","","","0.11885238019742506","","","","","","","","","","","","","","","","","","","","","","","","","","","","","","","","","","","",""
"239.071943674","2026-08-14 08:52:52.836331","/home/akatoki/SC-30/scripts/SC-30/2_phase/EM.py","log_msg","90","","","","[待機] alt=0.119 m","","","","","","","","","","","","","","","","","","","","","","","","","","","","","","","","","","","","","","","","","",""
"240.176951669","2026-08-14 08:52:53.941329","/home/akatoki/SC-30/scripts/SC-30/2_phase/EM.py","log_msg","90","","","","","","","","","","-0.5046467125050591","","","","","","","","","","","","","","","","","","","","","","","","","","","","","","","","","","","",""
"240.181476261","2026-08-14 08:52:53.945863","/home/akatoki/SC-30/scripts/SC-30/2_phase/EM.py","log_msg","90","","","","[待機] alt=-0.505 m","","","","","","","","","","","","","","","","","","","","","","","","","","","","","","","","","","","","","","","","","",""
"241.286514695","2026-08-14 08:52:55.050892","/home/akatoki/SC-30/scripts/SC-30/2_phase/EM.py","log_msg","90","","","","","","","","","","-0.04075455097086289","","","","","","","","","","","","","","","","","","","","","","","","","","","","","","","","","","","",""
"241.29097545","2026-08-14 08:52:55.055362","/home/akatoki/SC-30/scripts/SC-30/2_phase/EM.py","log_msg","90","","","","[待機] alt=-0.041 m","","","","","","","","","","","","","","","","","","","","","","","","","","","","","","","","","","","","","","","","","",""
"242.396059915","2026-08-14 08:52:56.160439","/home/akatoki/SC-30/scripts/SC-30/2_phase/EM.py","log_msg","90","","","","","","","","","","0.2784651181817932","","","","","","","","","","","","","","","","","","","","","","","","","","","","","","","","","","","",""
"242.400539734","2026-08-14 08:52:56.164926","/home/akatoki/SC-30/scripts/SC-30/2_phase/EM.py","log_msg","90","","","","[待機] alt=0.278 m","","","","","","","","","","","","","","","","","","","","","","","","","","","","","","","","","","","","","","","","","",""
"243.510226509","2026-08-14 08:52:57.274604","/home/akatoki/SC-30/scripts/SC-30/2_phase/EM.py","log_msg","90","","","","","","","","","","0.3508112509619776","","","","","","","","","","","","","","","","","","","","","","","","","","","","","","","","","","","",""
"243.514644412","2026-08-14 08:52:57.279030","/home/akatoki/SC-30/scripts/SC-30/2_phase/EM.py","log_msg","90","","","","[待機] alt=0.351 m","","","","","","","","","","","","","","","","","","","","","","","","","","","","","","","","","","","","","","","","","",""
"244.619581526","2026-08-14 08:52:58.383954","/home/akatoki/SC-30/scripts/SC-30/2_phase/EM.py","log_msg","90","","","","","","","","","","0.5104292712212299","","","","","","","","","","","","","","","","","","","","","","","","","","","","","","","","","","","",""
"244.623627139","2026-08-14 08:52:58.388006","/home/akatoki/SC-30/scripts/SC-30/2_phase/EM.py","log_msg","90","","","","[待機] alt=0.510 m","","","","","","","","","","","","","","","","","","","","","","","","","","","","","","","","","","","","","","","","","",""
"245.728108929","2026-08-14 08:52:59.492482","/home/akatoki/SC-30/scripts/SC-30/2_phase/EM.py","log_msg","90","","","","","","","","","","-0.4173973065863379","","","","","","","","","","","","","","","","","","","","","","","","","","","","","","","","","","","",""
"245.732145901","2026-08-14 08:52:59.496526","/home/akatoki/SC-30/scripts/SC-30/2_phase/EM.py","log_msg","90","","","","[待機] alt=-0.417 m","","","","","","","","","","","","","","","","","","","","","","","","","","","","","","","","","","","","","","","","","",""
"246.837435552","2026-08-14 08:53:00.601808","/home/akatoki/SC-30/scripts/SC-30/2_phase/EM.py","log_msg","90","","","","","","","","","","-0.3450503446561348","","","","","","","","","","","","","","","","","","","","","","","","","","","","","","","","","","","",""
"246.846306846","2026-08-14 08:53:00.610687","/home/akatoki/SC-30/scripts/SC-30/2_phase/EM.py","log_msg","90","","","","[待機] alt=-0.345 m","","","","","","","","","","","","","","","","","","","","","","","","","","","","","","","","","","","","","","","","","",""
"247.950651849","2026-08-14 08:53:01.715024","/home/akatoki/SC-30/scripts/SC-30/2_phase/EM.py","log_msg","90","","","","","","","","","","-0.1854481704783706","","","","","","","","","","","","","","","","","","","","","","","","","","","","","","","","","","","",""
"247.954686067","2026-08-14 08:53:01.719065","/home/akatoki/SC-30/scripts/SC-30/2_phase/EM.py","log_msg","90","","","","[待機] alt=-0.185 m","","","","","","","","","","","","","","","","","","","","","","","","","","","","","","","","","","","","","","","","","",""
"249.059114901","2026-08-14 08:53:02.823487","/home/akatoki/SC-30/scripts/SC-30/2_phase/EM.py","log_msg","90","","","","","","","","","","-0.25779460760653183","","","","","","","","","","","","","","","","","","","","","","","","","","","","","","","","","","","",""
"249.063126468","2026-08-14 08:53:02.827506","/home/akatoki/SC-30/scripts/SC-30/2_phase/EM.py","log_msg","90","","","","[待機] alt=-0.258 m","","","","","","","","","","","","","","","","","","","","","","","","","","","","","","","","","","","","","","","","","",""
"250.16769008","2026-08-14 08:53:03.932067","/home/akatoki/SC-30/scripts/SC-30/2_phase/EM.py","log_msg","90","","","","","","","","","","-0.3301407962913827","","","","","","","","","","","","","","","","","","","","","","","","","","","","","","","","","","","",""
"250.172260642","2026-08-14 08:53:03.936647","/home/akatoki/SC-30/scripts/SC-30/2_phase/EM.py","log_msg","90","","","","[待機] alt=-0.330 m","","","","","","","","","","","","","","","","","","","","","","","","","","","","","","","","","","","","","","","","","",""
"251.277254877","2026-08-14 08:53:05.041633","/home/akatoki/SC-30/scripts/SC-30/2_phase/EM.py","log_msg","90","","","","","","","","","","0.13377359788737442","","","","","","","","","","","","","","","","","","","","","","","","","","","","","","","","","","","",""
"251.286769611","2026-08-14 08:53:05.051156","/home/akatoki/SC-30/scripts/SC-30/2_phase/EM.py","log_msg","90","","","","[待機] alt=0.134 m","","","","","","","","","","","","","","","","","","","","","","","","","","","","","","","","","","","","","","","","","",""
"252.393755095","2026-08-14 08:53:06.158134","/home/akatoki/SC-30/scripts/SC-30/2_phase/EM.py","log_msg","90","","","","","","","","","","0.13377359788737442","","","","","","","","","","","","","","","","","","","","","","","","","","","","","","","","","","","",""
"252.398741135","2026-08-14 08:53:06.163135","/home/akatoki/SC-30/scripts/SC-30/2_phase/EM.py","log_msg","90","","","","[待機] alt=0.134 m","","","","","","","","","","","","","","","","","","","","","","","","","","","","","","","","","","","","","","","","","",""
"253.505041308","2026-08-14 08:53:07.269419","/home/akatoki/SC-30/scripts/SC-30/2_phase/EM.py","log_msg","90","","","","","","","","","","-0.3301407962913827","","","","","","","","","","","","","","","","","","","","","","","","","","","","","","","","","","","",""
"253.509521685","2026-08-14 08:53:07.273907","/home/akatoki/SC-30/scripts/SC-30/2_phase/EM.py","log_msg","90","","","","[待機] alt=-0.330 m","","","","","","","","","","","","","","","","","","","","","","","","","","","","","","","","","","","","","","","","","",""
"254.614590233","2026-08-14 08:53:08.378968","/home/akatoki/SC-30/scripts/SC-30/2_phase/EM.py","log_msg","90","","","","","","","","","","-0.24287718127568025","","","","","","","","","","","","","","","","","","","","","","","","","","","","","","","","","","","",""
"254.61906228","2026-08-14 08:53:08.383448","/home/akatoki/SC-30/scripts/SC-30/2_phase/EM.py","log_msg","90","","","","[待機] alt=-0.243 m","","","","","","","","","","","","","","","","","","","","","","","","","","","","","","","","","","","","","","","","","",""
"255.729545746","2026-08-14 08:53:09.493924","/home/akatoki/SC-30/scripts/SC-30/2_phase/EM.py","log_msg","90","","","","","","","","","","0.06142821040759139","","","","","","","","","","","","","","","","","","","","","","","","","","","","","","","","","","","",""
"255.734043835","2026-08-14 08:53:09.498429","/home/akatoki/SC-30/scripts/SC-30/2_phase/EM.py","log_msg","90","","","","[待機] alt=0.061 m","","","","","","","","","","","","","","","","","","","","","","","","","","","","","","","","","","","","","","","","","",""
"256.839032611","2026-08-14 08:53:10.603410","/home/akatoki/SC-30/scripts/SC-30/2_phase/EM.py","log_msg","90","","","","","","","","","","0.29339319259704677","","","","","","","","","","","","","","","","","","","","","","","","","","","","","","","","","","","",""
"256.843482374","2026-08-14 08:53:10.607868","/home/akatoki/SC-30/scripts/SC-30/2_phase/EM.py","log_msg","90","","","","[待機] alt=0.293 m","","","","","","","","","","","","","","","","","","","","","","","","","","","","","","","","","","","","","","","","","",""
"257.948595788","2026-08-14 08:53:11.712974","/home/akatoki/SC-30/scripts/SC-30/2_phase/EM.py","log_msg","90","","","","","","","","","","0.20611923382031105","","","","","","","","","","","","","","","","","","","","","","","","","","","","","","","","","","","",""
"257.953103568","2026-08-14 08:53:11.717489","/home/akatoki/SC-30/scripts/SC-30/2_phase/EM.py","log_msg","90","","","","[待機] alt=0.206 m","","","","","","","","","","","","","","","","","","","","","","","","","","","","","","","","","","","","","","","","","",""
"259.058258118","2026-08-14 08:53:12.822636","/home/akatoki/SC-30/scripts/SC-30/2_phase/EM.py","log_msg","90","","","","","","","","","","0.2784651181817932","","","","","","","","","","","","","","","","","","","","","","","","","","","","","","","","","","","",""
"259.067522142","2026-08-14 08:53:12.831907","/home/akatoki/SC-30/scripts/SC-30/2_phase/EM.py","log_msg","90","","","","[待機] alt=0.278 m","","","","","","","","","","","","","","","","","","","","","","","","","","","","","","","","","","","","","","","","","",""
"260.172446537","2026-08-14 08:53:13.936824","/home/akatoki/SC-30/scripts/SC-30/2_phase/EM.py","log_msg","90","","","","","","","","","","0.20611923382031105","","","","","","","","","","","","","","","","","","","","","","","","","","","","","","","","","","","",""
"260.176971143","2026-08-14 08:53:13.941358","/home/akatoki/SC-30/scripts/SC-30/2_phase/EM.py","log_msg","90","","","","[待機] alt=0.206 m","","","","","","","","","","","","","","","","","","","","","","","","","","","","","","","","","","","","","","","","","",""
"261.281942482","2026-08-14 08:53:15.046321","/home/akatoki/SC-30/scripts/SC-30/2_phase/EM.py","log_msg","90","","","","","","","","","","-0.025840189715842232","","","","","","","","","","","","","","","","","","","","","","","","","","","","","","","","","","","",""
"261.286391841","2026-08-14 08:53:15.050778","/home/akatoki/SC-30/scripts/SC-30/2_phase/EM.py","log_msg","90","","","","[待機] alt=-0.026 m","","","","","","","","","","","","","","","","","","","","","","","","","","","","","","","","","","","","","","","","","",""
"262.391363867","2026-08-14 08:53:16.155742","/home/akatoki/SC-30/scripts/SC-30/2_phase/EM.py","log_msg","90","","","","","","","","","","0.13377359788737442","","","","","","","","","","","","","","","","","","","","","","","","","","","","","","","","","","","",""
"262.395864367","2026-08-14 08:53:16.160251","/home/akatoki/SC-30/scripts/SC-30/2_phase/EM.py","log_msg","90","","","","[待機] alt=0.134 m","","","","","","","","","","","","","","","","","","","","","","","","","","","","","","","","","","","","","","","","","",""
"263.5009552","2026-08-14 08:53:17.265332","/home/akatoki/SC-30/scripts/SC-30/2_phase/EM.py","log_msg","90","","","","","","","","","","-0.3301407962913827","","","","","","","","","","","","","","","","","","","","","","","","","","","","","","","","","","","",""
"263.51205992","2026-08-14 08:53:17.276448","/home/akatoki/SC-30/scripts/SC-30/2_phase/EM.py","log_msg","90","","","","[待機] alt=-0.330 m","","","","","","","","","","","","","","","","","","","","","","","","","","","","","","","","","","","","","","","","","",""
"264.61707343","2026-08-14 08:53:18.381451","/home/akatoki/SC-30/scripts/SC-30/2_phase/EM.py","log_msg","90","","","","","","","","","","0.2210483299537569","","","","","","","","","","","","","","","","","","","","","","","","","","","","","","","","","","","",""
"264.621566072","2026-08-14 08:53:18.385953","/home/akatoki/SC-30/scripts/SC-30/2_phase/EM.py","log_msg","90","","","","[待機] alt=0.221 m","","","","","","","","","","","","","","","","","","","","","","","","","","","","","","","","","","","","","","","","","",""
"265.726633347","2026-08-14 08:53:19.491011","/home/akatoki/SC-30/scripts/SC-30/2_phase/EM.py","log_msg","90","","","","","","","","","","-0.24287718127568025","","","","","","","","","","","","","","","","","","","","","","","","","","","","","","","","","","","",""
"265.731134725","2026-08-14 08:53:19.495521","/home/akatoki/SC-30/scripts/SC-30/2_phase/EM.py","log_msg","90","","","","[待機] alt=-0.243 m","","","","","","","","","","","","","","","","","","","","","","","","","","","","","","","","","","","","","","","","","",""
"266.836165172","2026-08-14 08:53:20.600543","/home/akatoki/SC-30/scripts/SC-30/2_phase/EM.py","log_msg","90","","","","","","","","","","0.453018594669099","","","","","","","","","","","","","","","","","","","","","","","","","","","","","","","","","","","",""
"266.845324795","2026-08-14 08:53:20.609712","/home/akatoki/SC-30/scripts/SC-30/2_phase/EM.py","log_msg","90","","","","[待機] alt=0.453 m","","","","","","","","","","","","","","","","","","","","","","","","","","","","","","","","","","","","","","","","","",""
"267.950282104","2026-08-14 08:53:21.714660","/home/akatoki/SC-30/scripts/SC-30/2_phase/EM.py","log_msg","90","","","","","","","","","","-0.17053176588539776","","","","","","","","","","","","","","","","","","","","","","","","","","","","","","","","","","","",""
"267.954764965","2026-08-14 08:53:21.719152","/home/akatoki/SC-30/scripts/SC-30/2_phase/EM.py","log_msg","90","","","","[待機] alt=-0.171 m","","","","","","","","","","","","","","","","","","","","","","","","","","","","","","","","","","","","","","","","","",""
"269.059785841","2026-08-14 08:53:22.824163","/home/akatoki/SC-30/scripts/SC-30/2_phase/EM.py","log_msg","90","","","","","","","","","","0.29339319259704677","","","","","","","","","","","","","","","","","","","","","","","","","","","","","","","","","","","",""
"269.064308484","2026-08-14 08:53:22.828694","/home/akatoki/SC-30/scripts/SC-30/2_phase/EM.py","log_msg","90","","","","[待機] alt=0.293 m","","","","","","","","","","","","","","","","","","","","","","","","","","","","","","","","","","","","","","","","","",""
"270.169304019","2026-08-14 08:53:23.933683","/home/akatoki/SC-30/scripts/SC-30/2_phase/EM.py","log_msg","90","","","","","","","","","","0.2784651181817932","","","","","","","","","","","","","","","","","","","","","","","","","","","","","","","","","","","",""
"270.173767164","2026-08-14 08:53:23.938154","/home/akatoki/SC-30/scripts/SC-30/2_phase/EM.py","log_msg","90","","","","[待機] alt=0.278 m","","","","","","","","","","","","","","","","","","","","","","","","","","","","","","","","","","","","","","","","","",""
"271.278772261","2026-08-14 08:53:25.043150","/home/akatoki/SC-30/scripts/SC-30/2_phase/EM.py","log_msg","90","","","","","","","","","","0.19119903776488645","","","","","","","","","","","","","","","","","","","","","","","","","","","","","","","","","","","",""
"271.288393099","2026-08-14 08:53:25.052780","/home/akatoki/SC-30/scripts/SC-30/2_phase/EM.py","log_msg","90","","","","[待機] alt=0.191 m","","","","","","","","","","","","","","","","","","","","","","","","","","","","","","","","","","","","","","","","","",""
"272.394711808","2026-08-14 08:53:26.159088","/home/akatoki/SC-30/scripts/SC-30/2_phase/EM.py","log_msg","90","","","","","","","","","","0.17628774116735912","","","","","","","","","","","","","","","","","","","","","","","","","","","","","","","","","","","",""
"272.408615608","2026-08-14 08:53:26.173002","/home/akatoki/SC-30/scripts/SC-30/2_phase/EM.py","log_msg","90","","","","[待機] alt=0.176 m","","","","","","","","","","","","","","","","","","","","","","","","","","","","","","","","","","","","","","","","","",""
"273.523981897","2026-08-14 08:53:27.288358","/home/akatoki/SC-30/scripts/SC-30/2_phase/EM.py","log_msg","90","","","","","","","","","","-0.35995099387797325","","","","","","","","","","","","","","","","","","","","","","","","","","","","","","","","","","","",""
"273.528386916","2026-08-14 08:53:27.292770","/home/akatoki/SC-30/scripts/SC-30/2_phase/EM.py","log_msg","90","","","","[待機] alt=-0.360 m","","","","","","","","","","","","","","","","","","","","","","","","","","","","","","","","","","","","","","","","","",""
"274.633264354","2026-08-14 08:53:28.397642","/home/akatoki/SC-30/scripts/SC-30/2_phase/EM.py","log_msg","90","","","","","","","","","","0.2635459437165988","","","","","","","","","","","","","","","","","","","","","","","","","","","","","","","","","","","",""
"274.637742805","2026-08-14 08:53:28.402128","/home/akatoki/SC-30/scripts/SC-30/2_phase/EM.py","log_msg","90","","","","[待機] alt=0.264 m","","","","","","","","","","","","","","","","","","","","","","","","","","","","","","","","","","","","","","","","","",""
"275.742733855","2026-08-14 08:53:29.507111","/home/akatoki/SC-30/scripts/SC-30/2_phase/EM.py","log_msg","90","","","","","","","","","","-0.35995099387797325","","","","","","","","","","","","","","","","","","","","","","","","","","","","","","","","","","","",""
"275.747192917","2026-08-14 08:53:29.511579","/home/akatoki/SC-30/scripts/SC-30/2_phase/EM.py","log_msg","90","","","","[待機] alt=-0.360 m","","","","","","","","","","","","","","","","","","","","","","","","","","","","","","","","","","","","","","","","","",""
"276.852224085","2026-08-14 08:53:30.616601","/home/akatoki/SC-30/scripts/SC-30/2_phase/EM.py","log_msg","90","","","","","","","","","","-0.2003556755740732","","","","","","","","","","","","","","","","","","","","","","","","","","","","","","","","","","","",""
"276.856686939","2026-08-14 08:53:30.621072","/home/akatoki/SC-30/scripts/SC-30/2_phase/EM.py","log_msg","90","","","","[待機] alt=-0.200 m","","","","","","","","","","","","","","","","","","","","","","","","","","","","","","","","","","","","","","","","","",""
"277.961700095","2026-08-14 08:53:31.726077","/home/akatoki/SC-30/scripts/SC-30/2_phase/EM.py","log_msg","90","","","","","","","","","","-0.5046467125050591","","","","","","","","","","","","","","","","","","","","","","","","","","","","","","","","","","","",""
"277.966183304","2026-08-14 08:53:31.730569","/home/akatoki/SC-30/scripts/SC-30/2_phase/EM.py","log_msg","90","","","","[待機] alt=-0.505 m","","","","","","","","","","","","","","","","","","","","","","","","","","","","","","","","","","","","","","","","","",""
"279.075754987","2026-08-14 08:53:32.840132","/home/akatoki/SC-30/scripts/SC-30/2_phase/EM.py","log_msg","90","","","","","","","","","","0.03159263137403223","","","","","","","","","","","","","","","","","","","","","","","","","","","","","","","","","","","",""
"279.080279594","2026-08-14 08:53:32.844666","/home/akatoki/SC-30/scripts/SC-30/2_phase/EM.py","log_msg","90","","","","[待機] alt=0.032 m","","","","","","","","","","","","","","","","","","","","","","","","","","","","","","","","","","","","","","","","","",""
"280.185291249","2026-08-14 08:53:33.949669","/home/akatoki/SC-30/scripts/SC-30/2_phase/EM.py","log_msg","90","","","","","","","","","","0.046505971028979465","","","","","","","","","","","","","","","","","","","","","","","","","","","","","","","","","","","",""
"280.189787875","2026-08-14 08:53:33.954173","/home/akatoki/SC-30/scripts/SC-30/2_phase/EM.py","log_msg","90","","","","[待機] alt=0.047 m","","","","","","","","","","","","","","","","","","","","","","","","","","","","","","","","","","","","","","","","","",""
"281.295720357","2026-08-14 08:53:35.060098","/home/akatoki/SC-30/scripts/SC-30/2_phase/EM.py","log_msg","90","","","","","","","","","","-0.2727031343121511","","","","","","","","","","","","","","","","","","","","","","","","","","","","","","","","","","","",""
"281.300230452","2026-08-14 08:53:35.064618","/home/akatoki/SC-30/scripts/SC-30/2_phase/EM.py","log_msg","90","","","","[待機] alt=-0.273 m","","","","","","","","","","","","","","","","","","","","","","","","","","","","","","","","","","","","","","","","","",""
"282.409686646","2026-08-14 08:53:36.174064","/home/akatoki/SC-30/scripts/SC-30/2_phase/EM.py","log_msg","90","","","","","","","","","","-0.2727031343121511","","","","","","","","","","","","","","","","","","","","","","","","","","","","","","","","","","","",""
"282.414142612","2026-08-14 08:53:36.178529","/home/akatoki/SC-30/scripts/SC-30/2_phase/EM.py","log_msg","90","","","","[待機] alt=-0.273 m","","","","","","","","","","","","","","","","","","","","","","","","","","","","","","","","","","","","","","","","","",""
"283.519150081","2026-08-14 08:53:37.283528","/home/akatoki/SC-30/scripts/SC-30/2_phase/EM.py","log_msg","90","","","","","","","","","","0.3358930980377972","","","","","","","","","","","","","","","","","","","","","","","","","","","","","","","","","","","",""
"283.525454954","2026-08-14 08:53:37.289843","/home/akatoki/SC-30/scripts/SC-30/2_phase/EM.py","log_msg","90","","","","[待機] alt=0.336 m","","","","","","","","","","","","","","","","","","","","","","","","","","","","","","","","","","","","","","","","","",""
"284.634487398","2026-08-14 08:53:38.398865","/home/akatoki/SC-30/scripts/SC-30/2_phase/EM.py","log_msg","90","","","","","","","","","","-0.12800796846158757","","","","","","","","","","","","","","","","","","","","","","","","","","","","","","","","","","","",""
"284.638966314","2026-08-14 08:53:38.403357","/home/akatoki/SC-30/scripts/SC-30/2_phase/EM.py","log_msg","90","","","","[待機] alt=-0.128 m","","","","","","","","","","","","","","","","","","","","","","","","","","","","","","","","","","","","","","","","","",""
"285.744115964","2026-08-14 08:53:39.508494","/home/akatoki/SC-30/scripts/SC-30/2_phase/EM.py","log_msg","90","","","","","","","","","","-0.055660012994380725","","","","","","","","","","","","","","","","","","","","","","","","","","","","","","","","","","","",""
"285.748584766","2026-08-14 08:53:39.512970","/home/akatoki/SC-30/scripts/SC-30/2_phase/EM.py","log_msg","90","","","","[待機] alt=-0.056 m","","","","","","","","","","","","","","","","","","","","","","","","","","","","","","","","","","","","","","","","","",""
"286.853594663","2026-08-14 08:53:40.617973","/home/akatoki/SC-30/scripts/SC-30/2_phase/EM.py","log_msg","90","","","","","","","","","","0.0166881908127825","","","","","","","","","","","","","","","","","","","","","","","","","","","","","","","","","","","",""
"286.858131844","2026-08-14 08:53:40.622519","/home/akatoki/SC-30/scripts/SC-30/2_phase/EM.py","log_msg","90","","","","[待機] alt=0.017 m","","","","","","","","","","","","","","","","","","","","","","","","","","","","","","","","","","","","","","","","","",""
"287.963153813","2026-08-14 08:53:41.727532","/home/akatoki/SC-30/scripts/SC-30/2_phase/EM.py","log_msg","90","","","","","","","","","","-0.4471917495400368","","","","","","","","","","","","","","","","","","","","","","","","","","","","","","","","","","","",""
"287.967610146","2026-08-14 08:53:41.731997","/home/akatoki/SC-30/scripts/SC-30/2_phase/EM.py","log_msg","90","","","","[待機] alt=-0.447 m","","","","","","","","","","","","","","","","","","","","","","","","","","","","","","","","","","","","","","","","","",""
"289.077280045","2026-08-14 08:53:42.841658","/home/akatoki/SC-30/scripts/SC-30/2_phase/EM.py","log_msg","90","","","","","","","","","","0.3209838443155899","","","","","","","","","","","","","","","","","","","","","","","","","","","","","","","","","","","",""
"289.082681835","2026-08-14 08:53:42.847068","/home/akatoki/SC-30/scripts/SC-30/2_phase/EM.py","log_msg","90","","","","[待機] alt=0.321 m","","","","","","","","","","","","","","","","","","","","","","","","","","","","","","","","","","","","","","","","","",""
"290.18780521","2026-08-14 08:53:43.952183","/home/akatoki/SC-30/scripts/SC-30/2_phase/EM.py","log_msg","90","","","","","","","","","","-0.28760276202250523","","","","","","","","","","","","","","","","","","","","","","","","","","","","","","","","","","","",""
"290.192342778","2026-08-14 08:53:43.956729","/home/akatoki/SC-30/scripts/SC-30/2_phase/EM.py","log_msg","90","","","","[待機] alt=-0.288 m","","","","","","","","","","","","","","","","","","","","","","","","","","","","","","","","","","","","","","","","","",""
"291.297443664","2026-08-14 08:53:45.061821","/home/akatoki/SC-30/scripts/SC-30/2_phase/EM.py","log_msg","90","","","","","","","","","","-0.055660012994380725","","","","","","","","","","","","","","","","","","","","","","","","","","","","","","","","","","","",""
"291.30197486","2026-08-14 08:53:45.066361","/home/akatoki/SC-30/scripts/SC-30/2_phase/EM.py","log_msg","90","","","","[待機] alt=-0.056 m","","","","","","","","","","","","","","","","","","","","","","","","","","","","","","","","","","","","","","","","","",""
"292.407036909","2026-08-14 08:53:46.171415","/home/akatoki/SC-30/scripts/SC-30/2_phase/EM.py","log_msg","90","","","","","","","","","","-0.21525428181231598","","","","","","","","","","","","","","","","","","","","","","","","","","","","","","","","","","","",""
"292.416480289","2026-08-14 08:53:46.180866","/home/akatoki/SC-30/scripts/SC-30/2_phase/EM.py","log_msg","90","","","","[待機] alt=-0.215 m","","","","","","","","","","","","","","","","","","","","","","","","","","","","","","","","","","","","","","","","","",""
"293.521682805","2026-08-14 08:53:47.286061","/home/akatoki/SC-30/scripts/SC-30/2_phase/EM.py","log_msg","90","","","","","","","","","","-0.055660012994380725","","","","","","","","","","","","","","","","","","","","","","","","","","","","","","","","","","","",""
"293.526174971","2026-08-14 08:53:47.290559","/home/akatoki/SC-30/scripts/SC-30/2_phase/EM.py","log_msg","90","","","","[待機] alt=-0.056 m","","","","","","","","","","","","","","","","","","","","","","","","","","","","","","","","","","","","","","","","","",""
"294.631203251","2026-08-14 08:53:48.395581","/home/akatoki/SC-30/scripts/SC-30/2_phase/EM.py","log_msg","90","","","","","","","","","","-0.14290555327693522","","","","","","","","","","","","","","","","","","","","","","","","","","","","","","","","","","","",""
"294.635669262","2026-08-14 08:53:48.400055","/home/akatoki/SC-30/scripts/SC-30/2_phase/EM.py","log_msg","90","","","","[待機] alt=-0.143 m","","","","","","","","","","","","","","","","","","","","","","","","","","","","","","","","","","","","","","","","","",""
"295.740805389","2026-08-14 08:53:49.505184","/home/akatoki/SC-30/scripts/SC-30/2_phase/EM.py","log_msg","90","","","","","","","","","","-1.1429741258784887","","","","","","","","","","","","","","","","","","","","","","","","","","","","","","","","","","","",""
"295.7453278","2026-08-14 08:53:49.509713","/home/akatoki/SC-30/scripts/SC-30/2_phase/EM.py","log_msg","90","","","","[待機] alt=-1.143 m","","","","","","","","","","","","","","","","","","","","","","","","","","","","","","","","","","","","","","","","","",""
"296.85489176","2026-08-14 08:53:50.619270","/home/akatoki/SC-30/scripts/SC-30/2_phase/EM.py","log_msg","90","","","","","","","","","","-0.21525428181231598","","","","","","","","","","","","","","","","","","","","","","","","","","","","","","","","","","","",""
"296.859338326","2026-08-14 08:53:50.623724","/home/akatoki/SC-30/scripts/SC-30/2_phase/EM.py","log_msg","90","","","","[待機] alt=-0.215 m","","","","","","","","","","","","","","","","","","","","","","","","","","","","","","","","","","","","","","","","","",""
"297.965352623","2026-08-14 08:53:51.729731","/home/akatoki/SC-30/scripts/SC-30/2_phase/EM.py","log_msg","90","","","","","","","","","","-0.35995099387797325","","","","","","","","","","","","","","","","","","","","","","","","","","","","","","","","","","","",""
"297.969931841","2026-08-14 08:53:51.734318","/home/akatoki/SC-30/scripts/SC-30/2_phase/EM.py","log_msg","90","","","","[待機] alt=-0.360 m","","","","","","","","","","","","","","","","","","","","","","","","","","","","","","","","","","","","","","","","","",""
"299.075026824","2026-08-14 08:53:52.839405","/home/akatoki/SC-30/scripts/SC-30/2_phase/EM.py","log_msg","90","","","","","","","","","","-0.5918890144019029","","","","","","","","","","","","","","","","","","","","","","","","","","","","","","","","","","","",""
"299.079512959","2026-08-14 08:53:52.843897","/home/akatoki/SC-30/scripts/SC-30/2_phase/EM.py","log_msg","90","","","","[待機] alt=-0.592 m","","","","","","","","","","","","","","","","","","","","","","","","","","","","","","","","","","","","","","","","","",""
"300.184723754","2026-08-14 08:53:53.949102","/home/akatoki/SC-30/scripts/SC-30/2_phase/EM.py","log_msg","90","","","","","","","","","","-0.3748427446163949","","","","","","","","","","","","","","","","","","","","","","","","","","","","","","","","","","","",""
"300.193961276","2026-08-14 08:53:53.958348","/home/akatoki/SC-30/scripts/SC-30/2_phase/EM.py","log_msg","90","","","","[待機] alt=-0.375 m","","","","","","","","","","","","","","","","","","","","","","","","","","","","","","","","","","","","","","","","","",""
"301.310216596","2026-08-14 08:53:55.074595","/home/akatoki/SC-30/scripts/SC-30/2_phase/EM.py","log_msg","90","","","","","","","","","","-0.28760276202250523","","","","","","","","","","","","","","","","","","","","","","","","","","","","","","","","","","","",""
"301.314916723","2026-08-14 08:53:55.079303","/home/akatoki/SC-30/scripts/SC-30/2_phase/EM.py","log_msg","90","","","","[待機] alt=-0.288 m","","","","","","","","","","","","","","","","","","","","","","","","","","","","","","","","","","","","","","","","","",""
"302.420072009","2026-08-14 08:53:56.184449","/home/akatoki/SC-30/scripts/SC-30/2_phase/EM.py","log_msg","90","","","","","","","","","","-0.21525428181231598","","","","","","","","","","","","","","","","","","","","","","","","","","","","","","","","","","","",""
"302.424556863","2026-08-14 08:53:56.188942","/home/akatoki/SC-30/scripts/SC-30/2_phase/EM.py","log_msg","90","","","","[待機] alt=-0.215 m","","","","","","","","","","","","","","","","","","","","","","","","","","","","","","","","","","","","","","","","","",""
"303.529699271","2026-08-14 08:53:57.294078","/home/akatoki/SC-30/scripts/SC-30/2_phase/EM.py","log_msg","90","","","","","","","","","","0.10394006209333506","","","","","","","","","","","","","","","","","","","","","","","","","","","","","","","","","","","",""
"303.546752124","2026-08-14 08:53:57.311142","/home/akatoki/SC-30/scripts/SC-30/2_phase/EM.py","log_msg","90","","","","[待機] alt=0.104 m","","","","","","","","","","","","","","","","","","","","","","","","","","","","","","","","","","","","","","","","","",""
"304.666330476","2026-08-14 08:53:58.430708","/home/akatoki/SC-30/scripts/SC-30/2_phase/EM.py","log_msg","90","","","","","","","","","","-0.2727031343121511","","","","","","","","","","","","","","","","","","","","","","","","","","","","","","","","","","","",""
"306.817827635","2026-08-14 08:54:00.582227","/home/akatoki/SC-30/scripts/SC-30/2_phase/EM.py","log_msg","90","","","","[待機] alt=-0.273 m","","","","","","","","","","","","","","","","","","","","","","","","","","","","","","","","","","","","","","","","","",""
"307.951738034","2026-08-14 08:54:01.716111","/home/akatoki/SC-30/scripts/SC-30/2_phase/EM.py","log_msg","90","","","","","","","","","","-0.04075455097086289","","","","","","","","","","","","","","","","","","","","","","","","","","","","","","","","","","","",""
"307.9567176","2026-08-14 08:54:01.721100","/home/akatoki/SC-30/scripts/SC-30/2_phase/EM.py","log_msg","90","","","","[待機] alt=-0.041 m","","","","","","","","","","","","","","","","","","","","","","","","","","","","","","","","","","","","","","","","","",""
"309.061307287","2026-08-14 08:54:02.825680","/home/akatoki/SC-30/scripts/SC-30/2_phase/EM.py","log_msg","90","","","","","","","","","","-0.2003556755740732","","","","","","","","","","","","","","","","","","","","","","","","","","","","","","","","","","","",""
"309.07259658","2026-08-14 08:54:02.836977","/home/akatoki/SC-30/scripts/SC-30/2_phase/EM.py","log_msg","90","","","","[待機] alt=-0.200 m","","","","","","","","","","","","","","","","","","","","","","","","","","","","","","","","","","","","","","","","","",""
"310.177197902","2026-08-14 08:54:03.941576","/home/akatoki/SC-30/scripts/SC-30/2_phase/EM.py","log_msg","90","","","","","","","","","","-0.04075455097086289","","","","","","","","","","","","","","","","","","","","","","","","","","","","","","","","","","","",""
"310.181835312","2026-08-14 08:54:03.946224","/home/akatoki/SC-30/scripts/SC-30/2_phase/EM.py","log_msg","90","","","","[待機] alt=-0.041 m","","","","","","","","","","","","","","","","","","","","","","","","","","","","","","","","","","","","","","","","","",""
"311.287007782","2026-08-14 08:54:05.051386","/home/akatoki/SC-30/scripts/SC-30/2_phase/EM.py","log_msg","90","","","","","","","","","","-0.1854481704783706","","","","","","","","","","","","","","","","","","","","","","","","","","","","","","","","","","","",""
"311.291568302","2026-08-14 08:54:05.055955","/home/akatoki/SC-30/scripts/SC-30/2_phase/EM.py","log_msg","90","","","","[待機] alt=-0.185 m","","","","","","","","","","","","","","","","","","","","","","","","","","","","","","","","","","","","","","","","","",""
"312.415685813","2026-08-14 08:54:06.180064","/home/akatoki/SC-30/scripts/SC-30/2_phase/EM.py","log_msg","90","","","","","","","","","","0.046505971028979465","","","","","","","","","","","","","","","","","","","","","","","","","","","","","","","","","","","",""
"312.420223566","2026-08-14 08:54:06.184610","/home/akatoki/SC-30/scripts/SC-30/2_phase/EM.py","log_msg","90","","","","[待機] alt=0.047 m","","","","","","","","","","","","","","","","","","","","","","","","","","","","","","","","","","","","","","","","","",""
"313.525263644","2026-08-14 08:54:07.289641","/home/akatoki/SC-30/scripts/SC-30/2_phase/EM.py","log_msg","90","","","","","","","","","","0.655121232394249","","","","","","","","","","","","","","","","","","","","","","","","","","","","","","","","","","","",""
"313.529727276","2026-08-14 08:54:07.294114","/home/akatoki/SC-30/scripts/SC-30/2_phase/EM.py","log_msg","90","","","","[待機] alt=0.655 m","","","","","","","","","","","","","","","","","","","","","","","","","","","","","","","","","","","","","","","","","",""
"314.634781314","2026-08-14 08:54:08.399158","/home/akatoki/SC-30/scripts/SC-30/2_phase/EM.py","log_msg","90","","","","","","","","","","0.2784651181817932","","","","","","","","","","","","","","","","","","","","","","","","","","","","","","","","","","","",""
"314.639255721","2026-08-14 08:54:08.403641","/home/akatoki/SC-30/scripts/SC-30/2_phase/EM.py","log_msg","90","","","","[待機] alt=0.278 m","","","","","","","","","","","","","","","","","","","","","","","","","","","","","","","","","","","","","","","","","",""
"315.744325571","2026-08-14 08:54:09.508703","/home/akatoki/SC-30/scripts/SC-30/2_phase/EM.py","log_msg","90","","","","","","","","","","-0.1854481704783706","","","","","","","","","","","","","","","","","","","","","","","","","","","","","","","","","","","",""
"315.748816847","2026-08-14 08:54:09.513203","/home/akatoki/SC-30/scripts/SC-30/2_phase/EM.py","log_msg","90","","","","[待機] alt=-0.185 m","","","","","","","","","","","","","","","","","","","","","","","","","","","","","","","","","","","","","","","","","",""
"316.858447974","2026-08-14 08:54:10.622826","/home/akatoki/SC-30/scripts/SC-30/2_phase/EM.py","log_msg","90","","","","","","","","","","0.3657383037033335","","","","","","","","","","","","","","","","","","","","","","","","","","","","","","","","","","","",""
"316.865509723","2026-08-14 08:54:10.629899","/home/akatoki/SC-30/scripts/SC-30/2_phase/EM.py","log_msg","90","","","","[待機] alt=0.366 m","","","","","","","","","","","","","","","","","","","","","","","","","","","","","","","","","","","","","","","","","",""
"317.970688096","2026-08-14 08:54:11.735066","/home/akatoki/SC-30/scripts/SC-30/2_phase/EM.py","log_msg","90","","","","","","","","","","0.06142821040759139","","","","","","","","","","","","","","","","","","","","","","","","","","","","","","","","","","","",""
"317.975161651","2026-08-14 08:54:11.739548","/home/akatoki/SC-30/scripts/SC-30/2_phase/EM.py","log_msg","90","","","","[待機] alt=0.061 m","","","","","","","","","","","","","","","","","","","","","","","","","","","","","","","","","","","","","","","","","",""
"319.080263212","2026-08-14 08:54:12.844641","/home/akatoki/SC-30/scripts/SC-30/2_phase/EM.py","log_msg","90","","","","","","","","","","-0.3301407962913827","","","","","","","","","","","","","","","","","","","","","","","","","","","","","","","","","","","",""
"319.084776137","2026-08-14 08:54:12.849162","/home/akatoki/SC-30/scripts/SC-30/2_phase/EM.py","log_msg","90","","","","[待機] alt=-0.330 m","","","","","","","","","","","","","","","","","","","","","","","","","","","","","","","","","","","","","","","","","",""
"320.189828205","2026-08-14 08:54:13.954205","/home/akatoki/SC-30/scripts/SC-30/2_phase/EM.py","log_msg","90","","","","","","","","","","-0.25779460760653183","","","","","","","","","","","","","","","","","","","","","","","","","","","","","","","","","","","",""
"320.199461698","2026-08-14 08:54:13.963850","/home/akatoki/SC-30/scripts/SC-30/2_phase/EM.py","log_msg","90","","","","[待機] alt=-0.258 m","","","","","","","","","","","","","","","","","","","","","","","","","","","","","","","","","","","","","","","","","",""
"321.304567026","2026-08-14 08:54:15.068944","/home/akatoki/SC-30/scripts/SC-30/2_phase/EM.py","log_msg","90","","","","","","","","","","0.19119903776488645","","","","","","","","","","","","","","","","","","","","","","","","","","","","","","","","","","","",""
"321.309059308","2026-08-14 08:54:15.073444","/home/akatoki/SC-30/scripts/SC-30/2_phase/EM.py","log_msg","90","","","","[待機] alt=0.191 m","","","","","","","","","","","","","","","","","","","","","","","","","","","","","","","","","","","","","","","","","",""
"322.414085617","2026-08-14 08:54:16.178464","/home/akatoki/SC-30/scripts/SC-30/2_phase/EM.py","log_msg","90","","","","","","","","","","-0.3450503446561348","","","","","","","","","","","","","","","","","","","","","","","","","","","","","","","","","","","",""
"322.418600394","2026-08-14 08:54:16.182985","/home/akatoki/SC-30/scripts/SC-30/2_phase/EM.py","log_msg","90","","","","[待機] alt=-0.345 m","","","","","","","","","","","","","","","","","","","","","","","","","","","","","","","","","","","","","","","","","",""
"323.524107604","2026-08-14 08:54:17.288485","/home/akatoki/SC-30/scripts/SC-30/2_phase/EM.py","log_msg","90","","","","","","","","","","0.20611923382031105","","","","","","","","","","","","","","","","","","","","","","","","","","","","","","","","","","","",""
"323.528584355","2026-08-14 08:54:17.292969","/home/akatoki/SC-30/scripts/SC-30/2_phase/EM.py","log_msg","90","","","","[待機] alt=0.206 m","","","","","","","","","","","","","","","","","","","","","","","","","","","","","","","","","","","","","","","","","",""
"324.638268146","2026-08-14 08:54:18.402645","/home/akatoki/SC-30/scripts/SC-30/2_phase/EM.py","log_msg","90","","","","","","","","","","-0.1854481704783706","","","","","","","","","","","","","","","","","","","","","","","","","","","","","","","","","","","",""
"324.642688746","2026-08-14 08:54:18.407073","/home/akatoki/SC-30/scripts/SC-30/2_phase/EM.py","log_msg","90","","","","[待機] alt=-0.185 m","","","","","","","","","","","","","","","","","","","","","","","","","","","","","","","","","","","","","","","","","",""
"325.750710522","2026-08-14 08:54:19.515088","/home/akatoki/SC-30/scripts/SC-30/2_phase/EM.py","log_msg","90","","","","","","","","","","-0.09818610202227518","","","","","","","","","","","","","","","","","","","","","","","","","","","","","","","","","","","",""
"325.755198772","2026-08-14 08:54:19.519585","/home/akatoki/SC-30/scripts/SC-30/2_phase/EM.py","log_msg","90","","","","[待機] alt=-0.098 m","","","","","","","","","","","","","","","","","","","","","","","","","","","","","","","","","","","","","","","","","",""
"326.860307377","2026-08-14 08:54:20.624684","/home/akatoki/SC-30/scripts/SC-30/2_phase/EM.py","log_msg","90","","","","","","","","","","-0.4024867365329232","","","","","","","","","","","","","","","","","","","","","","","","","","","","","","","","","","","",""
"326.864784477","2026-08-14 08:54:20.629170","/home/akatoki/SC-30/scripts/SC-30/2_phase/EM.py","log_msg","90","","","","[待機] alt=-0.402 m","","","","","","","","","","","","","","","","","","","","","","","","","","","","","","","","","","","","","","","","","",""
"327.974246908","2026-08-14 08:54:21.738622","/home/akatoki/SC-30/scripts/SC-30/2_phase/EM.py","log_msg","90","","","","","","","","","","-0.17053176588539776","","","","","","","","","","","","","","","","","","","","","","","","","","","","","","","","","","","",""
"327.978758585","2026-08-14 08:54:21.743142","/home/akatoki/SC-30/scripts/SC-30/2_phase/EM.py","log_msg","90","","","","[待機] alt=-0.171 m","","","","","","","","","","","","","","","","","","","","","","","","","","","","","","","","","","","","","","","","","",""
"329.083695361","2026-08-14 08:54:22.848073","/home/akatoki/SC-30/scripts/SC-30/2_phase/EM.py","log_msg","90","","","","","","","","","","-0.15560646119471722","","","","","","","","","","","","","","","","","","","","","","","","","","","","","","","","","","","",""
"329.088297918","2026-08-14 08:54:22.852687","/home/akatoki/SC-30/scripts/SC-30/2_phase/EM.py","log_msg","90","","","","[待機] alt=-0.156 m","","","","","","","","","","","","","","","","","","","","","","","","","","","","","","","","","","","","","","","","","",""
"330.193384804","2026-08-14 08:54:23.957762","/home/akatoki/SC-30/scripts/SC-30/2_phase/EM.py","log_msg","90","","","","","","","","","","-0.24287718127568025","","","","","","","","","","","","","","","","","","","","","","","","","","","","","","","","","","","",""
"330.197918033","2026-08-14 08:54:23.962305","/home/akatoki/SC-30/scripts/SC-30/2_phase/EM.py","log_msg","90","","","","[待機] alt=-0.243 m","","","","","","","","","","","","","","","","","","","","","","","","","","","","","","","","","","","","","","","","","",""
"331.302966237","2026-08-14 08:54:25.067344","/home/akatoki/SC-30/scripts/SC-30/2_phase/EM.py","log_msg","90","","","","","","","","","","-0.010916928619038035","","","","","","","","","","","","","","","","","","","","","","","","","","","","","","","","","","","",""
"331.307476957","2026-08-14 08:54:25.071863","/home/akatoki/SC-30/scripts/SC-30/2_phase/EM.py","log_msg","90","","","","[待機] alt=-0.011 m","","","","","","","","","","","","","","","","","","","","","","","","","","","","","","","","","","","","","","","","","",""
"332.426389813","2026-08-14 08:54:26.190768","/home/akatoki/SC-30/scripts/SC-30/2_phase/EM.py","log_msg","90","","","","","","","","","","-0.010916928619038035","","","","","","","","","","","","","","","","","","","","","","","","","","","","","","","","","","","",""
"332.430852091","2026-08-14 08:54:26.195238","/home/akatoki/SC-30/scripts/SC-30/2_phase/EM.py","log_msg","90","","","","[待機] alt=-0.011 m","","","","","","","","","","","","","","","","","","","","","","","","","","","","","","","","","","","","","","","","","",""
"333.535916361","2026-08-14 08:54:27.300294","/home/akatoki/SC-30/scripts/SC-30/2_phase/EM.py","log_msg","90","","","","","","","","","","-0.17053176588539776","","","","","","","","","","","","","","","","","","","","","","","","","","","","","","","","","","","",""
"333.542076368","2026-08-14 08:54:27.306464","/home/akatoki/SC-30/scripts/SC-30/2_phase/EM.py","log_msg","90","","","","[待機] alt=-0.171 m","","","","","","","","","","","","","","","","","","","","","","","","","","","","","","","","","","","","","","","","","",""
"334.647277297","2026-08-14 08:54:28.411655","/home/akatoki/SC-30/scripts/SC-30/2_phase/EM.py","log_msg","90","","","","","","","","","","-0.010916928619038035","","","","","","","","","","","","","","","","","","","","","","","","","","","","","","","","","","","",""
"334.656541881","2026-08-14 08:54:28.420929","/home/akatoki/SC-30/scripts/SC-30/2_phase/EM.py","log_msg","90","","","","[待機] alt=-0.011 m","","","","","","","","","","","","","","","","","","","","","","","","","","","","","","","","","","","","","","","","","",""
"335.761560066","2026-08-14 08:54:29.525937","/home/akatoki/SC-30/scripts/SC-30/2_phase/EM.py","log_msg","90","","","","","","","","","","0.2210483299537569","","","","","","","","","","","","","","","","","","","","","","","","","","","","","","","","","","","",""
"335.766919138","2026-08-14 08:54:29.531305","/home/akatoki/SC-30/scripts/SC-30/2_phase/EM.py","log_msg","90","","","","[待機] alt=0.221 m","","","","","","","","","","","","","","","","","","","","","","","","","","","","","","","","","","","","","","","","","",""
"336.872081733","2026-08-14 08:54:30.636460","/home/akatoki/SC-30/scripts/SC-30/2_phase/EM.py","log_msg","90","","","","","","","","","","-0.08326181915806252","","","","","","","","","","","","","","","","","","","","","","","","","","","","","","","","","","","",""
"336.876542847","2026-08-14 08:54:30.640929","/home/akatoki/SC-30/scripts/SC-30/2_phase/EM.py","log_msg","90","","","","[待機] alt=-0.083 m","","","","","","","","","","","","","","","","","","","","","","","","","","","","","","","","","","","","","","","","","",""
"337.981607587","2026-08-14 08:54:31.745985","/home/akatoki/SC-30/scripts/SC-30/2_phase/EM.py","log_msg","90","","","","","","","","","","0.30833016758248344","","","","","","","","","","","","","","","","","","","","","","","","","","","","","","","","","","","",""
"337.98610828","2026-08-14 08:54:31.750495","/home/akatoki/SC-30/scripts/SC-30/2_phase/EM.py","log_msg","90","","","","[待機] alt=0.308 m","","","","","","","","","","","","","","","","","","","","","","","","","","","","","","","","","","","","","","","","","",""
"339.095734985","2026-08-14 08:54:32.860113","/home/akatoki/SC-30/scripts/SC-30/2_phase/EM.py","log_msg","90","","","","","","","","","","-0.38756726659835206","","","","","","","","","","","","","","","","","","","","","","","","","","","","","","","","","","","",""
"339.100378066","2026-08-14 08:54:32.864765","/home/akatoki/SC-30/scripts/SC-30/2_phase/EM.py","log_msg","90","","","","[待機] alt=-0.388 m","","","","","","","","","","","","","","","","","","","","","","","","","","","","","","","","","","","","","","","","","",""
"340.205443763","2026-08-14 08:54:33.969822","/home/akatoki/SC-30/scripts/SC-30/2_phase/EM.py","log_msg","90","","","","","","","","","","-0.532256357842642","","","","","","","","","","","","","","","","","","","","","","","","","","","","","","","","","","","",""
"340.209991373","2026-08-14 08:54:33.974379","/home/akatoki/SC-30/scripts/SC-30/2_phase/EM.py","log_msg","90","","","","[待機] alt=-0.532 m","","","","","","","","","","","","","","","","","","","","","","","","","","","","","","","","","","","","","","","","","",""
"341.315132535","2026-08-14 08:54:35.079510","/home/akatoki/SC-30/scripts/SC-30/2_phase/EM.py","log_msg","90","","","","","","","","","","-0.22795085471915888","","","","","","","","","","","","","","","","","","","","","","","","","","","","","","","","","","","",""
"341.325135946","2026-08-14 08:54:35.089523","/home/akatoki/SC-30/scripts/SC-30/2_phase/EM.py","log_msg","90","","","","[待機] alt=-0.228 m","","","","","","","","","","","","","","","","","","","","","","","","","","","","","","","","","","","","","","","","","",""
"342.43016045","2026-08-14 08:54:36.194538","/home/akatoki/SC-30/scripts/SC-30/2_phase/EM.py","log_msg","90","","","","","","","","","","-0.37263889616250045","","","","","","","","","","","","","","","","","","","","","","","","","","","","","","","","","","","",""
"342.436236031","2026-08-14 08:54:36.200624","/home/akatoki/SC-30/scripts/SC-30/2_phase/EM.py","log_msg","90","","","","[待機] alt=-0.373 m","","","","","","","","","","","","","","","","","","","","","","","","","","","","","","","","","","","","","","","","","",""
"343.541460741","2026-08-14 08:54:37.305838","/home/akatoki/SC-30/scripts/SC-30/2_phase/EM.py","log_msg","90","","","","","","","","","","-0.37263889616250045","","","","","","","","","","","","","","","","","","","","","","","","","","","","","","","","","","","",""
"343.546004533","2026-08-14 08:54:37.310392","/home/akatoki/SC-30/scripts/SC-30/2_phase/EM.py","log_msg","90","","","","[待機] alt=-0.373 m","","","","","","","","","","","","","","","","","","","","","","","","","","","","","","","","","","","","","","","","","",""
"344.651069947","2026-08-14 08:54:38.415448","/home/akatoki/SC-30/scripts/SC-30/2_phase/EM.py","log_msg","90","","","","","","","","","","-0.38756726659835206","","","","","","","","","","","","","","","","","","","","","","","","","","","","","","","","","","","",""
"344.660585219","2026-08-14 08:54:38.424971","/home/akatoki/SC-30/scripts/SC-30/2_phase/EM.py","log_msg","90","","","","[待機] alt=-0.388 m","","","","","","","","","","","","","","","","","","","","","","","","","","","","","","","","","","","","","","","","","",""
"345.765569839","2026-08-14 08:54:39.529948","/home/akatoki/SC-30/scripts/SC-30/2_phase/EM.py","log_msg","90","","","","","","","","","","-0.22795085471915888","","","","","","","","","","","","","","","","","","","","","","","","","","","","","","","","","","","",""
"345.770099925","2026-08-14 08:54:39.534486","/home/akatoki/SC-30/scripts/SC-30/2_phase/EM.py","log_msg","90","","","","[待機] alt=-0.228 m","","","","","","","","","","","","","","","","","","","","","","","","","","","","","","","","","","","","","","","","","",""
"346.875173508","2026-08-14 08:54:40.639551","/home/akatoki/SC-30/scripts/SC-30/2_phase/EM.py","log_msg","90","","","","","","","","","","-0.31522234819312267","","","","","","","","","","","","","","","","","","","","","","","","","","","","","","","","","","","",""
"346.879657915","2026-08-14 08:54:40.644044","/home/akatoki/SC-30/scripts/SC-30/2_phase/EM.py","log_msg","90","","","","[待機] alt=-0.315 m","","","","","","","","","","","","","","","","","","","","","","","","","","","","","","","","","","","","","","","","","",""
"347.984782771","2026-08-14 08:54:41.749161","/home/akatoki/SC-30/scripts/SC-30/2_phase/EM.py","log_msg","90","","","","","","","","","","-0.24287718127568025","","","","","","","","","","","","","","","","","","","","","","","","","","","","","","","","","","","",""
"347.989232487","2026-08-14 08:54:41.753619","/home/akatoki/SC-30/scripts/SC-30/2_phase/EM.py","log_msg","90","","","","[待機] alt=-0.243 m","","","","","","","","","","","","","","","","","","","","","","","","","","","","","","","","","","","","","","","","","",""
"349.098724028","2026-08-14 08:54:42.863102","/home/akatoki/SC-30/scripts/SC-30/2_phase/EM.py","log_msg","90","","","","","","","","","","-0.010916928619038035","","","","","","","","","","","","","","","","","","","","","","","","","","","","","","","","","","","",""
"349.103117544","2026-08-14 08:54:42.867504","/home/akatoki/SC-30/scripts/SC-30/2_phase/EM.py","log_msg","90","","","","[待機] alt=-0.011 m","","","","","","","","","","","","","","","","","","","","","","","","","","","","","","","","","","","","","","","","","",""
"350.20818599","2026-08-14 08:54:43.972564","/home/akatoki/SC-30/scripts/SC-30/2_phase/EM.py","log_msg","90","","","","","","","","","","-0.08326181915806252","","","","","","","","","","","","","","","","","","","","","","","","","","","","","","","","","","","",""
"350.212677312","2026-08-14 08:54:43.977063","/home/akatoki/SC-30/scripts/SC-30/2_phase/EM.py","log_msg","90","","","","[待機] alt=-0.083 m","","","","","","","","","","","","","","","","","","","","","","","","","","","","","","","","","","","","","","","","","",""
"351.319261402","2026-08-14 08:54:45.083639","/home/akatoki/SC-30/scripts/SC-30/2_phase/EM.py","log_msg","90","","","","","","","","","","-0.08326181915806252","","","","","","","","","","","","","","","","","","","","","","","","","","","","","","","","","","","",""
"351.323717822","2026-08-14 08:54:45.088104","/home/akatoki/SC-30/scripts/SC-30/2_phase/EM.py","log_msg","90","","","","[待機] alt=-0.083 m","","","","","","","","","","","","","","","","","","","","","","","","","","","","","","","","","","","","","","","","","",""
"352.433099027","2026-08-14 08:54:46.197477","/home/akatoki/SC-30/scripts/SC-30/2_phase/EM.py","log_msg","90","","","","","","","","","","-0.31522234819312267","","","","","","","","","","","","","","","","","","","","","","","","","","","","","","","","","","","",""
"352.43753883","2026-08-14 08:54:46.201924","/home/akatoki/SC-30/scripts/SC-30/2_phase/EM.py","log_msg","90","","","","[待機] alt=-0.315 m","","","","","","","","","","","","","","","","","","","","","","","","","","","","","","","","","","","","","","","","","",""
"353.542577212","2026-08-14 08:54:47.306955","/home/akatoki/SC-30/scripts/SC-30/2_phase/EM.py","log_msg","90","","","","","","","","","","0.07635935012014872","","","","","","","","","","","","","","","","","","","","","","","","","","","","","","","","","","","",""
"353.547053364","2026-08-14 08:54:47.311439","/home/akatoki/SC-30/scripts/SC-30/2_phase/EM.py","log_msg","90","","","","[待機] alt=0.076 m","","","","","","","","","","","","","","","","","","","","","","","","","","","","","","","","","","","","","","","","","",""
"354.652129788","2026-08-14 08:54:48.416507","/home/akatoki/SC-30/scripts/SC-30/2_phase/EM.py","log_msg","90","","","","","","","","","","-0.08326181915806252","","","","","","","","","","","","","","","","","","","","","","","","","","","","","","","","","","","",""
"354.656619166","2026-08-14 08:54:48.421006","/home/akatoki/SC-30/scripts/SC-30/2_phase/EM.py","log_msg","90","","","","[待機] alt=-0.083 m","","","","","","","","","","","","","","","","","","","","","","","","","","","","","","","","","","","","","","","","","",""
"355.761686254","2026-08-14 08:54:49.526065","/home/akatoki/SC-30/scripts/SC-30/2_phase/EM.py","log_msg","90","","","","","","","","","","-0.6195230663417584","","","","","","","","","","","","","","","","","","","","","","","","","","","","","","","","","","","",""
"355.76620693","2026-08-14 08:54:49.530593","/home/akatoki/SC-30/scripts/SC-30/2_phase/EM.py","log_msg","90","","","","[待機] alt=-0.620 m","","","","","","","","","","","","","","","","","","","","","","","","","","","","","","","","","","","","","","","","","",""
"356.875676985","2026-08-14 08:54:50.640055","/home/akatoki/SC-30/scripts/SC-30/2_phase/EM.py","log_msg","90","","","","","","","","","","-0.5471778715777975","","","","","","","","","","","","","","","","","","","","","","","","","","","","","","","","","","","",""
"356.880275207","2026-08-14 08:54:50.644661","/home/akatoki/SC-30/scripts/SC-30/2_phase/EM.py","log_msg","90","","","","[待機] alt=-0.547 m","","","","","","","","","","","","","","","","","","","","","","","","","","","","","","","","","","","","","","","","","",""
"357.985314807","2026-08-14 08:54:51.749693","/home/akatoki/SC-30/scripts/SC-30/2_phase/EM.py","log_msg","90","","","","","","","","","","-0.010916928619038035","","","","","","","","","","","","","","","","","","","","","","","","","","","","","","","","","","","",""
"357.989796884","2026-08-14 08:54:51.754183","/home/akatoki/SC-30/scripts/SC-30/2_phase/EM.py","log_msg","90","","","","[待機] alt=-0.011 m","","","","","","","","","","","","","","","","","","","","","","","","","","","","","","","","","","","","","","","","","",""
"359.094849173","2026-08-14 08:54:52.859227","/home/akatoki/SC-30/scripts/SC-30/2_phase/EM.py","log_msg","90","","","","","","","","","","0.06142821040759139","","","","","","","","","","","","","","","","","","","","","","","","","","","","","","","","","","","",""
"359.100885564","2026-08-14 08:54:52.865274","/home/akatoki/SC-30/scripts/SC-30/2_phase/EM.py","log_msg","90","","","","[待機] alt=0.061 m","","","","","","","","","","","","","","","","","","","","","","","","","","","","","","","","","","","","","","","","","",""
"360.210130448","2026-08-14 08:54:53.974508","/home/akatoki/SC-30/scripts/SC-30/2_phase/EM.py","log_msg","90","","","","","","","","","","-0.17053176588539776","","","","","","","","","","","","","","","","","","","","","","","","","","","","","","","","","","","",""
"360.214652934","2026-08-14 08:54:53.979041","/home/akatoki/SC-30/scripts/SC-30/2_phase/EM.py","log_msg","90","","","","[待機] alt=-0.171 m","","","","","","","","","","","","","","","","","","","","","","","","","","","","","","","","","","","","","","","","","",""
"361.319771152","2026-08-14 08:54:55.084149","/home/akatoki/SC-30/scripts/SC-30/2_phase/EM.py","log_msg","90","","","","","","","","","","-0.24287718127568025","","","","","","","","","","","","","","","","","","","","","","","","","","","","","","","","","","","",""
"361.324290923","2026-08-14 08:54:55.088677","/home/akatoki/SC-30/scripts/SC-30/2_phase/EM.py","log_msg","90","","","","[待機] alt=-0.243 m","","","","","","","","","","","","","","","","","","","","","","","","","","","","","","","","","","","","","","","","","",""
"362.429336602","2026-08-14 08:54:56.193715","/home/akatoki/SC-30/scripts/SC-30/2_phase/EM.py","log_msg","90","","","","","","","","","","-0.010916928619038035","","","","","","","","","","","","","","","","","","","","","","","","","","","","","","","","","","","",""
"362.433808612","2026-08-14 08:54:56.198195","/home/akatoki/SC-30/scripts/SC-30/2_phase/EM.py","log_msg","90","","","","[待機] alt=-0.011 m","","","","","","","","","","","","","","","","","","","","","","","","","","","","","","","","","","","","","","","","","",""
"363.538819175","2026-08-14 08:54:57.303197","/home/akatoki/SC-30/scripts/SC-30/2_phase/EM.py","log_msg","90","","","","","","","","","","-0.5471778715777975","","","","","","","","","","","","","","","","","","","","","","","","","","","","","","","","","","","",""
"363.543292015","2026-08-14 08:54:57.307678","/home/akatoki/SC-30/scripts/SC-30/2_phase/EM.py","log_msg","90","","","","[待機] alt=-0.547 m","","","","","","","","","","","","","","","","","","","","","","","","","","","","","","","","","","","","","","","","","",""
"364.653100142","2026-08-14 08:54:58.417478","/home/akatoki/SC-30/scripts/SC-30/2_phase/EM.py","log_msg","90","","","","","","","","","","0.3508112509619776","","","","","","","","","","","","","","","","","","","","","","","","","","","","","","","","","","","",""
"364.662592045","2026-08-14 08:54:58.426981","/home/akatoki/SC-30/scripts/SC-30/2_phase/EM.py","log_msg","90","","","","[待機] alt=0.351 m","","","","","","","","","","","","","","","","","","","","","","","","","","","","","","","","","","","","","","","","","",""
"365.768608562","2026-08-14 08:54:59.532985","/home/akatoki/SC-30/scripts/SC-30/2_phase/EM.py","log_msg","90","","","","","","","","","","0.30833016758248344","","","","","","","","","","","","","","","","","","","","","","","","","","","","","","","","","","","",""
"365.773079939","2026-08-14 08:54:59.537467","/home/akatoki/SC-30/scripts/SC-30/2_phase/EM.py","log_msg","90","","","","[待機] alt=0.308 m","","","","","","","","","","","","","","","","","","","","","","","","","","","","","","","","","","","","","","","","","",""
"366.878138295","2026-08-14 08:55:00.642516","/home/akatoki/SC-30/scripts/SC-30/2_phase/EM.py","log_msg","90","","","","","","","","","","0.30833016758248344","","","","","","","","","","","","","","","","","","","","","","","","","","","","","","","","","","","",""
"366.882643365","2026-08-14 08:55:00.647029","/home/akatoki/SC-30/scripts/SC-30/2_phase/EM.py","log_msg","90","","","","[待機] alt=0.308 m","","","","","","","","","","","","","","","","","","","","","","","","","","","","","","","","","","","","","","","","","",""
"367.993472608","2026-08-14 08:55:01.757848","/home/akatoki/SC-30/scripts/SC-30/2_phase/EM.py","log_msg","90","","","","","","","","","","-0.31522234819312267","","","","","","","","","","","","","","","","","","","","","","","","","","","","","","","","","","","",""
"368.004612808","2026-08-14 08:55:01.768999","/home/akatoki/SC-30/scripts/SC-30/2_phase/EM.py","log_msg","90","","","","[待機] alt=-0.315 m","","","","","","","","","","","","","","","","","","","","","","","","","","","","","","","","","","","","","","","","","",""
