time,date,file,func,line,serious_error,error,warning,msg,format_exception,phase,gnss_time,lat,lon,alt,alt_base_press,goal_lat,goal_lon,temp,press,camera_area,camera_order,camera_center_x,camera_center_y,camera_frame_size_x,camera_frame_size_y,motor_l,motor_r,goal_relative_x,goal_relative_y,goal_relative_angle_rad,goal_distance,accel_all_x,accel_all_y,accel_all_z,accel_line_x,accel_line_y,accel_line_z,mag_x,mag_y,mag_z,gyro_x,gyro_y,gyro_z,grav_x,grav_y,grav_z,euler_x,euler_y,euler_z,nmea
"44.338146128","2026-08-14 10:51:40.760592","/home/akatoki/SC-30/scripts/SC-30/2_phase/EM.py","log_msg","90","","","","bnoセットアップ開始","","","","","","","","","","","","","","","","","","","","","","","","","","","","","","","","","","","","","","","","","",""
"45.978867481","2026-08-14 10:51:42.401297","/home/akatoki/SC-30/scripts/SC-30/2_phase/EM.py","log_msg","90","","","","cameraセットアップ開始","","","","","","","","","","","","","","","","","","","","","","","","","","","","","","","","","","","","","","","","","",""
"45.9830367","2026-08-14 10:51:42.405463","/home/akatoki/SC-30/scripts/SC-30/2_phase/EM.py","log_msg","90","","Camera Setup Error: Camera.__init__() got an unexpected keyword argument 'model_path'","","","""Traceback (most recent call last):   File """"/home/akatoki/SC-30/scripts/SC-30/2_phase/EM.py"""", line 209, in setup_sensors     cam = Camera(model_path=""""./my_custom_model.pt"""", debug=True)           ^^^^^^^^^^^^^^^^^^^^^^^^^^^^^^^^^^^^^^^^^^^^^^^^^^^^^ TypeError: Camera.__init__() got an unexpected keyword argument 'model_path' ""","","","","","","","","","","","","","","","","","","","","","","","","","","","","","","","","","","","","","","","","",""
"45.994005971","2026-08-14 10:51:42.416436","/home/akatoki/SC-30/scripts/SC-30/2_phase/EM.py","log_msg","90","","","","bmeセットアップ開始","","","","","","","","","","","","","","","","","","","","","","","","","","","","","","","","","","","","","","","","","",""
"46.520471127","2026-08-14 10:51:42.942900","/home/akatoki/SC-30/scripts/SC-30/2_phase/EM.py","log_msg","90","","","","モータセットアップ開始","","","","","","","","","","","","","","","","","","","","","","","","","","","","","","","","","","","","","","","","","",""
"46.552241335","2026-08-14 10:51:42.974670","/home/akatoki/SC-30/scripts/SC-30/2_phase/EM.py","log_msg","90","","","","GPIOセットアップ開始","","","","","","","","","","","","","","","","","","","","","","","","","","","","","","","","","","","","","","","","","",""
"46.558839616","2026-08-14 10:51:42.981259","/home/akatoki/SC-30/scripts/SC-30/2_phase/EM.py","log_msg","90","","","","","","","","","","-657.2741989031543","","","","","","","","","","","","","","","","","","","","","","","","","","","","","","","","","","","",""
"46.566582377","2026-08-14 10:51:42.989006","/home/akatoki/SC-30/scripts/SC-30/2_phase/EM.py","log_msg","90","","","","[待機] alt=-657.274 m","","","","","","","","","","","","","","","","","","","","","","","","","","","","","","","","","","","","","","","","","",""
"47.672907429","2026-08-14 10:51:44.095324","/home/akatoki/SC-30/scripts/SC-30/2_phase/EM.py","log_msg","90","","","","","","","","","","-657.4205373398657","","","","","","","","","","","","","","","","","","","","","","","","","","","","","","","","","","","",""
"47.676914251","2026-08-14 10:51:44.099337","/home/akatoki/SC-30/scripts/SC-30/2_phase/EM.py","log_msg","90","","","","[待機] alt=-657.421 m","","","","","","","","","","","","","","","","","","","","","","","","","","","","","","","","","","","","","","","","","",""
"48.781455553","2026-08-14 10:51:45.203871","/home/akatoki/SC-30/scripts/SC-30/2_phase/EM.py","log_msg","90","","","","","","","","","","-657.2565981233213","","","","","","","","","","","","","","","","","","","","","","","","","","","","","","","","","","","",""
"48.785498991","2026-08-14 10:51:45.207923","/home/akatoki/SC-30/scripts/SC-30/2_phase/EM.py","log_msg","90","","","","[待機] alt=-657.257 m","","","","","","","","","","","","","","","","","","","","","","","","","","","","","","","","","","","","","","","","","",""
"49.890931178","2026-08-14 10:51:46.313347","/home/akatoki/SC-30/scripts/SC-30/2_phase/EM.py","log_msg","90","","","","","","","","","","-657.7308090478949","","","","","","","","","","","","","","","","","","","","","","","","","","","","","","","","","","","",""
"49.919822063","2026-08-14 10:51:46.342246","/home/akatoki/SC-30/scripts/SC-30/2_phase/EM.py","log_msg","90","","","","[待機] alt=-657.731 m","","","","","","","","","","","","","","","","","","","","","","","","","","","","","","","","","","","","","","","","","",""
"51.024601021","2026-08-14 10:51:47.447017","/home/akatoki/SC-30/scripts/SC-30/2_phase/EM.py","log_msg","90","","","","","","","","","","-657.1834295792077","","","","","","","","","","","","","","","","","","","","","","","","","","","","","","","","","","","",""
"51.033920656","2026-08-14 10:51:47.456344","/home/akatoki/SC-30/scripts/SC-30/2_phase/EM.py","log_msg","90","","","","[待機] alt=-657.183 m","","","","","","","","","","","","","","","","","","","","","","","","","","","","","","","","","","","","","","","","","",""
"52.138375187","2026-08-14 10:51:48.560791","/home/akatoki/SC-30/scripts/SC-30/2_phase/EM.py","log_msg","90","","","","","","","","","","-657.2010292892876","","","","","","","","","","","","","","","","","","","","","","","","","","","","","","","","","","","",""
"52.142397062","2026-08-14 10:51:48.564820","/home/akatoki/SC-30/scripts/SC-30/2_phase/EM.py","log_msg","90","","","","[待機] alt=-657.201 m","","","","","","","","","","","","","","","","","","","","","","","","","","","","","","","","","","","","","","","","","",""
"53.246911906","2026-08-14 10:51:49.669328","/home/akatoki/SC-30/scripts/SC-30/2_phase/EM.py","log_msg","90","","","","","","","","","","-657.4557155806764","","","","","","","","","","","","","","","","","","","","","","","","","","","","","","","","","","","",""
"53.250937843","2026-08-14 10:51:49.673359","/home/akatoki/SC-30/scripts/SC-30/2_phase/EM.py","log_msg","90","","","","[待機] alt=-657.456 m","","","","","","","","","","","","","","","","","","","","","","","","","","","","","","","","","","","","","","","","","",""
"54.355489145","2026-08-14 10:51:50.777905","/home/akatoki/SC-30/scripts/SC-30/2_phase/EM.py","log_msg","90","","","","","","","","","","-657.2741989031543","","","","","","","","","","","","","","","","","","","","","","","","","","","","","","","","","","","",""
"54.359516384","2026-08-14 10:51:50.781939","/home/akatoki/SC-30/scripts/SC-30/2_phase/EM.py","log_msg","90","","","","[待機] alt=-657.274 m","","","","","","","","","","","","","","","","","","","","","","","","","","","","","","","","","","","","","","","","","",""
"55.463965498","2026-08-14 10:51:51.886381","/home/akatoki/SC-30/scripts/SC-30/2_phase/EM.py","log_msg","90","","","","","","","","","","-657.5668747217364","","","","","","","","","","","","","","","","","","","","","","","","","","","","","","","","","","","",""
"55.472968623","2026-08-14 10:51:51.895391","/home/akatoki/SC-30/scripts/SC-30/2_phase/EM.py","log_msg","90","","","","[待機] alt=-657.567 m","","","","","","","","","","","","","","","","","","","","","","","","","","","","","","","","","","","","","","","","","",""
"56.577305967","2026-08-14 10:51:52.999722","/home/akatoki/SC-30/scripts/SC-30/2_phase/EM.py","log_msg","90","","","","","","","","","","-657.3297664037051","","","","","","","","","","","","","","","","","","","","","","","","","","","","","","","","","","","",""
"56.581328883","2026-08-14 10:51:53.003749","/home/akatoki/SC-30/scripts/SC-30/2_phase/EM.py","log_msg","90","","","","[待機] alt=-657.330 m","","","","","","","","","","","","","","","","","","","","","","","","","","","","","","","","","","","","","","","","","",""
"57.685744925","2026-08-14 10:51:54.108161","/home/akatoki/SC-30/scripts/SC-30/2_phase/EM.py","log_msg","90","","","","","","","","","","-657.5492696623787","","","","","","","","","","","","","","","","","","","","","","","","","","","","","","","","","","","",""
"57.689818466","2026-08-14 10:51:54.112241","/home/akatoki/SC-30/scripts/SC-30/2_phase/EM.py","log_msg","90","","","","[待機] alt=-657.549 m","","","","","","","","","","","","","","","","","","","","","","","","","","","","","","","","","","","","","","","","","",""
"58.795138726","2026-08-14 10:51:55.217555","/home/akatoki/SC-30/scripts/SC-30/2_phase/EM.py","log_msg","90","","","","","","","","","","-658.0410758957272","","","","","","","","","","","","","","","","","","","","","","","","","","","","","","","","","","","",""
"58.799166018","2026-08-14 10:51:55.221589","/home/akatoki/SC-30/scripts/SC-30/2_phase/EM.py","log_msg","90","","","","[待機] alt=-658.041 m","","","","","","","","","","","","","","","","","","","","","","","","","","","","","","","","","","","","","","","","","",""
"59.908255966","2026-08-14 10:51:56.330672","/home/akatoki/SC-30/scripts/SC-30/2_phase/EM.py","log_msg","90","","","","","","","","","","-657.3297664037051","","","","","","","","","","","","","","","","","","","","","","","","","","","","","","","","","","","",""
"59.912255757","2026-08-14 10:51:56.334677","/home/akatoki/SC-30/scripts/SC-30/2_phase/EM.py","log_msg","90","","","","[待機] alt=-657.330 m","","","","","","","","","","","","","","","","","","","","","","","","","","","","","","","","","","","","","","","","","",""
"61.016893153","2026-08-14 10:51:57.439314","/home/akatoki/SC-30/scripts/SC-30/2_phase/EM.py","log_msg","90","","","","","","","","","","-657.3853223006046","","","","","","","","","","","","","","","","","","","","","","","","","","","","","","","","","","","",""
"61.021378257","2026-08-14 10:51:57.443808","/home/akatoki/SC-30/scripts/SC-30/2_phase/EM.py","log_msg","90","","","","[待機] alt=-657.385 m","","","","","","","","","","","","","","","","","","","","","","","","","","","","","","","","","","","","","","","","","",""
"62.126465652","2026-08-14 10:51:58.548887","/home/akatoki/SC-30/scripts/SC-30/2_phase/EM.py","log_msg","90","","","","","","","","","","-657.4584889834605","","","","","","","","","","","","","","","","","","","","","","","","","","","","","","","","","","","",""
"62.130936329","2026-08-14 10:51:58.553364","/home/akatoki/SC-30/scripts/SC-30/2_phase/EM.py","log_msg","90","","","","[待機] alt=-657.458 m","","","","","","","","","","","","","","","","","","","","","","","","","","","","","","","","","","","","","","","","","",""
"63.236071954","2026-08-14 10:51:59.658494","/home/akatoki/SC-30/scripts/SC-30/2_phase/EM.py","log_msg","90","","","","","","","","","","-657.2444330944537","","","","","","","","","","","","","","","","","","","","","","","","","","","","","","","","","","","",""
"63.245762683","2026-08-14 10:51:59.668190","/home/akatoki/SC-30/scripts/SC-30/2_phase/EM.py","log_msg","90","","","","[待機] alt=-657.244 m","","","","","","","","","","","","","","","","","","","","","","","","","","","","","","","","","","","","","","","","","",""
"64.350683308","2026-08-14 10:52:00.773104","/home/akatoki/SC-30/scripts/SC-30/2_phase/EM.py","log_msg","90","","","","","","","","","","-657.2267759933194","","","","","","","","","","","","","","","","","","","","","","","","","","","","","","","","","","","",""
"64.355163724","2026-08-14 10:52:00.777592","/home/akatoki/SC-30/scripts/SC-30/2_phase/EM.py","log_msg","90","","","","[待機] alt=-657.227 m","","","","","","","","","","","","","","","","","","","","","","","","","","","","","","","","","","","","","","","","","",""
"65.460176432","2026-08-14 10:52:01.882597","/home/akatoki/SC-30/scripts/SC-30/2_phase/EM.py","log_msg","90","","","","","","","","","","-657.4109117145172","","","","","","","","","","","","","","","","","","","","","","","","","","","","","","","","","","","",""
"65.464582265","2026-08-14 10:52:01.887010","/home/akatoki/SC-30/scripts/SC-30/2_phase/EM.py","log_msg","90","","","","[待機] alt=-657.411 m","","","","","","","","","","","","","","","","","","","","","","","","","","","","","","","","","","","","","","","","","",""
"66.569571848","2026-08-14 10:52:02.991993","/home/akatoki/SC-30/scripts/SC-30/2_phase/EM.py","log_msg","90","","","","","","","","","","-657.5395386802937","","","","","","","","","","","","","","","","","","","","","","","","","","","","","","","","","","","",""
"66.580083671","2026-08-14 10:52:03.002516","/home/akatoki/SC-30/scripts/SC-30/2_phase/EM.py","log_msg","90","","","","[待機] alt=-657.540 m","","","","","","","","","","","","","","","","","","","","","","","","","","","","","","","","","","","","","","","","","",""
"67.685062056","2026-08-14 10:52:04.107482","/home/akatoki/SC-30/scripts/SC-30/2_phase/EM.py","log_msg","90","","","","","","","","","","-657.5395386802937","","","","","","","","","","","","","","","","","","","","","","","","","","","","","","","","","","","",""
"67.68949539","2026-08-14 10:52:04.111923","/home/akatoki/SC-30/scripts/SC-30/2_phase/EM.py","log_msg","90","","","","[待機] alt=-657.540 m","","","","","","","","","","","","","","","","","","","","","","","","","","","","","","","","","","","","","","","","","",""
"68.794492785","2026-08-14 10:52:05.216914","/home/akatoki/SC-30/scripts/SC-30/2_phase/EM.py","log_msg","90","","","","","","","","","","-657.320065942861","","","","","","","","","","","","","","","","","","","","","","","","","","","","","","","","","","","",""
"68.798913462","2026-08-14 10:52:05.221340","/home/akatoki/SC-30/scripts/SC-30/2_phase/EM.py","log_msg","90","","","","[待機] alt=-657.320 m","","","","","","","","","","","","","","","","","","","","","","","","","","","","","","","","","","","","","","","","","",""
"69.903929087","2026-08-14 10:52:06.326350","/home/akatoki/SC-30/scripts/SC-30/2_phase/EM.py","log_msg","90","","","","","","","","","","-657.3377527999934","","","","","","","","","","","","","","","","","","","","","","","","","","","","","","","","","","","",""
"69.908416378","2026-08-14 10:52:06.330845","/home/akatoki/SC-30/scripts/SC-30/2_phase/EM.py","log_msg","90","","","","[待機] alt=-657.338 m","","","","","","","","","","","","","","","","","","","","","","","","","","","","","","","","","","","","","","","","","",""
"71.018198565","2026-08-14 10:52:07.440619","/home/akatoki/SC-30/scripts/SC-30/2_phase/EM.py","log_msg","90","","","","","","","","","","-657.5749096158914","","","","","","","","","","","","","","","","","","","","","","","","","","","","","","","","","","","",""
"71.02285044","2026-08-14 10:52:07.445279","/home/akatoki/SC-30/scripts/SC-30/2_phase/EM.py","log_msg","90","","","","[待機] alt=-657.575 m","","","","","","","","","","","","","","","","","","","","","","","","","","","","","","","","","","","","","","","","","",""
"72.127963736","2026-08-14 10:52:08.550384","/home/akatoki/SC-30/scripts/SC-30/2_phase/EM.py","log_msg","90","","","","","","","","","","-656.9719542654224","","","","","","","","","","","","","","","","","","","","","","","","","","","","","","","","","","","",""
"72.132468256","2026-08-14 10:52:08.554896","/home/akatoki/SC-30/scripts/SC-30/2_phase/EM.py","log_msg","90","","","","[待機] alt=-656.972 m","","","","","","","","","","","","","","","","","","","","","","","","","","","","","","","","","","","","","","","","","",""
"73.237649193","2026-08-14 10:52:09.660070","/home/akatoki/SC-30/scripts/SC-30/2_phase/EM.py","log_msg","90","","","","","","","","","","-657.0981069921356","","","","","","","","","","","","","","","","","","","","","","","","","","","","","","","","","","","",""
"73.242165979","2026-08-14 10:52:09.664594","/home/akatoki/SC-30/scripts/SC-30/2_phase/EM.py","log_msg","90","","","","[待機] alt=-657.098 m","","","","","","","","","","","","","","","","","","","","","","","","","","","","","","","","","","","","","","","","","",""
"74.347193854","2026-08-14 10:52:10.769613","/home/akatoki/SC-30/scripts/SC-30/2_phase/EM.py","log_msg","90","","","","","","","","","","-657.0249435450571","","","","","","","","","","","","","","","","","","","","","","","","","","","","","","","","","","","",""
"74.351543299","2026-08-14 10:52:10.773970","/home/akatoki/SC-30/scripts/SC-30/2_phase/EM.py","log_msg","90","","","","[待機] alt=-657.025 m","","","","","","","","","","","","","","","","","","","","","","","","","","","","","","","","","","","","","","","","","",""
"75.462599692","2026-08-14 10:52:11.885021","/home/akatoki/SC-30/scripts/SC-30/2_phase/EM.py","log_msg","90","","","","","","","","","","-657.1536141447531","","","","","","","","","","","","","","","","","","","","","","","","","","","","","","","","","","","",""
"75.467048888","2026-08-14 10:52:11.889478","/home/akatoki/SC-30/scripts/SC-30/2_phase/EM.py","log_msg","90","","","","[待機] alt=-657.154 m","","","","","","","","","","","","","","","","","","","","","","","","","","","","","","","","","","","","","","","","","",""
"76.572179922","2026-08-14 10:52:12.994601","/home/akatoki/SC-30/scripts/SC-30/2_phase/EM.py","log_msg","90","","","","","","","","","","-657.2267759933194","","","","","","","","","","","","","","","","","","","","","","","","","","","","","","","","","","","",""
"76.5767356","2026-08-14 10:52:12.999163","/home/akatoki/SC-30/scripts/SC-30/2_phase/EM.py","log_msg","90","","","","[待機] alt=-657.227 m","","","","","","","","","","","","","","","","","","","","","","","","","","","","","","","","","","","","","","","","","",""
"77.681850545","2026-08-14 10:52:14.104271","/home/akatoki/SC-30/scripts/SC-30/2_phase/EM.py","log_msg","90","","","","","","","","","","-657.3730988983571","","","","","","","","","","","","","","","","","","","","","","","","","","","","","","","","","","","",""
"77.686324315","2026-08-14 10:52:14.108754","/home/akatoki/SC-30/scripts/SC-30/2_phase/EM.py","log_msg","90","","","","[待機] alt=-657.373 m","","","","","","","","","","","","","","","","","","","","","","","","","","","","","","","","","","","","","","","","","",""
"78.796101716","2026-08-14 10:52:15.218523","/home/akatoki/SC-30/scripts/SC-30/2_phase/EM.py","log_msg","90","","","","","","","","","","-657.4639202680669","","","","","","","","","","","","","","","","","","","","","","","","","","","","","","","","","","","",""
"78.800781924","2026-08-14 10:52:15.223228","/home/akatoki/SC-30/scripts/SC-30/2_phase/EM.py","log_msg","90","","","","[待機] alt=-657.464 m","","","","","","","","","","","","","","","","","","","","","","","","","","","","","","","","","","","","","","","","","",""
"79.905951586","2026-08-14 10:52:16.328372","/home/akatoki/SC-30/scripts/SC-30/2_phase/EM.py","log_msg","90","","","","","","","","","","-657.3175957496636","","","","","","","","","","","","","","","","","","","","","","","","","","","","","","","","","","","",""
"79.910641149","2026-08-14 10:52:16.333091","/home/akatoki/SC-30/scripts/SC-30/2_phase/EM.py","log_msg","90","","","","[待機] alt=-657.318 m","","","","","","","","","","","","","","","","","","","","","","","","","","","","","","","","","","","","","","","","","",""
"81.015807208","2026-08-14 10:52:17.438228","/home/akatoki/SC-30/scripts/SC-30/2_phase/EM.py","log_msg","90","","","","","","","","","","-657.2267759933194","","","","","","","","","","","","","","","","","","","","","","","","","","","","","","","","","","","",""
"81.020330237","2026-08-14 10:52:17.442759","/home/akatoki/SC-30/scripts/SC-30/2_phase/EM.py","log_msg","90","","","","[待機] alt=-657.227 m","","","","","","","","","","","","","","","","","","","","","","","","","","","","","","","","","","","","","","","","","",""
"82.125403945","2026-08-14 10:52:18.547825","/home/akatoki/SC-30/scripts/SC-30/2_phase/EM.py","log_msg","90","","","","","","","","","","-656.9719542654224","","","","","","","","","","","","","","","","","","","","","","","","","","","","","","","","","","","",""
"82.146376434","2026-08-14 10:52:18.568806","/home/akatoki/SC-30/scripts/SC-30/2_phase/EM.py","log_msg","90","","","","[待機] alt=-656.972 m","","","","","","","","","","","","","","","","","","","","","","","","","","","","","","","","","","","","","","","","","",""
"83.251390413","2026-08-14 10:52:19.673811","/home/akatoki/SC-30/scripts/SC-30/2_phase/EM.py","log_msg","90","","","","","","","","","","-657.1182744715724","","","","","","","","","","","","","","","","","","","","","","","","","","","","","","","","","","","",""
"83.255887988","2026-08-14 10:52:19.678316","/home/akatoki/SC-30/scripts/SC-30/2_phase/EM.py","log_msg","90","","","","[待機] alt=-657.118 m","","","","","","","","","","","","","","","","","","","","","","","","","","","","","","","","","","","","","","","","","",""
"84.362076197","2026-08-14 10:52:20.784497","/home/akatoki/SC-30/scripts/SC-30/2_phase/EM.py","log_msg","90","","","","","","","","","","-657.4084081797846","","","","","","","","","","","","","","","","","","","","","","","","","","","","","","","","","","","",""
"84.366559475","2026-08-14 10:52:20.788988","/home/akatoki/SC-30/scripts/SC-30/2_phase/EM.py","log_msg","90","","","","[待機] alt=-657.408 m","","","","","","","","","","","","","","","","","","","","","","","","","","","","","","","","","","","","","","","","","",""
"85.471800929","2026-08-14 10:52:21.894221","/home/akatoki/SC-30/scripts/SC-30/2_phase/EM.py","log_msg","90","","","","","","","","","","-657.276905651502","","","","","","","","","","","","","","","","","","","","","","","","","","","","","","","","","","","",""
"85.481336585","2026-08-14 10:52:21.903765","/home/akatoki/SC-30/scripts/SC-30/2_phase/EM.py","log_msg","90","","","","[待機] alt=-657.277 m","","","","","","","","","","","","","","","","","","","","","","","","","","","","","","","","","","","","","","","","","",""
"86.586557809","2026-08-14 10:52:23.008978","/home/akatoki/SC-30/scripts/SC-30/2_phase/EM.py","log_msg","90","","","","","","","","","","-657.6048215576972","","","","","","","","","","","","","","","","","","","","","","","","","","","","","","","","","","","",""
"86.591083463","2026-08-14 10:52:23.013512","/home/akatoki/SC-30/scripts/SC-30/2_phase/EM.py","log_msg","90","","","","[待機] alt=-657.605 m","","","","","","","","","","","","","","","","","","","","","","","","","","","","","","","","","","","","","","","","","",""
"87.696430427","2026-08-14 10:52:24.118852","/home/akatoki/SC-30/scripts/SC-30/2_phase/EM.py","log_msg","90","","","","","","","","","","-657.4205373398657","","","","","","","","","","","","","","","","","","","","","","","","","","","","","","","","","","","",""
"87.700981477","2026-08-14 10:52:24.123410","/home/akatoki/SC-30/scripts/SC-30/2_phase/EM.py","log_msg","90","","","","[待機] alt=-657.421 m","","","","","","","","","","","","","","","","","","","","","","","","","","","","","","","","","","","","","","","","","",""
"88.806117148","2026-08-14 10:52:25.228538","/home/akatoki/SC-30/scripts/SC-30/2_phase/EM.py","log_msg","90","","","","","","","","","","-657.2917904836455","","","","","","","","","","","","","","","","","","","","","","","","","","","","","","","","","","","",""
"88.824503417","2026-08-14 10:52:25.246932","/home/akatoki/SC-30/scripts/SC-30/2_phase/EM.py","log_msg","90","","","","[待機] alt=-657.292 m","","","","","","","","","","","","","","","","","","","","","","","","","","","","","","","","","","","","","","","","","",""
"89.929580841","2026-08-14 10:52:26.352001","/home/akatoki/SC-30/scripts/SC-30/2_phase/EM.py","log_msg","90","","","","","","","","","","-657.3825443548614","","","","","","","","","","","","","","","","","","","","","","","","","","","","","","","","","","","",""
"89.938693337","2026-08-14 10:52:26.361122","/home/akatoki/SC-30/scripts/SC-30/2_phase/EM.py","log_msg","90","","","","[待機] alt=-657.383 m","","","","","","","","","","","","","","","","","","","","","","","","","","","","","","","","","","","","","","","","","",""
"91.043792746","2026-08-14 10:52:27.466213","/home/akatoki/SC-30/scripts/SC-30/2_phase/EM.py","log_msg","90","","","","","","","","","","-657.2362011124452","","","","","","","","","","","","","","","","","","","","","","","","","","","","","","","","","","","",""
"91.048287897","2026-08-14 10:52:27.470717","/home/akatoki/SC-30/scripts/SC-30/2_phase/EM.py","log_msg","90","","","","[待機] alt=-657.236 m","","","","","","","","","","","","","","","","","","","","","","","","","","","","","","","","","","","","","","","","","",""
"92.15345086","2026-08-14 10:52:28.575871","/home/akatoki/SC-30/scripts/SC-30/2_phase/EM.py","log_msg","90","","","","","","","","","","-657.2917904836455","","","","","","","","","","","","","","","","","","","","","","","","","","","","","","","","","","","",""
"92.158798963","2026-08-14 10:52:28.581229","/home/akatoki/SC-30/scripts/SC-30/2_phase/EM.py","log_msg","90","","","","[待機] alt=-657.292 m","","","","","","","","","","","","","","","","","","","","","","","","","","","","","","","","","","","","","","","","","",""
"93.263860969","2026-08-14 10:52:29.686282","/home/akatoki/SC-30/scripts/SC-30/2_phase/EM.py","log_msg","90","","","","","","","","","","-657.5668747217364","","","","","","","","","","","","","","","","","","","","","","","","","","","","","","","","","","","",""
"93.268341226","2026-08-14 10:52:29.690772","/home/akatoki/SC-30/scripts/SC-30/2_phase/EM.py","log_msg","90","","","","[待機] alt=-657.567 m","","","","","","","","","","","","","","","","","","","","","","","","","","","","","","","","","","","","","","","","","",""
"94.378114928","2026-08-14 10:52:30.800535","/home/akatoki/SC-30/scripts/SC-30/2_phase/EM.py","log_msg","90","","","","","","","","","","-658.0410758957272","","","","","","","","","","","","","","","","","","","","","","","","","","","","","","","","","","","",""
"94.38257738","2026-08-14 10:52:30.805005","/home/akatoki/SC-30/scripts/SC-30/2_phase/EM.py","log_msg","90","","","","[待機] alt=-658.041 m","","","","","","","","","","","","","","","","","","","","","","","","","","","","","","","","","","","","","","","","","",""
"95.487606627","2026-08-14 10:52:31.910028","/home/akatoki/SC-30/scripts/SC-30/2_phase/EM.py","log_msg","90","","","","","","","","","","-657.0018689591217","","","","","","","","","","","","","","","","","","","","","","","","","","","","","","","","","","","",""
"95.492146776","2026-08-14 10:52:31.914577","/home/akatoki/SC-30/scripts/SC-30/2_phase/EM.py","log_msg","90","","","","[待機] alt=-657.002 m","","","","","","","","","","","","","","","","","","","","","","","","","","","","","","","","","","","","","","","","","",""
"96.597238999","2026-08-14 10:52:33.019659","/home/akatoki/SC-30/scripts/SC-30/2_phase/EM.py","log_msg","90","","","","","","","","","","-657.695603849243","","","","","","","","","","","","","","","","","","","","","","","","","","","","","","","","","","","",""
"96.601705848","2026-08-14 10:52:33.024136","/home/akatoki/SC-30/scripts/SC-30/2_phase/EM.py","log_msg","90","","","","[待機] alt=-657.696 m","","","","","","","","","","","","","","","","","","","","","","","","","","","","","","","","","","","","","","","","","",""
"97.706828399","2026-08-14 10:52:34.129249","/home/akatoki/SC-30/scripts/SC-30/2_phase/EM.py","log_msg","90","","","","","","","","","","-657.5723772884494","","","","","","","","","","","","","","","","","","","","","","","","","","","","","","","","","","","",""
"97.716340583","2026-08-14 10:52:34.138770","/home/akatoki/SC-30/scripts/SC-30/2_phase/EM.py","log_msg","90","","","","[待機] alt=-657.572 m","","","","","","","","","","","","","","","","","","","","","","","","","","","","","","","","","","","","","","","","","",""
"98.821282387","2026-08-14 10:52:35.243704","/home/akatoki/SC-30/scripts/SC-30/2_phase/EM.py","log_msg","90","","","","","","","","","","-657.7187045053468","","","","","","","","","","","","","","","","","","","","","","","","","","","","","","","","","","","",""
"98.82577296","2026-08-14 10:52:35.248202","/home/akatoki/SC-30/scripts/SC-30/2_phase/EM.py","log_msg","90","","","","[待機] alt=-657.719 m","","","","","","","","","","","","","","","","","","","","","","","","","","","","","","","","","","","","","","","","","",""
"99.930800642","2026-08-14 10:52:36.353222","/home/akatoki/SC-30/scripts/SC-30/2_phase/EM.py","log_msg","90","","","","","","","","","","-657.5547343114551","","","","","","","","","","","","","","","","","","","","","","","","","","","","","","","","","","","",""
"99.93528485","2026-08-14 10:52:36.357713","/home/akatoki/SC-30/scripts/SC-30/2_phase/EM.py","log_msg","90","","","","[待機] alt=-657.555 m","","","","","","","","","","","","","","","","","","","","","","","","","","","","","","","","","","","","","","","","","",""
"101.041417814","2026-08-14 10:52:37.463838","/home/akatoki/SC-30/scripts/SC-30/2_phase/EM.py","log_msg","90","","","","","","","","","","-657.7742215289495","","","","","","","","","","","","","","","","","","","","","","","","","","","","","","","","","","","",""
"101.045962444","2026-08-14 10:52:37.468391","/home/akatoki/SC-30/scripts/SC-30/2_phase/EM.py","log_msg","90","","","","[待機] alt=-657.774 m","","","","","","","","","","","","","","","","","","","","","","","","","","","","","","","","","","","","","","","","","",""
"102.155797752","2026-08-14 10:52:38.578219","/home/akatoki/SC-30/scripts/SC-30/2_phase/EM.py","log_msg","90","","","","","","","","","","-657.8650306663108","","","","","","","","","","","","","","","","","","","","","","","","","","","","","","","","","","","",""
"102.160326126","2026-08-14 10:52:38.582755","/home/akatoki/SC-30/scripts/SC-30/2_phase/EM.py","log_msg","90","","","","[待機] alt=-657.865 m","","","","","","","","","","","","","","","","","","","","","","","","","","","","","","","","","","","","","","","","","",""
"103.265366529","2026-08-14 10:52:39.687787","/home/akatoki/SC-30/scripts/SC-30/2_phase/EM.py","log_msg","90","","","","","","","","","","-657.2091096882169","","","","","","","","","","","","","","","","","","","","","","","","","","","","","","","","","","","",""
"103.269868702","2026-08-14 10:52:39.692298","/home/akatoki/SC-30/scripts/SC-30/2_phase/EM.py","log_msg","90","","","","[待機] alt=-657.209 m","","","","","","","","","","","","","","","","","","","","","","","","","","","","","","","","","","","","","","","","","",""
"104.374942865","2026-08-14 10:52:40.797364","/home/akatoki/SC-30/scripts/SC-30/2_phase/EM.py","log_msg","90","","","","","","","","","","-657.2645936213165","","","","","","","","","","","","","","","","","","","","","","","","","","","","","","","","","","","",""
"104.37938696","2026-08-14 10:52:40.801815","/home/akatoki/SC-30/scripts/SC-30/2_phase/EM.py","log_msg","90","","","","[待機] alt=-657.265 m","","","","","","","","","","","","","","","","","","","","","","","","","","","","","","","","","","","","","","","","","",""
"105.484480052","2026-08-14 10:52:41.906901","/home/akatoki/SC-30/scripts/SC-30/2_phase/EM.py","log_msg","90","","","","","","","","","","-657.4109117145172","","","","","","","","","","","","","","","","","","","","","","","","","","","","","","","","","","","",""
"105.493971733","2026-08-14 10:52:41.916400","/home/akatoki/SC-30/scripts/SC-30/2_phase/EM.py","log_msg","90","","","","[待機] alt=-657.411 m","","","","","","","","","","","","","","","","","","","","","","","","","","","","","","","","","","","","","","","","","",""
"106.598967902","2026-08-14 10:52:43.021389","/home/akatoki/SC-30/scripts/SC-30/2_phase/EM.py","log_msg","90","","","","","","","","","","-657.4285904371687","","","","","","","","","","","","","","","","","","","","","","","","","","","","","","","","","","","",""
"106.603405778","2026-08-14 10:52:43.025835","/home/akatoki/SC-30/scripts/SC-30/2_phase/EM.py","log_msg","90","","","","[待機] alt=-657.429 m","","","","","","","","","","","","","","","","","","","","","","","","","","","","","","","","","","","","","","","","","",""
"107.708516515","2026-08-14 10:52:44.130937","/home/akatoki/SC-30/scripts/SC-30/2_phase/EM.py","log_msg","90","","","","","","","","","","-657.4462599547988","","","","","","","","","","","","","","","","","","","","","","","","","","","","","","","","","","","",""
"107.713003475","2026-08-14 10:52:44.135432","/home/akatoki/SC-30/scripts/SC-30/2_phase/EM.py","log_msg","90","","","","[待機] alt=-657.446 m","","","","","","","","","","","","","","","","","","","","","","","","","","","","","","","","","","","","","","","","","",""
"108.818090855","2026-08-14 10:52:45.240511","/home/akatoki/SC-30/scripts/SC-30/2_phase/EM.py","log_msg","90","","","","","","","","","","-657.4639202680669","","","","","","","","","","","","","","","","","","","","","","","","","","","","","","","","","","","",""
"108.823441995","2026-08-14 10:52:45.245872","/home/akatoki/SC-30/scripts/SC-30/2_phase/EM.py","log_msg","90","","","","[待機] alt=-657.464 m","","","","","","","","","","","","","","","","","","","","","","","","","","","","","","","","","","","","","","","","","",""
"109.933117963","2026-08-14 10:52:46.355539","/home/akatoki/SC-30/scripts/SC-30/2_phase/EM.py","log_msg","90","","","","","","","","","","-656.9896265626252","","","","","","","","","","","","","","","","","","","","","","","","","","","","","","","","","","","",""
"109.937592511","2026-08-14 10:52:46.360021","/home/akatoki/SC-30/scripts/SC-30/2_phase/EM.py","log_msg","90","","","","[待機] alt=-656.990 m","","","","","","","","","","","","","","","","","","","","","","","","","","","","","","","","","","","","","","","","","",""
"111.042645158","2026-08-14 10:52:47.465066","/home/akatoki/SC-30/scripts/SC-30/2_phase/EM.py","log_msg","90","","","","","","","","","","-657.6455410288762","","","","","","","","","","","","","","","","","","","","","","","","","","","","","","","","","","","",""
"111.04712702","2026-08-14 10:52:47.469557","/home/akatoki/SC-30/scripts/SC-30/2_phase/EM.py","log_msg","90","","","","[待機] alt=-657.646 m","","","","","","","","","","","","","","","","","","","","","","","","","","","","","","","","","","","","","","","","","",""
"112.152329404","2026-08-14 10:52:48.574750","/home/akatoki/SC-30/scripts/SC-30/2_phase/EM.py","log_msg","90","","","","","","","","","","-657.0804520321811","","","","","","","","","","","","","","","","","","","","","","","","","","","","","","","","","","","",""
"112.156805455","2026-08-14 10:52:48.579234","/home/akatoki/SC-30/scripts/SC-30/2_phase/EM.py","log_msg","90","","","","[待機] alt=-657.080 m","","","","","","","","","","","","","","","","","","","","","","","","","","","","","","","","","","","","","","","","","",""
"113.2667217","2026-08-14 10:52:49.689142","/home/akatoki/SC-30/scripts/SC-30/2_phase/EM.py","log_msg","90","","","","","","","","","","-657.4815713776128","","","","","","","","","","","","","","","","","","","","","","","","","","","","","","","","","","","",""
"113.271157513","2026-08-14 10:52:49.693588","/home/akatoki/SC-30/scripts/SC-30/2_phase/EM.py","log_msg","90","","","","[待機] alt=-657.482 m","","","","","","","","","","","","","","","","","","","","","","","","","","","","","","","","","","","","","","","","","",""
"114.376225631","2026-08-14 10:52:50.798646","/home/akatoki/SC-30/scripts/SC-30/2_phase/EM.py","log_msg","90","","","","","","","","","","-657.6278969813019","","","","","","","","","","","","","","","","","","","","","","","","","","","","","","","","","","","",""
"114.380705329","2026-08-14 10:52:50.803134","/home/akatoki/SC-30/scripts/SC-30/2_phase/EM.py","log_msg","90","","","","[待機] alt=-657.628 m","","","","","","","","","","","","","","","","","","","","","","","","","","","","","","","","","","","","","","","","","",""
"115.485716562","2026-08-14 10:52:51.908137","/home/akatoki/SC-30/scripts/SC-30/2_phase/EM.py","log_msg","90","","","","","","","","","","-657.4084081797846","","","","","","","","","","","","","","","","","","","","","","","","","","","","","","","","","","","",""
"115.490121803","2026-08-14 10:52:51.912550","/home/akatoki/SC-30/scripts/SC-30/2_phase/EM.py","log_msg","90","","","","[待機] alt=-657.408 m","","","","","","","","","","","","","","","","","","","","","","","","","","","","","","","","","","","","","","","","","",""
"116.595160122","2026-08-14 10:52:53.017581","/home/akatoki/SC-30/scripts/SC-30/2_phase/EM.py","log_msg","90","","","","","","","","","","-657.0072896556235","","","","","","","","","","","","","","","","","","","","","","","","","","","","","","","","","","","",""
"116.599608189","2026-08-14 10:52:53.022037","/home/akatoki/SC-30/scripts/SC-30/2_phase/EM.py","log_msg","90","","","","[待機] alt=-657.007 m","","","","","","","","","","","","","","","","","","","","","","","","","","","","","","","","","","","","","","","","","",""
"117.709563073","2026-08-14 10:52:54.131984","/home/akatoki/SC-30/scripts/SC-30/2_phase/EM.py","log_msg","90","","","","","","","","","","-657.2444330944537","","","","","","","","","","","","","","","","","","","","","","","","","","","","","","","","","","","",""
"117.715025823","2026-08-14 10:52:54.137457","/home/akatoki/SC-30/scripts/SC-30/2_phase/EM.py","log_msg","90","","","","[待機] alt=-657.244 m","","","","","","","","","","","","","","","","","","","","","","","","","","","","","","","","","","","","","","","","","",""
"118.820231294","2026-08-14 10:52:55.242652","/home/akatoki/SC-30/scripts/SC-30/2_phase/EM.py","log_msg","90","","","","","","","","","","-657.4232350001591","","","","","","","","","","","","","","","","","","","","","","","","","","","","","","","","","","","",""
"118.824759486","2026-08-14 10:52:55.247189","/home/akatoki/SC-30/scripts/SC-30/2_phase/EM.py","log_msg","90","","","","[待機] alt=-657.423 m","","","","","","","","","","","","","","","","","","","","","","","","","","","","","","","","","","","","","","","","","",""
"119.92978554","2026-08-14 10:52:56.352206","/home/akatoki/SC-30/scripts/SC-30/2_phase/EM.py","log_msg","90","","","","","","","","","","-657.1536141447531","","","","","","","","","","","","","","","","","","","","","","","","","","","","","","","","","","","",""
"119.934255638","2026-08-14 10:52:56.356684","/home/akatoki/SC-30/scripts/SC-30/2_phase/EM.py","log_msg","90","","","","[待機] alt=-657.154 m","","","","","","","","","","","","","","","","","","","","","","","","","","","","","","","","","","","","","","","","","",""
"121.044043494","2026-08-14 10:52:57.466468","/home/akatoki/SC-30/scripts/SC-30/2_phase/EM.py","log_msg","90","","","","","","","","","","-657.6278969813019","","","","","","","","","","","","","","","","","","","","","","","","","","","","","","","","","","","",""
"121.048469303","2026-08-14 10:52:57.470896","/home/akatoki/SC-30/scripts/SC-30/2_phase/EM.py","log_msg","90","","","","[待機] alt=-657.628 m","","","","","","","","","","","","","","","","","","","","","","","","","","","","","","","","","","","","","","","","","",""
"122.153503221","2026-08-14 10:52:58.575924","/home/akatoki/SC-30/scripts/SC-30/2_phase/EM.py","log_msg","90","","","","","","","","","","-657.5370821312407","","","","","","","","","","","","","","","","","","","","","","","","","","","","","","","","","","","",""
"122.158075741","2026-08-14 10:52:58.580506","/home/akatoki/SC-30/scripts/SC-30/2_phase/EM.py","log_msg","90","","","","[待機] alt=-657.537 m","","","","","","","","","","","","","","","","","","","","","","","","","","","","","","","","","","","","","","","","","",""
"123.263133673","2026-08-14 10:52:59.685554","/home/akatoki/SC-30/scripts/SC-30/2_phase/EM.py","log_msg","90","","","","","","","","","","-657.2091096882169","","","","","","","","","","","","","","","","","","","","","","","","","","","","","","","","","","","",""
"123.267592944","2026-08-14 10:52:59.690021","/home/akatoki/SC-30/scripts/SC-30/2_phase/EM.py","log_msg","90","","","","[待機] alt=-657.209 m","","","","","","","","","","","","","","","","","","","","","","","","","","","","","","","","","","","","","","","","","",""
"124.372698438","2026-08-14 10:53:00.795119","/home/akatoki/SC-30/scripts/SC-30/2_phase/EM.py","log_msg","90","","","","","","","","","","-657.3554304516122","","","","","","","","","","","","","","","","","","","","","","","","","","","","","","","","","","","",""
"124.377155873","2026-08-14 10:53:00.799585","/home/akatoki/SC-30/scripts/SC-30/2_phase/EM.py","log_msg","90","","","","[待機] alt=-657.355 m","","","","","","","","","","","","","","","","","","","","","","","","","","","","","","","","","","","","","","","","","",""
"125.487024213","2026-08-14 10:53:01.909445","/home/akatoki/SC-30/scripts/SC-30/2_phase/EM.py","log_msg","90","","","","","","","","","","-657.5017501586018","","","","","","","","","","","","","","","","","","","","","","","","","","","","","","","","","","","",""
"125.491472312","2026-08-14 10:53:01.913901","/home/akatoki/SC-30/scripts/SC-30/2_phase/EM.py","log_msg","90","","","","[待機] alt=-657.502 m","","","","","","","","","","","","","","","","","","","","","","","","","","","","","","","","","","","","","","","","","",""
"126.597516913","2026-08-14 10:53:03.019938","/home/akatoki/SC-30/scripts/SC-30/2_phase/EM.py","log_msg","90","","","","","","","","","","-657.1560555426915","","","","","","","","","","","","","","","","","","","","","","","","","","","","","","","","","","","",""
"126.602029732","2026-08-14 10:53:03.024459","/home/akatoki/SC-30/scripts/SC-30/2_phase/EM.py","log_msg","90","","","","[待機] alt=-657.156 m","","","","","","","","","","","","","","","","","","","","","","","","","","","","","","","","","","","","","","","","","",""
"127.707073238","2026-08-14 10:53:04.129494","/home/akatoki/SC-30/scripts/SC-30/2_phase/EM.py","log_msg","90","","","","","","","","","","-657.4663813653748","","","","","","","","","","","","","","","","","","","","","","","","","","","","","","","","","","","",""
"127.711538442","2026-08-14 10:53:04.133969","/home/akatoki/SC-30/scripts/SC-30/2_phase/EM.py","log_msg","90","","","","[待機] alt=-657.466 m","","","","","","","","","","","","","","","","","","","","","","","","","","","","","","","","","","","","","","","","","",""
"128.821364178","2026-08-14 10:53:05.243785","/home/akatoki/SC-30/scripts/SC-30/2_phase/EM.py","log_msg","90","","","","","","","","","","-657.7590090394822","","","","","","","","","","","","","","","","","","","","","","","","","","","","","","","","","","","",""
"128.825798121","2026-08-14 10:53:05.248227","/home/akatoki/SC-30/scripts/SC-30/2_phase/EM.py","log_msg","90","","","","[待機] alt=-657.759 m","","","","","","","","","","","","","","","","","","","","","","","","","","","","","","","","","","","","","","","","","",""
"129.930825801","2026-08-14 10:53:06.353246","/home/akatoki/SC-30/scripts/SC-30/2_phase/EM.py","log_msg","90","","","","","","","","","","-657.5949953822151","","","","","","","","","","","","","","","","","","","","","","","","","","","","","","","","","","","",""
"129.935290829","2026-08-14 10:53:06.357720","/home/akatoki/SC-30/scripts/SC-30/2_phase/EM.py","log_msg","90","","","","[待機] alt=-657.595 m","","","","","","","","","","","","","","","","","","","","","","","","","","","","","","","","","","","","","","","","","",""
"131.040342671","2026-08-14 10:53:07.462763","/home/akatoki/SC-30/scripts/SC-30/2_phase/EM.py","log_msg","90","","","","","","","","","","-657.2115086445374","","","","","","","","","","","","","","","","","","","","","","","","","","","","","","","","","","","",""
"131.044788628","2026-08-14 10:53:07.467218","/home/akatoki/SC-30/scripts/SC-30/2_phase/EM.py","log_msg","90","","","","[待機] alt=-657.212 m","","","","","","","","","","","","","","","","","","","","","","","","","","","","","","","","","","","","","","","","","",""
"132.14982098","2026-08-14 10:53:08.572241","/home/akatoki/SC-30/scripts/SC-30/2_phase/EM.py","log_msg","90","","","","","","","","","","-657.3023698795652","","","","","","","","","","","","","","","","","","","","","","","","","","","","","","","","","","","",""
"132.154309587","2026-08-14 10:53:08.576739","/home/akatoki/SC-30/scripts/SC-30/2_phase/EM.py","log_msg","90","","","","[待機] alt=-657.302 m","","","","","","","","","","","","","","","","","","","","","","","","","","","","","","","","","","","","","","","","","",""
"133.264242406","2026-08-14 10:53:09.686663","/home/akatoki/SC-30/scripts/SC-30/2_phase/EM.py","log_msg","90","","","","","","","","","","-657.2292128432492","","","","","","","","","","","","","","","","","","","","","","","","","","","","","","","","","","","",""
"133.268931428","2026-08-14 10:53:09.691361","/home/akatoki/SC-30/scripts/SC-30/2_phase/EM.py","log_msg","90","","","","[待機] alt=-657.229 m","","","","","","","","","","","","","","","","","","","","","","","","","","","","","","","","","","","","","","","","","",""
"134.373956376","2026-08-14 10:53:10.796377","/home/akatoki/SC-30/scripts/SC-30/2_phase/EM.py","log_msg","90","","","","","","","","","","-657.2469078352956","","","","","","","","","","","","","","","","","","","","","","","","","","","","","","","","","","","",""
"134.379333323","2026-08-14 10:53:10.801763","/home/akatoki/SC-30/scripts/SC-30/2_phase/EM.py","log_msg","90","","","","[待機] alt=-657.247 m","","","","","","","","","","","","","","","","","","","","","","","","","","","","","","","","","","","","","","","","","",""
"135.48443911","2026-08-14 10:53:11.906859","/home/akatoki/SC-30/scripts/SC-30/2_phase/EM.py","log_msg","90","","","","","","","","","","-656.881113335064","","","","","","","","","","","","","","","","","","","","","","","","","","","","","","","","","","","",""
"135.493917786","2026-08-14 10:53:11.916348","/home/akatoki/SC-30/scripts/SC-30/2_phase/EM.py","log_msg","90","","","","[待機] alt=-656.881 m","","","","","","","","","","","","","","","","","","","","","","","","","","","","","","","","","","","","","","","","","",""
"136.598856636","2026-08-14 10:53:13.021278","/home/akatoki/SC-30/scripts/SC-30/2_phase/EM.py","log_msg","90","","","","","","","","","","-657.2091096882169","","","","","","","","","","","","","","","","","","","","","","","","","","","","","","","","","","","",""
"136.603314807","2026-08-14 10:53:13.025743","/home/akatoki/SC-30/scripts/SC-30/2_phase/EM.py","log_msg","90","","","","[待機] alt=-657.209 m","","","","","","","","","","","","","","","","","","","","","","","","","","","","","","","","","","","","","","","","","",""
"137.708362245","2026-08-14 10:53:14.130783","/home/akatoki/SC-30/scripts/SC-30/2_phase/EM.py","log_msg","90","","","","","","","","","","-656.9896265626252","","","","","","","","","","","","","","","","","","","","","","","","","","","","","","","","","","","",""
"137.712984089","2026-08-14 10:53:14.135416","/home/akatoki/SC-30/scripts/SC-30/2_phase/EM.py","log_msg","90","","","","[待機] alt=-656.990 m","","","","","","","","","","","","","","","","","","","","","","","","","","","","","","","","","","","","","","","","","",""
"138.818069125","2026-08-14 10:53:15.240490","/home/akatoki/SC-30/scripts/SC-30/2_phase/EM.py","log_msg","90","","","","","","","","","","-657.5871970263981","","","","","","","","","","","","","","","","","","","","","","","","","","","","","","","","","","","",""
"138.822550262","2026-08-14 10:53:15.244978","/home/akatoki/SC-30/scripts/SC-30/2_phase/EM.py","log_msg","90","","","","[待機] alt=-657.587 m","","","","","","","","","","","","","","","","","","","","","","","","","","","","","","","","","","","","","","","","","",""
"139.927591569","2026-08-14 10:53:16.350013","/home/akatoki/SC-30/scripts/SC-30/2_phase/EM.py","log_msg","90","","","","","","","","","","-656.8026376058839","","","","","","","","","","","","","","","","","","","","","","","","","","","","","","","","","","","",""
"139.937157578","2026-08-14 10:53:16.359588","/home/akatoki/SC-30/scripts/SC-30/2_phase/EM.py","log_msg","90","","","","[待機] alt=-656.803 m","","","","","","","","","","","","","","","","","","","","","","","","","","","","","","","","","","","","","","","","","",""
"141.042114374","2026-08-14 10:53:17.464536","/home/akatoki/SC-30/scripts/SC-30/2_phase/EM.py","log_msg","90","","","","","","","","","","-657.4232350001591","","","","","","","","","","","","","","","","","","","","","","","","","","","","","","","","","","","",""
"141.046589944","2026-08-14 10:53:17.469018","/home/akatoki/SC-30/scripts/SC-30/2_phase/EM.py","log_msg","90","","","","[待機] alt=-657.423 m","","","","","","","","","","","","","","","","","","","","","","","","","","","","","","","","","","","","","","","","","",""
"142.151625416","2026-08-14 10:53:18.574046","/home/akatoki/SC-30/scripts/SC-30/2_phase/EM.py","log_msg","90","","","","","","","","","","-657.6603618474254","","","","","","","","","","","","","","","","","","","","","","","","","","","","","","","","","","","",""
"142.156127087","2026-08-14 10:53:18.578557","/home/akatoki/SC-30/scripts/SC-30/2_phase/EM.py","log_msg","90","","","","[待機] alt=-657.660 m","","","","","","","","","","","","","","","","","","","","","","","","","","","","","","","","","","","","","","","","","",""
"143.261173762","2026-08-14 10:53:19.683594","/home/akatoki/SC-30/scripts/SC-30/2_phase/EM.py","log_msg","90","","","","","","","","","","-657.6455410288762","","","","","","","","","","","","","","","","","","","","","","","","","","","","","","","","","","","",""
"143.272311159","2026-08-14 10:53:19.694743","/home/akatoki/SC-30/scripts/SC-30/2_phase/EM.py","log_msg","90","","","","[待機] alt=-657.646 m","","","","","","","","","","","","","","","","","","","","","","","","","","","","","","","","","","","","","","","","","",""
"144.377255797","2026-08-14 10:53:20.799677","/home/akatoki/SC-30/scripts/SC-30/2_phase/EM.py","log_msg","90","","","","","","","","","","-657.4232350001591","","","","","","","","","","","","","","","","","","","","","","","","","","","","","","","","","","","",""
"144.381706807","2026-08-14 10:53:20.804136","/home/akatoki/SC-30/scripts/SC-30/2_phase/EM.py","log_msg","90","","","","[待機] alt=-657.423 m","","","","","","","","","","","","","","","","","","","","","","","","","","","","","","","","","","","","","","","","","",""
"145.486695272","2026-08-14 10:53:21.909117","/home/akatoki/SC-30/scripts/SC-30/2_phase/EM.py","log_msg","90","","","","","","","","","","-657.5723772884494","","","","","","","","","","","","","","","","","","","","","","","","","","","","","","","","","","","",""
"145.491205172","2026-08-14 10:53:21.913634","/home/akatoki/SC-30/scripts/SC-30/2_phase/EM.py","log_msg","90","","","","[待機] alt=-657.572 m","","","","","","","","","","","","","","","","","","","","","","","","","","","","","","","","","","","","","","","","","",""
"146.596248507","2026-08-14 10:53:23.018669","/home/akatoki/SC-30/scripts/SC-30/2_phase/EM.py","log_msg","90","","","","","","","","","","-657.3175957496636","","","","","","","","","","","","","","","","","","","","","","","","","","","","","","","","","","","",""
"146.600727513","2026-08-14 10:53:23.023156","/home/akatoki/SC-30/scripts/SC-30/2_phase/EM.py","log_msg","90","","","","[待機] alt=-657.318 m","","","","","","","","","","","","","","","","","","","","","","","","","","","","","","","","","","","","","","","","","",""
"147.710348634","2026-08-14 10:53:24.132769","/home/akatoki/SC-30/scripts/SC-30/2_phase/EM.py","log_msg","90","","","","","","","","","","-657.390758140868","","","","","","","","","","","","","","","","","","","","","","","","","","","","","","","","","","","",""
"147.714807661","2026-08-14 10:53:24.137236","/home/akatoki/SC-30/scripts/SC-30/2_phase/EM.py","log_msg","90","","","","[待機] alt=-657.391 m","","","","","","","","","","","","","","","","","","","","","","","","","","","","","","","","","","","","","","","","","",""
"148.819898898","2026-08-14 10:53:25.242320","/home/akatoki/SC-30/scripts/SC-30/2_phase/EM.py","log_msg","90","","","","","","","","","","-657.2267759933194","","","","","","","","","","","","","","","","","","","","","","","","","","","","","","","","","","","",""
"148.824426962","2026-08-14 10:53:25.246857","/home/akatoki/SC-30/scripts/SC-30/2_phase/EM.py","log_msg","90","","","","[待機] alt=-657.227 m","","","","","","","","","","","","","","","","","","","","","","","","","","","","","","","","","","","","","","","","","",""
"149.929478358","2026-08-14 10:53:26.351899","/home/akatoki/SC-30/scripts/SC-30/2_phase/EM.py","log_msg","90","","","","","","","","","","-657.7742215289495","","","","","","","","","","","","","","","","","","","","","","","","","","","","","","","","","","","",""
"149.934006481","2026-08-14 10:53:26.356436","/home/akatoki/SC-30/scripts/SC-30/2_phase/EM.py","log_msg","90","","","","[待機] alt=-657.774 m","","","","","","","","","","","","","","","","","","","","","","","","","","","","","","","","","","","","","","","","","",""
"151.03905106","2026-08-14 10:53:27.461471","/home/akatoki/SC-30/scripts/SC-30/2_phase/EM.py","log_msg","90","","","","","","","","","","-656.9719542654224","","","","","","","","","","","","","","","","","","","","","","","","","","","","","","","","","","","",""
"151.043525567","2026-08-14 10:53:27.465953","/home/akatoki/SC-30/scripts/SC-30/2_phase/EM.py","log_msg","90","","","","[待機] alt=-656.972 m","","","","","","","","","","","","","","","","","","","","","","","","","","","","","","","","","","","","","","","","","",""
"152.154272258","2026-08-14 10:53:28.576694","/home/akatoki/SC-30/scripts/SC-30/2_phase/EM.py","log_msg","90","","","","","","","","","","-657.2267759933194","","","","","","","","","","","","","","","","","","","","","","","","","","","","","","","","","","","",""
"152.158740104","2026-08-14 10:53:28.581169","/home/akatoki/SC-30/scripts/SC-30/2_phase/EM.py","log_msg","90","","","","[待機] alt=-657.227 m","","","","","","","","","","","","","","","","","","","","","","","","","","","","","","","","","","","","","","","","","",""
"153.263745687","2026-08-14 10:53:29.686168","/home/akatoki/SC-30/scripts/SC-30/2_phase/EM.py","log_msg","90","","","","","","","","","","-657.1536141447531","","","","","","","","","","","","","","","","","","","","","","","","","","","","","","","","","","","",""
"153.268277464","2026-08-14 10:53:29.690708","/home/akatoki/SC-30/scripts/SC-30/2_phase/EM.py","log_msg","90","","","","[待機] alt=-657.154 m","","","","","","","","","","","","","","","","","","","","","","","","","","","","","","","","","","","","","","","","","",""
"154.37334064","2026-08-14 10:53:30.795761","/home/akatoki/SC-30/scripts/SC-30/2_phase/EM.py","log_msg","90","","","","","","","","","","-657.7187045053468","","","","","","","","","","","","","","","","","","","","","","","","","","","","","","","","","","","",""
"154.377817441","2026-08-14 10:53:30.800246","/home/akatoki/SC-30/scripts/SC-30/2_phase/EM.py","log_msg","90","","","","[待機] alt=-657.719 m","","","","","","","","","","","","","","","","","","","","","","","","","","","","","","","","","","","","","","","","","",""
"155.487198013","2026-08-14 10:53:31.909619","/home/akatoki/SC-30/scripts/SC-30/2_phase/EM.py","log_msg","90","","","","","","","","","","-657.4992132840664","","","","","","","","","","","","","","","","","","","","","","","","","","","","","","","","","","","",""
"155.491604269","2026-08-14 10:53:31.914032","/home/akatoki/SC-30/scripts/SC-30/2_phase/EM.py","log_msg","90","","","","[待機] alt=-657.499 m","","","","","","","","","","","","","","","","","","","","","","","","","","","","","","","","","","","","","","","","","",""
"156.596644107","2026-08-14 10:53:33.019067","/home/akatoki/SC-30/scripts/SC-30/2_phase/EM.py","log_msg","90","","","","","","","","","","-656.8026376058839","","","","","","","","","","","","","","","","","","","","","","","","","","","","","","","","","","","",""
"156.601098406","2026-08-14 10:53:33.023528","/home/akatoki/SC-30/scripts/SC-30/2_phase/EM.py","log_msg","90","","","","[待機] alt=-656.803 m","","","","","","","","","","","","","","","","","","","","","","","","","","","","","","","","","","","","","","","","","",""
"157.706073282","2026-08-14 10:53:34.128495","/home/akatoki/SC-30/scripts/SC-30/2_phase/EM.py","log_msg","90","","","","","","","","","","-657.6779874490485","","","","","","","","","","","","","","","","","","","","","","","","","","","","","","","","","","","",""
"157.710501855","2026-08-14 10:53:34.132930","/home/akatoki/SC-30/scripts/SC-30/2_phase/EM.py","log_msg","90","","","","[待機] alt=-657.678 m","","","","","","","","","","","","","","","","","","","","","","","","","","","","","","","","","","","","","","","","","",""
"158.815517006","2026-08-14 10:53:35.237938","/home/akatoki/SC-30/scripts/SC-30/2_phase/EM.py","log_msg","90","","","","","","","","","","-657.6779874490485","","","","","","","","","","","","","","","","","","","","","","","","","","","","","","","","","","","",""
"158.820060214","2026-08-14 10:53:35.242490","/home/akatoki/SC-30/scripts/SC-30/2_phase/EM.py","log_msg","90","","","","[待機] alt=-657.678 m","","","","","","","","","","","","","","","","","","","","","","","","","","","","","","","","","","","","","","","","","",""
"159.929665569","2026-08-14 10:53:36.352087","/home/akatoki/SC-30/scripts/SC-30/2_phase/EM.py","log_msg","90","","","","","","","","","","-657.1305752473252","","","","","","","","","","","","","","","","","","","","","","","","","","","","","","","","","","","",""
"159.93500925","2026-08-14 10:53:36.357439","/home/akatoki/SC-30/scripts/SC-30/2_phase/EM.py","log_msg","90","","","","[待機] alt=-657.131 m","","","","","","","","","","","","","","","","","","","","","","","","","","","","","","","","","","","","","","","","","",""
"161.040047512","2026-08-14 10:53:37.462470","/home/akatoki/SC-30/scripts/SC-30/2_phase/EM.py","log_msg","90","","","","","","","","","","-657.0397742063908","","","","","","","","","","","","","","","","","","","","","","","","","","","","","","","","","","","",""
"161.044512344","2026-08-14 10:53:37.466941","/home/akatoki/SC-30/scripts/SC-30/2_phase/EM.py","log_msg","90","","","","[待機] alt=-657.040 m","","","","","","","","","","","","","","","","","","","","","","","","","","","","","","","","","","","","","","","","","",""
"162.149509819","2026-08-14 10:53:38.571930","/home/akatoki/SC-30/scripts/SC-30/2_phase/EM.py","log_msg","90","","","","","","","","","","-657.4232350001591","","","","","","","","","","","","","","","","","","","","","","","","","","","","","","","","","","","",""
"162.153998745","2026-08-14 10:53:38.576427","/home/akatoki/SC-30/scripts/SC-30/2_phase/EM.py","log_msg","90","","","","[待機] alt=-657.423 m","","","","","","","","","","","","","","","","","","","","","","","","","","","","","","","","","","","","","","","","","",""
"163.258984423","2026-08-14 10:53:39.681405","/home/akatoki/SC-30/scripts/SC-30/2_phase/EM.py","log_msg","90","","","","","","","","","","-657.6603618474254","","","","","","","","","","","","","","","","","","","","","","","","","","","","","","","","","","","",""
"163.268527989","2026-08-14 10:53:39.690957","/home/akatoki/SC-30/scripts/SC-30/2_phase/EM.py","log_msg","90","","","","[待機] alt=-657.660 m","","","","","","","","","","","","","","","","","","","","","","","","","","","","","","","","","","","","","","","","","",""
"164.373504048","2026-08-14 10:53:40.795925","/home/akatoki/SC-30/scripts/SC-30/2_phase/EM.py","log_msg","90","","","","","","","","","","-657.276905651502","","","","","","","","","","","","","","","","","","","","","","","","","","","","","","","","","","","",""
"164.378001745","2026-08-14 10:53:40.800431","/home/akatoki/SC-30/scripts/SC-30/2_phase/EM.py","log_msg","90","","","","[待機] alt=-657.277 m","","","","","","","","","","","","","","","","","","","","","","","","","","","","","","","","","","","","","","","","","",""
"165.482982214","2026-08-14 10:53:41.905403","/home/akatoki/SC-30/scripts/SC-30/2_phase/EM.py","log_msg","90","","","","","","","","","","-657.390758140868","","","","","","","","","","","","","","","","","","","","","","","","","","","","","","","","","","","",""
"165.487436368","2026-08-14 10:53:41.909864","/home/akatoki/SC-30/scripts/SC-30/2_phase/EM.py","log_msg","90","","","","[待機] alt=-657.391 m","","","","","","","","","","","","","","","","","","","","","","","","","","","","","","","","","","","","","","","","","",""
"166.592457647","2026-08-14 10:53:43.014879","/home/akatoki/SC-30/scripts/SC-30/2_phase/EM.py","log_msg","90","","","","","","","","","","-657.7565661364438","","","","","","","","","","","","","","","","","","","","","","","","","","","","","","","","","","","",""
"166.596903904","2026-08-14 10:53:43.019333","/home/akatoki/SC-30/scripts/SC-30/2_phase/EM.py","log_msg","90","","","","[待機] alt=-657.757 m","","","","","","","","","","","","","","","","","","","","","","","","","","","","","","","","","","","","","","","","","",""
"167.706508646","2026-08-14 10:53:44.128929","/home/akatoki/SC-30/scripts/SC-30/2_phase/EM.py","log_msg","90","","","","","","","","","","-656.7347936861693","","","","","","","","","","","","","","","","","","","","","","","","","","","","","","","","","","","",""
"167.710917343","2026-08-14 10:53:44.133346","/home/akatoki/SC-30/scripts/SC-30/2_phase/EM.py","log_msg","90","","","","[待機] alt=-656.735 m","","","","","","","","","","","","","","","","","","","","","","","","","","","","","","","","","","","","","","","","","",""
"168.816839502","2026-08-14 10:53:45.239258","/home/akatoki/SC-30/scripts/SC-30/2_phase/EM.py","log_msg","90","","","","","","","","","","-657.6303868730221","","","","","","","","","","","","","","","","","","","","","","","","","","","","","","","","","","","",""
"168.821161642","2026-08-14 10:53:45.243591","/home/akatoki/SC-30/scripts/SC-30/2_phase/EM.py","log_msg","90","","","","[待機] alt=-657.630 m","","","","","","","","","","","","","","","","","","","","","","","","","","","","","","","","","","","","","","","","","",""
"169.926001584","2026-08-14 10:53:46.348423","/home/akatoki/SC-30/scripts/SC-30/2_phase/EM.py","log_msg","90","","","","","","","","","","-657.7590090394822","","","","","","","","","","","","","","","","","","","","","","","","","","","","","","","","","","","",""
"169.930431847","2026-08-14 10:53:46.352861","/home/akatoki/SC-30/scripts/SC-30/2_phase/EM.py","log_msg","90","","","","[待機] alt=-657.759 m","","","","","","","","","","","","","","","","","","","","","","","","","","","","","","","","","","","","","","","","","",""
"171.035366655","2026-08-14 10:53:47.457787","/home/akatoki/SC-30/scripts/SC-30/2_phase/EM.py","log_msg","90","","","","","","","","","","-657.1937952385206","","","","","","","","","","","","","","","","","","","","","","","","","","","","","","","","","","","",""
"171.044671175","2026-08-14 10:53:47.467099","/home/akatoki/SC-30/scripts/SC-30/2_phase/EM.py","log_msg","90","","","","[待機] alt=-657.194 m","","","","","","","","","","","","","","","","","","","","","","","","","","","","","","","","","","","","","","","","","",""
"172.14955504","2026-08-14 10:53:48.571975","/home/akatoki/SC-30/scripts/SC-30/2_phase/EM.py","log_msg","90","","","","","","","","","","-657.5772858261245","","","","","","","","","","","","","","","","","","","","","","","","","","","","","","","","","","","",""
"172.154058466","2026-08-14 10:53:48.576487","/home/akatoki/SC-30/scripts/SC-30/2_phase/EM.py","log_msg","90","","","","[待機] alt=-657.577 m","","","","","","","","","","","","","","","","","","","","","","","","","","","","","","","","","","","","","","","","","",""
"173.259004229","2026-08-14 10:53:49.681424","/home/akatoki/SC-30/scripts/SC-30/2_phase/EM.py","log_msg","90","","","","","","","","","","-657.6327206336149","","","","","","","","","","","","","","","","","","","","","","","","","","","","","","","","","","","",""
"173.263450928","2026-08-14 10:53:49.685880","/home/akatoki/SC-30/scripts/SC-30/2_phase/EM.py","log_msg","90","","","","[待機] alt=-657.633 m","","","","","","","","","","","","","","","","","","","","","","","","","","","","","","","","","","","","","","","","","",""
"174.368524141","2026-08-14 10:53:50.790945","/home/akatoki/SC-30/scripts/SC-30/2_phase/EM.py","log_msg","90","","","","","","","","","","-657.158340802012","","","","","","","","","","","","","","","","","","","","","","","","","","","","","","","","","","","",""
"174.373121764","2026-08-14 10:53:50.795551","/home/akatoki/SC-30/scripts/SC-30/2_phase/EM.py","log_msg","90","","","","[待機] alt=-657.158 m","","","","","","","","","","","","","","","","","","","","","","","","","","","","","","","","","","","","","","","","","",""
"175.482957628","2026-08-14 10:53:51.905378","/home/akatoki/SC-30/scripts/SC-30/2_phase/EM.py","log_msg","90","","","","","","","","","","-657.5595670620693","","","","","","","","","","","","","","","","","","","","","","","","","","","","","","","","","","","",""
"175.487394539","2026-08-14 10:53:51.909823","/home/akatoki/SC-30/scripts/SC-30/2_phase/EM.py","log_msg","90","","","","[待機] alt=-657.560 m","","","","","","","","","","","","","","","","","","","","","","","","","","","","","","","","","","","","","","","","","",""
"176.592445091","2026-08-14 10:53:53.014866","/home/akatoki/SC-30/scripts/SC-30/2_phase/EM.py","log_msg","90","","","","","","","","","","-657.2897163725443","","","","","","","","","","","","","","","","","","","","","","","","","","","","","","","","","","","",""
"176.596935008","2026-08-14 10:53:53.019364","/home/akatoki/SC-30/scripts/SC-30/2_phase/EM.py","log_msg","90","","","","[待機] alt=-657.290 m","","","","","","","","","","","","","","","","","","","","","","","","","","","","","","","","","","","","","","","","","",""
"177.704168669","2026-08-14 10:53:54.126590","/home/akatoki/SC-30/scripts/SC-30/2_phase/EM.py","log_msg","90","","","","","","","","","","-656.9438371239111","","","","","","","","","","","","","","","","","","","","","","","","","","","","","","","","","","","",""
"177.708636479","2026-08-14 10:53:54.131065","/home/akatoki/SC-30/scripts/SC-30/2_phase/EM.py","log_msg","90","","","","[待機] alt=-656.944 m","","","","","","","","","","","","","","","","","","","","","","","","","","","","","","","","","","","","","","","","","",""
"178.818272837","2026-08-14 10:53:55.240694","/home/akatoki/SC-30/scripts/SC-30/2_phase/EM.py","log_msg","90","","","","","","","","","","-657.7108603773344","","","","","","","","","","","","","","","","","","","","","","","","","","","","","","","","","","","",""
"178.822768477","2026-08-14 10:53:55.245197","/home/akatoki/SC-30/scripts/SC-30/2_phase/EM.py","log_msg","90","","","","[待機] alt=-657.711 m","","","","","","","","","","","","","","","","","","","","","","","","","","","","","","","","","","","","","","","","","",""
"179.927895982","2026-08-14 10:53:56.350316","/home/akatoki/SC-30/scripts/SC-30/2_phase/EM.py","log_msg","90","","","","","","","","","","-657.0347537367361","","","","","","","","","","","","","","","","","","","","","","","","","","","","","","","","","","","",""
"179.932450485","2026-08-14 10:53:56.354879","/home/akatoki/SC-30/scripts/SC-30/2_phase/EM.py","log_msg","90","","","","[待機] alt=-657.035 m","","","","","","","","","","","","","","","","","","","","","","","","","","","","","","","","","","","","","","","","","",""
"181.03756982","2026-08-14 10:53:57.459990","/home/akatoki/SC-30/scripts/SC-30/2_phase/EM.py","log_msg","90","","","","","","","","","","-657.5645626251542","","","","","","","","","","","","","","","","","","","","","","","","","","","","","","","","","","","",""
"181.04208977","2026-08-14 10:53:57.464517","/home/akatoki/SC-30/scripts/SC-30/2_phase/EM.py","log_msg","90","","","","[待機] alt=-657.565 m","","","","","","","","","","","","","","","","","","","","","","","","","","","","","","","","","","","","","","","","","",""
"182.147167405","2026-08-14 10:53:58.569587","/home/akatoki/SC-30/scripts/SC-30/2_phase/EM.py","log_msg","90","","","","","","","","","","-657.637711633562","","","","","","","","","","","","","","","","","","","","","","","","","","","","","","","","","","","",""
"182.151721326","2026-08-14 10:53:58.574149","/home/akatoki/SC-30/scripts/SC-30/2_phase/EM.py","log_msg","90","","","","[待機] alt=-657.638 m","","","","","","","","","","","","","","","","","","","","","","","","","","","","","","","","","","","","","","","","","",""
"183.261506897","2026-08-14 10:53:59.683927","/home/akatoki/SC-30/scripts/SC-30/2_phase/EM.py","log_msg","90","","","","","","","","","","-657.1455042829768","","","","","","","","","","","","","","","","","","","","","","","","","","","","","","","","","","","",""
"183.266097758","2026-08-14 10:53:59.688527","/home/akatoki/SC-30/scripts/SC-30/2_phase/EM.py","log_msg","90","","","","[待機] alt=-657.146 m","","","","","","","","","","","","","","","","","","","","","","","","","","","","","","","","","","","","","","","","","",""
"184.39375912","2026-08-14 10:54:00.816181","/home/akatoki/SC-30/scripts/SC-30/2_phase/EM.py","log_msg","90","","","","","","","","","","-657.4380911516289","","","","","","","","","","","","","","","","","","","","","","","","","","","","","","","","","","","",""
"184.398226591","2026-08-14 10:54:00.820655","/home/akatoki/SC-30/scripts/SC-30/2_phase/EM.py","log_msg","90","","","","[待機] alt=-657.438 m","","","","","","","","","","","","","","","","","","","","","","","","","","","","","","","","","","","","","","","","","",""
"185.503229778","2026-08-14 10:54:01.925651","/home/akatoki/SC-30/scripts/SC-30/2_phase/EM.py","log_msg","90","","","","","","","","","","-657.2383995655944","","","","","","","","","","","","","","","","","","","","","","","","","","","","","","","","","","","",""
"185.508857023","2026-08-14 10:54:01.931289","/home/akatoki/SC-30/scripts/SC-30/2_phase/EM.py","log_msg","90","","","","[待機] alt=-657.238 m","","","","","","","","","","","","","","","","","","","","","","","","","","","","","","","","","","","","","","","","","",""
"186.618202412","2026-08-14 10:54:03.040623","/home/akatoki/SC-30/scripts/SC-30/2_phase/EM.py","log_msg","90","","","","","","","","","","-657.0742961956939","","","","","","","","","","","","","","","","","","","","","","","","","","","","","","","","","","","",""
"186.622670459","2026-08-14 10:54:03.045099","/home/akatoki/SC-30/scripts/SC-30/2_phase/EM.py","log_msg","90","","","","[待機] alt=-657.074 m","","","","","","","","","","","","","","","","","","","","","","","","","","","","","","","","","","","","","","","","","",""
"187.727801605","2026-08-14 10:54:04.150222","/home/akatoki/SC-30/scripts/SC-30/2_phase/EM.py","log_msg","90","","","","","","","","","","-657.3115429318191","","","","","","","","","","","","","","","","","","","","","","","","","","","","","","","","","","","",""
"187.732321795","2026-08-14 10:54:04.154751","/home/akatoki/SC-30/scripts/SC-30/2_phase/EM.py","log_msg","90","","","","[待機] alt=-657.312 m","","","","","","","","","","","","","","","","","","","","","","","","","","","","","","","","","","","","","","","","","",""
"188.837399489","2026-08-14 10:54:05.259820","/home/akatoki/SC-30/scripts/SC-30/2_phase/EM.py","log_msg","90","","","","","","","","","","-656.9101868435365","","","","","","","","","","","","","","","","","","","","","","","","","","","","","","","","","","","",""
"188.841930892","2026-08-14 10:54:05.264360","/home/akatoki/SC-30/scripts/SC-30/2_phase/EM.py","log_msg","90","","","","[待機] alt=-656.910 m","","","","","","","","","","","","","","","","","","","","","","","","","","","","","","","","","","","","","","","","","",""
"189.946946016","2026-08-14 10:54:06.369367","/home/akatoki/SC-30/scripts/SC-30/2_phase/EM.py","log_msg","90","","","","","","","","","","-657.8994934445351","","","","","","","","","","","","","","","","","","","","","","","","","","","","","","","","","","","",""
"189.951414999","2026-08-14 10:54:06.373844","/home/akatoki/SC-30/scripts/SC-30/2_phase/EM.py","log_msg","90","","","","[待機] alt=-657.899 m","","","","","","","","","","","","","","","","","","","","","","","","","","","","","","","","","","","","","","","","","",""
"191.061202943","2026-08-14 10:54:07.483623","/home/akatoki/SC-30/scripts/SC-30/2_phase/EM.py","log_msg","90","","","","","","","","","","-657.3518496551397","","","","","","","","","","","","","","","","","","","","","","","","","","","","","","","","","","","",""
"191.065695323","2026-08-14 10:54:07.488125","/home/akatoki/SC-30/scripts/SC-30/2_phase/EM.py","log_msg","90","","","","[待機] alt=-657.352 m","","","","","","","","","","","","","","","","","","","","","","","","","","","","","","","","","","","","","","","","","",""
"192.170714215","2026-08-14 10:54:08.593135","/home/akatoki/SC-30/scripts/SC-30/2_phase/EM.py","log_msg","90","","","","","","","","","","-657.4802899938451","","","","","","","","","","","","","","","","","","","","","","","","","","","","","","","","","","","",""
"192.175184896","2026-08-14 10:54:08.597614","/home/akatoki/SC-30/scripts/SC-30/2_phase/EM.py","log_msg","90","","","","[待機] alt=-657.480 m","","","","","","","","","","","","","","","","","","","","","","","","","","","","","","","","","","","","","","","","","",""
"193.280251632","2026-08-14 10:54:09.702673","/home/akatoki/SC-30/scripts/SC-30/2_phase/EM.py","log_msg","90","","","","","","","","","","-658.3561602141226","","","","","","","","","","","","","","","","","","","","","","","","","","","","","","","","","","","",""
"193.284867354","2026-08-14 10:54:09.707298","/home/akatoki/SC-30/scripts/SC-30/2_phase/EM.py","log_msg","90","","","","[待機] alt=-658.356 m","","","","","","","","","","","","","","","","","","","","","","","","","","","","","","","","","","","","","","","","","",""
"194.395263455","2026-08-14 10:54:10.817684","/home/akatoki/SC-30/scripts/SC-30/2_phase/EM.py","log_msg","90","","","","","","","","","","-657.0236064401107","","","","","","","","","","","","","","","","","","","","","","","","","","","","","","","","","","","",""
"194.399703129","2026-08-14 10:54:10.822131","/home/akatoki/SC-30/scripts/SC-30/2_phase/EM.py","log_msg","90","","","","[待機] alt=-657.024 m","","","","","","","","","","","","","","","","","","","","","","","","","","","","","","","","","","","","","","","","","",""
"195.504825271","2026-08-14 10:54:11.927246","/home/akatoki/SC-30/scripts/SC-30/2_phase/EM.py","log_msg","90","","","","","","","","","","-657.4249903348301","","","","","","","","","","","","","","","","","","","","","","","","","","","","","","","","","","","",""
"195.509288184","2026-08-14 10:54:11.931716","/home/akatoki/SC-30/scripts/SC-30/2_phase/EM.py","log_msg","90","","","","[待機] alt=-657.425 m","","","","","","","","","","","","","","","","","","","","","","","","","","","","","","","","","","","","","","","","","",""
"196.614327056","2026-08-14 10:54:13.036748","/home/akatoki/SC-30/scripts/SC-30/2_phase/EM.py","log_msg","90","","","","","","","","","","-658.2830194941143","","","","","","","","","","","","","","","","","","","","","","","","","","","","","","","","","","","",""
"196.61879062","2026-08-14 10:54:13.041222","/home/akatoki/SC-30/scripts/SC-30/2_phase/EM.py","log_msg","90","","","","[待機] alt=-658.283 m","","","","","","","","","","","","","","","","","","","","","","","","","","","","","","","","","","","","","","","","","",""
"197.723833987","2026-08-14 10:54:14.146256","/home/akatoki/SC-30/scripts/SC-30/2_phase/EM.py","log_msg","90","","","","","","","","","","-657.4802899938451","","","","","","","","","","","","","","","","","","","","","","","","","","","","","","","","","","","",""
"197.728323654","2026-08-14 10:54:14.150753","/home/akatoki/SC-30/scripts/SC-30/2_phase/EM.py","log_msg","90","","","","[待機] alt=-657.480 m","","","","","","","","","","","","","","","","","","","","","","","","","","","","","","","","","","","","","","","","","",""
"198.838034998","2026-08-14 10:54:15.260456","/home/akatoki/SC-30/scripts/SC-30/2_phase/EM.py","log_msg","90","","","","","","","","","","-657.6265678809352","","","","","","","","","","","","","","","","","","","","","","","","","","","","","","","","","","","",""
"198.842497859","2026-08-14 10:54:15.264926","/home/akatoki/SC-30/scripts/SC-30/2_phase/EM.py","log_msg","90","","","","[待機] alt=-657.627 m","","","","","","","","","","","","","","","","","","","","","","","","","","","","","","","","","","","","","","","","","",""
"199.947507458","2026-08-14 10:54:16.369928","/home/akatoki/SC-30/scripts/SC-30/2_phase/EM.py","log_msg","90","","","","","","","","","","-657.3714436365137","","","","","","","","","","","","","","","","","","","","","","","","","","","","","","","","","","","",""
"199.951849465","2026-08-14 10:54:16.374276","/home/akatoki/SC-30/scripts/SC-30/2_phase/EM.py","log_msg","90","","","","[待機] alt=-657.371 m","","","","","","","","","","","","","","","","","","","","","","","","","","","","","","","","","","","","","","","","","",""
"201.056768218","2026-08-14 10:54:17.479189","/home/akatoki/SC-30/scripts/SC-30/2_phase/EM.py","log_msg","90","","","","","","","","","","-657.3535763011738","","","","","","","","","","","","","","","","","","","","","","","","","","","","","","","","","","","",""
"201.061258025","2026-08-14 10:54:17.483688","/home/akatoki/SC-30/scripts/SC-30/2_phase/EM.py","log_msg","90","","","","[待機] alt=-657.354 m","","","","","","","","","","","","","","","","","","","","","","","","","","","","","","","","","","","","","","","","","",""
"202.166292978","2026-08-14 10:54:18.588713","/home/akatoki/SC-30/scripts/SC-30/2_phase/EM.py","log_msg","90","","","","","","","","","","-657.2446797361268","","","","","","","","","","","","","","","","","","","","","","","","","","","","","","","","","","","",""
"202.17638192","2026-08-14 10:54:18.598811","/home/akatoki/SC-30/scripts/SC-30/2_phase/EM.py","log_msg","90","","","","[待機] alt=-657.245 m","","","","","","","","","","","","","","","","","","","","","","","","","","","","","","","","","","","","","","","","","",""
"203.281350249","2026-08-14 10:54:19.703771","/home/akatoki/SC-30/scripts/SC-30/2_phase/EM.py","log_msg","90","","","","","","","","","","-657.6282383377348","","","","","","","","","","","","","","","","","","","","","","","","","","","","","","","","","","","",""
"203.286165236","2026-08-14 10:54:19.708595","/home/akatoki/SC-30/scripts/SC-30/2_phase/EM.py","log_msg","90","","","","[待機] alt=-657.628 m","","","","","","","","","","","","","","","","","","","","","","","","","","","","","","","","","","","","","","","","","",""
"204.391205711","2026-08-14 10:54:20.813627","/home/akatoki/SC-30/scripts/SC-30/2_phase/EM.py","log_msg","90","","","","","","","","","","-658.0117918297675","","","","","","","","","","","","","","","","","","","","","","","","","","","","","","","","","","","",""
"204.395683001","2026-08-14 10:54:20.818111","/home/akatoki/SC-30/scripts/SC-30/2_phase/EM.py","log_msg","90","","","","[待機] alt=-658.012 m","","","","","","","","","","","","","","","","","","","","","","","","","","","","","","","","","","","","","","","","","",""
"205.500817864","2026-08-14 10:54:21.923239","/home/akatoki/SC-30/scripts/SC-30/2_phase/EM.py","log_msg","90","","","","","","","","","","-657.1178390342644","","","","","","","","","","","","","","","","","","","","","","","","","","","","","","","","","","","",""
"205.50531641","2026-08-14 10:54:21.927745","/home/akatoki/SC-30/scripts/SC-30/2_phase/EM.py","log_msg","90","","","","[待機] alt=-657.118 m","","","","","","","","","","","","","","","","","","","","","","","","","","","","","","","","","","","","","","","","","",""
"206.610347476","2026-08-14 10:54:23.032768","/home/akatoki/SC-30/scripts/SC-30/2_phase/EM.py","log_msg","90","","","","","","","","","","-657.8118436850278","","","","","","","","","","","","","","","","","","","","","","","","","","","","","","","","","","","",""
"206.61482969","2026-08-14 10:54:23.037259","/home/akatoki/SC-30/scripts/SC-30/2_phase/EM.py","log_msg","90","","","","[待機] alt=-657.812 m","","","","","","","","","","","","","","","","","","","","","","","","","","","","","","","","","","","","","","","","","",""
"207.719804513","2026-08-14 10:54:24.142225","/home/akatoki/SC-30/scripts/SC-30/2_phase/EM.py","log_msg","90","","","","","","","","","","-657.4834927739283","","","","","","","","","","","","","","","","","","","","","","","","","","","","","","","","","","","",""
"207.724315482","2026-08-14 10:54:24.146746","/home/akatoki/SC-30/scripts/SC-30/2_phase/EM.py","log_msg","90","","","","[待機] alt=-657.483 m","","","","","","","","","","","","","","","","","","","","","","","","","","","","","","","","","","","","","","","","","",""
"208.829356388","2026-08-14 10:54:25.251778","/home/akatoki/SC-30/scripts/SC-30/2_phase/EM.py","log_msg","90","","","","","","","","","","-657.3372320743609","","","","","","","","","","","","","","","","","","","","","","","","","","","","","","","","","","","",""
"208.833892103","2026-08-14 10:54:25.256322","/home/akatoki/SC-30/scripts/SC-30/2_phase/EM.py","log_msg","90","","","","[待機] alt=-657.337 m","","","","","","","","","","","","","","","","","","","","","","","","","","","","","","","","","","","","","","","","","",""
"209.943625819","2026-08-14 10:54:26.366047","/home/akatoki/SC-30/scripts/SC-30/2_phase/EM.py","log_msg","90","","","","","","","","","","-657.2641013264183","","","","","","","","","","","","","","","","","","","","","","","","","","","","","","","","","","","",""
"209.94821315","2026-08-14 10:54:26.370643","/home/akatoki/SC-30/scripts/SC-30/2_phase/EM.py","log_msg","90","","","","[待機] alt=-657.264 m","","","","","","","","","","","","","","","","","","","","","","","","","","","","","","","","","","","","","","","","","",""
"211.053291052","2026-08-14 10:54:27.475712","/home/akatoki/SC-30/scripts/SC-30/2_phase/EM.py","log_msg","90","","","","","","","","","","-657.190970313043","","","","","","","","","","","","","","","","","","","","","","","","","","","","","","","","","","","",""
"211.058740721","2026-08-14 10:54:27.481171","/home/akatoki/SC-30/scripts/SC-30/2_phase/EM.py","log_msg","90","","","","[待機] alt=-657.191 m","","","","","","","","","","","","","","","","","","","","","","","","","","","","","","","","","","","","","","","","","",""
"212.16389196","2026-08-14 10:54:28.586314","/home/akatoki/SC-30/scripts/SC-30/2_phase/EM.py","log_msg","90","","","","","","","","","","-657.3372320743609","","","","","","","","","","","","","","","","","","","","","","","","","","","","","","","","","","","",""
"212.168394111","2026-08-14 10:54:28.590824","/home/akatoki/SC-30/scripts/SC-30/2_phase/EM.py","log_msg","90","","","","[待機] alt=-657.337 m","","","","","","","","","","","","","","","","","","","","","","","","","","","","","","","","","","","","","","","","","",""
"213.277977819","2026-08-14 10:54:29.700399","/home/akatoki/SC-30/scripts/SC-30/2_phase/EM.py","log_msg","90","","","","","","","","","","-657.4834927739283","","","","","","","","","","","","","","","","","","","","","","","","","","","","","","","","","","","",""
"213.282431026","2026-08-14 10:54:29.704859","/home/akatoki/SC-30/scripts/SC-30/2_phase/EM.py","log_msg","90","","","","[待機] alt=-657.483 m","","","","","","","","","","","","","","","","","","","","","","","","","","","","","","","","","","","","","","","","","",""
"214.387358038","2026-08-14 10:54:30.809779","/home/akatoki/SC-30/scripts/SC-30/2_phase/EM.py","log_msg","90","","","","","","","","","","-657.2461786673598","","","","","","","","","","","","","","","","","","","","","","","","","","","","","","","","","","","",""
"214.391862027","2026-08-14 10:54:30.814291","/home/akatoki/SC-30/scripts/SC-30/2_phase/EM.py","log_msg","90","","","","[待機] alt=-657.246 m","","","","","","","","","","","","","","","","","","","","","","","","","","","","","","","","","","","","","","","","","",""
"215.496893606","2026-08-14 10:54:31.919315","/home/akatoki/SC-30/scripts/SC-30/2_phase/EM.py","log_msg","90","","","","","","","","","","-657.3952504124852","","","","","","","","","","","","","","","","","","","","","","","","","","","","","","","","","","","",""
"215.501385573","2026-08-14 10:54:31.923812","/home/akatoki/SC-30/scripts/SC-30/2_phase/EM.py","log_msg","90","","","","[待機] alt=-657.395 m","","","","","","","","","","","","","","","","","","","","","","","","","","","","","","","","","","","","","","","","","",""
"216.606393687","2026-08-14 10:54:33.028814","/home/akatoki/SC-30/scripts/SC-30/2_phase/EM.py","log_msg","90","","","","","","","","","","-657.7208017174236","","","","","","","","","","","","","","","","","","","","","","","","","","","","","","","","","","","",""
"216.610872493","2026-08-14 10:54:33.033301","/home/akatoki/SC-30/scripts/SC-30/2_phase/EM.py","log_msg","90","","","","[待機] alt=-657.721 m","","","","","","","","","","","","","","","","","","","","","","","","","","","","","","","","","","","","","","","","","",""
"217.720636706","2026-08-14 10:54:34.143057","/home/akatoki/SC-30/scripts/SC-30/2_phase/EM.py","log_msg","90","","","","","","","","","","-657.0848014560116","","","","","","","","","","","","","","","","","","","","","","","","","","","","","","","","","","","",""
"217.725107707","2026-08-14 10:54:34.147536","/home/akatoki/SC-30/scripts/SC-30/2_phase/EM.py","log_msg","90","","","","[待機] alt=-657.085 m","","","","","","","","","","","","","","","","","","","","","","","","","","","","","","","","","","","","","","","","","",""
"218.830106116","2026-08-14 10:54:35.252527","/home/akatoki/SC-30/scripts/SC-30/2_phase/EM.py","log_msg","90","","","","","","","","","","-657.1579305751249","","","","","","","","","","","","","","","","","","","","","","","","","","","","","","","","","","","",""
"218.834635189","2026-08-14 10:54:35.257064","/home/akatoki/SC-30/scripts/SC-30/2_phase/EM.py","log_msg","90","","","","[待機] alt=-657.158 m","","","","","","","","","","","","","","","","","","","","","","","","","","","","","","","","","","","","","","","","","",""
"219.940590653","2026-08-14 10:54:36.363011","/home/akatoki/SC-30/scripts/SC-30/2_phase/EM.py","log_msg","90","","","","","","","","","","-657.0668624591378","","","","","","","","","","","","","","","","","","","","","","","","","","","","","","","","","","","",""
"219.945034431","2026-08-14 10:54:36.367462","/home/akatoki/SC-30/scripts/SC-30/2_phase/EM.py","log_msg","90","","","","[待機] alt=-657.067 m","","","","","","","","","","","","","","","","","","","","","","","","","","","","","","","","","","","","","","","","","",""
"221.054541008","2026-08-14 10:54:37.476962","/home/akatoki/SC-30/scripts/SC-30/2_phase/EM.py","log_msg","90","","","","","","","","","","-657.0489142383731","","","","","","","","","","","","","","","","","","","","","","","","","","","","","","","","","","","",""
"221.058983542","2026-08-14 10:54:37.481411","/home/akatoki/SC-30/scripts/SC-30/2_phase/EM.py","log_msg","90","","","","[待機] alt=-657.049 m","","","","","","","","","","","","","","","","","","","","","","","","","","","","","","","","","","","","","","","","","",""
"222.163968302","2026-08-14 10:54:38.586389","/home/akatoki/SC-30/scripts/SC-30/2_phase/EM.py","log_msg","90","","","","","","","","","","-657.7250052956208","","","","","","","","","","","","","","","","","","","","","","","","","","","","","","","","","","","",""
"222.168472084","2026-08-14 10:54:38.590901","/home/akatoki/SC-30/scripts/SC-30/2_phase/EM.py","log_msg","90","","","","[待機] alt=-657.725 m","","","","","","","","","","","","","","","","","","","","","","","","","","","","","","","","","","","","","","","","","",""
"223.273442491","2026-08-14 10:54:39.695863","/home/akatoki/SC-30/scripts/SC-30/2_phase/EM.py","log_msg","90","","","","","","","","","","-657.1592394941383","","","","","","","","","","","","","","","","","","","","","","","","","","","","","","","","","","","",""
"223.277943572","2026-08-14 10:54:39.700372","/home/akatoki/SC-30/scripts/SC-30/2_phase/EM.py","log_msg","90","","","","[待機] alt=-657.159 m","","","","","","","","","","","","","","","","","","","","","","","","","","","","","","","","","","","","","","","","","",""
"224.382913685","2026-08-14 10:54:40.805334","/home/akatoki/SC-30/scripts/SC-30/2_phase/EM.py","log_msg","90","","","","","","","","","","-656.611411779788","","","","","","","","","","","","","","","","","","","","","","","","","","","","","","","","","","","",""
"224.387354726","2026-08-14 10:54:40.809783","/home/akatoki/SC-30/scripts/SC-30/2_phase/EM.py","log_msg","90","","","","[待機] alt=-656.611 m","","","","","","","","","","","","","","","","","","","","","","","","","","","","","","","","","","","","","","","","","",""
"225.497021083","2026-08-14 10:54:41.919442","/home/akatoki/SC-30/scripts/SC-30/2_phase/EM.py","log_msg","90","","","","","","","","","","-657.1412614468977","","","","","","","","","","","","","","","","","","","","","","","","","","","","","","","","","","","",""
"225.501578835","2026-08-14 10:54:41.924008","/home/akatoki/SC-30/scripts/SC-30/2_phase/EM.py","log_msg","90","","","","[待機] alt=-657.141 m","","","","","","","","","","","","","","","","","","","","","","","","","","","","","","","","","","","","","","","","","",""
"226.60662188","2026-08-14 10:54:43.029041","/home/akatoki/SC-30/scripts/SC-30/2_phase/EM.py","log_msg","90","","","","","","","","","","-657.8904704064074","","","","","","","","","","","","","","","","","","","","","","","","","","","","","","","","","","","",""
"226.610960187","2026-08-14 10:54:43.033388","/home/akatoki/SC-30/scripts/SC-30/2_phase/EM.py","log_msg","90","","","","[待機] alt=-657.890 m","","","","","","","","","","","","","","","","","","","","","","","","","","","","","","","","","","","","","","","","","",""
"227.715807633","2026-08-14 10:54:44.138228","/home/akatoki/SC-30/scripts/SC-30/2_phase/EM.py","log_msg","90","","","","","","","","","","-657.3977603167865","","","","","","","","","","","","","","","","","","","","","","","","","","","","","","","","","","","",""
"227.721268111","2026-08-14 10:54:44.143699","/home/akatoki/SC-30/scripts/SC-30/2_phase/EM.py","log_msg","90","","","","[待機] alt=-657.398 m","","","","","","","","","","","","","","","","","","","","","","","","","","","","","","","","","","","","","","","","","",""
"228.830696213","2026-08-14 10:54:45.253117","/home/akatoki/SC-30/scripts/SC-30/2_phase/EM.py","log_msg","90","","","","","","","","","","-657.3977603167865","","","","","","","","","","","","","","","","","","","","","","","","","","","","","","","","","","","",""
"228.835217218","2026-08-14 10:54:45.257647","/home/akatoki/SC-30/scripts/SC-30/2_phase/EM.py","log_msg","90","","","","[待機] alt=-657.398 m","","","","","","","","","","","","","","","","","","","","","","","","","","","","","","","","","","","","","","","","","",""
"229.94028516","2026-08-14 10:54:46.362705","/home/akatoki/SC-30/scripts/SC-30/2_phase/EM.py","log_msg","90","","","","","","","","","","-657.1603919264375","","","","","","","","","","","","","","","","","","","","","","","","","","","","","","","","","","","",""
"229.944761122","2026-08-14 10:54:46.367189","/home/akatoki/SC-30/scripts/SC-30/2_phase/EM.py","log_msg","90","","","","[待機] alt=-657.160 m","","","","","","","","","","","","","","","","","","","","","","","","","","","","","","","","","","","","","","","","","",""
"231.049769212","2026-08-14 10:54:47.472190","/home/akatoki/SC-30/scripts/SC-30/2_phase/EM.py","log_msg","90","","","","","","","","","","-657.1423758923722","","","","","","","","","","","","","","","","","","","","","","","","","","","","","","","","","","","",""
"231.05421362","2026-08-14 10:54:47.476641","/home/akatoki/SC-30/scripts/SC-30/2_phase/EM.py","log_msg","90","","","","[待機] alt=-657.142 m","","","","","","","","","","","","","","","","","","","","","","","","","","","","","","","","","","","","","","","","","",""
"232.159195407","2026-08-14 10:54:48.581616","/home/akatoki/SC-30/scripts/SC-30/2_phase/EM.py","log_msg","90","","","","","","","","","","-657.2154945344618","","","","","","","","","","","","","","","","","","","","","","","","","","","","","","","","","","","",""
"232.163654453","2026-08-14 10:54:48.586083","/home/akatoki/SC-30/scripts/SC-30/2_phase/EM.py","log_msg","90","","","","[待機] alt=-657.215 m","","","","","","","","","","","","","","","","","","","","","","","","","","","","","","","","","","","","","","","","","",""
"233.273367559","2026-08-14 10:54:49.695789","/home/akatoki/SC-30/scripts/SC-30/2_phase/EM.py","log_msg","90","","","","","","","","","","-657.0512327970604","","","","","","","","","","","","","","","","","","","","","","","","","","","","","","","","","","","",""
"233.277945346","2026-08-14 10:54:49.700375","/home/akatoki/SC-30/scripts/SC-30/2_phase/EM.py","log_msg","90","","","","[待機] alt=-657.051 m","","","","","","","","","","","","","","","","","","","","","","","","","","","","","","","","","","","","","","","","","",""
"234.382919196","2026-08-14 10:54:50.805340","/home/akatoki/SC-30/scripts/SC-30/2_phase/EM.py","log_msg","90","","","","","","","","","","-657.4528692037136","","","","","","","","","","","","","","","","","","","","","","","","","","","","","","","","","","","",""
"234.387388978","2026-08-14 10:54:50.809817","/home/akatoki/SC-30/scripts/SC-30/2_phase/EM.py","log_msg","90","","","","[待機] alt=-657.453 m","","","","","","","","","","","","","","","","","","","","","","","","","","","","","","","","","","","","","","","","","",""
"235.492419366","2026-08-14 10:54:51.914841","/home/akatoki/SC-30/scripts/SC-30/2_phase/EM.py","log_msg","90","","","","","","","","","","-657.2886129105674","","","","","","","","","","","","","","","","","","","","","","","","","","","","","","","","","","","",""
"235.496915191","2026-08-14 10:54:51.919345","/home/akatoki/SC-30/scripts/SC-30/2_phase/EM.py","log_msg","90","","","","[待機] alt=-657.289 m","","","","","","","","","","","","","","","","","","","","","","","","","","","","","","","","","","","","","","","","","",""
"236.607290345","2026-08-14 10:54:53.029711","/home/akatoki/SC-30/scripts/SC-30/2_phase/EM.py","log_msg","90","","","","","","","","","","-657.5440000439291","","","","","","","","","","","","","","","","","","","","","","","","","","","","","","","","","","","",""
"236.611804769","2026-08-14 10:54:53.034233","/home/akatoki/SC-30/scripts/SC-30/2_phase/EM.py","log_msg","90","","","","[待機] alt=-657.544 m","","","","","","","","","","","","","","","","","","","","","","","","","","","","","","","","","","","","","","","","","",""
"237.716932381","2026-08-14 10:54:54.139353","/home/akatoki/SC-30/scripts/SC-30/2_phase/EM.py","log_msg","90","","","","","","","","","","-657.4528692037136","","","","","","","","","","","","","","","","","","","","","","","","","","","","","","","","","","","",""
"237.721509459","2026-08-14 10:54:54.143939","/home/akatoki/SC-30/scripts/SC-30/2_phase/EM.py","log_msg","90","","","","[待機] alt=-657.453 m","","","","","","","","","","","","","","","","","","","","","","","","","","","","","","","","","","","","","","","","","",""
"238.826557939","2026-08-14 10:54:55.248979","/home/akatoki/SC-30/scripts/SC-30/2_phase/EM.py","log_msg","90","","","","","","","","","","-657.2733976929976","","","","","","","","","","","","","","","","","","","","","","","","","","","","","","","","","","","",""
"238.831010606","2026-08-14 10:54:55.253439","/home/akatoki/SC-30/scripts/SC-30/2_phase/EM.py","log_msg","90","","","","[待機] alt=-657.273 m","","","","","","","","","","","","","","","","","","","","","","","","","","","","","","","","","","","","","","","","","",""
"239.93609642","2026-08-14 10:54:56.358517","/home/akatoki/SC-30/scripts/SC-30/2_phase/EM.py","log_msg","90","","","","","","","","","","-657.510778652078","","","","","","","","","","","","","","","","","","","","","","","","","","","","","","","","","","","",""
"239.945831311","2026-08-14 10:54:56.368261","/home/akatoki/SC-30/scripts/SC-30/2_phase/EM.py","log_msg","90","","","","[待機] alt=-657.511 m","","","","","","","","","","","","","","","","","","","","","","","","","","","","","","","","","","","","","","","","","",""
"241.05078877","2026-08-14 10:54:57.473209","/home/akatoki/SC-30/scripts/SC-30/2_phase/EM.py","log_msg","90","","","","","","","","","","-657.1423758923722","","","","","","","","","","","","","","","","","","","","","","","","","","","","","","","","","","","",""
"241.055257692","2026-08-14 10:54:57.477686","/home/akatoki/SC-30/scripts/SC-30/2_phase/EM.py","log_msg","90","","","","[待機] alt=-657.142 m","","","","","","","","","","","","","","","","","","","","","","","","","","","","","","","","","","","","","","","","","",""
"242.160307156","2026-08-14 10:54:58.582729","/home/akatoki/SC-30/scripts/SC-30/2_phase/EM.py","log_msg","90","","","","","","","","","","-657.0692569843185","","","","","","","","","","","","","","","","","","","","","","","","","","","","","","","","","","","",""
"242.164761031","2026-08-14 10:54:58.587190","/home/akatoki/SC-30/scripts/SC-30/2_phase/EM.py","log_msg","90","","","","[待機] alt=-657.069 m","","","","","","","","","","","","","","","","","","","","","","","","","","","","","","","","","","","","","","","","","",""
"243.269806491","2026-08-14 10:54:59.692228","/home/akatoki/SC-30/scripts/SC-30/2_phase/EM.py","log_msg","90","","","","","","","","","","-657.0129901226409","","","","","","","","","","","","","","","","","","","","","","","","","","","","","","","","","","","",""
"243.274361869","2026-08-14 10:54:59.696791","/home/akatoki/SC-30/scripts/SC-30/2_phase/EM.py","log_msg","90","","","","[待機] alt=-657.013 m","","","","","","","","","","","","","","","","","","","","","","","","","","","","","","","","","","","","","","","","","",""
"244.384154335","2026-08-14 10:55:00.806575","/home/akatoki/SC-30/scripts/SC-30/2_phase/EM.py","log_msg","90","","","","","","","","","","-657.2695181789982","","","","","","","","","","","","","","","","","","","","","","","","","","","","","","","","","","","",""
"244.388620766","2026-08-14 10:55:00.811050","/home/akatoki/SC-30/scripts/SC-30/2_phase/EM.py","log_msg","90","","","","[待機] alt=-657.270 m","","","","","","","","","","","","","","","","","","","","","","","","","","","","","","","","","","","","","","","","","",""
"245.494713139","2026-08-14 10:55:01.917135","/home/akatoki/SC-30/scripts/SC-30/2_phase/EM.py","log_msg","90","","","","","","","","","","-656.8679103945105","","","","","","","","","","","","","","","","","","","","","","","","","","","","","","","","","","","",""
"245.49917249","2026-08-14 10:55:01.921601","/home/akatoki/SC-30/scripts/SC-30/2_phase/EM.py","log_msg","90","","","","[待機] alt=-656.868 m","","","","","","","","","","","","","","","","","","","","","","","","","","","","","","","","","","","","","","","","","",""
"246.604314374","2026-08-14 10:55:03.026736","/home/akatoki/SC-30/scripts/SC-30/2_phase/EM.py","log_msg","90","","","","","","","","","","-657.1592394941383","","","","","","","","","","","","","","","","","","","","","","","","","","","","","","","","","","","",""
"246.608796698","2026-08-14 10:55:03.031226","/home/akatoki/SC-30/scripts/SC-30/2_phase/EM.py","log_msg","90","","","","[待機] alt=-657.159 m","","","","","","","","","","","","","","","","","","","","","","","","","","","","","","","","","","","","","","","","","",""
"247.713858272","2026-08-14 10:55:04.136279","/home/akatoki/SC-30/scripts/SC-30/2_phase/EM.py","log_msg","90","","","","","","","","","","-657.086114941234","","","","","","","","","","","","","","","","","","","","","","","","","","","","","","","","","","","",""
"247.723132582","2026-08-14 10:55:04.145561","/home/akatoki/SC-30/scripts/SC-30/2_phase/EM.py","log_msg","90","","","","[待機] alt=-657.086 m","","","","","","","","","","","","","","","","","","","","","","","","","","","","","","","","","","","","","","","","","",""
"248.828095235","2026-08-14 10:55:05.250516","/home/akatoki/SC-30/scripts/SC-30/2_phase/EM.py","log_msg","90","","","","","","","","","","-657.4876720688393","","","","","","","","","","","","","","","","","","","","","","","","","","","","","","","","","","","",""
"248.832562305","2026-08-14 10:55:05.254990","/home/akatoki/SC-30/scripts/SC-30/2_phase/EM.py","log_msg","90","","","","[待機] alt=-657.488 m","","","","","","","","","","","","","","","","","","","","","","","","","","","","","","","","","","","","","","","","","",""
"249.937562194","2026-08-14 10:55:06.359983","/home/akatoki/SC-30/scripts/SC-30/2_phase/EM.py","log_msg","90","","","","","","","","","","-657.086114941234","","","","","","","","","","","","","","","","","","","","","","","","","","","","","","","","","","","",""
"249.942069836","2026-08-14 10:55:06.364499","/home/akatoki/SC-30/scripts/SC-30/2_phase/EM.py","log_msg","90","","","","[待機] alt=-657.086 m","","","","","","","","","","","","","","","","","","","","","","","","","","","","","","","","","","","","","","","","","",""
"251.047074286","2026-08-14 10:55:07.469495","/home/akatoki/SC-30/scripts/SC-30/2_phase/EM.py","log_msg","90","","","","","","","","","","-656.9218902175252","","","","","","","","","","","","","","","","","","","","","","","","","","","","","","","","","","","",""
"251.051504697","2026-08-14 10:55:07.473932","/home/akatoki/SC-30/scripts/SC-30/2_phase/EM.py","log_msg","90","","","","[待機] alt=-656.922 m","","","","","","","","","","","","","","","","","","","","","","","","","","","","","","","","","","","","","","","","","",""
"252.156605395","2026-08-14 10:55:08.579026","/home/akatoki/SC-30/scripts/SC-30/2_phase/EM.py","log_msg","90","","","","","","","","","","-657.3414205212285","","","","","","","","","","","","","","","","","","","","","","","","","","","","","","","","","","","",""
"252.166223026","2026-08-14 10:55:08.588654","/home/akatoki/SC-30/scripts/SC-30/2_phase/EM.py","log_msg","90","","","","[待機] alt=-657.341 m","","","","","","","","","","","","","","","","","","","","","","","","","","","","","","","","","","","","","","","","","",""
"253.271156124","2026-08-14 10:55:09.693577","/home/akatoki/SC-30/scripts/SC-30/2_phase/EM.py","log_msg","90","","","","","","","","","","-657.6325650865263","","","","","","","","","","","","","","","","","","","","","","","","","","","","","","","","","","","",""
"253.27675768","2026-08-14 10:55:09.699188","/home/akatoki/SC-30/scripts/SC-30/2_phase/EM.py","log_msg","90","","","","[待機] alt=-657.633 m","","","","","","","","","","","","","","","","","","","","","","","","","","","","","","","","","","","","","","","","","",""
"254.381869581","2026-08-14 10:55:10.804290","/home/akatoki/SC-30/scripts/SC-30/2_phase/EM.py","log_msg","90","","","","","","","","","","-657.3773163393956","","","","","","","","","","","","","","","","","","","","","","","","","","","","","","","","","","","",""
"254.386391344","2026-08-14 10:55:10.808821","/home/akatoki/SC-30/scripts/SC-30/2_phase/EM.py","log_msg","90","","","","[待機] alt=-657.377 m","","","","","","","","","","","","","","","","","","","","","","","","","","","","","","","","","","","","","","","","","",""
"255.491324666","2026-08-14 10:55:11.913745","/home/akatoki/SC-30/scripts/SC-30/2_phase/EM.py","log_msg","90","","","","","","","","","","-656.7564037062414","","","","","","","","","","","","","","","","","","","","","","","","","","","","","","","","","","","",""
"255.500703218","2026-08-14 10:55:11.923133","/home/akatoki/SC-30/scripts/SC-30/2_phase/EM.py","log_msg","90","","","","[待機] alt=-656.756 m","","","","","","","","","","","","","","","","","","","","","","","","","","","","","","","","","","","","","","","","","",""
"256.605643196","2026-08-14 10:55:13.028064","/home/akatoki/SC-30/scripts/SC-30/2_phase/EM.py","log_msg","90","","","","","","","","","","-657.6325650865263","","","","","","","","","","","","","","","","","","","","","","","","","","","","","","","","","","","",""
"256.610159237","2026-08-14 10:55:13.032588","/home/akatoki/SC-30/scripts/SC-30/2_phase/EM.py","log_msg","90","","","","[待機] alt=-657.633 m","","","","","","","","","","","","","","","","","","","","","","","","","","","","","","","","","","","","","","","","","",""
"257.715154931","2026-08-14 10:55:14.137576","/home/akatoki/SC-30/scripts/SC-30/2_phase/EM.py","log_msg","90","","","","","","","","","","-657.3952504124852","","","","","","","","","","","","","","","","","","","","","","","","","","","","","","","","","","","",""
"257.719626238","2026-08-14 10:55:14.142054","/home/akatoki/SC-30/scripts/SC-30/2_phase/EM.py","log_msg","90","","","","[待機] alt=-657.395 m","","","","","","","","","","","","","","","","","","","","","","","","","","","","","","","","","","","","","","","","","",""
"258.824693113","2026-08-14 10:55:15.247114","/home/akatoki/SC-30/scripts/SC-30/2_phase/EM.py","log_msg","90","","","","","","","","","","-656.5190680989714","","","","","","","","","","","","","","","","","","","","","","","","","","","","","","","","","","","",""
"258.829177859","2026-08-14 10:55:15.251606","/home/akatoki/SC-30/scripts/SC-30/2_phase/EM.py","log_msg","90","","","","[待機] alt=-656.519 m","","","","","","","","","","","","","","","","","","","","","","","","","","","","","","","","","","","","","","","","","",""
"259.934192107","2026-08-14 10:55:16.356613","/home/akatoki/SC-30/scripts/SC-30/2_phase/EM.py","log_msg","90","","","","","","","","","","-658.016133709426","","","","","","","","","","","","","","","","","","","","","","","","","","","","","","","","","","","",""
"259.943572085","2026-08-14 10:55:16.366000","/home/akatoki/SC-30/scripts/SC-30/2_phase/EM.py","log_msg","90","","","","[待機] alt=-658.016 m","","","","","","","","","","","","","","","","","","","","","","","","","","","","","","","","","","","","","","","","","",""
"261.048534682","2026-08-14 10:55:17.470955","/home/akatoki/SC-30/scripts/SC-30/2_phase/EM.py","log_msg","90","","","","","","","","","","-656.902659503404","","","","","","","","","","","","","","","","","","","","","","","","","","","","","","","","","","","",""
"261.052987663","2026-08-14 10:55:17.475417","/home/akatoki/SC-30/scripts/SC-30/2_phase/EM.py","log_msg","90","","","","[待機] alt=-656.903 m","","","","","","","","","","","","","","","","","","","","","","","","","","","","","","","","","","","","","","","","","",""
"262.158886832","2026-08-14 10:55:18.581308","/home/akatoki/SC-30/scripts/SC-30/2_phase/EM.py","log_msg","90","","","","","","","","","","-657.3041880168366","","","","","","","","","","","","","","","","","","","","","","","","","","","","","","","","","","","",""
"262.163319713","2026-08-14 10:55:18.585748","/home/akatoki/SC-30/scripts/SC-30/2_phase/EM.py","log_msg","90","","","","[待機] alt=-657.304 m","","","","","","","","","","","","","","","","","","","","","","","","","","","","","","","","","","","","","","","","","",""
"263.269767716","2026-08-14 10:55:19.692189","/home/akatoki/SC-30/scripts/SC-30/2_phase/EM.py","log_msg","90","","","","","","","","","","-656.7384505612691","","","","","","","","","","","","","","","","","","","","","","","","","","","","","","","","","","","",""
"263.27790016","2026-08-14 10:55:19.700332","/home/akatoki/SC-30/scripts/SC-30/2_phase/EM.py","log_msg","90","","","","[待機] alt=-656.738 m","","","","","","","","","","","","","","","","","","","","","","","","","","","","","","","","","","","","","","","","","",""
"264.389681921","2026-08-14 10:55:20.812103","/home/akatoki/SC-30/scripts/SC-30/2_phase/EM.py","log_msg","90","","","","","","","","","","-657.2682943489443","","","","","","","","","","","","","","","","","","","","","","","","","","","","","","","","","","","",""
"264.394428954","2026-08-14 10:55:20.816858","/home/akatoki/SC-30/scripts/SC-30/2_phase/EM.py","log_msg","90","","","","[待機] alt=-657.268 m","","","","","","","","","","","","","","","","","","","","","","","","","","","","","","","","","","","","","","","","","",""
"265.499492984","2026-08-14 10:55:21.921914","/home/akatoki/SC-30/scripts/SC-30/2_phase/EM.py","log_msg","90","","","","","","","","","","-657.2682943489443","","","","","","","","","","","","","","","","","","","","","","","","","","","","","","","","","","","",""
"265.503995961","2026-08-14 10:55:21.926475","/home/akatoki/SC-30/scripts/SC-30/2_phase/EM.py","log_msg","90","","","","[待機] alt=-657.268 m","","","","","","","","","","","","","","","","","","","","","","","","","","","","","","","","","","","","","","","","","",""
"266.609099637","2026-08-14 10:55:23.031521","/home/akatoki/SC-30/scripts/SC-30/2_phase/EM.py","log_msg","90","","","","","","","","","","-657.980276032829","","","","","","","","","","","","","","","","","","","","","","","","","","","","","","","","","","","",""
"266.613659881","2026-08-14 10:55:23.036089","/home/akatoki/SC-30/scripts/SC-30/2_phase/EM.py","log_msg","90","","","","[待機] alt=-657.980 m","","","","","","","","","","","","","","","","","","","","","","","","","","","","","","","","","","","","","","","","","",""
"267.718690652","2026-08-14 10:55:24.141111","/home/akatoki/SC-30/scripts/SC-30/2_phase/EM.py","log_msg","90","","","","","","","","","","-657.633922553715","","","","","","","","","","","","","","","","","","","","","","","","","","","","","","","","","","","",""
"267.723194859","2026-08-14 10:55:24.145623","/home/akatoki/SC-30/scripts/SC-30/2_phase/EM.py","log_msg","90","","","","[待機] alt=-657.634 m","","","","","","","","","","","","","","","","","","","","","","","","","","","","","","","","","","","","","","","","","",""
"268.82830411","2026-08-14 10:55:25.250723","/home/akatoki/SC-30/scripts/SC-30/2_phase/EM.py","log_msg","90","","","","","","","","","","-657.086114941234","","","","","","","","","","","","","","","","","","","","","","","","","","","","","","","","","","","",""
"268.832828647","2026-08-14 10:55:25.255257","/home/akatoki/SC-30/scripts/SC-30/2_phase/EM.py","log_msg","90","","","","[待機] alt=-657.086 m","","","","","","","","","","","","","","","","","","","","","","","","","","","","","","","","","","","","","","","","","",""
"269.937951024","2026-08-14 10:55:26.360371","/home/akatoki/SC-30/scripts/SC-30/2_phase/EM.py","log_msg","90","","","","","","","","","","-657.1772083153026","","","","","","","","","","","","","","","","","","","","","","","","","","","","","","","","","","","",""
"269.948126662","2026-08-14 10:55:26.370557","/home/akatoki/SC-30/scripts/SC-30/2_phase/EM.py","log_msg","90","","","","[待機] alt=-657.177 m","","","","","","","","","","","","","","","","","","","","","","","","","","","","","","","","","","","","","","","","","",""
"271.062574404","2026-08-14 10:55:27.484994","/home/akatoki/SC-30/scripts/SC-30/2_phase/EM.py","log_msg","90","","","","","","","","","","-657.4876720688393","","","","","","","","","","","","","","","","","","","","","","","","","","","","","","","","","","","",""
"271.067072915","2026-08-14 10:55:27.489501","/home/akatoki/SC-30/scripts/SC-30/2_phase/EM.py","log_msg","90","","","","[待機] alt=-657.488 m","","","","","","","","","","","","","","","","","","","","","","","","","","","","","","","","","","","","","","","","","",""
"272.172172531","2026-08-14 10:55:28.594593","/home/akatoki/SC-30/scripts/SC-30/2_phase/EM.py","log_msg","90","","","","","","","","","","-657.6518793763078","","","","","","","","","","","","","","","","","","","","","","","","","","","","","","","","","","","",""
"272.176704906","2026-08-14 10:55:28.599133","/home/akatoki/SC-30/scripts/SC-30/2_phase/EM.py","log_msg","90","","","","[待機] alt=-657.652 m","","","","","","","","","","","","","","","","","","","","","","","","","","","","","","","","","","","","","","","","","",""
"273.281777323","2026-08-14 10:55:29.704197","/home/akatoki/SC-30/scripts/SC-30/2_phase/EM.py","log_msg","90","","","","","","","","","","-657.4145464278635","","","","","","","","","","","","","","","","","","","","","","","","","","","","","","","","","","","",""
"273.286252044","2026-08-14 10:55:29.708681","/home/akatoki/SC-30/scripts/SC-30/2_phase/EM.py","log_msg","90","","","","[待機] alt=-657.415 m","","","","","","","","","","","","","","","","","","","","","","","","","","","","","","","","","","","","","","","","","",""
"274.391248285","2026-08-14 10:55:30.813670","/home/akatoki/SC-30/scripts/SC-30/2_phase/EM.py","log_msg","90","","","","","","","","","","-656.9398650383691","","","","","","","","","","","","","","","","","","","","","","","","","","","","","","","","","","","",""
"274.395832144","2026-08-14 10:55:30.818263","/home/akatoki/SC-30/scripts/SC-30/2_phase/EM.py","log_msg","90","","","","[待機] alt=-656.940 m","","","","","","","","","","","","","","","","","","","","","","","","","","","","","","","","","","","","","","","","","",""
"275.505758322","2026-08-14 10:55:31.928180","/home/akatoki/SC-30/scripts/SC-30/2_phase/EM.py","log_msg","90","","","","","","","","","","-657.1772083153026","","","","","","","","","","","","","","","","","","","","","","","","","","","","","","","","","","","",""
"275.510229397","2026-08-14 10:55:31.932657","/home/akatoki/SC-30/scripts/SC-30/2_phase/EM.py","log_msg","90","","","","[待機] alt=-657.177 m","","","","","","","","","","","","","","","","","","","","","","","","","","","","","","","","","","","","","","","","","",""
"276.61523304","2026-08-14 10:55:33.037654","/home/akatoki/SC-30/scripts/SC-30/2_phase/EM.py","log_msg","90","","","","","","","","","","-657.3234587748714","","","","","","","","","","","","","","","","","","","","","","","","","","","","","","","","","","","",""
"276.619724987","2026-08-14 10:55:33.042152","/home/akatoki/SC-30/scripts/SC-30/2_phase/EM.py","log_msg","90","","","","[待機] alt=-657.323 m","","","","","","","","","","","","","","","","","","","","","","","","","","","","","","","","","","","","","","","","","",""
"277.724850603","2026-08-14 10:55:34.147271","/home/akatoki/SC-30/scripts/SC-30/2_phase/EM.py","log_msg","90","","","","","","","","","","-657.086114941234","","","","","","","","","","","","","","","","","","","","","","","","","","","","","","","","","","","",""
"277.729388281","2026-08-14 10:55:34.151817","/home/akatoki/SC-30/scripts/SC-30/2_phase/EM.py","log_msg","90","","","","[待機] alt=-657.086 m","","","","","","","","","","","","","","","","","","","","","","","","","","","","","","","","","","","","","","","","","",""
"278.834493778","2026-08-14 10:55:35.256914","/home/akatoki/SC-30/scripts/SC-30/2_phase/EM.py","log_msg","90","","","","","","","","","","-657.9443814593885","","","","","","","","","","","","","","","","","","","","","","","","","","","","","","","","","","","",""
"278.855980916","2026-08-14 10:55:35.278447","/home/akatoki/SC-30/scripts/SC-30/2_phase/EM.py","log_msg","90","","","","[待機] alt=-657.944 m","","","","","","","","","","","","","","","","","","","","","","","","","","","","","","","","","","","","","","","","","",""
"279.961118174","2026-08-14 10:55:36.383539","/home/akatoki/SC-30/scripts/SC-30/2_phase/EM.py","log_msg","90","","","","","","","","","","-657.1592394941383","","","","","","","","","","","","","","","","","","","","","","","","","","","","","","","","","","","",""
"279.965802812","2026-08-14 10:55:36.388233","/home/akatoki/SC-30/scripts/SC-30/2_phase/EM.py","log_msg","90","","","","[待機] alt=-657.159 m","","","","","","","","","","","","","","","","","","","","","","","","","","","","","","","","","","","","","","","","","",""
"281.070949042","2026-08-14 10:55:37.493370","/home/akatoki/SC-30/scripts/SC-30/2_phase/EM.py","log_msg","90","","","","","","","","","","-657.4697081716561","","","","","","","","","","","","","","","","","","","","","","","","","","","","","","","","","","","",""
"281.075650675","2026-08-14 10:55:37.498080","/home/akatoki/SC-30/scripts/SC-30/2_phase/EM.py","log_msg","90","","","","[待機] alt=-657.470 m","","","","","","","","","","","","","","","","","","","","","","","","","","","","","","","","","","","","","","","","","",""
"282.180785865","2026-08-14 10:55:38.603206","/home/akatoki/SC-30/scripts/SC-30/2_phase/EM.py","log_msg","90","","","","","","","","","","-657.3786115585422","","","","","","","","","","","","","","","","","","","","","","","","","","","","","","","","","","","",""
"282.185337901","2026-08-14 10:55:38.607767","/home/akatoki/SC-30/scripts/SC-30/2_phase/EM.py","log_msg","90","","","","[待機] alt=-657.379 m","","","","","","","","","","","","","","","","","","","","","","","","","","","","","","","","","","","","","","","","","",""
"283.294875179","2026-08-14 10:55:39.717296","/home/akatoki/SC-30/scripts/SC-30/2_phase/EM.py","log_msg","90","","","","","","","","","","-657.214384658533","","","","","","","","","","","","","","","","","","","","","","","","","","","","","","","","","","","",""
"283.299348574","2026-08-14 10:55:39.721778","/home/akatoki/SC-30/scripts/SC-30/2_phase/EM.py","log_msg","90","","","","[待機] alt=-657.214 m","","","","","","","","","","","","","","","","","","","","","","","","","","","","","","","","","","","","","","","","","",""
"284.404322066","2026-08-14 10:55:40.826742","/home/akatoki/SC-30/scripts/SC-30/2_phase/EM.py","log_msg","90","","","","","","","","","","-657.6159565055285","","","","","","","","","","","","","","","","","","","","","","","","","","","","","","","","","","","",""
"284.408741599","2026-08-14 10:55:40.831171","/home/akatoki/SC-30/scripts/SC-30/2_phase/EM.py","log_msg","90","","","","[待機] alt=-657.616 m","","","","","","","","","","","","","","","","","","","","","","","","","","","","","","","","","","","","","","","","","",""
"285.513619545","2026-08-14 10:55:41.936041","/home/akatoki/SC-30/scripts/SC-30/2_phase/EM.py","log_msg","90","","","","","","","","","","-657.8532962881226","","","","","","","","","","","","","","","","","","","","","","","","","","","","","","","","","","","",""
"285.518127031","2026-08-14 10:55:41.940555","/home/akatoki/SC-30/scripts/SC-30/2_phase/EM.py","log_msg","90","","","","[待機] alt=-657.853 m","","","","","","","","","","","","","","","","","","","","","","","","","","","","","","","","","","","","","","","","","",""
"286.623103803","2026-08-14 10:55:43.045524","/home/akatoki/SC-30/scripts/SC-30/2_phase/EM.py","log_msg","90","","","","","","","","","","-657.4876720688393","","","","","","","","","","","","","","","","","","","","","","","","","","","","","","","","","","","",""
"286.63246793","2026-08-14 10:55:43.054896","/home/akatoki/SC-30/scripts/SC-30/2_phase/EM.py","log_msg","90","","","","[待機] alt=-657.488 m","","","","","","","","","","","","","","","","","","","","","","","","","","","","","","","","","","","","","","","","","",""
"287.738793946","2026-08-14 10:55:44.161215","/home/akatoki/SC-30/scripts/SC-30/2_phase/EM.py","log_msg","90","","","","","","","","","","-656.9218902175252","","","","","","","","","","","","","","","","","","","","","","","","","","","","","","","","","","","",""
"287.743231471","2026-08-14 10:55:44.165661","/home/akatoki/SC-30/scripts/SC-30/2_phase/EM.py","log_msg","90","","","","[待機] alt=-656.922 m","","","","","","","","","","","","","","","","","","","","","","","","","","","","","","","","","","","","","","","","","",""
"288.848296325","2026-08-14 10:55:45.270717","/home/akatoki/SC-30/scripts/SC-30/2_phase/EM.py","log_msg","90","","","","","","","","","","-656.9950142263741","","","","","","","","","","","","","","","","","","","","","","","","","","","","","","","","","","","",""
"288.852798999","2026-08-14 10:55:45.275228","/home/akatoki/SC-30/scripts/SC-30/2_phase/EM.py","log_msg","90","","","","[待機] alt=-656.995 m","","","","","","","","","","","","","","","","","","","","","","","","","","","","","","","","","","","","","","","","","",""
"289.957911266","2026-08-14 10:55:46.380332","/home/akatoki/SC-30/scripts/SC-30/2_phase/EM.py","log_msg","90","","","","","","","","","","-657.8892071608814","","","","","","","","","","","","","","","","","","","","","","","","","","","","","","","","","","","",""
"289.962442021","2026-08-14 10:55:46.384871","/home/akatoki/SC-30/scripts/SC-30/2_phase/EM.py","log_msg","90","","","","[待機] alt=-657.889 m","","","","","","","","","","","","","","","","","","","","","","","","","","","","","","","","","","","","","","","","","",""
"291.072067653","2026-08-14 10:55:47.494489","/home/akatoki/SC-30/scripts/SC-30/2_phase/EM.py","log_msg","90","","","","","","","","","","-657.3593730425234","","","","","","","","","","","","","","","","","","","","","","","","","","","","","","","","","","","",""
"291.07652903","2026-08-14 10:55:47.498957","/home/akatoki/SC-30/scripts/SC-30/2_phase/EM.py","log_msg","90","","","","[待機] alt=-657.359 m","","","","","","","","","","","","","","","","","","","","","","","","","","","","","","","","","","","","","","","","","",""
"292.181514272","2026-08-14 10:55:48.603936","/home/akatoki/SC-30/scripts/SC-30/2_phase/EM.py","log_msg","90","","","","","","","","","","-657.1220412075068","","","","","","","","","","","","","","","","","","","","","","","","","","","","","","","","","","","",""
"292.18602622","2026-08-14 10:55:48.608454","/home/akatoki/SC-30/scripts/SC-30/2_phase/EM.py","log_msg","90","","","","[待機] alt=-657.122 m","","","","","","","","","","","","","","","","","","","","","","","","","","","","","","","","","","","","","","","","","",""
"293.290984154","2026-08-14 10:55:49.713406","/home/akatoki/SC-30/scripts/SC-30/2_phase/EM.py","log_msg","90","","","","","","","","","","-657.2310594287364","","","","","","","","","","","","","","","","","","","","","","","","","","","","","","","","","","","",""
"293.295454887","2026-08-14 10:55:49.717884","/home/akatoki/SC-30/scripts/SC-30/2_phase/EM.py","log_msg","90","","","","[待機] alt=-657.231 m","","","","","","","","","","","","","","","","","","","","","","","","","","","","","","","","","","","","","","","","","",""
"294.400505533","2026-08-14 10:55:50.822926","/home/akatoki/SC-30/scripts/SC-30/2_phase/EM.py","log_msg","90","","","","","","","","","","-657.4683795444832","","","","","","","","","","","","","","","","","","","","","","","","","","","","","","","","","","","",""
"294.409955379","2026-08-14 10:55:50.832383","/home/akatoki/SC-30/scripts/SC-30/2_phase/EM.py","log_msg","90","","","","[待機] alt=-657.468 m","","","","","","","","","","","","","","","","","","","","","","","","","","","","","","","","","","","","","","","","","",""
"295.514893926","2026-08-14 10:55:51.937315","/home/akatoki/SC-30/scripts/SC-30/2_phase/EM.py","log_msg","90","","","","","","","","","","-657.1579305751249","","","","","","","","","","","","","","","","","","","","","","","","","","","","","","","","","","","",""
"295.520345983","2026-08-14 10:55:51.942775","/home/akatoki/SC-30/scripts/SC-30/2_phase/EM.py","log_msg","90","","","","[待機] alt=-657.158 m","","","","","","","","","","","","","","","","","","","","","","","","","","","","","","","","","","","","","","","","","",""
"296.625340029","2026-08-14 10:55:53.047761","/home/akatoki/SC-30/scripts/SC-30/2_phase/EM.py","log_msg","90","","","","","","","","","","-657.5415084109502","","","","","","","","","","","","","","","","","","","","","","","","","","","","","","","","","","","",""
"296.629806149","2026-08-14 10:55:53.052234","/home/akatoki/SC-30/scripts/SC-30/2_phase/EM.py","log_msg","90","","","","[待機] alt=-657.542 m","","","","","","","","","","","","","","","","","","","","","","","","","","","","","","","","","","","","","","","","","",""
"297.734781986","2026-08-14 10:55:54.157203","/home/akatoki/SC-30/scripts/SC-30/2_phase/EM.py","log_msg","90","","","","","","","","","","-657.6655808101443","","","","","","","","","","","","","","","","","","","","","","","","","","","","","","","","","","","",""
"297.739230733","2026-08-14 10:55:54.161660","/home/akatoki/SC-30/scripts/SC-30/2_phase/EM.py","log_msg","90","","","","[待機] alt=-657.666 m","","","","","","","","","","","","","","","","","","","","","","","","","","","","","","","","","","","","","","","","","",""
"298.848828504","2026-08-14 10:55:55.271249","/home/akatoki/SC-30/scripts/SC-30/2_phase/EM.py","log_msg","90","","","","","","","","","","-657.5193168736088","","","","","","","","","","","","","","","","","","","","","","","","","","","","","","","","","","","",""
"298.853369786","2026-08-14 10:55:55.275798","/home/akatoki/SC-30/scripts/SC-30/2_phase/EM.py","log_msg","90","","","","[待機] alt=-657.519 m","","","","","","","","","","","","","","","","","","","","","","","","","","","","","","","","","","","","","","","","","",""
"299.958344165","2026-08-14 10:55:56.380765","/home/akatoki/SC-30/scripts/SC-30/2_phase/EM.py","log_msg","90","","","","","","","","","","-657.5745404611031","","","","","","","","","","","","","","","","","","","","","","","","","","","","","","","","","","","",""
"299.96278649","2026-08-14 10:55:56.385215","/home/akatoki/SC-30/scripts/SC-30/2_phase/EM.py","log_msg","90","","","","[待機] alt=-657.575 m","","","","","","","","","","","","","","","","","","","","","","","","","","","","","","","","","","","","","","","","","",""
"301.067804174","2026-08-14 10:55:57.490225","/home/akatoki/SC-30/scripts/SC-30/2_phase/EM.py","log_msg","90","","","","","","","","","","-657.687765347251","","","","","","","","","","","","","","","","","","","","","","","","","","","","","","","","","","","",""
"301.072300923","2026-08-14 10:55:57.494731","/home/akatoki/SC-30/scripts/SC-30/2_phase/EM.py","log_msg","90","","","","[待機] alt=-657.688 m","","","","","","","","","","","","","","","","","","","","","","","","","","","","","","","","","","","","","","","","","",""
"302.182106808","2026-08-14 10:55:58.604527","/home/akatoki/SC-30/scripts/SC-30/2_phase/EM.py","log_msg","90","","","","","","","","","","-657.0999185245653","","","","","","","","","","","","","","","","","","","","","","","","","","","","","","","","","","","",""
"302.18664283","2026-08-14 10:55:58.609072","/home/akatoki/SC-30/scripts/SC-30/2_phase/EM.py","log_msg","90","","","","[待機] alt=-657.100 m","","","","","","","","","","","","","","","","","","","","","","","","","","","","","","","","","","","","","","","","","",""
"303.291623289","2026-08-14 10:55:59.714044","/home/akatoki/SC-30/scripts/SC-30/2_phase/EM.py","log_msg","90","","","","","","","","","","-656.8625998114503","","","","","","","","","","","","","","","","","","","","","","","","","","","","","","","","","","","",""
"303.296124808","2026-08-14 10:55:59.718553","/home/akatoki/SC-30/scripts/SC-30/2_phase/EM.py","log_msg","90","","","","[待機] alt=-656.863 m","","","","","","","","","","","","","","","","","","","","","","","","","","","","","","","","","","","","","","","","","",""
"304.40112061","2026-08-14 10:56:00.823540","/home/akatoki/SC-30/scripts/SC-30/2_phase/EM.py","log_msg","90","","","","","","","","","","-657.55943541065","","","","","","","","","","","","","","","","","","","","","","","","","","","","","","","","","","","",""
"304.406569988","2026-08-14 10:56:00.829001","/home/akatoki/SC-30/scripts/SC-30/2_phase/EM.py","log_msg","90","","","","[待機] alt=-657.559 m","","","","","","","","","","","","","","","","","","","","","","","","","","","","","","","","","","","","","","","","","",""
"305.511674154","2026-08-14 10:56:01.934095","/home/akatoki/SC-30/scripts/SC-30/2_phase/EM.py","log_msg","90","","","","","","","","","","-657.7566138214263","","","","","","","","","","","","","","","","","","","","","","","","","","","","","","","","","","","",""
"305.521291364","2026-08-14 10:56:01.943721","/home/akatoki/SC-30/scripts/SC-30/2_phase/EM.py","log_msg","90","","","","[待機] alt=-657.757 m","","","","","","","","","","","","","","","","","","","","","","","","","","","","","","","","","","","","","","","","","",""
"306.626206091","2026-08-14 10:56:03.048627","/home/akatoki/SC-30/scripts/SC-30/2_phase/EM.py","log_msg","90","","","","","","","","","","-657.0626177033618","","","","","","","","","","","","","","","","","","","","","","","","","","","","","","","","","","","",""
"306.6306857","2026-08-14 10:56:03.053113","/home/akatoki/SC-30/scripts/SC-30/2_phase/EM.py","log_msg","90","","","","[待機] alt=-657.063 m","","","","","","","","","","","","","","","","","","","","","","","","","","","","","","","","","","","","","","","","","",""
"307.735702639","2026-08-14 10:56:04.158124","/home/akatoki/SC-30/scripts/SC-30/2_phase/EM.py","log_msg","90","","","","","","","","","","-657.5924489745732","","","","","","","","","","","","","","","","","","","","","","","","","","","","","","","","","","","",""
"307.740237349","2026-08-14 10:56:04.162667","/home/akatoki/SC-30/scripts/SC-30/2_phase/EM.py","log_msg","90","","","","[待機] alt=-657.592 m","","","","","","","","","","","","","","","","","","","","","","","","","","","","","","","","","","","","","","","","","",""
"308.845220755","2026-08-14 10:56:05.267642","/home/akatoki/SC-30/scripts/SC-30/2_phase/EM.py","log_msg","90","","","","","","","","","","-656.8625998114503","","","","","","","","","","","","","","","","","","","","","","","","","","","","","","","","","","","",""
"308.849695761","2026-08-14 10:56:05.272126","/home/akatoki/SC-30/scripts/SC-30/2_phase/EM.py","log_msg","90","","","","[待機] alt=-656.863 m","","","","","","","","","","","","","","","","","","","","","","","","","","","","","","","","","","","","","","","","","",""
"309.959310783","2026-08-14 10:56:06.381731","/home/akatoki/SC-30/scripts/SC-30/2_phase/EM.py","log_msg","90","","","","","","","","","","-657.2267858161222","","","","","","","","","","","","","","","","","","","","","","","","","","","","","","","","","","","",""
"309.963847293","2026-08-14 10:56:06.386276","/home/akatoki/SC-30/scripts/SC-30/2_phase/EM.py","log_msg","90","","","","[待機] alt=-657.227 m","","","","","","","","","","","","","","","","","","","","","","","","","","","","","","","","","","","","","","","","","",""
"311.068909075","2026-08-14 10:56:07.491330","/home/akatoki/SC-30/scripts/SC-30/2_phase/EM.py","log_msg","90","","","","","","","","","","-657.1296128873287","","","","","","","","","","","","","","","","","","","","","","","","","","","","","","","","","","","",""
"311.073384525","2026-08-14 10:56:07.495813","/home/akatoki/SC-30/scripts/SC-30/2_phase/EM.py","log_msg","90","","","","[待機] alt=-657.130 m","","","","","","","","","","","","","","","","","","","","","","","","","","","","","","","","","","","","","","","","","",""
"312.178345148","2026-08-14 10:56:08.600765","/home/akatoki/SC-30/scripts/SC-30/2_phase/EM.py","log_msg","90","","","","","","","","","","-657.4071506526972","","","","","","","","","","","","","","","","","","","","","","","","","","","","","","","","","","","",""
"312.182826547","2026-08-14 10:56:08.605255","/home/akatoki/SC-30/scripts/SC-30/2_phase/EM.py","log_msg","90","","","","[待機] alt=-657.407 m","","","","","","","","","","","","","","","","","","","","","","","","","","","","","","","","","","","","","","","","","",""
"313.289324568","2026-08-14 10:56:09.711745","/home/akatoki/SC-30/scripts/SC-30/2_phase/EM.py","log_msg","90","","","","","","","","","","-657.511237206977","","","","","","","","","","","","","","","","","","","","","","","","","","","","","","","","","","","",""
"313.298592453","2026-08-14 10:56:09.721021","/home/akatoki/SC-30/scripts/SC-30/2_phase/EM.py","log_msg","90","","","","[待機] alt=-657.511 m","","","","","","","","","","","","","","","","","","","","","","","","","","","","","","","","","","","","","","","","","",""
"314.403513588","2026-08-14 10:56:10.825934","/home/akatoki/SC-30/scripts/SC-30/2_phase/EM.py","log_msg","90","","","","","","","","","","-657.1079035249645","","","","","","","","","","","","","","","","","","","","","","","","","","","","","","","","","","","",""
"314.408069939","2026-08-14 10:56:10.830499","/home/akatoki/SC-30/scripts/SC-30/2_phase/EM.py","log_msg","90","","","","[待機] alt=-657.108 m","","","","","","","","","","","","","","","","","","","","","","","","","","","","","","","","","","","","","","","","","",""
"315.513093043","2026-08-14 10:56:11.935514","/home/akatoki/SC-30/scripts/SC-30/2_phase/EM.py","log_msg","90","","","","","","","","","","-657.0097401489692","","","","","","","","","","","","","","","","","","","","","","","","","","","","","","","","","","","",""
"315.51754267","2026-08-14 10:56:11.939972","/home/akatoki/SC-30/scripts/SC-30/2_phase/EM.py","log_msg","90","","","","[待機] alt=-657.010 m","","","","","","","","","","","","","","","","","","","","","","","","","","","","","","","","","","","","","","","","","",""
"316.622539187","2026-08-14 10:56:13.044960","/home/akatoki/SC-30/scripts/SC-30/2_phase/EM.py","log_msg","90","","","","","","","","","","-657.5925812754493","","","","","","","","","","","","","","","","","","","","","","","","","","","","","","","","","","","",""
"316.627048666","2026-08-14 10:56:13.049477","/home/akatoki/SC-30/scripts/SC-30/2_phase/EM.py","log_msg","90","","","","[待機] alt=-657.593 m","","","","","","","","","","","","","","","","","","","","","","","","","","","","","","","","","","","","","","","","","",""
"317.731954317","2026-08-14 10:56:14.154375","/home/akatoki/SC-30/scripts/SC-30/2_phase/EM.py","log_msg","90","","","","","","","","","","-658.1753221592568","","","","","","","","","","","","","","","","","","","","","","","","","","","","","","","","","","","",""
"317.741656681","2026-08-14 10:56:14.164086","/home/akatoki/SC-30/scripts/SC-30/2_phase/EM.py","log_msg","90","","","","[待機] alt=-658.175 m","","","","","","","","","","","","","","","","","","","","","","","","","","","","","","","","","","","","","","","","","",""
"318.846571497","2026-08-14 10:56:15.268992","/home/akatoki/SC-30/scripts/SC-30/2_phase/EM.py","log_msg","90","","","","","","","","","","-657.4584889834605","","","","","","","","","","","","","","","","","","","","","","","","","","","","","","","","","","","",""
"318.851041429","2026-08-14 10:56:15.273470","/home/akatoki/SC-30/scripts/SC-30/2_phase/EM.py","log_msg","90","","","","[待機] alt=-657.458 m","","","","","","","","","","","","","","","","","","","","","","","","","","","","","","","","","","","","","","","","","",""
"319.956104149","2026-08-14 10:56:16.378525","/home/akatoki/SC-30/scripts/SC-30/2_phase/EM.py","log_msg","90","","","","","","","","","","-657.3677009799628","","","","","","","","","","","","","","","","","","","","","","","","","","","","","","","","","","","",""
"319.9606775","2026-08-14 10:56:16.383107","/home/akatoki/SC-30/scripts/SC-30/2_phase/EM.py","log_msg","90","","","","[待機] alt=-657.368 m","","","","","","","","","","","","","","","","","","","","","","","","","","","","","","","","","","","","","","","","","",""
"321.065692554","2026-08-14 10:56:17.488113","/home/akatoki/SC-30/scripts/SC-30/2_phase/EM.py","log_msg","90","","","","","","","","","","-657.6278969813019","","","","","","","","","","","","","","","","","","","","","","","","","","","","","","","","","","","",""
"321.076787131","2026-08-14 10:56:17.499217","/home/akatoki/SC-30/scripts/SC-30/2_phase/EM.py","log_msg","90","","","","[待機] alt=-657.628 m","","","","","","","","","","","","","","","","","","","","","","","","","","","","","","","","","","","","","","","","","",""
"322.181576252","2026-08-14 10:56:18.603997","/home/akatoki/SC-30/scripts/SC-30/2_phase/EM.py","log_msg","90","","","","","","","","","","-658.1576798199172","","","","","","","","","","","","","","","","","","","","","","","","","","","","","","","","","","","",""
"322.18610162","2026-08-14 10:56:18.608530","/home/akatoki/SC-30/scripts/SC-30/2_phase/EM.py","log_msg","90","","","","[待機] alt=-658.158 m","","","","","","","","","","","","","","","","","","","","","","","","","","","","","","","","","","","","","","","","","",""
"323.291065968","2026-08-14 10:56:19.713486","/home/akatoki/SC-30/scripts/SC-30/2_phase/EM.py","log_msg","90","","","","","","","","","","-657.4815713776128","","","","","","","","","","","","","","","","","","","","","","","","","","","","","","","","","","","",""
"323.295553495","2026-08-14 10:56:19.717982","/home/akatoki/SC-30/scripts/SC-30/2_phase/EM.py","log_msg","90","","","","[待機] alt=-657.482 m","","","","","","","","","","","","","","","","","","","","","","","","","","","","","","","","","","","","","","","","","",""
"324.400609604","2026-08-14 10:56:20.823030","/home/akatoki/SC-30/scripts/SC-30/2_phase/EM.py","log_msg","90","","","","","","","","","","-657.4462599547988","","","","","","","","","","","","","","","","","","","","","","","","","","","","","","","","","","","",""
"324.405068244","2026-08-14 10:56:20.827496","/home/akatoki/SC-30/scripts/SC-30/2_phase/EM.py","log_msg","90","","","","[待機] alt=-657.446 m","","","","","","","","","","","","","","","","","","","","","","","","","","","","","","","","","","","","","","","","","",""
"325.514682576","2026-08-14 10:56:21.937103","/home/akatoki/SC-30/scripts/SC-30/2_phase/EM.py","log_msg","90","","","","","","","","","","-656.9719542654224","","","","","","","","","","","","","","","","","","","","","","","","","","","","","","","","","","","",""
"325.51910754","2026-08-14 10:56:21.941536","/home/akatoki/SC-30/scripts/SC-30/2_phase/EM.py","log_msg","90","","","","[待機] alt=-656.972 m","","","","","","","","","","","","","","","","","","","","","","","","","","","","","","","","","","","","","","","","","",""
"326.624123947","2026-08-14 10:56:23.046544","/home/akatoki/SC-30/scripts/SC-30/2_phase/EM.py","log_msg","90","","","","","","","","","","-657.4084081797846","","","","","","","","","","","","","","","","","","","","","","","","","","","","","","","","","","","",""
"326.628635575","2026-08-14 10:56:23.051065","/home/akatoki/SC-30/scripts/SC-30/2_phase/EM.py","log_msg","90","","","","[待機] alt=-657.408 m","","","","","","","","","","","","","","","","","","","","","","","","","","","","","","","","","","","","","","","","","",""
"327.73363372","2026-08-14 10:56:24.156054","/home/akatoki/SC-30/scripts/SC-30/2_phase/EM.py","log_msg","90","","","","","","","","","","-657.897483539798","","","","","","","","","","","","","","","","","","","","","","","","","","","","","","","","","","","",""
"327.738168842","2026-08-14 10:56:24.160599","/home/akatoki/SC-30/scripts/SC-30/2_phase/EM.py","log_msg","90","","","","[待機] alt=-657.897 m","","","","","","","","","","","","","","","","","","","","","","","","","","","","","","","","","","","","","","","","","",""
"328.843098681","2026-08-14 10:56:25.265520","/home/akatoki/SC-30/scripts/SC-30/2_phase/EM.py","log_msg","90","","","","","","","","","","-657.988269056953","","","","","","","","","","","","","","","","","","","","","","","","","","","","","","","","","","","",""
"328.847536601","2026-08-14 10:56:25.269965","/home/akatoki/SC-30/scripts/SC-30/2_phase/EM.py","log_msg","90","","","","[待機] alt=-657.988 m","","","","","","","","","","","","","","","","","","","","","","","","","","","","","","","","","","","","","","","","","",""
"329.965479025","2026-08-14 10:56:26.387899","/home/akatoki/SC-30/scripts/SC-30/2_phase/EM.py","log_msg","90","","","","","","","","","","-657.6048215576972","","","","","","","","","","","","","","","","","","","","","","","","","","","","","","","","","","","",""
"329.96999938","2026-08-14 10:56:26.392431","/home/akatoki/SC-30/scripts/SC-30/2_phase/EM.py","log_msg","90","","","","[待機] alt=-657.605 m","","","","","","","","","","","","","","","","","","","","","","","","","","","","","","","","","","","","","","","","","",""
"331.075117825","2026-08-14 10:56:27.497539","/home/akatoki/SC-30/scripts/SC-30/2_phase/EM.py","log_msg","90","","","","","","","","","","-658.0058805370052","","","","","","","","","","","","","","","","","","","","","","","","","","","","","","","","","","","",""
"331.079580759","2026-08-14 10:56:27.502010","/home/akatoki/SC-30/scripts/SC-30/2_phase/EM.py","log_msg","90","","","","[待機] alt=-658.006 m","","","","","","","","","","","","","","","","","","","","","","","","","","","","","","","","","","","","","","","","","",""
"332.189313947","2026-08-14 10:56:28.611735","/home/akatoki/SC-30/scripts/SC-30/2_phase/EM.py","log_msg","90","","","","","","","","","","-657.5844705812207","","","","","","","","","","","","","","","","","","","","","","","","","","","","","","","","","","","",""
"332.193869939","2026-08-14 10:56:28.616299","/home/akatoki/SC-30/scripts/SC-30/2_phase/EM.py","log_msg","90","","","","[待機] alt=-657.584 m","","","","","","","","","","","","","","","","","","","","","","","","","","","","","","","","","","","","","","","","","",""
"333.298891326","2026-08-14 10:56:29.721312","/home/akatoki/SC-30/scripts/SC-30/2_phase/EM.py","log_msg","90","","","","","","","","","","-657.2010292892876","","","","","","","","","","","","","","","","","","","","","","","","","","","","","","","","","","","",""
"333.303622593","2026-08-14 10:56:29.726051","/home/akatoki/SC-30/scripts/SC-30/2_phase/EM.py","log_msg","90","","","","[待機] alt=-657.201 m","","","","","","","","","","","","","","","","","","","","","","","","","","","","","","","","","","","","","","","","","",""
"334.408676604","2026-08-14 10:56:30.831098","/home/akatoki/SC-30/scripts/SC-30/2_phase/EM.py","log_msg","90","","","","","","","","","","-657.4937061626612","","","","","","","","","","","","","","","","","","","","","","","","","","","","","","","","","","","",""
"334.413154459","2026-08-14 10:56:30.835584","/home/akatoki/SC-30/scripts/SC-30/2_phase/EM.py","log_msg","90","","","","[待機] alt=-657.494 m","","","","","","","","","","","","","","","","","","","","","","","","","","","","","","","","","","","","","","","","","",""
"335.518156904","2026-08-14 10:56:31.940577","/home/akatoki/SC-30/scripts/SC-30/2_phase/EM.py","log_msg","90","","","","","","","","","","-656.9083481973978","","","","","","","","","","","","","","","","","","","","","","","","","","","","","","","","","","","",""
"335.527495397","2026-08-14 10:56:31.949925","/home/akatoki/SC-30/scripts/SC-30/2_phase/EM.py","log_msg","90","","","","[待機] alt=-656.908 m","","","","","","","","","","","","","","","","","","","","","","","","","","","","","","","","","","","","","","","","","",""
"336.632495035","2026-08-14 10:56:33.054917","/home/akatoki/SC-30/scripts/SC-30/2_phase/EM.py","log_msg","90","","","","","","","","","","-657.5288865428797","","","","","","","","","","","","","","","","","","","","","","","","","","","","","","","","","","","",""
"336.636970628","2026-08-14 10:56:33.059400","/home/akatoki/SC-30/scripts/SC-30/2_phase/EM.py","log_msg","90","","","","[待機] alt=-657.529 m","","","","","","","","","","","","","","","","","","","","","","","","","","","","","","","","","","","","","","","","","",""
"337.741943083","2026-08-14 10:56:34.164364","/home/akatoki/SC-30/scripts/SC-30/2_phase/EM.py","log_msg","90","","","","","","","","","","-657.7454866153503","","","","","","","","","","","","","","","","","","","","","","","","","","","","","","","","","","","",""
"337.746407387","2026-08-14 10:56:34.168836","/home/akatoki/SC-30/scripts/SC-30/2_phase/EM.py","log_msg","90","","","","[待機] alt=-657.745 m","","","","","","","","","","","","","","","","","","","","","","","","","","","","","","","","","","","","","","","","","",""
"338.852966565","2026-08-14 10:56:35.275387","/home/akatoki/SC-30/scripts/SC-30/2_phase/EM.py","log_msg","90","","","","","","","","","","-658.0000898763942","","","","","","","","","","","","","","","","","","","","","","","","","","","","","","","","","","","",""
"338.862129296","2026-08-14 10:56:35.284559","/home/akatoki/SC-30/scripts/SC-30/2_phase/EM.py","log_msg","90","","","","[待機] alt=-658.000 m","","","","","","","","","","","","","","","","","","","","","","","","","","","","","","","","","","","","","","","","","",""
"339.967050734","2026-08-14 10:56:36.389471","/home/akatoki/SC-30/scripts/SC-30/2_phase/EM.py","log_msg","90","","","","","","","","","","-657.5757351488649","","","","","","","","","","","","","","","","","","","","","","","","","","","","","","","","","","","",""
"339.971498549","2026-08-14 10:56:36.393928","/home/akatoki/SC-30/scripts/SC-30/2_phase/EM.py","log_msg","90","","","","[待機] alt=-657.576 m","","","","","","","","","","","","","","","","","","","","","","","","","","","","","","","","","","","","","","","","","",""
"341.07655294","2026-08-14 10:56:37.498974","/home/akatoki/SC-30/scripts/SC-30/2_phase/EM.py","log_msg","90","","","","","","","","","","-657.8477844977057","","","","","","","","","","","","","","","","","","","","","","","","","","","","","","","","","","","",""
"341.081021591","2026-08-14 10:56:37.503451","/home/akatoki/SC-30/scripts/SC-30/2_phase/EM.py","log_msg","90","","","","[待機] alt=-657.848 m","","","","","","","","","","","","","","","","","","","","","","","","","","","","","","","","","","","","","","","","","",""
"342.185998167","2026-08-14 10:56:38.608417","/home/akatoki/SC-30/scripts/SC-30/2_phase/EM.py","log_msg","90","","","","","","","","","","-657.736381576313","","","","","","","","","","","","","","","","","","","","","","","","","","","","","","","","","","","",""
"342.190344202","2026-08-14 10:56:38.612770","/home/akatoki/SC-30/scripts/SC-30/2_phase/EM.py","log_msg","90","","","","[待機] alt=-657.736 m","","","","","","","","","","","","","","","","","","","","","","","","","","","","","","","","","","","","","","","","","",""
"343.29560382","2026-08-14 10:56:39.718025","/home/akatoki/SC-30/scripts/SC-30/2_phase/EM.py","log_msg","90","","","","","","","","","","-657.2623280499176","","","","","","","","","","","","","","","","","","","","","","","","","","","","","","","","","","","",""
"343.305096644","2026-08-14 10:56:39.727528","/home/akatoki/SC-30/scripts/SC-30/2_phase/EM.py","log_msg","90","","","","[待機] alt=-657.262 m","","","","","","","","","","","","","","","","","","","","","","","","","","","","","","","","","","","","","","","","","",""
"344.410082852","2026-08-14 10:56:40.832504","/home/akatoki/SC-30/scripts/SC-30/2_phase/EM.py","log_msg","90","","","","","","","","","","-657.8444900951648","","","","","","","","","","","","","","","","","","","","","","","","","","","","","","","","","","","",""
"344.414576159","2026-08-14 10:56:40.837004","/home/akatoki/SC-30/scripts/SC-30/2_phase/EM.py","log_msg","90","","","","[待機] alt=-657.844 m","","","","","","","","","","","","","","","","","","","","","","","","","","","","","","","","","","","","","","","","","",""
"345.519662357","2026-08-14 10:56:41.942083","/home/akatoki/SC-30/scripts/SC-30/2_phase/EM.py","log_msg","90","","","","","","","","","","-657.6569991752024","","","","","","","","","","","","","","","","","","","","","","","","","","","","","","","","","","","",""
"345.524217896","2026-08-14 10:56:41.946647","/home/akatoki/SC-30/scripts/SC-30/2_phase/EM.py","log_msg","90","","","","[待機] alt=-657.657 m","","","","","","","","","","","","","","","","","","","","","","","","","","","","","","","","","","","","","","","","","",""
"346.629264429","2026-08-14 10:56:43.051686","/home/akatoki/SC-30/scripts/SC-30/2_phase/EM.py","log_msg","90","","","","","","","","","","-657.5106217042376","","","","","","","","","","","","","","","","","","","","","","","","","","","","","","","","","","","",""
"346.639889286","2026-08-14 10:56:43.062321","/home/akatoki/SC-30/scripts/SC-30/2_phase/EM.py","log_msg","90","","","","[待機] alt=-657.511 m","","","","","","","","","","","","","","","","","","","","","","","","","","","","","","","","","","","","","","","","","",""
"347.744975288","2026-08-14 10:56:44.167396","/home/akatoki/SC-30/scripts/SC-30/2_phase/EM.py","log_msg","90","","","","","","","","","","-657.7650346375763","","","","","","","","","","","","","","","","","","","","","","","","","","","","","","","","","","","",""
"347.749480083","2026-08-14 10:56:44.171909","/home/akatoki/SC-30/scripts/SC-30/2_phase/EM.py","log_msg","90","","","","[待機] alt=-657.765 m","","","","","","","","","","","","","","","","","","","","","","","","","","","","","","","","","","","","","","","","","",""
"348.854556607","2026-08-14 10:56:45.276977","/home/akatoki/SC-30/scripts/SC-30/2_phase/EM.py","log_msg","90","","","","","","","","","","-657.5454624222216","","","","","","","","","","","","","","","","","","","","","","","","","","","","","","","","","","","",""
"348.859025533","2026-08-14 10:56:45.281454","/home/akatoki/SC-30/scripts/SC-30/2_phase/EM.py","log_msg","90","","","","[待機] alt=-657.545 m","","","","","","","","","","","","","","","","","","","","","","","","","","","","","","","","","","","","","","","","","",""
"349.964100302","2026-08-14 10:56:46.386521","/home/akatoki/SC-30/scripts/SC-30/2_phase/EM.py","log_msg","90","","","","","","","","","","-658.0542012971432","","","","","","","","","","","","","","","","","","","","","","","","","","","","","","","","","","","",""
"349.968555488","2026-08-14 10:56:46.390983","/home/akatoki/SC-30/scripts/SC-30/2_phase/EM.py","log_msg","90","","","","[待機] alt=-658.054 m","","","","","","","","","","","","","","","","","","","","","","","","","","","","","","","","","","","","","","","","","",""
"351.073600869","2026-08-14 10:56:47.496022","/home/akatoki/SC-30/scripts/SC-30/2_phase/EM.py","log_msg","90","","","","","","","","","","-657.7440427434859","","","","","","","","","","","","","","","","","","","","","","","","","","","","","","","","","","","",""
"351.083343352","2026-08-14 10:56:47.505774","/home/akatoki/SC-30/scripts/SC-30/2_phase/EM.py","log_msg","90","","","","[待機] alt=-657.744 m","","","","","","","","","","","","","","","","","","","","","","","","","","","","","","","","","","","","","","","","","",""
"352.188305267","2026-08-14 10:56:48.610727","/home/akatoki/SC-30/scripts/SC-30/2_phase/EM.py","log_msg","90","","","","","","","","","","-657.6150336265699","","","","","","","","","","","","","","","","","","","","","","","","","","","","","","","","","","","",""
"352.192766769","2026-08-14 10:56:48.615195","/home/akatoki/SC-30/scripts/SC-30/2_phase/EM.py","log_msg","90","","","","[待機] alt=-657.615 m","","","","","","","","","","","","","","","","","","","","","","","","","","","","","","","","","","","","","","","","","",""
"353.297800399","2026-08-14 10:56:49.720221","/home/akatoki/SC-30/scripts/SC-30/2_phase/EM.py","log_msg","90","","","","","","","","","","-657.3780704226618","","","","","","","","","","","","","","","","","","","","","","","","","","","","","","","","","","","",""
"353.30232153","2026-08-14 10:56:49.724749","/home/akatoki/SC-30/scripts/SC-30/2_phase/EM.py","log_msg","90","","","","[待機] alt=-657.378 m","","","","","","","","","","","","","","","","","","","","","","","","","","","","","","","","","","","","","","","","","",""
"354.409646327","2026-08-14 10:56:50.832068","/home/akatoki/SC-30/scripts/SC-30/2_phase/EM.py","log_msg","90","","","","","","","","","","-657.322249928912","","","","","","","","","","","","","","","","","","","","","","","","","","","","","","","","","","","",""
"354.424183422","2026-08-14 10:56:50.846614","/home/akatoki/SC-30/scripts/SC-30/2_phase/EM.py","log_msg","90","","","","[待機] alt=-657.322 m","","","","","","","","","","","","","","","","","","","","","","","","","","","","","","","","","","","","","","","","","",""
"355.550062974","2026-08-14 10:56:51.976827","/home/akatoki/SC-30/scripts/SC-30/2_phase/EM.py","log_msg","90","","","","","","","","","","-657.503368534242","","","","","","","","","","","","","","","","","","","","","","","","","","","","","","","","","","","",""
"355.558601475","2026-08-14 10:56:51.981029","/home/akatoki/SC-30/scripts/SC-30/2_phase/EM.py","log_msg","90","","","","[待機] alt=-657.503 m","","","","","","","","","","","","","","","","","","","","","","","","","","","","","","","","","","","","","","","","","",""
"356.66367824","2026-08-14 10:56:53.086095","/home/akatoki/SC-30/scripts/SC-30/2_phase/EM.py","log_msg","90","","","","","","","","","","-657.0613600999598","","","","","","","","","","","","","","","","","","","","","","","","","","","","","","","","","","","",""
"356.668930743","2026-08-14 10:56:53.091357","/home/akatoki/SC-30/scripts/SC-30/2_phase/EM.py","log_msg","90","","","","[待機] alt=-657.061 m","","","","","","","","","","","","","","","","","","","","","","","","","","","","","","","","","","","","","","","","","",""
"357.774020748","2026-08-14 10:56:54.196438","/home/akatoki/SC-30/scripts/SC-30/2_phase/EM.py","log_msg","90","","","","","","","","","","-657.6816425176781","","","","","","","","","","","","","","","","","","","","","","","","","","","","","","","","","","","",""
"357.778214176","2026-08-14 10:56:54.200639","/home/akatoki/SC-30/scripts/SC-30/2_phase/EM.py","log_msg","90","","","","[待機] alt=-657.682 m","","","","","","","","","","","","","","","","","","","","","","","","","","","","","","","","","","","","","","","","","",""
"358.887280007","2026-08-14 10:56:55.309696","/home/akatoki/SC-30/scripts/SC-30/2_phase/EM.py","log_msg","90","","","","","","","","","","-657.3888417222283","","","","","","","","","","","","","","","","","","","","","","","","","","","","","","","","","","","",""
"358.8912952","2026-08-14 10:56:55.313718","/home/akatoki/SC-30/scripts/SC-30/2_phase/EM.py","log_msg","90","","","","[待機] alt=-657.389 m","","","","","","","","","","","","","","","","","","","","","","","","","","","","","","","","","","","","","","","","","",""
"359.995962564","2026-08-14 10:56:56.418383","/home/akatoki/SC-30/scripts/SC-30/2_phase/EM.py","log_msg","90","","","","","","","","","","-657.677715648425","","","","","","","","","","","","","","","","","","","","","","","","","","","","","","","","","","","",""
"360.000497491","2026-08-14 10:56:56.422928","/home/akatoki/SC-30/scripts/SC-30/2_phase/EM.py","log_msg","90","","","","[待機] alt=-657.678 m","","","","","","","","","","","","","","","","","","","","","","","","","","","","","","","","","","","","","","","","","",""
"361.105616932","2026-08-14 10:56:57.528038","/home/akatoki/SC-30/scripts/SC-30/2_phase/EM.py","log_msg","90","","","","","","","","","","-657.7855032408276","","","","","","","","","","","","","","","","","","","","","","","","","","","","","","","","","","","",""
"361.110315996","2026-08-14 10:56:57.532764","/home/akatoki/SC-30/scripts/SC-30/2_phase/EM.py","log_msg","90","","","","[待機] alt=-657.786 m","","","","","","","","","","","","","","","","","","","","","","","","","","","","","","","","","","","","","","","","","",""
"362.220211639","2026-08-14 10:56:58.642632","/home/akatoki/SC-30/scripts/SC-30/2_phase/EM.py","log_msg","90","","","","","","","","","","-657.3848967557306","","","","","","","","","","","","","","","","","","","","","","","","","","","","","","","","","","","",""
"362.22472325","2026-08-14 10:56:58.647152","/home/akatoki/SC-30/scripts/SC-30/2_phase/EM.py","log_msg","90","","","","[待機] alt=-657.385 m","","","","","","","","","","","","","","","","","","","","","","","","","","","","","","","","","","","","","","","","","",""
"363.329927988","2026-08-14 10:56:59.752349","/home/akatoki/SC-30/scripts/SC-30/2_phase/EM.py","log_msg","90","","","","","","","","","","-657.1479828266354","","","","","","","","","","","","","","","","","","","","","","","","","","","","","","","","","","","",""
"363.3361786","2026-08-14 10:56:59.758610","/home/akatoki/SC-30/scripts/SC-30/2_phase/EM.py","log_msg","90","","","","[待機] alt=-657.148 m","","","","","","","","","","","","","","","","","","","","","","","","","","","","","","","","","","","","","","","","","",""
"364.441455317","2026-08-14 10:57:00.863876","/home/akatoki/SC-30/scripts/SC-30/2_phase/EM.py","log_msg","90","","","","","","","","","","-657.5140043923884","","","","","","","","","","","","","","","","","","","","","","","","","","","","","","","","","","","",""
"364.446038592","2026-08-14 10:57:00.868467","/home/akatoki/SC-30/scripts/SC-30/2_phase/EM.py","log_msg","90","","","","[待機] alt=-657.514 m","","","","","","","","","","","","","","","","","","","","","","","","","","","","","","","","","","","","","","","","","",""
"365.555724438","2026-08-14 10:57:01.978146","/home/akatoki/SC-30/scripts/SC-30/2_phase/EM.py","log_msg","90","","","","","","","","","","-658.0437333663779","","","","","","","","","","","","","","","","","","","","","","","","","","","","","","","","","","","",""
"365.560283609","2026-08-14 10:57:01.982713","/home/akatoki/SC-30/scripts/SC-30/2_phase/EM.py","log_msg","90","","","","[待機] alt=-658.044 m","","","","","","","","","","","","","","","","","","","","","","","","","","","","","","","","","","","","","","","","","",""
"366.665372548","2026-08-14 10:57:03.087794","/home/akatoki/SC-30/scripts/SC-30/2_phase/EM.py","log_msg","90","","","","","","","","","","-657.677715648425","","","","","","","","","","","","","","","","","","","","","","","","","","","","","","","","","","","",""
"366.669948915","2026-08-14 10:57:03.092378","/home/akatoki/SC-30/scripts/SC-30/2_phase/EM.py","log_msg","90","","","","[待機] alt=-657.678 m","","","","","","","","","","","","","","","","","","","","","","","","","","","","","","","","","","","","","","","","","",""
"367.775097368","2026-08-14 10:57:04.197518","/home/akatoki/SC-30/scripts/SC-30/2_phase/EM.py","log_msg","90","","","","","","","","","","-657.3675965523788","","","","","","","","","","","","","","","","","","","","","","","","","","","","","","","","","","","",""
"367.779560171","2026-08-14 10:57:04.201989","/home/akatoki/SC-30/scripts/SC-30/2_phase/EM.py","log_msg","90","","","","[待機] alt=-657.368 m","","","","","","","","","","","","","","","","","","","","","","","","","","","","","","","","","","","","","","","","","",""
"368.884707369","2026-08-14 10:57:05.307128","/home/akatoki/SC-30/scripts/SC-30/2_phase/EM.py","log_msg","90","","","","","","","","","","-657.1865639820222","","","","","","","","","","","","","","","","","","","","","","","","","","","","","","","","","","","",""
"368.88925214","2026-08-14 10:57:05.311681","/home/akatoki/SC-30/scripts/SC-30/2_phase/EM.py","log_msg","90","","","","[待機] alt=-657.187 m","","","","","","","","","","","","","","","","","","","","","","","","","","","","","","","","","","","","","","","","","",""
"369.999000999","2026-08-14 10:57:06.421422","/home/akatoki/SC-30/scripts/SC-30/2_phase/EM.py","log_msg","90","","","","","","","","","","-657.0401583064026","","","","","","","","","","","","","","","","","","","","","","","","","","","","","","","","","","","",""
"370.003482716","2026-08-14 10:57:06.425911","/home/akatoki/SC-30/scripts/SC-30/2_phase/EM.py","log_msg","90","","","","[待機] alt=-657.040 m","","","","","","","","","","","","","","","","","","","","","","","","","","","","","","","","","","","","","","","","","",""
"371.10862254","2026-08-14 10:57:07.531043","/home/akatoki/SC-30/scripts/SC-30/2_phase/EM.py","log_msg","90","","","","","","","","","","-657.0228348271512","","","","","","","","","","","","","","","","","","","","","","","","","","","","","","","","","","","",""
"371.113233298","2026-08-14 10:57:07.535663","/home/akatoki/SC-30/scripts/SC-30/2_phase/EM.py","log_msg","90","","","","[待機] alt=-657.023 m","","","","","","","","","","","","","","","","","","","","","","","","","","","","","","","","","","","","","","","","","",""
"372.218368092","2026-08-14 10:57:08.640789","/home/akatoki/SC-30/scripts/SC-30/2_phase/EM.py","log_msg","90","","","","","","","","","","-657.8068169266272","","","","","","","","","","","","","","","","","","","","","","","","","","","","","","","","","","","",""
"372.224582222","2026-08-14 10:57:08.647014","/home/akatoki/SC-30/scripts/SC-30/2_phase/EM.py","log_msg","90","","","","[待機] alt=-657.807 m","","","","","","","","","","","","","","","","","","","","","","","","","","","","","","","","","","","","","","","","","",""
"373.348846824","2026-08-14 10:57:09.771267","/home/akatoki/SC-30/scripts/SC-30/2_phase/EM.py","log_msg","90","","","","","","","","","","-657.3888417222283","","","","","","","","","","","","","","","","","","","","","","","","","","","","","","","","","","","",""
"373.353472173","2026-08-14 10:57:09.775903","/home/akatoki/SC-30/scripts/SC-30/2_phase/EM.py","log_msg","90","","","","[待機] alt=-657.389 m","","","","","","","","","","","","","","","","","","","","","","","","","","","","","","","","","","","","","","","","","",""
"374.458537025","2026-08-14 10:57:10.880958","/home/akatoki/SC-30/scripts/SC-30/2_phase/EM.py","log_msg","90","","","","","","","","","","-657.2077588573683","","","","","","","","","","","","","","","","","","","","","","","","","","","","","","","","","","","",""
"374.463043654","2026-08-14 10:57:10.885472","/home/akatoki/SC-30/scripts/SC-30/2_phase/EM.py","log_msg","90","","","","[待機] alt=-657.208 m","","","","","","","","","","","","","","","","","","","","","","","","","","","","","","","","","","","","","","","","","",""
"375.568133546","2026-08-14 10:57:11.990555","/home/akatoki/SC-30/scripts/SC-30/2_phase/EM.py","log_msg","90","","","","","","","","","","-656.9708093064535","","","","","","","","","","","","","","","","","","","","","","","","","","","","","","","","","","","",""
"375.572603053","2026-08-14 10:57:11.995032","/home/akatoki/SC-30/scripts/SC-30/2_phase/EM.py","log_msg","90","","","","[待機] alt=-656.971 m","","","","","","","","","","","","","","","","","","","","","","","","","","","","","","","","","","","","","","","","","",""
"376.677647355","2026-08-14 10:57:13.100068","/home/akatoki/SC-30/scripts/SC-30/2_phase/EM.py","log_msg","90","","","","","","","","","","-657.503368534242","","","","","","","","","","","","","","","","","","","","","","","","","","","","","","","","","","","",""
"376.682134993","2026-08-14 10:57:13.104564","/home/akatoki/SC-30/scripts/SC-30/2_phase/EM.py","log_msg","90","","","","[待機] alt=-657.503 m","","","","","","","","","","","","","","","","","","","","","","","","","","","","","","","","","","","","","","","","","",""
"377.791828794","2026-08-14 10:57:14.214249","/home/akatoki/SC-30/scripts/SC-30/2_phase/EM.py","log_msg","90","","","","","","","","","","-657.3396155036538","","","","","","","","","","","","","","","","","","","","","","","","","","","","","","","","","","","",""
"377.796417146","2026-08-14 10:57:14.218847","/home/akatoki/SC-30/scripts/SC-30/2_phase/EM.py","log_msg","90","","","","[待機] alt=-657.340 m","","","","","","","","","","","","","","","","","","","","","","","","","","","","","","","","","","","","","","","","","",""
"378.901501486","2026-08-14 10:57:15.323921","/home/akatoki/SC-30/scripts/SC-30/2_phase/EM.py","log_msg","90","","","","","","","","","","-657.1758565053077","","","","","","","","","","","","","","","","","","","","","","","","","","","","","","","","","","","",""
"378.905959712","2026-08-14 10:57:15.328388","/home/akatoki/SC-30/scripts/SC-30/2_phase/EM.py","log_msg","90","","","","[待機] alt=-657.176 m","","","","","","","","","","","","","","","","","","","","","","","","","","","","","","","","","","","","","","","","","",""
"380.010897472","2026-08-14 10:57:16.433318","/home/akatoki/SC-30/scripts/SC-30/2_phase/EM.py","log_msg","90","","","","","","","","","","-657.5592068694402","","","","","","","","","","","","","","","","","","","","","","","","","","","","","","","","","","","",""
"380.015374918","2026-08-14 10:57:16.437804","/home/akatoki/SC-30/scripts/SC-30/2_phase/EM.py","log_msg","90","","","","[待機] alt=-657.559 m","","","","","","","","","","","","","","","","","","","","","","","","","","","","","","","","","","","","","","","","","",""
"381.12650493","2026-08-14 10:57:17.548948","/home/akatoki/SC-30/scripts/SC-30/2_phase/EM.py","log_msg","90","","","","","","","","","","-657.1411020707012","","","","","","","","","","","","","","","","","","","","","","","","","","","","","","","","","","","",""
"381.13093286","2026-08-14 10:57:17.553361","/home/akatoki/SC-30/scripts/SC-30/2_phase/EM.py","log_msg","90","","","","[待機] alt=-657.141 m","","","","","","","","","","","","","","","","","","","","","","","","","","","","","","","","","","","","","","","","","",""
"382.235986172","2026-08-14 10:57:18.658492","/home/akatoki/SC-30/scripts/SC-30/2_phase/EM.py","log_msg","90","","","","","","","","","","-657.5244601386532","","","","","","","","","","","","","","","","","","","","","","","","","","","","","","","","","","","",""
"382.240519554","2026-08-14 10:57:18.662949","/home/akatoki/SC-30/scripts/SC-30/2_phase/EM.py","log_msg","90","","","","[待機] alt=-657.524 m","","","","","","","","","","","","","","","","","","","","","","","","","","","","","","","","","","","","","","","","","",""
"383.34554417","2026-08-14 10:57:19.767965","/home/akatoki/SC-30/scripts/SC-30/2_phase/EM.py","log_msg","90","","","","","","","","","","-657.4686423027152","","","","","","","","","","","","","","","","","","","","","","","","","","","","","","","","","","","",""
"383.350116455","2026-08-14 10:57:19.772545","/home/akatoki/SC-30/scripts/SC-30/2_phase/EM.py","log_msg","90","","","","[待機] alt=-657.469 m","","","","","","","","","","","","","","","","","","","","","","","","","","","","","","","","","","","","","","","","","",""
"384.455145103","2026-08-14 10:57:20.877566","/home/akatoki/SC-30/scripts/SC-30/2_phase/EM.py","log_msg","90","","","","","","","","","","-657.2874912289059","","","","","","","","","","","","","","","","","","","","","","","","","","","","","","","","","","","",""
"384.464597436","2026-08-14 10:57:20.887027","/home/akatoki/SC-30/scripts/SC-30/2_phase/EM.py","log_msg","90","","","","[待機] alt=-657.287 m","","","","","","","","","","","","","","","","","","","","","","","","","","","","","","","","","","","","","","","","","",""
"385.569536316","2026-08-14 10:57:21.991958","/home/akatoki/SC-30/scripts/SC-30/2_phase/EM.py","log_msg","90","","","","","","","","","","-657.2874912289059","","","","","","","","","","","","","","","","","","","","","","","","","","","","","","","","","","","",""
"385.574095956","2026-08-14 10:57:21.996524","/home/akatoki/SC-30/scripts/SC-30/2_phase/EM.py","log_msg","90","","","","[待機] alt=-657.287 m","","","","","","","","","","","","","","","","","","","","","","","","","","","","","","","","","","","","","","","","","",""
"386.679122864","2026-08-14 10:57:23.101544","/home/akatoki/SC-30/scripts/SC-30/2_phase/EM.py","log_msg","90","","","","","","","","","","-657.1237110772458","","","","","","","","","","","","","","","","","","","","","","","","","","","","","","","","","","","",""
"386.683584355","2026-08-14 10:57:23.106013","/home/akatoki/SC-30/scripts/SC-30/2_phase/EM.py","log_msg","90","","","","[待機] alt=-657.124 m","","","","","","","","","","","","","","","","","","","","","","","","","","","","","","","","","","","","","","","","","",""
"387.788662571","2026-08-14 10:57:24.211084","/home/akatoki/SC-30/scripts/SC-30/2_phase/EM.py","log_msg","90","","","","","","","","","","-657.4338793369257","","","","","","","","","","","","","","","","","","","","","","","","","","","","","","","","","","","",""
"387.793125941","2026-08-14 10:57:24.215555","/home/akatoki/SC-30/scripts/SC-30/2_phase/EM.py","log_msg","90","","","","[待機] alt=-657.434 m","","","","","","","","","","","","","","","","","","","","","","","","","","","","","","","","","","","","","","","","","",""
"388.898210447","2026-08-14 10:57:25.320631","/home/akatoki/SC-30/scripts/SC-30/2_phase/EM.py","log_msg","90","","","","","","","","","","-657.6324034664751","","","","","","","","","","","","","","","","","","","","","","","","","","","","","","","","","","","",""
"388.909644481","2026-08-14 10:57:25.332076","/home/akatoki/SC-30/scripts/SC-30/2_phase/EM.py","log_msg","90","","","","[待機] alt=-657.632 m","","","","","","","","","","","","","","","","","","","","","","","","","","","","","","","","","","","","","","","","","",""
"390.014663509","2026-08-14 10:57:26.437085","/home/akatoki/SC-30/scripts/SC-30/2_phase/EM.py","log_msg","90","","","","","","","","","","-657.249053348335","","","","","","","","","","","","","","","","","","","","","","","","","","","","","","","","","","","",""
"390.019164745","2026-08-14 10:57:26.441594","/home/akatoki/SC-30/scripts/SC-30/2_phase/EM.py","log_msg","90","","","","[待機] alt=-657.249 m","","","","","","","","","","","","","","","","","","","","","","","","","","","","","","","","","","","","","","","","","",""
"391.124260117","2026-08-14 10:57:27.546681","/home/akatoki/SC-30/scripts/SC-30/2_phase/EM.py","log_msg","90","","","","","","","","","","-656.5555349387312","","","","","","","","","","","","","","","","","","","","","","","","","","","","","","","","","","","",""
"391.128709387","2026-08-14 10:57:27.551137","/home/akatoki/SC-30/scripts/SC-30/2_phase/EM.py","log_msg","90","","","","[待機] alt=-656.556 m","","","","","","","","","","","","","","","","","","","","","","","","","","","","","","","","","","","","","","","","","",""
"392.233685339","2026-08-14 10:57:28.656126","/home/akatoki/SC-30/scripts/SC-30/2_phase/EM.py","log_msg","90","","","","","","","","","","-657.3396155036538","","","","","","","","","","","","","","","","","","","","","","","","","","","","","","","","","","","",""
"392.238190801","2026-08-14 10:57:28.660619","/home/akatoki/SC-30/scripts/SC-30/2_phase/EM.py","log_msg","90","","","","[待機] alt=-657.340 m","","","","","","","","","","","","","","","","","","","","","","","","","","","","","","","","","","","","","","","","","",""
"393.343300913","2026-08-14 10:57:29.765721","/home/akatoki/SC-30/scripts/SC-30/2_phase/EM.py","log_msg","90","","","","","","","","","","-656.8483206042689","","","","","","","","","","","","","","","","","","","","","","","","","","","","","","","","","","","",""
"393.347818668","2026-08-14 10:57:29.770247","/home/akatoki/SC-30/scripts/SC-30/2_phase/EM.py","log_msg","90","","","","[待機] alt=-656.848 m","","","","","","","","","","","","","","","","","","","","","","","","","","","","","","","","","","","","","","","","","",""
"394.452886342","2026-08-14 10:57:30.875307","/home/akatoki/SC-30/scripts/SC-30/2_phase/EM.py","log_msg","90","","","","","","","","","","-657.2316796566037","","","","","","","","","","","","","","","","","","","","","","","","","","","","","","","","","","","",""
"394.45733177","2026-08-14 10:57:30.879759","/home/akatoki/SC-30/scripts/SC-30/2_phase/EM.py","log_msg","90","","","","[待機] alt=-657.232 m","","","","","","","","","","","","","","","","","","","","","","","","","","","","","","","","","","","","","","","","","",""
"395.562423434","2026-08-14 10:57:31.984845","/home/akatoki/SC-30/scripts/SC-30/2_phase/EM.py","log_msg","90","","","","","","","","","","-657.3954462470487","","","","","","","","","","","","","","","","","","","","","","","","","","","","","","","","","","","",""
"395.572054266","2026-08-14 10:57:31.994487","/home/akatoki/SC-30/scripts/SC-30/2_phase/EM.py","log_msg","90","","","","[待機] alt=-657.395 m","","","","","","","","","","","","","","","","","","","","","","","","","","","","","","","","","","","","","","","","","",""
"396.677592348","2026-08-14 10:57:33.100013","/home/akatoki/SC-30/scripts/SC-30/2_phase/EM.py","log_msg","90","","","","","","","","","","-656.7577389199868","","","","","","","","","","","","","","","","","","","","","","","","","","","","","","","","","","","",""
"396.682173128","2026-08-14 10:57:33.104602","/home/akatoki/SC-30/scripts/SC-30/2_phase/EM.py","log_msg","90","","","","[待機] alt=-656.758 m","","","","","","","","","","","","","","","","","","","","","","","","","","","","","","","","","","","","","","","","","",""
"397.788954743","2026-08-14 10:57:34.211375","/home/akatoki/SC-30/scripts/SC-30/2_phase/EM.py","log_msg","90","","","","","","","","","","-657.1411020707012","","","","","","","","","","","","","","","","","","","","","","","","","","","","","","","","","","","",""
"397.793574269","2026-08-14 10:57:34.216002","/home/akatoki/SC-30/scripts/SC-30/2_phase/EM.py","log_msg","90","","","","[待機] alt=-657.141 m","","","","","","","","","","","","","","","","","","","","","","","","","","","","","","","","","","","","","","","","","",""
"398.89873059","2026-08-14 10:57:35.321152","/home/akatoki/SC-30/scripts/SC-30/2_phase/EM.py","log_msg","90","","","","","","","","","","-657.6324034664751","","","","","","","","","","","","","","","","","","","","","","","","","","","","","","","","","","","",""
"398.908088169","2026-08-14 10:57:35.330518","/home/akatoki/SC-30/scripts/SC-30/2_phase/EM.py","log_msg","90","","","","[待機] alt=-657.632 m","","","","","","","","","","","","","","","","","","","","","","","","","","","","","","","","","","","","","","","","","",""
"400.013077873","2026-08-14 10:57:36.435499","/home/akatoki/SC-30/scripts/SC-30/2_phase/EM.py","log_msg","90","","","","","","","","","","-657.5592068694402","","","","","","","","","","","","","","","","","","","","","","","","","","","","","","","","","","","",""
"400.017606485","2026-08-14 10:57:36.440036","/home/akatoki/SC-30/scripts/SC-30/2_phase/EM.py","log_msg","90","","","","[待機] alt=-657.559 m","","","","","","","","","","","","","","","","","","","","","","","","","","","","","","","","","","","","","","","","","",""
"401.122685184","2026-08-14 10:57:37.545106","/home/akatoki/SC-30/scripts/SC-30/2_phase/EM.py","log_msg","90","","","","","","","","","","-656.6671499216085","","","","","","","","","","","","","","","","","","","","","","","","","","","","","","","","","","","",""
"401.127132148","2026-08-14 10:57:37.549560","/home/akatoki/SC-30/scripts/SC-30/2_phase/EM.py","log_msg","90","","","","[待機] alt=-656.667 m","","","","","","","","","","","","","","","","","","","","","","","","","","","","","","","","","","","","","","","","","",""
"402.232171776","2026-08-14 10:57:38.654593","/home/akatoki/SC-30/scripts/SC-30/2_phase/EM.py","log_msg","90","","","","","","","","","","-657.1969047210831","","","","","","","","","","","","","","","","","","","","","","","","","","","","","","","","","","","",""
"402.236606141","2026-08-14 10:57:38.659036","/home/akatoki/SC-30/scripts/SC-30/2_phase/EM.py","log_msg","90","","","","[待機] alt=-657.197 m","","","","","","","","","","","","","","","","","","","","","","","","","","","","","","","","","","","","","","","","","",""
"403.341582467","2026-08-14 10:57:39.764002","/home/akatoki/SC-30/scripts/SC-30/2_phase/EM.py","log_msg","90","","","","","","","","","","-657.4164840770767","","","","","","","","","","","","","","","","","","","","","","","","","","","","","","","","","","","",""
"403.351321361","2026-08-14 10:57:39.773750","/home/akatoki/SC-30/scripts/SC-30/2_phase/EM.py","log_msg","90","","","","[待機] alt=-657.416 m","","","","","","","","","","","","","","","","","","","","","","","","","","","","","","","","","","","","","","","","","",""
"404.456247602","2026-08-14 10:57:40.878668","/home/akatoki/SC-30/scripts/SC-30/2_phase/EM.py","log_msg","90","","","","","","","","","","-657.3258878424916","","","","","","","","","","","","","","","","","","","","","","","","","","","","","","","","","","","",""
"404.460710926","2026-08-14 10:57:40.883140","/home/akatoki/SC-30/scripts/SC-30/2_phase/EM.py","log_msg","90","","","","[待機] alt=-657.326 m","","","","","","","","","","","","","","","","","","","","","","","","","","","","","","","","","","","","","","","","","",""
"405.565714854","2026-08-14 10:57:41.988135","/home/akatoki/SC-30/scripts/SC-30/2_phase/EM.py","log_msg","90","","","","","","","","","","-656.9808656083791","","","","","","","","","","","","","","","","","","","","","","","","","","","","","","","","","","","",""
"405.570240827","2026-08-14 10:57:41.992671","/home/akatoki/SC-30/scripts/SC-30/2_phase/EM.py","log_msg","90","","","","[待機] alt=-656.981 m","","","","","","","","","","","","","","","","","","","","","","","","","","","","","","","","","","","","","","","","","",""
"406.681119759","2026-08-14 10:57:43.103541","/home/akatoki/SC-30/scripts/SC-30/2_phase/EM.py","log_msg","90","","","","","","","","","","-657.3642431820643","","","","","","","","","","","","","","","","","","","","","","","","","","","","","","","","","","","",""
"406.685564711","2026-08-14 10:57:43.107995","/home/akatoki/SC-30/scripts/SC-30/2_phase/EM.py","log_msg","90","","","","[待機] alt=-657.364 m","","","","","","","","","","","","","","","","","","","","","","","","","","","","","","","","","","","","","","","","","",""
"407.79092442","2026-08-14 10:57:44.213347","/home/akatoki/SC-30/scripts/SC-30/2_phase/EM.py","log_msg","90","","","","","","","","","","-657.4199995016668","","","","","","","","","","","","","","","","","","","","","","","","","","","","","","","","","","","",""
"407.796570624","2026-08-14 10:57:44.219003","/home/akatoki/SC-30/scripts/SC-30/2_phase/EM.py","log_msg","90","","","","[待機] alt=-657.420 m","","","","","","","","","","","","","","","","","","","","","","","","","","","","","","","","","","","","","","","","","",""
"408.901803426","2026-08-14 10:57:45.324220","/home/akatoki/SC-30/scripts/SC-30/2_phase/EM.py","log_msg","90","","","","","","","","","","-657.4931875640638","","","","","","","","","","","","","","","","","","","","","","","","","","","","","","","","","","","",""
"408.905920784","2026-08-14 10:57:45.328344","/home/akatoki/SC-30/scripts/SC-30/2_phase/EM.py","log_msg","90","","","","[待機] alt=-657.493 m","","","","","","","","","","","","","","","","","","","","","","","","","","","","","","","","","","","","","","","","","",""
"410.010405832","2026-08-14 10:57:46.432823","/home/akatoki/SC-30/scripts/SC-30/2_phase/EM.py","log_msg","90","","","","","","","","","","-657.3293699827556","","","","","","","","","","","","","","","","","","","","","","","","","","","","","","","","","","","",""
"410.014444457","2026-08-14 10:57:46.436868","/home/akatoki/SC-30/scripts/SC-30/2_phase/EM.py","log_msg","90","","","","[待機] alt=-657.329 m","","","","","","","","","","","","","","","","","","","","","","","","","","","","","","","","","","","","","","","","","",""
"411.123693027","2026-08-14 10:57:47.546109","/home/akatoki/SC-30/scripts/SC-30/2_phase/EM.py","log_msg","90","","","","","","","","","","-657.2415480156142","","","","","","","","","","","","","","","","","","","","","","","","","","","","","","","","","","","",""
"411.127770554","2026-08-14 10:57:47.550194","/home/akatoki/SC-30/scripts/SC-30/2_phase/EM.py","log_msg","90","","","","[待機] alt=-657.242 m","","","","","","","","","","","","","","","","","","","","","","","","","","","","","","","","","","","","","","","","","",""
"412.232333949","2026-08-14 10:57:48.654750","/home/akatoki/SC-30/scripts/SC-30/2_phase/EM.py","log_msg","90","","","","","","","","","","-656.9138818746663","","","","","","","","","","","","","","","","","","","","","","","","","","","","","","","","","","","",""
"412.236371173","2026-08-14 10:57:48.658794","/home/akatoki/SC-30/scripts/SC-30/2_phase/EM.py","log_msg","90","","","","[待機] alt=-656.914 m","","","","","","","","","","","","","","","","","","","","","","","","","","","","","","","","","","","","","","","","","",""
"413.341023138","2026-08-14 10:57:49.763444","/home/akatoki/SC-30/scripts/SC-30/2_phase/EM.py","log_msg","90","","","","","","","","","","-657.1159613070972","","","","","","","","","","","","","","","","","","","","","","","","","","","","","","","","","","","",""
"413.345544084","2026-08-14 10:57:49.767973","/home/akatoki/SC-30/scripts/SC-30/2_phase/EM.py","log_msg","90","","","","[待機] alt=-657.116 m","","","","","","","","","","","","","","","","","","","","","","","","","","","","","","","","","","","","","","","","","",""
"414.450638766","2026-08-14 10:57:50.873080","/home/akatoki/SC-30/scripts/SC-30/2_phase/EM.py","log_msg","90","","","","","","","","","","-656.6418882921846","","","","","","","","","","","","","","","","","","","","","","","","","","","","","","","","","","","",""
"414.461334809","2026-08-14 10:57:50.883767","/home/akatoki/SC-30/scripts/SC-30/2_phase/EM.py","log_msg","90","","","","[待機] alt=-656.642 m","","","","","","","","","","","","","","","","","","","","","","","","","","","","","","","","","","","","","","","","","",""
"415.56639478","2026-08-14 10:57:51.988815","/home/akatoki/SC-30/scripts/SC-30/2_phase/EM.py","log_msg","90","","","","","","","","","","-656.9521105993581","","","","","","","","","","","","","","","","","","","","","","","","","","","","","","","","","","","",""
"415.570855378","2026-08-14 10:57:51.993286","/home/akatoki/SC-30/scripts/SC-30/2_phase/EM.py","log_msg","90","","","","[待機] alt=-656.952 m","","","","","","","","","","","","","","","","","","","","","","","","","","","","","","","","","","","","","","","","","",""
"416.675902549","2026-08-14 10:57:53.098323","/home/akatoki/SC-30/scripts/SC-30/2_phase/EM.py","log_msg","90","","","","","","","","","","-657.5725406440995","","","","","","","","","","","","","","","","","","","","","","","","","","","","","","","","","","","",""
"416.680426526","2026-08-14 10:57:53.102856","/home/akatoki/SC-30/scripts/SC-30/2_phase/EM.py","log_msg","90","","","","[待機] alt=-657.573 m","","","","","","","","","","","","","","","","","","","","","","","","","","","","","","","","","","","","","","","","","",""
"417.785469529","2026-08-14 10:57:54.207891","/home/akatoki/SC-30/scripts/SC-30/2_phase/EM.py","log_msg","90","","","","","","","","","","-657.0809820182427","","","","","","","","","","","","","","","","","","","","","","","","","","","","","","","","","","","",""
"417.789981063","2026-08-14 10:57:54.212410","/home/akatoki/SC-30/scripts/SC-30/2_phase/EM.py","log_msg","90","","","","[待機] alt=-657.081 m","","","","","","","","","","","","","","","","","","","","","","","","","","","","","","","","","","","","","","","","","",""
"418.899683732","2026-08-14 10:57:55.322105","/home/akatoki/SC-30/scripts/SC-30/2_phase/EM.py","log_msg","90","","","","","","","","","","-656.8264266903096","","","","","","","","","","","","","","","","","","","","","","","","","","","","","","","","","","","",""
"418.904188291","2026-08-14 10:57:55.326617","/home/akatoki/SC-30/scripts/SC-30/2_phase/EM.py","log_msg","90","","","","[待機] alt=-656.826 m","","","","","","","","","","","","","","","","","","","","","","","","","","","","","","","","","","","","","","","","","",""
"420.009215826","2026-08-14 10:57:56.431636","/home/akatoki/SC-30/scripts/SC-30/2_phase/EM.py","log_msg","90","","","","","","","","","","-656.4254869055384","","","","","","","","","","","","","","","","","","","","","","","","","","","","","","","","","","","",""
"420.013845106","2026-08-14 10:57:56.436282","/home/akatoki/SC-30/scripts/SC-30/2_phase/EM.py","log_msg","90","","","","[待機] alt=-656.425 m","","","","","","","","","","","","","","","","","","","","","","","","","","","","","","","","","","","","","","","","","",""
"421.119042829","2026-08-14 10:57:57.541464","/home/akatoki/SC-30/scripts/SC-30/2_phase/EM.py","log_msg","90","","","","","","","","","","-657.3561982011602","","","","","","","","","","","","","","","","","","","","","","","","","","","","","","","","","","","",""
"421.123510472","2026-08-14 10:57:57.545940","/home/akatoki/SC-30/scripts/SC-30/2_phase/EM.py","log_msg","90","","","","[待機] alt=-657.356 m","","","","","","","","","","","","","","","","","","","","","","","","","","","","","","","","","","","","","","","","","",""
"422.228630963","2026-08-14 10:57:58.651052","/home/akatoki/SC-30/scripts/SC-30/2_phase/EM.py","log_msg","90","","","","","","","","","","-657.5757351488649","","","","","","","","","","","","","","","","","","","","","","","","","","","","","","","","","","","",""
"422.238057475","2026-08-14 10:57:58.660487","/home/akatoki/SC-30/scripts/SC-30/2_phase/EM.py","log_msg","90","","","","[待機] alt=-657.576 m","","","","","","","","","","","","","","","","","","","","","","","","","","","","","","","","","","","","","","","","","",""
"423.344948391","2026-08-14 10:57:59.767369","/home/akatoki/SC-30/scripts/SC-30/2_phase/EM.py","log_msg","90","","","","","","","","","","-656.8645581520441","","","","","","","","","","","","","","","","","","","","","","","","","","","","","","","","","","","",""
"423.349462854","2026-08-14 10:57:59.771893","/home/akatoki/SC-30/scripts/SC-30/2_phase/EM.py","log_msg","90","","","","[待機] alt=-656.865 m","","","","","","","","","","","","","","","","","","","","","","","","","","","","","","","","","","","","","","","","","",""
"424.454513214","2026-08-14 10:58:00.876934","/home/akatoki/SC-30/scripts/SC-30/2_phase/EM.py","log_msg","90","","","","","","","","","","-657.0840902213813","","","","","","","","","","","","","","","","","","","","","","","","","","","","","","","","","","","",""
"424.463979312","2026-08-14 10:58:00.886444","/home/akatoki/SC-30/scripts/SC-30/2_phase/EM.py","log_msg","90","","","","[待機] alt=-657.084 m","","","","","","","","","","","","","","","","","","","","","","","","","","","","","","","","","","","","","","","","","",""
"425.568982093","2026-08-14 10:58:01.991403","/home/akatoki/SC-30/scripts/SC-30/2_phase/EM.py","log_msg","90","","","","","","","","","","-656.7562970700809","","","","","","","","","","","","","","","","","","","","","","","","","","","","","","","","","","","",""
"425.573492238","2026-08-14 10:58:01.995923","/home/akatoki/SC-30/scripts/SC-30/2_phase/EM.py","log_msg","90","","","","[待機] alt=-656.756 m","","","","","","","","","","","","","","","","","","","","","","","","","","","","","","","","","","","","","","","","","",""
"426.678581618","2026-08-14 10:58:03.101002","/home/akatoki/SC-30/scripts/SC-30/2_phase/EM.py","log_msg","90","","","","","","","","","","-656.902648297961","","","","","","","","","","","","","","","","","","","","","","","","","","","","","","","","","","","",""
"426.683065262","2026-08-14 10:58:03.105494","/home/akatoki/SC-30/scripts/SC-30/2_phase/EM.py","log_msg","90","","","","[待機] alt=-656.903 m","","","","","","","","","","","","","","","","","","","","","","","","","","","","","","","","","","","","","","","","","",""
"427.788141725","2026-08-14 10:58:04.210563","/home/akatoki/SC-30/scripts/SC-30/2_phase/EM.py","log_msg","90","","","","","","","","","","-657.3620648250063","","","","","","","","","","","","","","","","","","","","","","","","","","","","","","","","","","","",""
"427.792634954","2026-08-14 10:58:04.215065","/home/akatoki/SC-30/scripts/SC-30/2_phase/EM.py","log_msg","90","","","","[待機] alt=-657.362 m","","","","","","","","","","","","","","","","","","","","","","","","","","","","","","","","","","","","","","","","","",""
"428.897663436","2026-08-14 10:58:05.320084","/home/akatoki/SC-30/scripts/SC-30/2_phase/EM.py","log_msg","90","","","","","","","","","","-656.8703383943856","","","","","","","","","","","","","","","","","","","","","","","","","","","","","","","","","","","",""
"428.907101907","2026-08-14 10:58:05.329531","/home/akatoki/SC-30/scripts/SC-30/2_phase/EM.py","log_msg","90","","","","[待機] alt=-656.870 m","","","","","","","","","","","","","","","","","","","","","","","","","","","","","","","","","","","","","","","","","",""
"430.012095159","2026-08-14 10:58:06.434517","/home/akatoki/SC-30/scripts/SC-30/2_phase/EM.py","log_msg","90","","","","","","","","","","-656.8703383943856","","","","","","","","","","","","","","","","","","","","","","","","","","","","","","","","","","","",""
"430.016545898","2026-08-14 10:58:06.438975","/home/akatoki/SC-30/scripts/SC-30/2_phase/EM.py","log_msg","90","","","","[待機] alt=-656.870 m","","","","","","","","","","","","","","","","","","","","","","","","","","","","","","","","","","","","","","","","","",""
"431.12159358","2026-08-14 10:58:07.544015","/home/akatoki/SC-30/scripts/SC-30/2_phase/EM.py","log_msg","90","","","","","","","","","","-657.2362011124452","","","","","","","","","","","","","","","","","","","","","","","","","","","","","","","","","","","",""
"431.126097022","2026-08-14 10:58:07.548525","/home/akatoki/SC-30/scripts/SC-30/2_phase/EM.py","log_msg","90","","","","[待機] alt=-657.236 m","","","","","","","","","","","","","","","","","","","","","","","","","","","","","","","","","","","","","","","","","",""
"432.232743876","2026-08-14 10:58:08.655164","/home/akatoki/SC-30/scripts/SC-30/2_phase/EM.py","log_msg","90","","","","","","","","","","-656.9083481973978","","","","","","","","","","","","","","","","","","","","","","","","","","","","","","","","","","","",""
"432.242108414","2026-08-14 10:58:08.664538","/home/akatoki/SC-30/scripts/SC-30/2_phase/EM.py","log_msg","90","","","","[待機] alt=-656.908 m","","","","","","","","","","","","","","","","","","","","","","","","","","","","","","","","","","","","","","","","","",""
"433.347047204","2026-08-14 10:58:09.769468","/home/akatoki/SC-30/scripts/SC-30/2_phase/EM.py","log_msg","90","","","","","","","","","","-657.1278594117598","","","","","","","","","","","","","","","","","","","","","","","","","","","","","","","","","","","",""
"433.351499043","2026-08-14 10:58:09.773948","/home/akatoki/SC-30/scripts/SC-30/2_phase/EM.py","log_msg","90","","","","[待機] alt=-657.128 m","","","","","","","","","","","","","","","","","","","","","","","","","","","","","","","","","","","","","","","","","",""
"434.456616485","2026-08-14 10:58:10.879038","/home/akatoki/SC-30/scripts/SC-30/2_phase/EM.py","log_msg","90","","","","","","","","","","-657.1278594117598","","","","","","","","","","","","","","","","","","","","","","","","","","","","","","","","","","","",""
"434.461095197","2026-08-14 10:58:10.883524","/home/akatoki/SC-30/scripts/SC-30/2_phase/EM.py","log_msg","90","","","","[待機] alt=-657.128 m","","","","","","","","","","","","","","","","","","","","","","","","","","","","","","","","","","","","","","","","","",""
"435.566061334","2026-08-14 10:58:11.988482","/home/akatoki/SC-30/scripts/SC-30/2_phase/EM.py","log_msg","90","","","","","","","","","","-657.3473682533603","","","","","","","","","","","","","","","","","","","","","","","","","","","","","","","","","","","",""
"435.570586134","2026-08-14 10:58:11.993015","/home/akatoki/SC-30/scripts/SC-30/2_phase/EM.py","log_msg","90","","","","[待機] alt=-657.347 m","","","","","","","","","","","","","","","","","","","","","","","","","","","","","","","","","","","","","","","","","",""
"436.675631638","2026-08-14 10:58:13.098053","/home/akatoki/SC-30/scripts/SC-30/2_phase/EM.py","log_msg","90","","","","","","","","","","-657.3473682533603","","","","","","","","","","","","","","","","","","","","","","","","","","","","","","","","","","","",""
"436.685416443","2026-08-14 10:58:13.107847","/home/akatoki/SC-30/scripts/SC-30/2_phase/EM.py","log_msg","90","","","","[待機] alt=-657.347 m","","","","","","","","","","","","","","","","","","","","","","","","","","","","","","","","","","","","","","","","","",""
"437.790420194","2026-08-14 10:58:14.212841","/home/akatoki/SC-30/scripts/SC-30/2_phase/EM.py","log_msg","90","","","","","","","","","","-657.821567755231","","","","","","","","","","","","","","","","","","","","","","","","","","","","","","","","","","","",""
"437.794952291","2026-08-14 10:58:14.217380","/home/akatoki/SC-30/scripts/SC-30/2_phase/EM.py","log_msg","90","","","","[待機] alt=-657.822 m","","","","","","","","","","","","","","","","","","","","","","","","","","","","","","","","","","","","","","","","","",""
"438.899956872","2026-08-14 10:58:15.322378","/home/akatoki/SC-30/scripts/SC-30/2_phase/EM.py","log_msg","90","","","","","","","","","","-657.3473682533603","","","","","","","","","","","","","","","","","","","","","","","","","","","","","","","","","","","",""
"438.904472359","2026-08-14 10:58:15.326902","/home/akatoki/SC-30/scripts/SC-30/2_phase/EM.py","log_msg","90","","","","[待機] alt=-657.347 m","","","","","","","","","","","","","","","","","","","","","","","","","","","","","","","","","","","","","","","","","",""
"440.009502548","2026-08-14 10:58:16.431923","/home/akatoki/SC-30/scripts/SC-30/2_phase/EM.py","log_msg","90","","","","","","","","","","-657.2741989031543","","","","","","","","","","","","","","","","","","","","","","","","","","","","","","","","","","","",""
"440.020717244","2026-08-14 10:58:16.443149","/home/akatoki/SC-30/scripts/SC-30/2_phase/EM.py","log_msg","90","","","","[待機] alt=-657.274 m","","","","","","","","","","","","","","","","","","","","","","","","","","","","","","","","","","","","","","","","","",""
"441.125728043","2026-08-14 10:58:17.548149","/home/akatoki/SC-30/scripts/SC-30/2_phase/EM.py","log_msg","90","","","","","","","","","","-657.3473682533603","","","","","","","","","","","","","","","","","","","","","","","","","","","","","","","","","","","",""
"441.130296025","2026-08-14 10:58:17.552728","/home/akatoki/SC-30/scripts/SC-30/2_phase/EM.py","log_msg","90","","","","[待機] alt=-657.347 m","","","","","","","","","","","","","","","","","","","","","","","","","","","","","","","","","","","","","","","","","",""
"442.23544547","2026-08-14 10:58:18.657867","/home/akatoki/SC-30/scripts/SC-30/2_phase/EM.py","log_msg","90","","","","","","","","","","-657.0194849296194","","","","","","","","","","","","","","","","","","","","","","","","","","","","","","","","","","","",""
"442.240043085","2026-08-14 10:58:18.662476","/home/akatoki/SC-30/scripts/SC-30/2_phase/EM.py","log_msg","90","","","","[待機] alt=-657.019 m","","","","","","","","","","","","","","","","","","","","","","","","","","","","","","","","","","","","","","","","","",""
"443.345123023","2026-08-14 10:58:19.767544","/home/akatoki/SC-30/scripts/SC-30/2_phase/EM.py","log_msg","90","","","","","","","","","","-657.7483978476519","","","","","","","","","","","","","","","","","","","","","","","","","","","","","","","","","","","",""
"443.34958639","2026-08-14 10:58:19.772015","/home/akatoki/SC-30/scripts/SC-30/2_phase/EM.py","log_msg","90","","","","[待機] alt=-657.748 m","","","","","","","","","","","","","","","","","","","","","","","","","","","","","","","","","","","","","","","","","",""
"444.459313943","2026-08-14 10:58:20.881735","/home/akatoki/SC-30/scripts/SC-30/2_phase/EM.py","log_msg","90","","","","","","","","","","-657.4205373398657","","","","","","","","","","","","","","","","","","","","","","","","","","","","","","","","","","","",""
"444.46375971","2026-08-14 10:58:20.886187","/home/akatoki/SC-30/scripts/SC-30/2_phase/EM.py","log_msg","90","","","","[待機] alt=-657.421 m","","","","","","","","","","","","","","","","","","","","","","","","","","","","","","","","","","","","","","","","","",""
"445.568799814","2026-08-14 10:58:21.991220","/home/akatoki/SC-30/scripts/SC-30/2_phase/EM.py","log_msg","90","","","","","","","","","","-657.3473682533603","","","","","","","","","","","","","","","","","","","","","","","","","","","","","","","","","","","",""
"445.573279275","2026-08-14 10:58:21.995709","/home/akatoki/SC-30/scripts/SC-30/2_phase/EM.py","log_msg","90","","","","[待機] alt=-657.347 m","","","","","","","","","","","","","","","","","","","","","","","","","","","","","","","","","","","","","","","","","",""
"446.678306594","2026-08-14 10:58:23.100728","/home/akatoki/SC-30/scripts/SC-30/2_phase/EM.py","log_msg","90","","","","","","","","","","-657.3473682533603","","","","","","","","","","","","","","","","","","","","","","","","","","","","","","","","","","","",""
"446.682747106","2026-08-14 10:58:23.105175","/home/akatoki/SC-30/scripts/SC-30/2_phase/EM.py","log_msg","90","","","","[待機] alt=-657.347 m","","","","","","","","","","","","","","","","","","","","","","","","","","","","","","","","","","","","","","","","","",""
"447.787780189","2026-08-14 10:58:24.210200","/home/akatoki/SC-30/scripts/SC-30/2_phase/EM.py","log_msg","90","","","","","","","","","","-657.5113009523233","","","","","","","","","","","","","","","","","","","","","","","","","","","","","","","","","","","",""
"447.792332197","2026-08-14 10:58:24.214761","/home/akatoki/SC-30/scripts/SC-30/2_phase/EM.py","log_msg","90","","","","[待機] alt=-657.511 m","","","","","","","","","","","","","","","","","","","","","","","","","","","","","","","","","","","","","","","","","",""
"448.903510767","2026-08-14 10:58:25.325932","/home/akatoki/SC-30/scripts/SC-30/2_phase/EM.py","log_msg","90","","","","","","","","","","-656.7444127773505","","","","","","","","","","","","","","","","","","","","","","","","","","","","","","","","","","","",""
"448.90808069","2026-08-14 10:58:25.330511","/home/akatoki/SC-30/scripts/SC-30/2_phase/EM.py","log_msg","90","","","","[待機] alt=-656.744 m","","","","","","","","","","","","","","","","","","","","","","","","","","","","","","","","","","","","","","","","","",""
"450.013406065","2026-08-14 10:58:26.435863","/home/akatoki/SC-30/scripts/SC-30/2_phase/EM.py","log_msg","90","","","","","","","","","","-657.1454488530399","","","","","","","","","","","","","","","","","","","","","","","","","","","","","","","","","","","",""
"450.018128101","2026-08-14 10:58:26.440559","/home/akatoki/SC-30/scripts/SC-30/2_phase/EM.py","log_msg","90","","","","[待機] alt=-657.145 m","","","","","","","","","","","","","","","","","","","","","","","","","","","","","","","","","","","","","","","","","",""
"451.123183944","2026-08-14 10:58:27.545604","/home/akatoki/SC-30/scripts/SC-30/2_phase/EM.py","log_msg","90","","","","","","","","","","-657.1630290958934","","","","","","","","","","","","","","","","","","","","","","","","","","","","","","","","","","","",""
"451.127656854","2026-08-14 10:58:27.550085","/home/akatoki/SC-30/scripts/SC-30/2_phase/EM.py","log_msg","90","","","","[待機] alt=-657.163 m","","","","","","","","","","","","","","","","","","","","","","","","","","","","","","","","","","","","","","","","","",""
"452.237263828","2026-08-14 10:58:28.659684","/home/akatoki/SC-30/scripts/SC-30/2_phase/EM.py","log_msg","90","","","","","","","","","","-656.797165060277","","","","","","","","","","","","","","","","","","","","","","","","","","","","","","","","","","","",""
"452.245459088","2026-08-14 10:58:28.667892","/home/akatoki/SC-30/scripts/SC-30/2_phase/EM.py","log_msg","90","","","","[待機] alt=-656.797 m","","","","","","","","","","","","","","","","","","","","","","","","","","","","","","","","","","","","","","","","","",""
"453.350700424","2026-08-14 10:58:29.773122","/home/akatoki/SC-30/scripts/SC-30/2_phase/EM.py","log_msg","90","","","","","","","","","","-657.4352395222359","","","","","","","","","","","","","","","","","","","","","","","","","","","","","","","","","","","",""
"453.355203385","2026-08-14 10:58:29.777632","/home/akatoki/SC-30/scripts/SC-30/2_phase/EM.py","log_msg","90","","","","[待機] alt=-657.435 m","","","","","","","","","","","","","","","","","","","","","","","","","","","","","","","","","","","","","","","","","",""
"454.460368369","2026-08-14 10:58:30.882790","/home/akatoki/SC-30/scripts/SC-30/2_phase/EM.py","log_msg","90","","","","","","","","","","-657.2888898643324","","","","","","","","","","","","","","","","","","","","","","","","","","","","","","","","","","","",""
"454.46496366","2026-08-14 10:58:30.887393","/home/akatoki/SC-30/scripts/SC-30/2_phase/EM.py","log_msg","90","","","","[待機] alt=-657.289 m","","","","","","","","","","","","","","","","","","","","","","","","","","","","","","","","","","","","","","","","","",""
"455.574874105","2026-08-14 10:58:31.997295","/home/akatoki/SC-30/scripts/SC-30/2_phase/EM.py","log_msg","90","","","","","","","","","","-657.1249875703519","","","","","","","","","","","","","","","","","","","","","","","","","","","","","","","","","","","",""
"455.57937686","2026-08-14 10:58:32.001805","/home/akatoki/SC-30/scripts/SC-30/2_phase/EM.py","log_msg","90","","","","[待機] alt=-657.125 m","","","","","","","","","","","","","","","","","","","","","","","","","","","","","","","","","","","","","","","","","",""
"456.684525483","2026-08-14 10:58:33.106947","/home/akatoki/SC-30/scripts/SC-30/2_phase/EM.py","log_msg","90","","","","","","","","","","-656.961079302422","","","","","","","","","","","","","","","","","","","","","","","","","","","","","","","","","","","",""
"456.690606284","2026-08-14 10:58:33.113038","/home/akatoki/SC-30/scripts/SC-30/2_phase/EM.py","log_msg","90","","","","[待機] alt=-656.961 m","","","","","","","","","","","","","","","","","","","","","","","","","","","","","","","","","","","","","","","","","",""
"457.795758573","2026-08-14 10:58:34.218179","/home/akatoki/SC-30/scripts/SC-30/2_phase/EM.py","log_msg","90","","","","","","","","","","-656.6508176016874","","","","","","","","","","","","","","","","","","","","","","","","","","","","","","","","","","","",""
"457.805038477","2026-08-14 10:58:34.227468","/home/akatoki/SC-30/scripts/SC-30/2_phase/EM.py","log_msg","90","","","","[待機] alt=-656.651 m","","","","","","","","","","","","","","","","","","","","","","","","","","","","","","","","","","","","","","","","","",""
"458.90996847","2026-08-14 10:58:35.332389","/home/akatoki/SC-30/scripts/SC-30/2_phase/EM.py","log_msg","90","","","","","","","","","","-656.7239914627045","","","","","","","","","","","","","","","","","","","","","","","","","","","","","","","","","","","",""
"458.914443371","2026-08-14 10:58:35.336873","/home/akatoki/SC-30/scripts/SC-30/2_phase/EM.py","log_msg","90","","","","[待機] alt=-656.724 m","","","","","","","","","","","","","","","","","","","","","","","","","","","","","","","","","","","","","","","","","",""
"460.019473355","2026-08-14 10:58:36.441894","/home/akatoki/SC-30/scripts/SC-30/2_phase/EM.py","log_msg","90","","","","","","","","","","-656.8703383943856","","","","","","","","","","","","","","","","","","","","","","","","","","","","","","","","","","","",""
"460.023967316","2026-08-14 10:58:36.446396","/home/akatoki/SC-30/scripts/SC-30/2_phase/EM.py","log_msg","90","","","","[待機] alt=-656.870 m","","","","","","","","","","","","","","","","","","","","","","","","","","","","","","","","","","","","","","","","","",""
"461.129045157","2026-08-14 10:58:37.551465","/home/akatoki/SC-30/scripts/SC-30/2_phase/EM.py","log_msg","90","","","","","","","","","","-656.6508176016874","","","","","","","","","","","","","","","","","","","","","","","","","","","","","","","","","","","",""
"461.133538078","2026-08-14 10:58:37.555967","/home/akatoki/SC-30/scripts/SC-30/2_phase/EM.py","log_msg","90","","","","[待機] alt=-656.651 m","","","","","","","","","","","","","","","","","","","","","","","","","","","","","","","","","","","","","","","","","",""
"462.238599197","2026-08-14 10:58:38.661019","/home/akatoki/SC-30/scripts/SC-30/2_phase/EM.py","log_msg","90","","","","","","","","","","-657.3445100354751","","","","","","","","","","","","","","","","","","","","","","","","","","","","","","","","","","","",""
"462.248093195","2026-08-14 10:58:38.670523","/home/akatoki/SC-30/scripts/SC-30/2_phase/EM.py","log_msg","90","","","","[待機] alt=-657.345 m","","","","","","","","","","","","","","","","","","","","","","","","","","","","","","","","","","","","","","","","","",""
"463.353115246","2026-08-14 10:58:39.775536","/home/akatoki/SC-30/scripts/SC-30/2_phase/EM.py","log_msg","90","","","","","","","","","","-657.4352395222359","","","","","","","","","","","","","","","","","","","","","","","","","","","","","","","","","","","",""
"463.3576842","2026-08-14 10:58:39.780113","/home/akatoki/SC-30/scripts/SC-30/2_phase/EM.py","log_msg","90","","","","[待機] alt=-657.435 m","","","","","","","","","","","","","","","","","","","","","","","","","","","","","","","","","","","","","","","","","",""
"464.462746435","2026-08-14 10:58:40.885167","/home/akatoki/SC-30/scripts/SC-30/2_phase/EM.py","log_msg","90","","","","","","","","","","-656.7239914627045","","","","","","","","","","","","","","","","","","","","","","","","","","","","","","","","","","","",""
"464.467320285","2026-08-14 10:58:40.889749","/home/akatoki/SC-30/scripts/SC-30/2_phase/EM.py","log_msg","90","","","","[待機] alt=-656.724 m","","","","","","","","","","","","","","","","","","","","","","","","","","","","","","","","","","","","","","","","","",""
"465.586009119","2026-08-14 10:58:42.008430","/home/akatoki/SC-30/scripts/SC-30/2_phase/EM.py","log_msg","90","","","","","","","","","","-657.1074267915848","","","","","","","","","","","","","","","","","","","","","","","","","","","","","","","","","","","",""
"465.596203805","2026-08-14 10:58:42.018636","/home/akatoki/SC-30/scripts/SC-30/2_phase/EM.py","log_msg","90","","","","[待機] alt=-657.107 m","","","","","","","","","","","","","","","","","","","","","","","","","","","","","","","","","","","","","","","","","",""
"466.701146766","2026-08-14 10:58:43.123568","/home/akatoki/SC-30/scripts/SC-30/2_phase/EM.py","log_msg","90","","","","","","","","","","-658.1289033141716","","","","","","","","","","","","","","","","","","","","","","","","","","","","","","","","","","","",""
"466.705617354","2026-08-14 10:58:43.128047","/home/akatoki/SC-30/scripts/SC-30/2_phase/EM.py","log_msg","90","","","","[待機] alt=-658.129 m","","","","","","","","","","","","","","","","","","","","","","","","","","","","","","","","","","","","","","","","","",""
"467.810666305","2026-08-14 10:58:44.233088","/home/akatoki/SC-30/scripts/SC-30/2_phase/EM.py","log_msg","90","","","","","","","","","","-657.8918352499312","","","","","","","","","","","","","","","","","","","","","","","","","","","","","","","","","","","",""
"467.815095858","2026-08-14 10:58:44.237524","/home/akatoki/SC-30/scripts/SC-30/2_phase/EM.py","log_msg","90","","","","[待機] alt=-657.892 m","","","","","","","","","","","","","","","","","","","","","","","","","","","","","","","","","","","","","","","","","",""
"468.920157681","2026-08-14 10:58:45.342579","/home/akatoki/SC-30/scripts/SC-30/2_phase/EM.py","log_msg","90","","","","","","","","","","-657.2362011124452","","","","","","","","","","","","","","","","","","","","","","","","","","","","","","","","","","","",""
"468.92461468","2026-08-14 10:58:45.347044","/home/akatoki/SC-30/scripts/SC-30/2_phase/EM.py","log_msg","90","","","","[待機] alt=-657.236 m","","","","","","","","","","","","","","","","","","","","","","","","","","","","","","","","","","","","","","","","","",""
"470.029565585","2026-08-14 10:58:46.451987","/home/akatoki/SC-30/scripts/SC-30/2_phase/EM.py","log_msg","90","","","","","","","","","","-657.3825443548614","","","","","","","","","","","","","","","","","","","","","","","","","","","","","","","","","","","",""
"470.039449129","2026-08-14 10:58:46.461880","/home/akatoki/SC-30/scripts/SC-30/2_phase/EM.py","log_msg","90","","","","[待機] alt=-657.383 m","","","","","","","","","","","","","","","","","","","","","","","","","","","","","","","","","","","","","","","","","",""
"471.144469503","2026-08-14 10:58:47.566890","/home/akatoki/SC-30/scripts/SC-30/2_phase/EM.py","log_msg","90","","","","","","","","","","-657.3825443548614","","","","","","","","","","","","","","","","","","","","","","","","","","","","","","","","","","","",""
"471.14896353","2026-08-14 10:58:47.571393","/home/akatoki/SC-30/scripts/SC-30/2_phase/EM.py","log_msg","90","","","","[待機] alt=-657.383 m","","","","","","","","","","","","","","","","","","","","","","","","","","","","","","","","","","","","","","","","","",""
"472.253997333","2026-08-14 10:58:48.676419","/home/akatoki/SC-30/scripts/SC-30/2_phase/EM.py","log_msg","90","","","","","","","","","","-657.2917904836455","","","","","","","","","","","","","","","","","","","","","","","","","","","","","","","","","","","",""
"472.258463605","2026-08-14 10:58:48.680892","/home/akatoki/SC-30/scripts/SC-30/2_phase/EM.py","log_msg","90","","","","[待機] alt=-657.292 m","","","","","","","","","","","","","","","","","","","","","","","","","","","","","","","","","","","","","","","","","",""
"473.363553534","2026-08-14 10:58:49.785975","/home/akatoki/SC-30/scripts/SC-30/2_phase/EM.py","log_msg","90","","","","","","","","","","-657.6752276763822","","","","","","","","","","","","","","","","","","","","","","","","","","","","","","","","","","","",""
"473.36833627","2026-08-14 10:58:49.790766","/home/akatoki/SC-30/scripts/SC-30/2_phase/EM.py","log_msg","90","","","","[待機] alt=-657.675 m","","","","","","","","","","","","","","","","","","","","","","","","","","","","","","","","","","","","","","","","","",""
"474.47936948","2026-08-14 10:58:50.901790","/home/akatoki/SC-30/scripts/SC-30/2_phase/EM.py","log_msg","90","","","","","","","","","","-657.2010292892876","","","","","","","","","","","","","","","","","","","","","","","","","","","","","","","","","","","",""
"474.483925116","2026-08-14 10:58:50.906354","/home/akatoki/SC-30/scripts/SC-30/2_phase/EM.py","log_msg","90","","","","[待機] alt=-657.201 m","","","","","","","","","","","","","","","","","","","","","","","","","","","","","","","","","","","","","","","","","",""
"475.588948924","2026-08-14 10:58:52.011370","/home/akatoki/SC-30/scripts/SC-30/2_phase/EM.py","log_msg","90","","","","","","","","","","-657.4937061626612","","","","","","","","","","","","","","","","","","","","","","","","","","","","","","","","","","","",""
"475.593517477","2026-08-14 10:58:52.015948","/home/akatoki/SC-30/scripts/SC-30/2_phase/EM.py","log_msg","90","","","","[待機] alt=-657.494 m","","","","","","","","","","","","","","","","","","","","","","","","","","","","","","","","","","","","","","","","","",""
"476.69856883","2026-08-14 10:58:53.120990","/home/akatoki/SC-30/scripts/SC-30/2_phase/EM.py","log_msg","90","","","","","","","","","","-657.6400430170721","","","","","","","","","","","","","","","","","","","","","","","","","","","","","","","","","","","",""
"476.70303844","2026-08-14 10:58:53.125468","/home/akatoki/SC-30/scripts/SC-30/2_phase/EM.py","log_msg","90","","","","[待機] alt=-657.640 m","","","","","","","","","","","","","","","","","","","","","","","","","","","","","","","","","","","","","","","","","",""
"477.812623373","2026-08-14 10:58:54.235044","/home/akatoki/SC-30/scripts/SC-30/2_phase/EM.py","log_msg","90","","","","","","","","","","-657.0574096494598","","","","","","","","","","","","","","","","","","","","","","","","","","","","","","","","","","","",""
"477.817086162","2026-08-14 10:58:54.239515","/home/akatoki/SC-30/scripts/SC-30/2_phase/EM.py","log_msg","90","","","","[待機] alt=-657.057 m","","","","","","","","","","","","","","","","","","","","","","","","","","","","","","","","","","","","","","","","","",""
"478.92242881","2026-08-14 10:58:55.344849","/home/akatoki/SC-30/scripts/SC-30/2_phase/EM.py","log_msg","90","","","","","","","","","","-657.4584889834605","","","","","","","","","","","","","","","","","","","","","","","","","","","","","","","","","","","",""
"478.926912587","2026-08-14 10:58:55.349342","/home/akatoki/SC-30/scripts/SC-30/2_phase/EM.py","log_msg","90","","","","[待機] alt=-657.458 m","","","","","","","","","","","","","","","","","","","","","","","","","","","","","","","","","","","","","","","","","",""
"480.032084697","2026-08-14 10:58:56.454505","/home/akatoki/SC-30/scripts/SC-30/2_phase/EM.py","log_msg","90","","","","","","","","","","-657.5140319414639","","","","","","","","","","","","","","","","","","","","","","","","","","","","","","","","","","","",""
"480.036531084","2026-08-14 10:58:56.458959","/home/akatoki/SC-30/scripts/SC-30/2_phase/EM.py","log_msg","90","","","","[待機] alt=-657.514 m","","","","","","","","","","","","","","","","","","","","","","","","","","","","","","","","","","","","","","","","","",""
"481.141565721","2026-08-14 10:58:57.563986","/home/akatoki/SC-30/scripts/SC-30/2_phase/EM.py","log_msg","90","","","","","","","","","","-657.2620809922694","","","","","","","","","","","","","","","","","","","","","","","","","","","","","","","","","","","",""
"481.150966184","2026-08-14 10:58:57.573396","/home/akatoki/SC-30/scripts/SC-30/2_phase/EM.py","log_msg","90","","","","[待機] alt=-657.262 m","","","","","","","","","","","","","","","","","","","","","","","","","","","","","","","","","","","","","","","","","",""
"482.255979316","2026-08-14 10:58:58.678400","/home/akatoki/SC-30/scripts/SC-30/2_phase/EM.py","log_msg","90","","","","","","","","","","-657.1712701752778","","","","","","","","","","","","","","","","","","","","","","","","","","","","","","","","","","","",""
"482.292995062","2026-08-14 10:58:58.715434","/home/akatoki/SC-30/scripts/SC-30/2_phase/EM.py","log_msg","90","","","","[待機] alt=-657.171 m","","","","","","","","","","","","","","","","","","","","","","","","","","","","","","","","","","","","","","","","","",""
"483.456715874","2026-08-14 10:58:59.879159","/home/akatoki/SC-30/scripts/SC-30/2_phase/EM.py","log_msg","90","","","","","","","","","","-657.4815713776128","","","","","","","","","","","","","","","","","","","","","","","","","","","","","","","","","","","",""
"483.470982826","2026-08-14 10:58:59.893416","/home/akatoki/SC-30/scripts/SC-30/2_phase/EM.py","log_msg","90","","","","[待機] alt=-657.482 m","","","","","","","","","","","","","","","","","","","","","","","","","","","","","","","","","","","","","","","","","",""
"484.588499116","2026-08-14 10:59:01.010933","/home/akatoki/SC-30/scripts/SC-30/2_phase/EM.py","log_msg","90","","","","","","","","","","-657.2267759933194","","","","","","","","","","","","","","","","","","","","","","","","","","","","","","","","","","","",""
"485.103910756","2026-08-14 10:59:01.526344","/home/akatoki/SC-30/scripts/SC-30/2_phase/EM.py","log_msg","90","","","","[待機] alt=-657.227 m","","","","","","","","","","","","","","","","","","","","","","","","","","","","","","","","","","","","","","","","","",""
"486.209824819","2026-08-14 10:59:02.632247","/home/akatoki/SC-30/scripts/SC-30/2_phase/EM.py","log_msg","90","","","","","","","","","","-657.7565661364438","","","","","","","","","","","","","","","","","","","","","","","","","","","","","","","","","","","",""
"486.232341116","2026-08-14 10:59:02.654768","/home/akatoki/SC-30/scripts/SC-30/2_phase/EM.py","log_msg","90","","","","[待機] alt=-657.757 m","","","","","","","","","","","","","","","","","","","","","","","","","","","","","","","","","","","","","","","","","",""
"487.354142","2026-08-14 10:59:03.776558","/home/akatoki/SC-30/scripts/SC-30/2_phase/EM.py","log_msg","90","","","","","","","","","","-657.648068809028","","","","","","","","","","","","","","","","","","","","","","","","","","","","","","","","","","","",""
"487.358194856","2026-08-14 10:59:03.780617","/home/akatoki/SC-30/scripts/SC-30/2_phase/EM.py","log_msg","90","","","","[待機] alt=-657.648 m","","","","","","","","","","","","","","","","","","","","","","","","","","","","","","","","","","","","","","","","","",""
"488.467273275","2026-08-14 10:59:04.889690","/home/akatoki/SC-30/scripts/SC-30/2_phase/EM.py","log_msg","90","","","","","","","","","","-657.5749096158914","","","","","","","","","","","","","","","","","","","","","","","","","","","","","","","","","","","",""
"488.471302958","2026-08-14 10:59:04.893726","/home/akatoki/SC-30/scripts/SC-30/2_phase/EM.py","log_msg","90","","","","[待機] alt=-657.575 m","","","","","","","","","","","","","","","","","","","","","","","","","","","","","","","","","","","","","","","","","",""
"489.575825388","2026-08-14 10:59:05.998241","/home/akatoki/SC-30/scripts/SC-30/2_phase/EM.py","log_msg","90","","","","","","","","","","-657.4109117145172","","","","","","","","","","","","","","","","","","","","","","","","","","","","","","","","","","","",""
"489.579888401","2026-08-14 10:59:06.002311","/home/akatoki/SC-30/scripts/SC-30/2_phase/EM.py","log_msg","90","","","","[待機] alt=-657.411 m","","","","","","","","","","","","","","","","","","","","","","","","","","","","","","","","","","","","","","","","","",""
"490.689207582","2026-08-14 10:59:07.111629","/home/akatoki/SC-30/scripts/SC-30/2_phase/EM.py","log_msg","90","","","","","","","","","","-657.648068809028","","","","","","","","","","","","","","","","","","","","","","","","","","","","","","","","","","","",""
"490.693662675","2026-08-14 10:59:07.116092","/home/akatoki/SC-30/scripts/SC-30/2_phase/EM.py","log_msg","90","","","","[待機] alt=-657.648 m","","","","","","","","","","","","","","","","","","","","","","","","","","","","","","","","","","","","","","","","","",""
"491.800517538","2026-08-14 10:59:08.222939","/home/akatoki/SC-30/scripts/SC-30/2_phase/EM.py","log_msg","90","","","","","","","","","","-656.69940949115","","","","","","","","","","","","","","","","","","","","","","","","","","","","","","","","","","","",""
"491.805222701","2026-08-14 10:59:08.227670","/home/akatoki/SC-30/scripts/SC-30/2_phase/EM.py","log_msg","90","","","","[待機] alt=-656.699 m","","","","","","","","","","","","","","","","","","","","","","","","","","","","","","","","","","","","","","","","","",""
"492.910359853","2026-08-14 10:59:09.332781","/home/akatoki/SC-30/scripts/SC-30/2_phase/EM.py","log_msg","90","","","","","","","","","","-657.6303868730221","","","","","","","","","","","","","","","","","","","","","","","","","","","","","","","","","","","",""
"492.914930036","2026-08-14 10:59:09.337359","/home/akatoki/SC-30/scripts/SC-30/2_phase/EM.py","log_msg","90","","","","[待機] alt=-657.630 m","","","","","","","","","","","","","","","","","","","","","","","","","","","","","","","","","","","","","","","","","",""
"494.024714401","2026-08-14 10:59:10.447135","/home/akatoki/SC-30/scripts/SC-30/2_phase/EM.py","log_msg","90","","","","","","","","","","-657.3377527999934","","","","","","","","","","","","","","","","","","","","","","","","","","","","","","","","","","","",""
"494.029228759","2026-08-14 10:59:10.451658","/home/akatoki/SC-30/scripts/SC-30/2_phase/EM.py","log_msg","90","","","","[待機] alt=-657.338 m","","","","","","","","","","","","","","","","","","","","","","","","","","","","","","","","","","","","","","","","","",""
"495.134364415","2026-08-14 10:59:11.556784","/home/akatoki/SC-30/scripts/SC-30/2_phase/EM.py","log_msg","90","","","","","","","","","","-657.1005908276269","","","","","","","","","","","","","","","","","","","","","","","","","","","","","","","","","","","",""
"495.138851487","2026-08-14 10:59:11.561281","/home/akatoki/SC-30/scripts/SC-30/2_phase/EM.py","log_msg","90","","","","[待機] alt=-657.101 m","","","","","","","","","","","","","","","","","","","","","","","","","","","","","","","","","","","","","","","","","",""
"496.243914603","2026-08-14 10:59:12.666335","/home/akatoki/SC-30/scripts/SC-30/2_phase/EM.py","log_msg","90","","","","","","","","","","-657.0274319275628","","","","","","","","","","","","","","","","","","","","","","","","","","","","","","","","","","","",""
"496.248495828","2026-08-14 10:59:12.670926","/home/akatoki/SC-30/scripts/SC-30/2_phase/EM.py","log_msg","90","","","","[待機] alt=-657.027 m","","","","","","","","","","","","","","","","","","","","","","","","","","","","","","","","","","","","","","","","","",""
"497.353562952","2026-08-14 10:59:13.775984","/home/akatoki/SC-30/scripts/SC-30/2_phase/EM.py","log_msg","90","","","","","","","","","","-657.1182744715724","","","","","","","","","","","","","","","","","","","","","","","","","","","","","","","","","","","",""
"497.358101163","2026-08-14 10:59:13.780530","/home/akatoki/SC-30/scripts/SC-30/2_phase/EM.py","log_msg","90","","","","[待機] alt=-657.118 m","","","","","","","","","","","","","","","","","","","","","","","","","","","","","","","","","","","","","","","","","",""
"498.467980933","2026-08-14 10:59:14.890401","/home/akatoki/SC-30/scripts/SC-30/2_phase/EM.py","log_msg","90","","","","","","","","","","-658.049207779296","","","","","","","","","","","","","","","","","","","","","","","","","","","","","","","","","","","",""
"498.472503001","2026-08-14 10:59:14.894932","/home/akatoki/SC-30/scripts/SC-30/2_phase/EM.py","log_msg","90","","","","[待機] alt=-658.049 m","","","","","","","","","","","","","","","","","","","","","","","","","","","","","","","","","","","","","","","","","",""
"499.577583963","2026-08-14 10:59:16.000004","/home/akatoki/SC-30/scripts/SC-30/2_phase/EM.py","log_msg","90","","","","","","","","","","-657.9760477647806","","","","","","","","","","","","","","","","","","","","","","","","","","","","","","","","","","","",""
"499.582180657","2026-08-14 10:59:16.004610","/home/akatoki/SC-30/scripts/SC-30/2_phase/EM.py","log_msg","90","","","","[待機] alt=-657.976 m","","","","","","","","","","","","","","","","","","","","","","","","","","","","","","","","","","","","","","","","","",""
"500.693352899","2026-08-14 10:59:17.115774","/home/akatoki/SC-30/scripts/SC-30/2_phase/EM.py","log_msg","90","","","","","","","","","","-657.0274319275628","","","","","","","","","","","","","","","","","","","","","","","","","","","","","","","","","","","",""
"500.698019532","2026-08-14 10:59:17.120449","/home/akatoki/SC-30/scripts/SC-30/2_phase/EM.py","log_msg","90","","","","[待機] alt=-657.027 m","","","","","","","","","","","","","","","","","","","","","","","","","","","","","","","","","","","","","","","","","",""
"501.802882961","2026-08-14 10:59:18.225299","/home/akatoki/SC-30/scripts/SC-30/2_phase/EM.py","log_msg","90","","","","","","","","","","-657.484070364878","","","","","","","","","","","","","","","","","","","","","","","","","","","","","","","","","","","",""
"501.806940462","2026-08-14 10:59:18.229363","/home/akatoki/SC-30/scripts/SC-30/2_phase/EM.py","log_msg","90","","","","[待機] alt=-657.484 m","","","","","","","","","","","","","","","","","","","","","","","","","","","","","","","","","","","","","","","","","",""
"502.911564582","2026-08-14 10:59:19.333982","/home/akatoki/SC-30/scripts/SC-30/2_phase/EM.py","log_msg","90","","","","","","","","","","-657.320065942861","","","","","","","","","","","","","","","","","","","","","","","","","","","","","","","","","","","",""
"502.917336843","2026-08-14 10:59:19.339760","/home/akatoki/SC-30/scripts/SC-30/2_phase/EM.py","log_msg","90","","","","[待機] alt=-657.320 m","","","","","","","","","","","","","","","","","","","","","","","","","","","","","","","","","","","","","","","","","",""
"504.026791667","2026-08-14 10:59:20.449208","/home/akatoki/SC-30/scripts/SC-30/2_phase/EM.py","log_msg","90","","","","","","","","","","-657.320065942861","","","","","","","","","","","","","","","","","","","","","","","","","","","","","","","","","","","",""
"504.030898694","2026-08-14 10:59:20.453321","/home/akatoki/SC-30/scripts/SC-30/2_phase/EM.py","log_msg","90","","","","[待機] alt=-657.320 m","","","","","","","","","","","","","","","","","","","","","","","","","","","","","","","","","","","","","","","","","",""
"505.135442255","2026-08-14 10:59:21.557858","/home/akatoki/SC-30/scripts/SC-30/2_phase/EM.py","log_msg","90","","","","","","","","","","-657.320065942861","","","","","","","","","","","","","","","","","","","","","","","","","","","","","","","","","","","",""
"505.139560167","2026-08-14 10:59:21.561983","/home/akatoki/SC-30/scripts/SC-30/2_phase/EM.py","log_msg","90","","","","[待機] alt=-657.320 m","","","","","","","","","","","","","","","","","","","","","","","","","","","","","","","","","","","","","","","","","",""
"506.248821944","2026-08-14 10:59:22.671241","/home/akatoki/SC-30/scripts/SC-30/2_phase/EM.py","log_msg","90","","","","","","","","","","-657.1737494635378","","","","","","","","","","","","","","","","","","","","","","","","","","","","","","","","","","","",""
"506.264648891","2026-08-14 10:59:22.687075","/home/akatoki/SC-30/scripts/SC-30/2_phase/EM.py","log_msg","90","","","","[待機] alt=-657.174 m","","","","","","","","","","","","","","","","","","","","","","","","","","","","","","","","","","","","","","","","","",""
"507.369529012","2026-08-14 10:59:23.791949","/home/akatoki/SC-30/scripts/SC-30/2_phase/EM.py","log_msg","90","","","","","","","","","","-657.1560555426915","","","","","","","","","","","","","","","","","","","","","","","","","","","","","","","","","","","",""
"507.37401151","2026-08-14 10:59:23.796439","/home/akatoki/SC-30/scripts/SC-30/2_phase/EM.py","log_msg","90","","","","[待機] alt=-657.156 m","","","","","","","","","","","","","","","","","","","","","","","","","","","","","","","","","","","","","","","","","",""
"508.478985749","2026-08-14 10:59:24.901407","/home/akatoki/SC-30/scripts/SC-30/2_phase/EM.py","log_msg","90","","","","","","","","","","-657.940702939679","","","","","","","","","","","","","","","","","","","","","","","","","","","","","","","","","","","",""
"508.485053598","2026-08-14 10:59:24.907484","/home/akatoki/SC-30/scripts/SC-30/2_phase/EM.py","log_msg","90","","","","[待機] alt=-657.941 m","","","","","","","","","","","","","","","","","","","","","","","","","","","","","","","","","","","","","","","","","",""
"509.594556232","2026-08-14 10:59:26.016977","/home/akatoki/SC-30/scripts/SC-30/2_phase/EM.py","log_msg","90","","","","","","","","","","-657.0828979779316","","","","","","","","","","","","","","","","","","","","","","","","","","","","","","","","","","","",""
"509.598997643","2026-08-14 10:59:26.021424","/home/akatoki/SC-30/scripts/SC-30/2_phase/EM.py","log_msg","90","","","","[待機] alt=-657.083 m","","","","","","","","","","","","","","","","","","","","","","","","","","","","","","","","","","","","","","","","","",""
"510.703995253","2026-08-14 10:59:27.126460","/home/akatoki/SC-30/scripts/SC-30/2_phase/EM.py","log_msg","90","","","","","","","","","","-657.320065942861","","","","","","","","","","","","","","","","","","","","","","","","","","","","","","","","","","","",""
"510.708529256","2026-08-14 10:59:27.130958","/home/akatoki/SC-30/scripts/SC-30/2_phase/EM.py","log_msg","90","","","","[待機] alt=-657.320 m","","","","","","","","","","","","","","","","","","","","","","","","","","","","","","","","","","","","","","","","","",""
"511.813530103","2026-08-14 10:59:28.235951","/home/akatoki/SC-30/scripts/SC-30/2_phase/EM.py","log_msg","90","","","","","","","","","","-657.1560555426915","","","","","","","","","","","","","","","","","","","","","","","","","","","","","","","","","","","",""
"511.818008385","2026-08-14 10:59:28.240437","/home/akatoki/SC-30/scripts/SC-30/2_phase/EM.py","log_msg","90","","","","[待機] alt=-657.156 m","","","","","","","","","","","","","","","","","","","","","","","","","","","","","","","","","","","","","","","","","",""
"512.922971846","2026-08-14 10:59:29.345392","/home/akatoki/SC-30/scripts/SC-30/2_phase/EM.py","log_msg","90","","","","","","","","","","-657.320065942861","","","","","","","","","","","","","","","","","","","","","","","","","","","","","","","","","","","",""
"512.927364567","2026-08-14 10:59:29.349793","/home/akatoki/SC-30/scripts/SC-30/2_phase/EM.py","log_msg","90","","","","[待機] alt=-657.320 m","","","","","","","","","","","","","","","","","","","","","","","","","","","","","","","","","","","","","","","","","",""
"514.037162618","2026-08-14 10:59:30.459583","/home/akatoki/SC-30/scripts/SC-30/2_phase/EM.py","log_msg","90","","","","","","","","","","-656.9920391641236","","","","","","","","","","","","","","","","","","","","","","","","","","","","","","","","","","","",""
"514.041605906","2026-08-14 10:59:30.464035","/home/akatoki/SC-30/scripts/SC-30/2_phase/EM.py","log_msg","90","","","","[待機] alt=-656.992 m","","","","","","","","","","","","","","","","","","","","","","","","","","","","","","","","","","","","","","","","","",""
"515.146614467","2026-08-14 10:59:31.569036","/home/akatoki/SC-30/scripts/SC-30/2_phase/EM.py","log_msg","90","","","","","","","","","","-657.0651959218367","","","","","","","","","","","","","","","","","","","","","","","","","","","","","","","","","","","",""
"515.151029218","2026-08-14 10:59:31.573457","/home/akatoki/SC-30/scripts/SC-30/2_phase/EM.py","log_msg","90","","","","[待機] alt=-657.065 m","","","","","","","","","","","","","","","","","","","","","","","","","","","","","","","","","","","","","","","","","",""
"516.255999239","2026-08-14 10:59:32.678454","/home/akatoki/SC-30/scripts/SC-30/2_phase/EM.py","log_msg","90","","","","","","","","","","-657.1937952385206","","","","","","","","","","","","","","","","","","","","","","","","","","","","","","","","","","","",""
"516.260556471","2026-08-14 10:59:32.682985","/home/akatoki/SC-30/scripts/SC-30/2_phase/EM.py","log_msg","90","","","","[待機] alt=-657.194 m","","","","","","","","","","","","","","","","","","","","","","","","","","","","","","","","","","","","","","","","","",""
"517.367022737","2026-08-14 10:59:33.789438","/home/akatoki/SC-30/scripts/SC-30/2_phase/EM.py","log_msg","90","","","","","","","","","","-656.8657271580122","","","","","","","","","","","","","","","","","","","","","","","","","","","","","","","","","","","",""
"517.371064989","2026-08-14 10:59:33.793487","/home/akatoki/SC-30/scripts/SC-30/2_phase/EM.py","log_msg","90","","","","[待機] alt=-656.866 m","","","","","","","","","","","","","","","","","","","","","","","","","","","","","","","","","","","","","","","","","",""
"518.480469954","2026-08-14 10:59:34.902887","/home/akatoki/SC-30/scripts/SC-30/2_phase/EM.py","log_msg","90","","","","","","","","","","-656.6285306195822","","","","","","","","","","","","","","","","","","","","","","","","","","","","","","","","","","","",""
"518.484498615","2026-08-14 10:59:34.906922","/home/akatoki/SC-30/scripts/SC-30/2_phase/EM.py","log_msg","90","","","","[待機] alt=-656.629 m","","","","","","","","","","","","","","","","","","","","","","","","","","","","","","","","","","","","","","","","","",""
"519.588953007","2026-08-14 10:59:36.011369","/home/akatoki/SC-30/scripts/SC-30/2_phase/EM.py","log_msg","90","","","","","","","","","","-657.3223800037301","","","","","","","","","","","","","","","","","","","","","","","","","","","","","","","","","","","",""
"519.593023277","2026-08-14 10:59:36.015447","/home/akatoki/SC-30/scripts/SC-30/2_phase/EM.py","log_msg","90","","","","[待機] alt=-657.322 m","","","","","","","","","","","","","","","","","","","","","","","","","","","","","","","","","","","","","","","","","",""
"520.697482406","2026-08-14 10:59:37.119898","/home/akatoki/SC-30/scripts/SC-30/2_phase/EM.py","log_msg","90","","","","","","","","","","-657.6327206336149","","","","","","","","","","","","","","","","","","","","","","","","","","","","","","","","","","","",""
"520.701540074","2026-08-14 10:59:37.123962","/home/akatoki/SC-30/scripts/SC-30/2_phase/EM.py","log_msg","90","","","","[待機] alt=-657.633 m","","","","","","","","","","","","","","","","","","","","","","","","","","","","","","","","","","","","","","","","","",""
"521.806156143","2026-08-14 10:59:38.228577","/home/akatoki/SC-30/scripts/SC-30/2_phase/EM.py","log_msg","90","","","","","","","","","","-657.3955332967122","","","","","","","","","","","","","","","","","","","","","","","","","","","","","","","","","","","",""
"521.815595672","2026-08-14 10:59:38.238026","/home/akatoki/SC-30/scripts/SC-30/2_phase/EM.py","log_msg","90","","","","[待機] alt=-657.396 m","","","","","","","","","","","","","","","","","","","","","","","","","","","","","","","","","","","","","","","","","",""
"522.920641352","2026-08-14 10:59:39.343062","/home/akatoki/SC-30/scripts/SC-30/2_phase/EM.py","log_msg","90","","","","","","","","","","-657.3806118003602","","","","","","","","","","","","","","","","","","","","","","","","","","","","","","","","","","","",""
"522.925130837","2026-08-14 10:59:39.347559","/home/akatoki/SC-30/scripts/SC-30/2_phase/EM.py","log_msg","90","","","","[待機] alt=-657.381 m","","","","","","","","","","","","","","","","","","","","","","","","","","","","","","","","","","","","","","","","","",""
"524.030164726","2026-08-14 10:59:40.452586","/home/akatoki/SC-30/scripts/SC-30/2_phase/EM.py","log_msg","90","","","","","","","","","","-656.7421519385309","","","","","","","","","","","","","","","","","","","","","","","","","","","","","","","","","","","",""
"524.034674417","2026-08-14 10:59:40.457103","/home/akatoki/SC-30/scripts/SC-30/2_phase/EM.py","log_msg","90","","","","[待機] alt=-656.742 m","","","","","","","","","","","","","","","","","","","","","","","","","","","","","","","","","","","","","","","","","",""
"525.139873","2026-08-14 10:59:41.562294","/home/akatoki/SC-30/scripts/SC-30/2_phase/EM.py","log_msg","90","","","","","","","","","","-657.3451140122953","","","","","","","","","","","","","","","","","","","","","","","","","","","","","","","","","","","",""
"525.151805365","2026-08-14 10:59:41.574237","/home/akatoki/SC-30/scripts/SC-30/2_phase/EM.py","log_msg","90","","","","[待機] alt=-657.345 m","","","","","","","","","","","","","","","","","","","","","","","","","","","","","","","","","","","","","","","","","",""
"526.258228963","2026-08-14 10:59:42.680645","/home/akatoki/SC-30/scripts/SC-30/2_phase/EM.py","log_msg","90","","","","","","","","","","-656.926061352353","","","","","","","","","","","","","","","","","","","","","","","","","","","","","","","","","","","",""
"526.262284134","2026-08-14 10:59:42.684708","/home/akatoki/SC-30/scripts/SC-30/2_phase/EM.py","log_msg","90","","","","[待機] alt=-656.926 m","","","","","","","","","","","","","","","","","","","","","","","","","","","","","","","","","","","","","","","","","",""
"527.366769742","2026-08-14 10:59:43.789186","/home/akatoki/SC-30/scripts/SC-30/2_phase/EM.py","log_msg","90","","","","","","","","","","-657.2364314584912","","","","","","","","","","","","","","","","","","","","","","","","","","","","","","","","","","","",""
"527.370800801","2026-08-14 10:59:43.793224","/home/akatoki/SC-30/scripts/SC-30/2_phase/EM.py","log_msg","90","","","","[待機] alt=-657.236 m","","","","","","","","","","","","","","","","","","","","","","","","","","","","","","","","","","","","","","","","","",""
"528.475319239","2026-08-14 10:59:44.897735","/home/akatoki/SC-30/scripts/SC-30/2_phase/EM.py","log_msg","90","","","","","","","","","","-656.9814232043079","","","","","","","","","","","","","","","","","","","","","","","","","","","","","","","","","","","",""
"528.479354778","2026-08-14 10:59:44.901777","/home/akatoki/SC-30/scripts/SC-30/2_phase/EM.py","log_msg","90","","","","[待機] alt=-656.981 m","","","","","","","","","","","","","","","","","","","","","","","","","","","","","","","","","","","","","","","","","",""
"529.583850635","2026-08-14 10:59:46.006267","/home/akatoki/SC-30/scripts/SC-30/2_phase/EM.py","log_msg","90","","","","","","","","","","-656.9636279351276","","","","","","","","","","","","","","","","","","","","","","","","","","","","","","","","","","","",""
"529.59311931","2026-08-14 10:59:46.015542","/home/akatoki/SC-30/scripts/SC-30/2_phase/EM.py","log_msg","90","","","","[待機] alt=-656.964 m","","","","","","","","","","","","","","","","","","","","","","","","","","","","","","","","","","","","","","","","","",""
"530.697698673","2026-08-14 10:59:47.120120","/home/akatoki/SC-30/scripts/SC-30/2_phase/EM.py","log_msg","90","","","","","","","","","","-657.4202986594424","","","","","","","","","","","","","","","","","","","","","","","","","","","","","","","","","","","",""
"530.702205815","2026-08-14 10:59:47.124634","/home/akatoki/SC-30/scripts/SC-30/2_phase/EM.py","log_msg","90","","","","[待機] alt=-657.420 m","","","","","","","","","","","","","","","","","","","","","","","","","","","","","","","","","","","","","","","","","",""
"531.807252265","2026-08-14 10:59:48.229673","/home/akatoki/SC-30/scripts/SC-30/2_phase/EM.py","log_msg","90","","","","","","","","","","-657.220581576549","","","","","","","","","","","","","","","","","","","","","","","","","","","","","","","","","","","",""
"531.811737067","2026-08-14 10:59:48.234166","/home/akatoki/SC-30/scripts/SC-30/2_phase/EM.py","log_msg","90","","","","[待機] alt=-657.221 m","","","","","","","","","","","","","","","","","","","","","","","","","","","","","","","","","","","","","","","","","",""
"532.917775374","2026-08-14 10:59:49.340197","/home/akatoki/SC-30/scripts/SC-30/2_phase/EM.py","log_msg","90","","","","","","","","","","-656.8923547161768","","","","","","","","","","","","","","","","","","","","","","","","","","","","","","","","","","","",""
"532.922497904","2026-08-14 10:59:49.344932","/home/akatoki/SC-30/scripts/SC-30/2_phase/EM.py","log_msg","90","","","","[待機] alt=-656.892 m","","","","","","","","","","","","","","","","","","","","","","","","","","","","","","","","","","","","","","","","","",""
"534.032906249","2026-08-14 10:59:50.455326","/home/akatoki/SC-30/scripts/SC-30/2_phase/EM.py","log_msg","90","","","","","","","","","","-657.4249903348301","","","","","","","","","","","","","","","","","","","","","","","","","","","","","","","","","","","",""
"534.040311224","2026-08-14 10:59:50.462737","/home/akatoki/SC-30/scripts/SC-30/2_phase/EM.py","log_msg","90","","","","[待機] alt=-657.425 m","","","","","","","","","","","","","","","","","","","","","","","","","","","","","","","","","","","","","","","","","",""
"535.145098891","2026-08-14 10:59:51.567515","/home/akatoki/SC-30/scripts/SC-30/2_phase/EM.py","log_msg","90","","","","","","","","","","-657.4802899938451","","","","","","","","","","","","","","","","","","","","","","","","","","","","","","","","","","","",""
"535.149225305","2026-08-14 10:59:51.571650","/home/akatoki/SC-30/scripts/SC-30/2_phase/EM.py","log_msg","90","","","","[待機] alt=-657.480 m","","","","","","","","","","","","","","","","","","","","","","","","","","","","","","","","","","","","","","","","","",""
"536.25802743","2026-08-14 10:59:52.680444","/home/akatoki/SC-30/scripts/SC-30/2_phase/EM.py","log_msg","90","","","","","","","","","","-657.7728447076429","","","","","","","","","","","","","","","","","","","","","","","","","","","","","","","","","","","",""
"536.271021643","2026-08-14 10:59:52.693452","/home/akatoki/SC-30/scripts/SC-30/2_phase/EM.py","log_msg","90","","","","[待機] alt=-657.773 m","","","","","","","","","","","","","","","","","","","","","","","","","","","","","","","","","","","","","","","","","",""
"537.379203182","2026-08-14 10:59:53.801619","/home/akatoki/SC-30/scripts/SC-30/2_phase/EM.py","log_msg","90","","","","","","","","","","-657.2073032662288","","","","","","","","","","","","","","","","","","","","","","","","","","","","","","","","","","","",""
"537.38482783","2026-08-14 10:59:53.807252","/home/akatoki/SC-30/scripts/SC-30/2_phase/EM.py","log_msg","90","","","","[待機] alt=-657.207 m","","","","","","","","","","","","","","","","","","","","","","","","","","","","","","","","","","","","","","","","","",""
"538.504373656","2026-08-14 10:59:54.926789","/home/akatoki/SC-30/scripts/SC-30/2_phase/EM.py","log_msg","90","","","","","","","","","","-657.590854421979","","","","","","","","","","","","","","","","","","","","","","","","","","","","","","","","","","","",""
"538.509379066","2026-08-14 10:59:54.931804","/home/akatoki/SC-30/scripts/SC-30/2_phase/EM.py","log_msg","90","","","","[待機] alt=-657.591 m","","","","","","","","","","","","","","","","","","","","","","","","","","","","","","","","","","","","","","","","","",""
"539.614857705","2026-08-14 10:59:56.037273","/home/akatoki/SC-30/scripts/SC-30/2_phase/EM.py","log_msg","90","","","","","","","","","","-657.098410466978","","","","","","","","","","","","","","","","","","","","","","","","","","","","","","","","","","","",""
"539.619003233","2026-08-14 10:59:56.041426","/home/akatoki/SC-30/scripts/SC-30/2_phase/EM.py","log_msg","90","","","","[待機] alt=-657.098 m","","","","","","","","","","","","","","","","","","","","","","","","","","","","","","","","","","","","","","","","","",""
"540.72847649","2026-08-14 10:59:57.150892","/home/akatoki/SC-30/scripts/SC-30/2_phase/EM.py","log_msg","90","","","","","","","","","","-657.3730518755586","","","","","","","","","","","","","","","","","","","","","","","","","","","","","","","","","","","",""
"540.732587596","2026-08-14 10:59:57.155010","/home/akatoki/SC-30/scripts/SC-30/2_phase/EM.py","log_msg","90","","","","[待機] alt=-657.373 m","","","","","","","","","","","","","","","","","","","","","","","","","","","","","","","","","","","","","","","","","",""
"541.837881316","2026-08-14 10:59:58.260297","/home/akatoki/SC-30/scripts/SC-30/2_phase/EM.py","log_msg","90","","","","","","","","","","-656.8073950538819","","","","","","","","","","","","","","","","","","","","","","","","","","","","","","","","","","","",""
"541.842730239","2026-08-14 10:59:58.265154","/home/akatoki/SC-30/scripts/SC-30/2_phase/EM.py","log_msg","90","","","","[待機] alt=-656.807 m","","","","","","","","","","","","","","","","","","","","","","","","","","","","","","","","","","","","","","","","","",""
"542.95044321","2026-08-14 10:59:59.372859","/home/akatoki/SC-30/scripts/SC-30/2_phase/EM.py","log_msg","90","","","","","","","","","","-657.2641013264183","","","","","","","","","","","","","","","","","","","","","","","","","","","","","","","","","","","",""
"542.955602611","2026-08-14 10:59:59.378026","/home/akatoki/SC-30/scripts/SC-30/2_phase/EM.py","log_msg","90","","","","[待機] alt=-657.264 m","","","","","","","","","","","","","","","","","","","","","","","","","","","","","","","","","","","","","","","","","",""
"544.06498186","2026-08-14 11:00:00.487396","/home/akatoki/SC-30/scripts/SC-30/2_phase/EM.py","log_msg","90","","","","","","","","","","-657.3221210149954","","","","","","","","","","","","","","","","","","","","","","","","","","","","","","","","","","","",""
"544.073814565","2026-08-14 11:00:00.496245","/home/akatoki/SC-30/scripts/SC-30/2_phase/EM.py","log_msg","90","","","","[待機] alt=-657.322 m","","","","","","","","","","","","","","","","","","","","","","","","","","","","","","","","","","","","","","","","","",""
"545.182796362","2026-08-14 11:00:01.605219","/home/akatoki/SC-30/scripts/SC-30/2_phase/EM.py","log_msg","90","","","","","","","","","","-656.975787003669","","","","","","","","","","","","","","","","","","","","","","","","","","","","","","","","","","","",""
"545.187775372","2026-08-14 11:00:01.610198","/home/akatoki/SC-30/scripts/SC-30/2_phase/EM.py","log_msg","90","","","","[待機] alt=-656.976 m","","","","","","","","","","","","","","","","","","","","","","","","","","","","","","","","","","","","","","","","","",""
"546.29398733","2026-08-14 11:00:02.716403","/home/akatoki/SC-30/scripts/SC-30/2_phase/EM.py","log_msg","90","","","","","","","","","","-657.3234587748714","","","","","","","","","","","","","","","","","","","","","","","","","","","","","","","","","","","",""
"546.298838962","2026-08-14 11:00:02.721263","/home/akatoki/SC-30/scripts/SC-30/2_phase/EM.py","log_msg","90","","","","[待機] alt=-657.323 m","","","","","","","","","","","","","","","","","","","","","","","","","","","","","","","","","","","","","","","","","",""
"547.409519052","2026-08-14 11:00:03.831935","/home/akatoki/SC-30/scripts/SC-30/2_phase/EM.py","log_msg","90","","","","","","","","","","-657.1412614468977","","","","","","","","","","","","","","","","","","","","","","","","","","","","","","","","","","","",""
"547.414989819","2026-08-14 11:00:03.837414","/home/akatoki/SC-30/scripts/SC-30/2_phase/EM.py","log_msg","90","","","","[待機] alt=-657.141 m","","","","","","","","","","","","","","","","","","","","","","","","","","","","","","","","","","","","","","","","","",""
"548.525160749","2026-08-14 11:00:04.947577","/home/akatoki/SC-30/scripts/SC-30/2_phase/EM.py","log_msg","90","","","","","","","","","","-657.4157611217099","","","","","","","","","","","","","","","","","","","","","","","","","","","","","","","","","","","",""
"548.529574056","2026-08-14 11:00:04.951997","/home/akatoki/SC-30/scripts/SC-30/2_phase/EM.py","log_msg","90","","","","[待機] alt=-657.416 m","","","","","","","","","","","","","","","","","","","","","","","","","","","","","","","","","","","","","","","","","",""
"549.63680173","2026-08-14 11:00:06.059217","/home/akatoki/SC-30/scripts/SC-30/2_phase/EM.py","log_msg","90","","","","","","","","","","-657.2515195259739","","","","","","","","","","","","","","","","","","","","","","","","","","","","","","","","","","","",""
"549.640945178","2026-08-14 11:00:06.063368","/home/akatoki/SC-30/scripts/SC-30/2_phase/EM.py","log_msg","90","","","","[待機] alt=-657.252 m","","","","","","","","","","","","","","","","","","","","","","","","","","","","","","","","","","","","","","","","","",""
"550.749779134","2026-08-14 11:00:07.172195","/home/akatoki/SC-30/scripts/SC-30/2_phase/EM.py","log_msg","90","","","","","","","","","","-657.7481544451716","","","","","","","","","","","","","","","","","","","","","","","","","","","","","","","","","","","",""
"550.755470967","2026-08-14 11:00:07.177895","/home/akatoki/SC-30/scripts/SC-30/2_phase/EM.py","log_msg","90","","","","[待機] alt=-657.748 m","","","","","","","","","","","","","","","","","","","","","","","","","","","","","","","","","","","","","","","","","",""
"551.865898596","2026-08-14 11:00:08.288315","/home/akatoki/SC-30/scripts/SC-30/2_phase/EM.py","log_msg","90","","","","","","","","","","-657.4196314739488","","","","","","","","","","","","","","","","","","","","","","","","","","","","","","","","","","","",""
"551.87033638","2026-08-14 11:00:08.292759","/home/akatoki/SC-30/scripts/SC-30/2_phase/EM.py","log_msg","90","","","","[待機] alt=-657.420 m","","","","","","","","","","","","","","","","","","","","","","","","","","","","","","","","","","","","","","","","","",""
"552.984304659","2026-08-14 11:00:09.406720","/home/akatoki/SC-30/scripts/SC-30/2_phase/EM.py","log_msg","90","","","","","","","","","","-657.5478231964277","","","","","","","","","","","","","","","","","","","","","","","","","","","","","","","","","","","",""
"553.003817589","2026-08-14 11:00:09.426241","/home/akatoki/SC-30/scripts/SC-30/2_phase/EM.py","log_msg","90","","","","[待機] alt=-657.548 m","","","","","","","","","","","","","","","","","","","","","","","","","","","","","","","","","","","","","","","","","",""
"554.118106901","2026-08-14 11:00:10.540522","/home/akatoki/SC-30/scripts/SC-30/2_phase/EM.py","log_msg","90","","","","","","","","","","-656.908742024418","","","","","","","","","","","","","","","","","","","","","","","","","","","","","","","","","","","",""
"554.128172049","2026-08-14 11:00:10.550596","/home/akatoki/SC-30/scripts/SC-30/2_phase/EM.py","log_msg","90","","","","[待機] alt=-656.909 m","","","","","","","","","","","","","","","","","","","","","","","","","","","","","","","","","","","","","","","","","",""
"555.237841705","2026-08-14 11:00:11.660257","/home/akatoki/SC-30/scripts/SC-30/2_phase/EM.py","log_msg","90","","","","","","","","","","-657.0368978595953","","","","","","","","","","","","","","","","","","","","","","","","","","","","","","","","","","","",""
"555.243879377","2026-08-14 11:00:11.666302","/home/akatoki/SC-30/scripts/SC-30/2_phase/EM.py","log_msg","90","","","","[待機] alt=-657.037 m","","","","","","","","","","","","","","","","","","","","","","","","","","","","","","","","","","","","","","","","","",""
"556.358535264","2026-08-14 11:00:12.780951","/home/akatoki/SC-30/scripts/SC-30/2_phase/EM.py","log_msg","90","","","","","","","","","","-657.3474207203154","","","","","","","","","","","","","","","","","","","","","","","","","","","","","","","","","","","",""
"556.363378984","2026-08-14 11:00:12.785802","/home/akatoki/SC-30/scripts/SC-30/2_phase/EM.py","log_msg","90","","","","[待機] alt=-657.347 m","","","","","","","","","","","","","","","","","","","","","","","","","","","","","","","","","","","","","","","","","",""
"557.469884178","2026-08-14 11:00:13.892300","/home/akatoki/SC-30/scripts/SC-30/2_phase/EM.py","log_msg","90","","","","","","","","","","-657.2381496509464","","","","","","","","","","","","","","","","","","","","","","","","","","","","","","","","","","","",""
"557.474953077","2026-08-14 11:00:13.897376","/home/akatoki/SC-30/scripts/SC-30/2_phase/EM.py","log_msg","90","","","","[待機] alt=-657.238 m","","","","","","","","","","","","","","","","","","","","","","","","","","","","","","","","","","","","","","","","","",""
"558.582425042","2026-08-14 11:00:15.004841","/home/akatoki/SC-30/scripts/SC-30/2_phase/EM.py","log_msg","90","","","","","","","","","","-657.2381496509464","","","","","","","","","","","","","","","","","","","","","","","","","","","","","","","","","","","",""
"558.586601353","2026-08-14 11:00:15.009024","/home/akatoki/SC-30/scripts/SC-30/2_phase/EM.py","log_msg","90","","","","[待機] alt=-657.238 m","","","","","","","","","","","","","","","","","","","","","","","","","","","","","","","","","","","","","","","","","",""
"559.69397274","2026-08-14 11:00:16.116388","/home/akatoki/SC-30/scripts/SC-30/2_phase/EM.py","log_msg","90","","","","","","","","","","-657.4393833472183","","","","","","","","","","","","","","","","","","","","","","","","","","","","","","","","","","","",""
"559.704610471","2026-08-14 11:00:16.127035","/home/akatoki/SC-30/scripts/SC-30/2_phase/EM.py","log_msg","90","","","","[待機] alt=-657.439 m","","","","","","","","","","","","","","","","","","","","","","","","","","","","","","","","","","","","","","","","","",""
"560.812319492","2026-08-14 11:00:17.234736","/home/akatoki/SC-30/scripts/SC-30/2_phase/EM.py","log_msg","90","","","","","","","","","","-656.873294987514","","","","","","","","","","","","","","","","","","","","","","","","","","","","","","","","","","","",""
"560.817140092","2026-08-14 11:00:17.239565","/home/akatoki/SC-30/scripts/SC-30/2_phase/EM.py","log_msg","90","","","","[待機] alt=-656.873 m","","","","","","","","","","","","","","","","","","","","","","","","","","","","","","","","","","","","","","","","","",""
"561.924753888","2026-08-14 11:00:18.347170","/home/akatoki/SC-30/scripts/SC-30/2_phase/EM.py","log_msg","90","","","","","","","","","","-656.9464020393884","","","","","","","","","","","","","","","","","","","","","","","","","","","","","","","","","","","",""
"561.929066744","2026-08-14 11:00:18.351491","/home/akatoki/SC-30/scripts/SC-30/2_phase/EM.py","log_msg","90","","","","[待機] alt=-656.946 m","","","","","","","","","","","","","","","","","","","","","","","","","","","","","","","","","","","","","","","","","",""
"563.034802378","2026-08-14 11:00:19.457218","/home/akatoki/SC-30/scripts/SC-30/2_phase/EM.py","log_msg","90","","","","","","","","","","-657.019508824777","","","","","","","","","","","","","","","","","","","","","","","","","","","","","","","","","","","",""
"563.039222772","2026-08-14 11:00:19.461646","/home/akatoki/SC-30/scripts/SC-30/2_phase/EM.py","log_msg","90","","","","[待機] alt=-657.020 m","","","","","","","","","","","","","","","","","","","","","","","","","","","","","","","","","","","","","","","","","",""
"564.149014025","2026-08-14 11:00:20.571430","/home/akatoki/SC-30/scripts/SC-30/2_phase/EM.py","log_msg","90","","","","","","","","","","-656.4380303894491","","","","","","","","","","","","","","","","","","","","","","","","","","","","","","","","","","","",""
"564.153531698","2026-08-14 11:00:20.575955","/home/akatoki/SC-30/scripts/SC-30/2_phase/EM.py","log_msg","90","","","","[待機] alt=-656.438 m","","","","","","","","","","","","","","","","","","","","","","","","","","","","","","","","","","","","","","","","","",""
"565.258386239","2026-08-14 11:00:21.680802","/home/akatoki/SC-30/scripts/SC-30/2_phase/EM.py","log_msg","90","","","","","","","","","","-656.8035480388662","","","","","","","","","","","","","","","","","","","","","","","","","","","","","","","","","","","",""
"565.263006294","2026-08-14 11:00:21.685431","/home/akatoki/SC-30/scripts/SC-30/2_phase/EM.py","log_msg","90","","","","[待機] alt=-656.804 m","","","","","","","","","","","","","","","","","","","","","","","","","","","","","","","","","","","","","","","","","",""
"566.368940551","2026-08-14 11:00:22.791357","/home/akatoki/SC-30/scripts/SC-30/2_phase/EM.py","log_msg","90","","","","","","","","","","-656.7853852523398","","","","","","","","","","","","","","","","","","","","","","","","","","","","","","","","","","","",""
"566.373178834","2026-08-14 11:00:22.795602","/home/akatoki/SC-30/scripts/SC-30/2_phase/EM.py","log_msg","90","","","","[待機] alt=-656.785 m","","","","","","","","","","","","","","","","","","","","","","","","","","","","","","","","","","","","","","","","","",""
"567.48032206","2026-08-14 11:00:23.902738","/home/akatoki/SC-30/scripts/SC-30/2_phase/EM.py","log_msg","90","","","","","","","","","","-656.7672132262519","","","","","","","","","","","","","","","","","","","","","","","","","","","","","","","","","","","",""
"567.489417034","2026-08-14 11:00:23.911841","/home/akatoki/SC-30/scripts/SC-30/2_phase/EM.py","log_msg","90","","","","[待機] alt=-656.767 m","","","","","","","","","","","","","","","","","","","","","","","","","","","","","","","","","","","","","","","","","",""
"568.596200221","2026-08-14 11:00:25.018616","/home/akatoki/SC-30/scripts/SC-30/2_phase/EM.py","log_msg","90","","","","","","","","","","-656.8221314547704","","","","","","","","","","","","","","","","","","","","","","","","","","","","","","","","","","","",""
"568.604101346","2026-08-14 11:00:25.026525","/home/akatoki/SC-30/scripts/SC-30/2_phase/EM.py","log_msg","90","","","","[待機] alt=-656.822 m","","","","","","","","","","","","","","","","","","","","","","","","","","","","","","","","","","","","","","","","","",""
"569.710117988","2026-08-14 11:00:26.132534","/home/akatoki/SC-30/scripts/SC-30/2_phase/EM.py","log_msg","90","","","","","","","","","","-656.950135900682","","","","","","","","","","","","","","","","","","","","","","","","","","","","","","","","","","","",""
"569.715127419","2026-08-14 11:00:26.137551","/home/akatoki/SC-30/scripts/SC-30/2_phase/EM.py","log_msg","90","","","","[待機] alt=-656.950 m","","","","","","","","","","","","","","","","","","","","","","","","","","","","","","","","","","","","","","","","","",""
"570.820940455","2026-08-14 11:00:27.243357","/home/akatoki/SC-30/scripts/SC-30/2_phase/EM.py","log_msg","90","","","","","","","","","","-656.8406249633226","","","","","","","","","","","","","","","","","","","","","","","","","","","","","","","","","","","",""
"570.83028571","2026-08-14 11:00:27.252709","/home/akatoki/SC-30/scripts/SC-30/2_phase/EM.py","log_msg","90","","","","[待機] alt=-656.841 m","","","","","","","","","","","","","","","","","","","","","","","","","","","","","","","","","","","","","","","","","",""
"571.935620489","2026-08-14 11:00:28.358037","/home/akatoki/SC-30/scripts/SC-30/2_phase/EM.py","log_msg","90","","","","","","","","","","-656.6762144797812","","","","","","","","","","","","","","","","","","","","","","","","","","","","","","","","","","","",""
"571.940419428","2026-08-14 11:00:28.362844","/home/akatoki/SC-30/scripts/SC-30/2_phase/EM.py","log_msg","90","","","","[待機] alt=-656.676 m","","","","","","","","","","","","","","","","","","","","","","","","","","","","","","","","","","","","","","","","","",""
"573.04604121","2026-08-14 11:00:29.468457","/home/akatoki/SC-30/scripts/SC-30/2_phase/EM.py","log_msg","90","","","","","","","","","","-656.5848926355316","","","","","","","","","","","","","","","","","","","","","","","","","","","","","","","","","","","",""
"573.051845639","2026-08-14 11:00:29.474270","/home/akatoki/SC-30/scripts/SC-30/2_phase/EM.py","log_msg","90","","","","[待機] alt=-656.585 m","","","","","","","","","","","","","","","","","","","","","","","","","","","","","","","","","","","","","","","","","",""
"574.158282894","2026-08-14 11:00:30.580699","/home/akatoki/SC-30/scripts/SC-30/2_phase/EM.py","log_msg","90","","","","","","","","","","-657.1724513401147","","","","","","","","","","","","","","","","","","","","","","","","","","","","","","","","","","","",""
"574.162492381","2026-08-14 11:00:30.584916","/home/akatoki/SC-30/scripts/SC-30/2_phase/EM.py","log_msg","90","","","","[待機] alt=-657.172 m","","","","","","","","","","","","","","","","","","","","","","","","","","","","","","","","","","","","","","","","","",""
"575.272211652","2026-08-14 11:00:31.694627","/home/akatoki/SC-30/scripts/SC-30/2_phase/EM.py","log_msg","90","","","","","","","","","","-656.1127077752393","","","","","","","","","","","","","","","","","","","","","","","","","","","","","","","","","","","",""
"575.282283895","2026-08-14 11:00:31.704708","/home/akatoki/SC-30/scripts/SC-30/2_phase/EM.py","log_msg","90","","","","[待機] alt=-656.113 m","","","","","","","","","","","","","","","","","","","","","","","","","","","","","","","","","","","","","","","","","",""
"576.387997305","2026-08-14 11:00:32.810439","/home/akatoki/SC-30/scripts/SC-30/2_phase/EM.py","log_msg","90","","","","","","","","","","-656.8801532819975","","","","","","","","","","","","","","","","","","","","","","","","","","","","","","","","","","","",""
"576.394115183","2026-08-14 11:00:32.816541","/home/akatoki/SC-30/scripts/SC-30/2_phase/EM.py","log_msg","90","","","","[待機] alt=-656.880 m","","","","","","","","","","","","","","","","","","","","","","","","","","","","","","","","","","","","","","","","","",""
"577.499375431","2026-08-14 11:00:33.921792","/home/akatoki/SC-30/scripts/SC-30/2_phase/EM.py","log_msg","90","","","","","","","","","","-656.6243266723621","","","","","","","","","","","","","","","","","","","","","","","","","","","","","","","","","","","",""
"577.503520709","2026-08-14 11:00:33.925944","/home/akatoki/SC-30/scripts/SC-30/2_phase/EM.py","log_msg","90","","","","[待機] alt=-656.624 m","","","","","","","","","","","","","","","","","","","","","","","","","","","","","","","","","","","","","","","","","",""
"578.608784348","2026-08-14 11:00:35.031201","/home/akatoki/SC-30/scripts/SC-30/2_phase/EM.py","log_msg","90","","","","","","","","","","-656.8435879041775","","","","","","","","","","","","","","","","","","","","","","","","","","","","","","","","","","","",""
"578.624533854","2026-08-14 11:00:35.046958","/home/akatoki/SC-30/scripts/SC-30/2_phase/EM.py","log_msg","90","","","","[待機] alt=-656.844 m","","","","","","","","","","","","","","","","","","","","","","","","","","","","","","","","","","","","","","","","","",""
"579.731203303","2026-08-14 11:00:36.153619","/home/akatoki/SC-30/scripts/SC-30/2_phase/EM.py","log_msg","90","","","","","","","","","","-656.7155869037043","","","","","","","","","","","","","","","","","","","","","","","","","","","","","","","","","","","",""
"579.735865127","2026-08-14 11:00:36.158290","/home/akatoki/SC-30/scripts/SC-30/2_phase/EM.py","log_msg","90","","","","[待機] alt=-656.716 m","","","","","","","","","","","","","","","","","","","","","","","","","","","","","","","","","","","","","","","","","",""
"580.841896748","2026-08-14 11:00:37.264313","/home/akatoki/SC-30/scripts/SC-30/2_phase/EM.py","log_msg","90","","","","","","","","","","-656.773157021443","","","","","","","","","","","","","","","","","","","","","","","","","","","","","","","","","","","",""
"580.846422549","2026-08-14 11:00:37.268846","/home/akatoki/SC-30/scripts/SC-30/2_phase/EM.py","log_msg","90","","","","[待機] alt=-656.773 m","","","","","","","","","","","","","","","","","","","","","","","","","","","","","","","","","","","","","","","","","",""
"581.951935284","2026-08-14 11:00:38.374351","/home/akatoki/SC-30/scripts/SC-30/2_phase/EM.py","log_msg","90","","","","","","","","","","-656.6634002475774","","","","","","","","","","","","","","","","","","","","","","","","","","","","","","","","","","","",""
"581.956459887","2026-08-14 11:00:38.378884","/home/akatoki/SC-30/scripts/SC-30/2_phase/EM.py","log_msg","90","","","","[待機] alt=-656.663 m","","","","","","","","","","","","","","","","","","","","","","","","","","","","","","","","","","","","","","","","","",""
"583.067174844","2026-08-14 11:00:39.489591","/home/akatoki/SC-30/scripts/SC-30/2_phase/EM.py","log_msg","90","","","","","","","","","","-656.7181284564056","","","","","","","","","","","","","","","","","","","","","","","","","","","","","","","","","","","",""
"583.071334339","2026-08-14 11:00:39.493758","/home/akatoki/SC-30/scripts/SC-30/2_phase/EM.py","log_msg","90","","","","[待機] alt=-656.718 m","","","","","","","","","","","","","","","","","","","","","","","","","","","","","","","","","","","","","","","","","",""
"584.176797812","2026-08-14 11:00:40.599213","/home/akatoki/SC-30/scripts/SC-30/2_phase/EM.py","log_msg","90","","","","","","","","","","-656.9920770329968","","","","","","","","","","","","","","","","","","","","","","","","","","","","","","","","","","","",""
"584.181376523","2026-08-14 11:00:40.603800","/home/akatoki/SC-30/scripts/SC-30/2_phase/EM.py","log_msg","90","","","","[待機] alt=-656.992 m","","","","","","","","","","","","","","","","","","","","","","","","","","","","","","","","","","","","","","","","","",""
"585.316395523","2026-08-14 11:00:41.738811","/home/akatoki/SC-30/scripts/SC-30/2_phase/EM.py","log_msg","90","","","","","","","","","","-656.6446274918451","","","","","","","","","","","","","","","","","","","","","","","","","","","","","","","","","","","",""
"585.337632685","2026-08-14 11:00:41.760058","/home/akatoki/SC-30/scripts/SC-30/2_phase/EM.py","log_msg","90","","","","[待機] alt=-656.645 m","","","","","","","","","","","","","","","","","","","","","","","","","","","","","","","","","","","","","","","","","",""
"586.442910505","2026-08-14 11:00:42.865326","/home/akatoki/SC-30/scripts/SC-30/2_phase/EM.py","log_msg","90","","","","","","","","","","-656.5715525826488","","","","","","","","","","","","","","","","","","","","","","","","","","","","","","","","","","","",""
"586.447932803","2026-08-14 11:00:42.870356","/home/akatoki/SC-30/scripts/SC-30/2_phase/EM.py","log_msg","90","","","","[待機] alt=-656.572 m","","","","","","","","","","","","","","","","","","","","","","","","","","","","","","","","","","","","","","","","","",""
"587.584323756","2026-08-14 11:00:44.006740","/home/akatoki/SC-30/scripts/SC-30/2_phase/EM.py","log_msg","90","","","","","","","","","","-656.6993026729389","","","","","","","","","","","","","","","","","","","","","","","","","","","","","","","","","","","",""
"587.589178525","2026-08-14 11:00:44.011602","/home/akatoki/SC-30/scripts/SC-30/2_phase/EM.py","log_msg","90","","","","[待機] alt=-656.699 m","","","","","","","","","","","","","","","","","","","","","","","","","","","","","","","","","","","","","","","","","",""
"588.693911991","2026-08-14 11:00:45.116328","/home/akatoki/SC-30/scripts/SC-30/2_phase/EM.py","log_msg","90","","","","","","","","","","-656.6652864159506","","","","","","","","","","","","","","","","","","","","","","","","","","","","","","","","","","","",""
"588.700087312","2026-08-14 11:00:45.122512","/home/akatoki/SC-30/scripts/SC-30/2_phase/EM.py","log_msg","90","","","","[待機] alt=-656.665 m","","","","","","","","","","","","","","","","","","","","","","","","","","","","","","","","","","","","","","","","","",""
"589.81497218","2026-08-14 11:00:46.237388","/home/akatoki/SC-30/scripts/SC-30/2_phase/EM.py","log_msg","90","","","","","","","","","","-657.0306393202363","","","","","","","","","","","","","","","","","","","","","","","","","","","","","","","","","","","",""
"589.82522805","2026-08-14 11:00:46.247652","/home/akatoki/SC-30/scripts/SC-30/2_phase/EM.py","log_msg","90","","","","[待機] alt=-657.031 m","","","","","","","","","","","","","","","","","","","","","","","","","","","","","","","","","","","","","","","","","",""
"590.932870026","2026-08-14 11:00:47.355286","/home/akatoki/SC-30/scripts/SC-30/2_phase/EM.py","log_msg","90","","","","","","","","","","-657.176778604928","","","","","","","","","","","","","","","","","","","","","","","","","","","","","","","","","","","",""
"590.937078788","2026-08-14 11:00:47.359502","/home/akatoki/SC-30/scripts/SC-30/2_phase/EM.py","log_msg","90","","","","[待機] alt=-657.177 m","","","","","","","","","","","","","","","","","","","","","","","","","","","","","","","","","","","","","","","","","",""
"592.042070434","2026-08-14 11:00:48.464486","/home/akatoki/SC-30/scripts/SC-30/2_phase/EM.py","log_msg","90","","","","","","","","","","-656.6830446924831","","","","","","","","","","","","","","","","","","","","","","","","","","","","","","","","","","","",""
"592.046314608","2026-08-14 11:00:48.468738","/home/akatoki/SC-30/scripts/SC-30/2_phase/EM.py","log_msg","90","","","","[待機] alt=-656.683 m","","","","","","","","","","","","","","","","","","","","","","","","","","","","","","","","","","","","","","","","","",""
"593.151911063","2026-08-14 11:00:49.574327","/home/akatoki/SC-30/scripts/SC-30/2_phase/EM.py","log_msg","90","","","","","","","","","","-656.7191886043189","","","","","","","","","","","","","","","","","","","","","","","","","","","","","","","","","","","",""
"593.156150706","2026-08-14 11:00:49.578574","/home/akatoki/SC-30/scripts/SC-30/2_phase/EM.py","log_msg","90","","","","[待機] alt=-656.719 m","","","","","","","","","","","","","","","","","","","","","","","","","","","","","","","","","","","","","","","","","",""
"594.266811219","2026-08-14 11:00:50.689226","/home/akatoki/SC-30/scripts/SC-30/2_phase/EM.py","log_msg","90","","","","","","","","","","-656.627648514935","","","","","","","","","","","","","","","","","","","","","","","","","","","","","","","","","","","",""
"594.27114361","2026-08-14 11:00:50.693566","/home/akatoki/SC-30/scripts/SC-30/2_phase/EM.py","log_msg","90","","","","[待機] alt=-656.628 m","","","","","","","","","","","","","","","","","","","","","","","","","","","","","","","","","","","","","","","","","",""
"595.381796877","2026-08-14 11:00:51.804212","/home/akatoki/SC-30/scripts/SC-30/2_phase/EM.py","log_msg","90","","","","","","","","","","-656.6091646000746","","","","","","","","","","","","","","","","","","","","","","","","","","","","","","","","","","","",""
"595.386643106","2026-08-14 11:00:51.809068","/home/akatoki/SC-30/scripts/SC-30/2_phase/EM.py","log_msg","90","","","","[待機] alt=-656.609 m","","","","","","","","","","","","","","","","","","","","","","","","","","","","","","","","","","","","","","","","","",""
"596.492529082","2026-08-14 11:00:52.914945","/home/akatoki/SC-30/scripts/SC-30/2_phase/EM.py","log_msg","90","","","","","","","","","","-656.8283536048818","","","","","","","","","","","","","","","","","","","","","","","","","","","","","","","","","","","",""
"596.498323518","2026-08-14 11:00:52.920746","/home/akatoki/SC-30/scripts/SC-30/2_phase/EM.py","log_msg","90","","","","[待機] alt=-656.828 m","","","","","","","","","","","","","","","","","","","","","","","","","","","","","","","","","","","","","","","","","",""
"597.604643335","2026-08-14 11:00:54.027059","/home/akatoki/SC-30/scripts/SC-30/2_phase/EM.py","log_msg","90","","","","","","","","","","-657.3582799666088","","","","","","","","","","","","","","","","","","","","","","","","","","","","","","","","","","","",""
"597.613966468","2026-08-14 11:00:54.036390","/home/akatoki/SC-30/scripts/SC-30/2_phase/EM.py","log_msg","90","","","","[待機] alt=-657.358 m","","","","","","","","","","","","","","","","","","","","","","","","","","","","","","","","","","","","","","","","","",""
"598.72001923","2026-08-14 11:00:55.142437","/home/akatoki/SC-30/scripts/SC-30/2_phase/EM.py","log_msg","90","","","","","","","","","","-657.3971506834318","","","","","","","","","","","","","","","","","","","","","","","","","","","","","","","","","","","",""
"598.724772191","2026-08-14 11:00:55.147195","/home/akatoki/SC-30/scripts/SC-30/2_phase/EM.py","log_msg","90","","","","[待機] alt=-657.397 m","","","","","","","","","","","","","","","","","","","","","","","","","","","","","","","","","","","","","","","","","",""
"599.829888347","2026-08-14 11:00:56.252304","/home/akatoki/SC-30/scripts/SC-30/2_phase/EM.py","log_msg","90","","","","","","","","","","-657.232519199447","","","","","","","","","","","","","","","","","","","","","","","","","","","","","","","","","","","",""
"599.83752129","2026-08-14 11:00:56.259946","/home/akatoki/SC-30/scripts/SC-30/2_phase/EM.py","log_msg","90","","","","[待機] alt=-657.233 m","","","","","","","","","","","","","","","","","","","","","","","","","","","","","","","","","","","","","","","","","",""
"600.949530736","2026-08-14 11:00:57.371947","/home/akatoki/SC-30/scripts/SC-30/2_phase/EM.py","log_msg","90","","","","","","","","","","-656.811645758202","","","","","","","","","","","","","","","","","","","","","","","","","","","","","","","","","","","",""
"600.960335913","2026-08-14 11:00:57.382760","/home/akatoki/SC-30/scripts/SC-30/2_phase/EM.py","log_msg","90","","","","[待機] alt=-656.812 m","","","","","","","","","","","","","","","","","","","","","","","","","","","","","","","","","","","","","","","","","",""
"602.099888401","2026-08-14 11:00:58.522304","/home/akatoki/SC-30/scripts/SC-30/2_phase/EM.py","log_msg","90","","","","","","","","","","-656.5553833305812","","","","","","","","","","","","","","","","","","","","","","","","","","","","","","","","","","","",""
"602.11259619","2026-08-14 11:00:58.535023","/home/akatoki/SC-30/scripts/SC-30/2_phase/EM.py","log_msg","90","","","","[待機] alt=-656.555 m","","","","","","","","","","","","","","","","","","","","","","","","","","","","","","","","","","","","","","","","","",""
"603.218055859","2026-08-14 11:00:59.640471","/home/akatoki/SC-30/scripts/SC-30/2_phase/EM.py","log_msg","90","","","","","","","","","","-656.5913089865537","","","","","","","","","","","","","","","","","","","","","","","","","","","","","","","","","","","",""
"603.224304767","2026-08-14 11:00:59.646727","/home/akatoki/SC-30/scripts/SC-30/2_phase/EM.py","log_msg","90","","","","[待機] alt=-656.591 m","","","","","","","","","","","","","","","","","","","","","","","","","","","","","","","","","","","","","","","","","",""
"604.357655714","2026-08-14 11:01:00.780071","/home/akatoki/SC-30/scripts/SC-30/2_phase/EM.py","log_msg","90","","","","","","","","","","-656.8104670835663","","","","","","","","","","","","","","","","","","","","","","","","","","","","","","","","","","","",""
"604.362836691","2026-08-14 11:01:00.785261","/home/akatoki/SC-30/scripts/SC-30/2_phase/EM.py","log_msg","90","","","","[待機] alt=-656.810 m","","","","","","","","","","","","","","","","","","","","","","","","","","","","","","","","","","","","","","","","","",""
